{
"type": "FeatureCollection",
"name": "ubatuba-bairros-ibge",
"crs": { "type": "name", "properties": { "name": "urn:ogc:def:crs:OGC:1.3:CRS84" } },
"features": [
{ "type": "Feature", "properties": { "id": "3555406001", "cd_bairro": "3555406001", "bairro": "Centro", "cd_mun": "3555406", "municipio": "Ubatuba", "cd_dist": "355540605", "distrito": "Ubatuba" }, "geometry": { "type": "Polygon", "coordinates": [ [ [ -45.068961499999943, -23.432087599999932 ], [ -45.068904099999941, -23.43227909999996 ], [ -45.068608499999982, -23.432609 ], [ -45.06874629999993, -23.432882799999959 ], [ -45.068872099999965, -23.433008399999949 ], [ -45.068942299999946, -23.433164499999975 ], [ -45.069022599999983, -23.433362699999975 ], [ -45.069093399999986, -23.433588199999974 ], [ -45.069142, -23.433787699999982 ], [ -45.069196799999986, -23.434005099999979 ], [ -45.069228099999975, -23.434264299999938 ], [ -45.069252699999936, -23.434503099999972 ], [ -45.069260799999938, -23.434722699999952 ], [ -45.06929329999997, -23.434879 ], [ -45.069285199999968, -23.435027899999966 ], [ -45.069277099999965, -23.435162 ], [ -45.069293399999935, -23.435288599999978 ], [ -45.06929359999998, -23.435415399999954 ], [ -45.069302, -23.435586899999976 ], [ -45.069310299999984, -23.435736099999929 ], [ -45.069294299999967, -23.435885499999983 ], [ -45.069318899999985, -23.436027599999932 ], [ -45.069311299999981, -23.436199899999963 ], [ -45.069319899999982, -23.43639479999996 ], [ -45.069344599999965, -23.436559699999975 ], [ -45.069328499999983, -23.436791299999982 ], [ -45.069352899999956, -23.436962899999969 ], [ -45.069377299999985, -23.437131299999976 ], [ -45.069361, -23.43731779999996 ], [ -45.069328199999973, -23.437474 ], [ -45.069327699999974, -23.437674699999945 ], [ -45.069311099999936, -23.437882599999966 ], [ -45.069294699999944, -23.438046099999951 ], [ -45.069254, -23.43827669999996 ], [ -45.069221299999981, -23.438566499999979 ], [ -45.069221399999947, -23.438767799999937 ], [ -45.069229699999937, -23.438935499999957 ], [ -45.069189499999936, -23.439129099999946 ], [ -45.069173499999977, -23.439345299999957 ], [ -45.069157799999971, -23.439584099999934 ], [ -45.069117699999936, -23.439830699999959 ], [ -45.069085199999961, -23.440077 ], [ -45.069011499999931, -23.440329899999938 ], [ -45.068962499999941, -23.440597599999933 ], [ -45.06893, -23.440811199999928 ], [ -45.06886529999997, -23.441035 ], [ -45.068816799999979, -23.441385899999943 ], [ -45.068792499999972, -23.441654399999948 ], [ -45.068719299999941, -23.441900299999929 ], [ -45.068621699999937, -23.442205499999943 ], [ -45.068581, -23.442449499999952 ], [ -45.068516099999954, -23.44262759999998 ], [ -45.068443, -23.44287989999998 ], [ -45.068430799999931, -23.442964199999949 ], [ -45.068790699999965, -23.443045099999949 ], [ -45.068824899999981, -23.443057499999952 ], [ -45.068866199999945, -23.443072399999949 ], [ -45.069205299999965, -23.443140399999947 ], [ -45.069269499999962, -23.443155099999956 ], [ -45.069308699999965, -23.443163199999958 ], [ -45.069851399999948, -23.443317899999954 ], [ -45.070405199999982, -23.443471599999953 ], [ -45.071052799999961, -23.443661399999939 ], [ -45.07095019999997, -23.444037699999967 ], [ -45.07103509999996, -23.444139399999983 ], [ -45.070993099999953, -23.444453399999929 ], [ -45.071052299999963, -23.444470199999955 ], [ -45.070910599999934, -23.44537239999994 ], [ -45.072445099999982, -23.44581009999996 ], [ -45.072672099999977, -23.445571799999982 ], [ -45.072519399999976, -23.445315 ], [ -45.072578899999939, -23.444926599999974 ], [ -45.072874299999967, -23.444330899999954 ], [ -45.07406, -23.443212199999948 ], [ -45.075017799999955, -23.442308399999945 ], [ -45.075650199999984, -23.442523299999948 ], [ -45.079095399999972, -23.443492399999968 ], [ -45.079258299999935, -23.443625399999974 ], [ -45.08043269999996, -23.443951599999934 ], [ -45.08088749999996, -23.442719799999963 ], [ -45.081014699999969, -23.442324799999938 ], [ -45.081131599999935, -23.441961799999945 ], [ -45.081163, -23.44186 ], [ -45.080166499999962, -23.441560399999958 ], [ -45.080060699999933, -23.441530499999942 ], [ -45.079046399999982, -23.44124549999998 ], [ -45.077935499999967, -23.440875 ], [ -45.077907099999948, -23.440835799999945 ], [ -45.077885899999956, -23.440762499999948 ], [ -45.07788, -23.44069449999995 ], [ -45.07787559999997, -23.440598399999942 ], [ -45.07784769999995, -23.439577899999961 ], [ -45.077790399999969, -23.438542499999983 ], [ -45.077748099999951, -23.437980499999981 ], [ -45.077733199999955, -23.437788699999942 ], [ -45.07770789999995, -23.437403499999959 ], [ -45.077686599999936, -23.437080199999968 ], [ -45.07746839999993, -23.435552199999961 ], [ -45.077375299999972, -23.43466479999995 ], [ -45.078728, -23.434675499999969 ], [ -45.078702899999939, -23.43401 ], [ -45.078652, -23.432972099999972 ], [ -45.078634499999964, -23.432854499999962 ], [ -45.078614699999946, -23.432788799999969 ], [ -45.078580099999954, -23.432733499999983 ], [ -45.078504199999941, -23.432652399999938 ], [ -45.078489299999944, -23.432578899999953 ], [ -45.078237699999931, -23.431340499999976 ], [ -45.078541899999948, -23.431226 ], [ -45.078744399999948, -23.431173399999977 ], [ -45.078946199999962, -23.431186599999933 ], [ -45.079103699999962, -23.431229499999972 ], [ -45.079218199999957, -23.431301099999928 ], [ -45.079286199999956, -23.431397699999934 ], [ -45.080159299999934, -23.431469299999947 ], [ -45.080165099999931, -23.431243199999983 ], [ -45.080232499999966, -23.431002099999944 ], [ -45.080307399999981, -23.430727899999965 ], [ -45.080023499999982, -23.430632699999933 ], [ -45.079713199999958, -23.430494599999975 ], [ -45.079284899999948, -23.430108799999971 ], [ -45.079098299999941, -23.429481799999962 ], [ -45.079005299999949, -23.429049799999973 ], [ -45.078919199999973, -23.42868569999996 ], [ -45.078725799999972, -23.428182099999958 ], [ -45.078562099999942, -23.427879299999972 ], [ -45.078387599999985, -23.427559799999983 ], [ -45.07814529999996, -23.427278799999954 ], [ -45.078039199999978, -23.427140099999974 ], [ -45.077871699999946, -23.427040799999929 ], [ -45.077627599999971, -23.426885 ], [ -45.077377299999966, -23.42672749999997 ], [ -45.077117499999986, -23.426629599999956 ], [ -45.076806599999941, -23.426550199999951 ], [ -45.076495399999942, -23.42645 ], [ -45.076151599999946, -23.426321799999982 ], [ -45.07564519999994, -23.426309199999935 ], [ -45.075017799999955, -23.426308499999948 ], [ -45.074642599999947, -23.426447699999983 ], [ -45.074249699999939, -23.426507699999945 ], [ -45.07414319999998, -23.42654129999994 ], [ -45.073785399999963, -23.426654399999961 ], [ -45.073440099999971, -23.426795399999946 ], [ -45.07298179999998, -23.427115199999946 ], [ -45.072726799999941, -23.42747369999995 ], [ -45.072558599999979, -23.427584799999977 ], [ -45.07251279999997, -23.427632299999971 ], [ -45.072402199999942, -23.427790099999982 ], [ -45.072235199999966, -23.427874699999961 ], [ -45.072104899999943, -23.428049099999953 ], [ -45.071886699999936, -23.428268299999957 ], [ -45.071704799999964, -23.428430399999968 ], [ -45.071532599999955, -23.428615799999932 ], [ -45.071387399999935, -23.428813299999945 ], [ -45.07125469999994, -23.428992299999948 ], [ -45.071146399999975, -23.429131599999948 ], [ -45.070986799999957, -23.429310099999952 ], [ -45.070762499999944, -23.429561099999944 ], [ -45.070517499999937, -23.429642899999976 ], [ -45.070365299999935, -23.429724499999963 ], [ -45.070278099999939, -23.429866499999946 ], [ -45.070170699999949, -23.430057499999975 ], [ -45.070091, -23.430191799999932 ], [ -45.07005, -23.430355299999974 ], [ -45.069923099999983, -23.430585 ], [ -45.069880799999964, -23.430827499999964 ], [ -45.069796799999949, -23.431014699999935 ], [ -45.069501399999979, -23.431233 ], [ -45.069218699999965, -23.431418699999938 ], [ -45.068961499999943, -23.432087599999932 ] ] ] } },
{ "type": "Feature", "properties": { "id": "3555406002", "cd_bairro": "3555406002", "bairro": "Umuarama", "cd_mun": "3555406", "municipio": "Ubatuba", "cd_dist": "355540605", "distrito": "Ubatuba" }, "geometry": { "type": "Polygon", "coordinates": [ [ [ -45.07746839999993, -23.435552199999961 ], [ -45.077686599999936, -23.437080199999968 ], [ -45.07770789999995, -23.437403499999959 ], [ -45.077733199999955, -23.437788699999942 ], [ -45.077748099999951, -23.437980499999981 ], [ -45.077790399999969, -23.438542499999983 ], [ -45.07784769999995, -23.439577899999961 ], [ -45.07787559999997, -23.440598399999942 ], [ -45.07788, -23.44069449999995 ], [ -45.077885899999956, -23.440762499999948 ], [ -45.077907099999948, -23.440835799999945 ], [ -45.077935499999967, -23.440875 ], [ -45.079046399999982, -23.44124549999998 ], [ -45.080060699999933, -23.441530499999942 ], [ -45.080166499999962, -23.441560399999958 ], [ -45.081163, -23.44186 ], [ -45.081131599999935, -23.441961799999945 ], [ -45.081014699999969, -23.442324799999938 ], [ -45.08088749999996, -23.442719799999963 ], [ -45.08043269999996, -23.443951599999934 ], [ -45.080801299999962, -23.444067 ], [ -45.08096, -23.444112699999948 ], [ -45.081156799999974, -23.443988899999965 ], [ -45.081307, -23.443887599999982 ], [ -45.081464299999936, -23.443752599999982 ], [ -45.081591299999957, -23.443601399999977 ], [ -45.081644099999949, -23.443343399999947 ], [ -45.081821599999955, -23.443231199999957 ], [ -45.081984699999964, -23.443185399999948 ], [ -45.082302499999969, -23.443232199999954 ], [ -45.082452, -23.443294399999957 ], [ -45.082633199999975, -23.443267499999934 ], [ -45.082882099999949, -23.443214699999942 ], [ -45.082857399999966, -23.443173599999966 ], [ -45.082853099999966, -23.443049099999939 ], [ -45.082847799999968, -23.442973799999947 ], [ -45.082843099999934, -23.442815199999927 ], [ -45.082830199999933, -23.442419599999937 ], [ -45.082850099999973, -23.442000699999937 ], [ -45.08284249999997, -23.441637199999946 ], [ -45.082785899999976, -23.440608499999939 ], [ -45.082728599999939, -23.439352499999927 ], [ -45.083469299999933, -23.439316699999949 ], [ -45.083447899999953, -23.43882039999994 ], [ -45.083438199999932, -23.438086299999952 ], [ -45.083401299999935, -23.437846 ], [ -45.08319739999996, -23.436700899999948 ], [ -45.083158, -23.436103299999957 ], [ -45.083125799999948, -23.435266 ], [ -45.083079299999952, -23.434500199999945 ], [ -45.083059599999956, -23.433752299999981 ], [ -45.083025599999985, -23.432804 ], [ -45.08329759999998, -23.432678799999962 ], [ -45.08344429999994, -23.43265729999996 ], [ -45.083859399999938, -23.432750399999975 ], [ -45.084172399999943, -23.432843499999933 ], [ -45.084488199999953, -23.432971399999929 ], [ -45.084697, -23.433082399999932 ], [ -45.084849099999985, -23.433166099999937 ], [ -45.084946199999933, -23.433219599999973 ], [ -45.085005199999955, -23.433258599999931 ], [ -45.085376099999962, -23.433484799999974 ], [ -45.085545099999933, -23.433556099999976 ], [ -45.085499299999981, -23.433480199999963 ], [ -45.085279499999956, -23.433199599999966 ], [ -45.084768799999949, -23.432556899999952 ], [ -45.084552899999949, -23.43224239999995 ], [ -45.083515499999976, -23.430988699999943 ], [ -45.083465099999955, -23.430991199999937 ], [ -45.083020799999986, -23.431002 ], [ -45.08281779999993, -23.431010299999969 ], [ -45.082653299999947, -23.431014699999935 ], [ -45.082399399999986, -23.431025399999953 ], [ -45.082098899999949, -23.431050399999947 ], [ -45.081682399999977, -23.431035099999974 ], [ -45.081597699999975, -23.431032 ], [ -45.080853399999967, -23.43089619999995 ], [ -45.080307399999981, -23.430727899999965 ], [ -45.080232499999966, -23.431002099999944 ], [ -45.080165099999931, -23.431243199999983 ], [ -45.080159299999934, -23.431469299999947 ], [ -45.079286199999956, -23.431397699999934 ], [ -45.079218199999957, -23.431301099999928 ], [ -45.079103699999962, -23.431229499999972 ], [ -45.078946199999962, -23.431186599999933 ], [ -45.078744399999948, -23.431173399999977 ], [ -45.078541899999948, -23.431226 ], [ -45.078237699999931, -23.431340499999976 ], [ -45.078489299999944, -23.432578899999953 ], [ -45.078504199999941, -23.432652399999938 ], [ -45.078580099999954, -23.432733499999983 ], [ -45.078614699999946, -23.432788799999969 ], [ -45.078634499999964, -23.432854499999962 ], [ -45.078652, -23.432972099999972 ], [ -45.078702899999939, -23.43401 ], [ -45.078728, -23.434675499999969 ], [ -45.077375299999972, -23.43466479999995 ], [ -45.07746839999993, -23.435552199999961 ] ] ] } },
{ "type": "Feature", "properties": { "id": "3555406003", "cd_bairro": "3555406003", "bairro": "Perequê-Açu", "cd_mun": "3555406", "municipio": "Ubatuba", "cd_dist": "355540605", "distrito": "Ubatuba" }, "geometry": { "type": "Polygon", "coordinates": [ [ [ -45.069796799999949, -23.431014699999935 ], [ -45.069880799999964, -23.430827499999964 ], [ -45.069923099999983, -23.430585 ], [ -45.07005, -23.430355299999974 ], [ -45.070091, -23.430191799999932 ], [ -45.070170699999949, -23.430057499999975 ], [ -45.070278099999939, -23.429866499999946 ], [ -45.070365299999935, -23.429724499999963 ], [ -45.070517499999937, -23.429642899999976 ], [ -45.070762499999944, -23.429561099999944 ], [ -45.070986799999957, -23.429310099999952 ], [ -45.071146399999975, -23.429131599999948 ], [ -45.07125469999994, -23.428992299999948 ], [ -45.071387399999935, -23.428813299999945 ], [ -45.071532599999955, -23.428615799999932 ], [ -45.071704799999964, -23.428430399999968 ], [ -45.071886699999936, -23.428268299999957 ], [ -45.072104899999943, -23.428049099999953 ], [ -45.072235199999966, -23.427874699999961 ], [ -45.072402199999942, -23.427790099999982 ], [ -45.07251279999997, -23.427632299999971 ], [ -45.072558599999979, -23.427584799999977 ], [ -45.072726799999941, -23.42747369999995 ], [ -45.07298179999998, -23.427115199999946 ], [ -45.073440099999971, -23.426795399999946 ], [ -45.073785399999963, -23.426654399999961 ], [ -45.07414319999998, -23.42654129999994 ], [ -45.074249699999939, -23.426507699999945 ], [ -45.074642599999947, -23.426447699999983 ], [ -45.075017799999955, -23.426308499999948 ], [ -45.07564519999994, -23.426309199999935 ], [ -45.076151599999946, -23.426321799999982 ], [ -45.076495399999942, -23.42645 ], [ -45.076806599999941, -23.426550199999951 ], [ -45.077117499999986, -23.426629599999956 ], [ -45.077377299999966, -23.42672749999997 ], [ -45.077627599999971, -23.426885 ], [ -45.077871699999946, -23.427040799999929 ], [ -45.078039199999978, -23.427140099999974 ], [ -45.078065899999956, -23.427016899999956 ], [ -45.078225399999951, -23.426869599999975 ], [ -45.078096099999982, -23.426526 ], [ -45.078127299999949, -23.426500099999942 ], [ -45.077019899999982, -23.425635799999952 ], [ -45.075815299999931, -23.424701199999959 ], [ -45.07355, -23.422914899999967 ], [ -45.073261699999932, -23.422687599999961 ], [ -45.072421299999974, -23.422044 ], [ -45.072049299999946, -23.421759099999974 ], [ -45.070822499999963, -23.420801 ], [ -45.069525, -23.419813699999963 ], [ -45.069263499999977, -23.419595499999957 ], [ -45.069149399999958, -23.419499099999939 ], [ -45.068936099999974, -23.419282899999928 ], [ -45.068671499999937, -23.418982599999936 ], [ -45.068449299999941, -23.418692299999975 ], [ -45.06823339999994, -23.418375899999944 ], [ -45.068084099999965, -23.418148599999938 ], [ -45.067889899999955, -23.417747799999972 ], [ -45.067750699999976, -23.417407299999979 ], [ -45.067697599999974, -23.417277299999967 ], [ -45.067595099999949, -23.416971699999976 ], [ -45.067515899999933, -23.416631199999983 ], [ -45.067450799999961, -23.416183399999966 ], [ -45.067427899999984, -23.415801199999976 ], [ -45.06742689999993, -23.415414899999973 ], [ -45.067439, -23.415102399999967 ], [ -45.067482, -23.414766499999928 ], [ -45.067554399999949, -23.414371699999947 ], [ -45.067635399999972, -23.414049399999953 ], [ -45.067656099999965, -23.413966 ], [ -45.067747099999963, -23.413492199999951 ], [ -45.067776299999935, -23.41326209999994 ], [ -45.067777699999965, -23.413111399999934 ], [ -45.067772299999945, -23.412976599999979 ], [ -45.067710599999941, -23.412731599999972 ], [ -45.067599, -23.412440699999934 ], [ -45.067491699999948, -23.412263699999983 ], [ -45.067419, -23.412167799999963 ], [ -45.06734629999994, -23.412071499999968 ], [ -45.067124499999977, -23.411865399999954 ], [ -45.066880499999968, -23.411698699999931 ], [ -45.066119199999946, -23.411185499999931 ], [ -45.064838799999961, -23.410287899999958 ], [ -45.064751199999932, -23.410229099999981 ], [ -45.063551399999938, -23.409446099999968 ], [ -45.062422, -23.408674899999937 ], [ -45.062279699999976, -23.408598299999937 ], [ -45.062142399999971, -23.408524299999954 ], [ -45.061922099999947, -23.40841869999997 ], [ -45.061657299999979, -23.408327299999939 ], [ -45.061496199999965, -23.408306599999946 ], [ -45.061338199999966, -23.40828659999994 ], [ -45.061159299999986, -23.408279499999935 ], [ -45.060950699999978, -23.408282799999938 ], [ -45.060780399999942, -23.408313899999939 ], [ -45.060591699999975, -23.408362299999965 ], [ -45.060375299999976, -23.40844009999995 ], [ -45.06021549999997, -23.408523199999934 ], [ -45.060003, -23.408666299999936 ], [ -45.05992509999993, -23.408723299999963 ], [ -45.05971379999994, -23.40901539999993 ], [ -45.05960239999996, -23.409198599999968 ], [ -45.059539599999937, -23.409345799999983 ], [ -45.05949929999997, -23.409447799999953 ], [ -45.059504199999935, -23.409528799999975 ], [ -45.05948159999997, -23.409590799999933 ], [ -45.059432199999947, -23.409653 ], [ -45.05936209999993, -23.40969 ], [ -45.059284499999933, -23.409707599999933 ], [ -45.059221299999933, -23.409696499999939 ], [ -45.058838, -23.410125499999936 ], [ -45.058324399999947, -23.410833199999956 ], [ -45.057795399999975, -23.411562 ], [ -45.057514099999935, -23.411948 ], [ -45.057551099999955, -23.411966699999937 ], [ -45.057543199999941, -23.412142899999935 ], [ -45.057552199999975, -23.412280899999928 ], [ -45.057623499999977, -23.412618499999951 ], [ -45.057731799999942, -23.412790299999983 ], [ -45.057792599999971, -23.412929099999928 ], [ -45.057810599999982, -23.413032499999929 ], [ -45.057820599999957, -23.413137199999937 ], [ -45.05776, -23.413280699999973 ], [ -45.057671299999981, -23.41341529999994 ], [ -45.057557899999949, -23.413512199999957 ], [ -45.05736909999996, -23.413626 ], [ -45.057175799999982, -23.413827599999934 ], [ -45.056907699999954, -23.413931299999945 ], [ -45.05675, -23.413983 ], [ -45.056311699999981, -23.414187499999969 ], [ -45.05614769999994, -23.414484899999934 ], [ -45.056185699999958, -23.414764299999945 ], [ -45.056255699999952, -23.414935399999933 ], [ -45.056305699999939, -23.415209399999981 ], [ -45.056261699999936, -23.415408399999933 ], [ -45.05613939999995, -23.41579779999995 ], [ -45.055905399999972, -23.416058699999951 ], [ -45.055433, -23.416039 ], [ -45.054972599999985, -23.415897099999938 ], [ -45.054689, -23.415887299999952 ], [ -45.054467699999975, -23.415975499999945 ], [ -45.054235199999937, -23.416162099999951 ], [ -45.05390529999994, -23.416241799999966 ], [ -45.053524799999934, -23.416164799999933 ], [ -45.053271299999949, -23.416313899999977 ], [ -45.053191799999979, -23.41654479999994 ], [ -45.05325339999996, -23.416709899999944 ], [ -45.053316399999972, -23.416791299999943 ], [ -45.053512, -23.416715699999941 ], [ -45.053874499999949, -23.416710399999943 ], [ -45.054173299999945, -23.416764599999965 ], [ -45.05453179999995, -23.416838599999949 ], [ -45.054817199999945, -23.416911399999947 ], [ -45.055134199999941, -23.416985499999953 ], [ -45.05533719999994, -23.417037899999968 ], [ -45.055564699999934, -23.41708239999997 ], [ -45.055735199999958, -23.417119399999933 ], [ -45.055962399999942, -23.417171 ], [ -45.056140899999946, -23.41721519999993 ], [ -45.056286899999975, -23.417252299999973 ], [ -45.05642469999998, -23.417296699999952 ], [ -45.056619199999943, -23.417370699999935 ], [ -45.056838, -23.417452099999934 ], [ -45.057032199999981, -23.417511 ], [ -45.05725069999994, -23.417577399999971 ], [ -45.057429, -23.417651699999965 ], [ -45.05761549999994, -23.417748399999937 ], [ -45.057800399999962, -23.417843599999969 ], [ -45.058056, -23.417951499999958 ], [ -45.058279, -23.41804529999996 ], [ -45.05847319999998, -23.418142199999977 ], [ -45.058725699999968, -23.418263599999932 ], [ -45.059003799999971, -23.418408199999931 ], [ -45.059239299999945, -23.418490199999951 ], [ -45.059458, -23.418601399999943 ], [ -45.059700899999939, -23.418727399999966 ], [ -45.059911199999931, -23.41888309999996 ], [ -45.060089199999936, -23.419061199999931 ], [ -45.060283199999958, -23.419209399999943 ], [ -45.060436799999934, -23.419328 ], [ -45.060562399999981, -23.419446 ], [ -45.060747799999945, -23.419580399999973 ], [ -45.06087679999996, -23.419707399999936 ], [ -45.061022199999968, -23.419827199999929 ], [ -45.061208599999929, -23.420051499999943 ], [ -45.061396399999978, -23.420221599999934 ], [ -45.061494599999946, -23.420361599999978 ], [ -45.061576399999979, -23.420508799999936 ], [ -45.061747299999979, -23.420684499999936 ], [ -45.061893099999963, -23.420868599999949 ], [ -45.061990099999946, -23.421002299999941 ], [ -45.062168, -23.421195399999931 ], [ -45.06232179999995, -23.421441699999946 ], [ -45.062443299999984, -23.421636 ], [ -45.062557, -23.421801399999936 ], [ -45.06267889999998, -23.421944899999971 ], [ -45.062757399999953, -23.422076799999957 ], [ -45.062903399999982, -23.422241 ], [ -45.063008899999943, -23.422426899999948 ], [ -45.063122599999986, -23.422605399999952 ], [ -45.063195599999972, -23.422754099999963 ], [ -45.06327669999996, -23.422910199999933 ], [ -45.063390199999958, -23.423058799999978 ], [ -45.063447, -23.423207399999967 ], [ -45.063544299999933, -23.423400599999979 ], [ -45.063601, -23.423549299999934 ], [ -45.063714799999957, -23.423721199999932 ], [ -45.063779799999963, -23.423871599999927 ], [ -45.063860699999964, -23.423983499999963 ], [ -45.063933599999984, -23.424110299999938 ], [ -45.063998199999958, -23.424259699999936 ], [ -45.064111699999955, -23.424371699999938 ], [ -45.064208699999938, -23.424528799999962 ], [ -45.06428939999995, -23.424731299999962 ], [ -45.064354099999946, -23.424851299999943 ], [ -45.064459799999952, -23.425020199999949 ], [ -45.064484099999959, -23.425154499999962 ], [ -45.064492099999939, -23.425318799999957 ], [ -45.06452459999997, -23.425468099999932 ], [ -45.064540799999975, -23.425632399999927 ], [ -45.064589699999942, -23.425774099999956 ], [ -45.064614199999937, -23.425938199999962 ], [ -45.064638699999932, -23.426132199999927 ], [ -45.06463059999993, -23.42634849999996 ], [ -45.064541499999962, -23.426556699999935 ], [ -45.064501299999961, -23.426749699999959 ], [ -45.064453, -23.426926399999957 ], [ -45.064365299999963, -23.427165699999932 ], [ -45.064318199999946, -23.42735209999995 ], [ -45.064201199999957, -23.427604699999961 ], [ -45.064084199999968, -23.427774399999976 ], [ -45.063915299999962, -23.427898299999981 ], [ -45.063750099999936, -23.42788319999994 ], [ -45.063551799999971, -23.42785379999998 ], [ -45.063359199999979, -23.427780699999971 ], [ -45.063152299999956, -23.427714799999933 ], [ -45.062954099999956, -23.427612299999964 ], [ -45.062763399999938, -23.42761239999993 ], [ -45.062581699999953, -23.427627099999938 ], [ -45.062328799999932, -23.427641799999947 ], [ -45.062089599999979, -23.427691799999934 ], [ -45.061864699999944, -23.427694699999961 ], [ -45.061671599999954, -23.427739299999928 ], [ -45.061502699999949, -23.427769199999943 ], [ -45.061359899999957, -23.427869199999975 ], [ -45.06122449999998, -23.427988199999959 ], [ -45.061063499999932, -23.428038699999945 ], [ -45.060914499999967, -23.428188399999954 ], [ -45.06076859999996, -23.42831179999996 ], [ -45.060648899999933, -23.428407399999969 ], [ -45.060465699999952, -23.428561899999977 ], [ -45.060279599999944, -23.428627499999948 ], [ -45.060155, -23.428604499999949 ], [ -45.060060699999951, -23.428693199999941 ], [ -45.059947899999941, -23.428869799999973 ], [ -45.05992, -23.429046399999947 ], [ -45.059860599999979, -23.429215699999929 ], [ -45.059769, -23.429320299999972 ], [ -45.059633399999939, -23.429291599999942 ], [ -45.059528499999942, -23.429441399999973 ], [ -45.059378199999969, -23.429561399999955 ], [ -45.059303899999975, -23.429703399999937 ], [ -45.059303899999975, -23.429889899999978 ], [ -45.059386599999982, -23.430090699999937 ], [ -45.059510399999965, -23.430276 ], [ -45.059601499999985, -23.430461099999945 ], [ -45.059725799999967, -23.430615499999931 ], [ -45.059894, -23.430803399999945 ], [ -45.060007399999961, -23.430935099999942 ], [ -45.060194699999954, -23.431148 ], [ -45.060359099999971, -23.431289099999958 ], [ -45.060649799999965, -23.431348 ], [ -45.060915199999954, -23.431344299999978 ], [ -45.061218599999961, -23.43140139999997 ], [ -45.06156969999995, -23.431428799999935 ], [ -45.061948899999948, -23.431493599999953 ], [ -45.062258199999974, -23.431527899999935 ], [ -45.062503199999981, -23.431587399999955 ], [ -45.062771299999952, -23.431581599999959 ], [ -45.062978699999974, -23.431659599999932 ], [ -45.063171199999942, -23.431745799999931 ], [ -45.063370099999986, -23.431732699999941 ], [ -45.063614599999937, -23.431619599999976 ], [ -45.063841199999956, -23.431692199999929 ], [ -45.064048499999956, -23.43173969999998 ], [ -45.06407889999997, -23.431928099999936 ], [ -45.06415039999996, -23.432123799999943 ], [ -45.064320099999975, -23.43221479999994 ], [ -45.064490699999965, -23.432065699999953 ], [ -45.064621, -23.431916 ], [ -45.064646099999948, -23.431772799999976 ], [ -45.064544499999954, -23.431491199999982 ], [ -45.064652599999931, -23.431279299999971 ], [ -45.064910599999962, -23.431181799999933 ], [ -45.065199499999949, -23.431159399999956 ], [ -45.06540629999995, -23.431193299999961 ], [ -45.065687599999933, -23.431247199999973 ], [ -45.065795899999955, -23.431287299999951 ], [ -45.065899199999933, -23.431453099999942 ], [ -45.066137599999934, -23.431585299999938 ], [ -45.066363699999954, -23.431749299999979 ], [ -45.06665959999998, -23.431762699999979 ], [ -45.066877299999931, -23.43188159999994 ], [ -45.067176299999971, -23.432045399999936 ], [ -45.067283699999962, -23.432166199999983 ], [ -45.067374699999959, -23.432351799999935 ], [ -45.067534499999965, -23.432492699999955 ], [ -45.067785199999946, -23.432589199999939 ], [ -45.067979499999979, -23.432566799999961 ], [ -45.068230199999959, -23.432596499999931 ], [ -45.068396599999971, -23.432558899999947 ], [ -45.068513799999948, -23.432586699999945 ], [ -45.068608499999982, -23.432609 ], [ -45.068904099999941, -23.43227909999996 ], [ -45.068961499999943, -23.432087599999932 ], [ -45.069218699999965, -23.431418699999938 ], [ -45.069501399999979, -23.431233 ], [ -45.069796799999949, -23.431014699999935 ] ] ] } },
{ "type": "Feature", "properties": { "id": "3555406004", "cd_bairro": "3555406004", "bairro": "Barra da Lagoa", "cd_mun": "3555406", "municipio": "Ubatuba", "cd_dist": "355540605", "distrito": "Ubatuba" }, "geometry": { "type": "Polygon", "coordinates": [ [ [ -45.075241399999982, -23.447082799999976 ], [ -45.075340399999959, -23.446991099999934 ], [ -45.075450199999977, -23.446869699999979 ], [ -45.075677699999972, -23.446686199999931 ], [ -45.076001899999937, -23.446569 ], [ -45.076329199999975, -23.446437599999967 ], [ -45.076234799999952, -23.446140799999966 ], [ -45.076179499999967, -23.44599089999997 ], [ -45.076096, -23.445700799999941 ], [ -45.075894499999947, -23.445553699999948 ], [ -45.075684599999931, -23.445429699999977 ], [ -45.075450899999964, -23.445279099999937 ], [ -45.075172299999963, -23.445071 ], [ -45.075185599999941, -23.444993599999975 ], [ -45.075189499999965, -23.444922199999951 ], [ -45.075176599999963, -23.444854299999975 ], [ -45.075152599999967, -23.44479629999995 ], [ -45.075121799999977, -23.444761599999936 ], [ -45.07525279999993, -23.44387329999995 ], [ -45.075253299999986, -23.443833299999937 ], [ -45.075257299999976, -23.443793299999982 ], [ -45.07529379999994, -23.443440599999974 ], [ -45.075310199999933, -23.443213299999968 ], [ -45.075347499999964, -23.443123299999968 ], [ -45.075447399999973, -23.442979299999934 ], [ -45.075507099999982, -23.44287259999993 ], [ -45.075522699999965, -23.442833699999937 ], [ -45.075650199999984, -23.442523299999948 ], [ -45.075017799999955, -23.442308399999945 ], [ -45.07406, -23.443212199999948 ], [ -45.072874299999967, -23.444330899999954 ], [ -45.072578899999939, -23.444926599999974 ], [ -45.072519399999976, -23.445315 ], [ -45.072672099999977, -23.445571799999982 ], [ -45.072445099999982, -23.44581009999996 ], [ -45.070910599999934, -23.44537239999994 ], [ -45.071052299999963, -23.444470199999955 ], [ -45.070993099999953, -23.444453399999929 ], [ -45.07103509999996, -23.444139399999983 ], [ -45.07095019999997, -23.444037699999967 ], [ -45.071052799999961, -23.443661399999939 ], [ -45.070405199999982, -23.443471599999953 ], [ -45.069851399999948, -23.443317899999954 ], [ -45.069308699999965, -23.443163199999958 ], [ -45.069269499999962, -23.443155099999956 ], [ -45.069205299999965, -23.443140399999947 ], [ -45.068866199999945, -23.443072399999949 ], [ -45.068824899999981, -23.443057499999952 ], [ -45.068790699999965, -23.443045099999949 ], [ -45.068430799999931, -23.442964199999949 ], [ -45.068410599999936, -23.44310269999994 ], [ -45.068362, -23.44330309999998 ], [ -45.068297199999961, -23.443474199999969 ], [ -45.068240599999967, -23.443651199999977 ], [ -45.068192499999952, -23.443867599999976 ], [ -45.06809579999998, -23.444099299999948 ], [ -45.068014799999958, -23.444323399999973 ], [ -45.067934, -23.444585299999972 ], [ -45.067877299999964, -23.444787399999939 ], [ -45.067771499999935, -23.445033499999965 ], [ -45.067675699999938, -23.445295899999962 ], [ -45.067529, -23.445736 ], [ -45.067309399999942, -23.446257899999978 ], [ -45.067228599999964, -23.446549599999969 ], [ -45.067163899999969, -23.446781599999952 ], [ -45.066911699999935, -23.447209799999939 ], [ -45.066791199999955, -23.44748919999995 ], [ -45.067000899999982, -23.447592699999973 ], [ -45.067035899999951, -23.447615599999949 ], [ -45.067073799999946, -23.447628599999973 ], [ -45.067301899999961, -23.447718399999928 ], [ -45.067339699999934, -23.447743799999955 ], [ -45.068463299999962, -23.448248399999954 ], [ -45.069094799999959, -23.448538499999927 ], [ -45.069901799999968, -23.448892499999943 ], [ -45.071329399999968, -23.449512 ], [ -45.072761, -23.45016279999993 ], [ -45.073258899999985, -23.450387699999965 ], [ -45.07331789999995, -23.450414299999977 ], [ -45.073933499999953, -23.450692099999969 ], [ -45.074234, -23.450818 ], [ -45.074312099999986, -23.450850099999968 ], [ -45.074329199999966, -23.45081579999993 ], [ -45.074623, -23.450321599999938 ], [ -45.074799799999937, -23.449864599999955 ], [ -45.074954899999966, -23.449539 ], [ -45.075098, -23.449265899999943 ], [ -45.075178, -23.449063 ], [ -45.075254399999949, -23.448888499999953 ], [ -45.075332199999934, -23.448681199999953 ], [ -45.075364099999945, -23.448548599999981 ], [ -45.075430599999947, -23.448359399999958 ], [ -45.075486799999965, -23.448184 ], [ -45.075488199999938, -23.448083799999949 ], [ -45.075515, -23.448034199999938 ], [ -45.075418199999945, -23.447714799999972 ], [ -45.075348499999961, -23.447583099999974 ], [ -45.075335799999948, -23.447535599999981 ], [ -45.075081099999977, -23.447230399999967 ], [ -45.075241399999982, -23.447082799999976 ] ] ] } },
{ "type": "Feature", "properties": { "id": "3555406005", "cd_bairro": "3555406005", "bairro": "Estufa I", "cd_mun": "3555406", "municipio": "Ubatuba", "cd_dist": "355540605", "distrito": "Ubatuba" }, "geometry": { "type": "Polygon", "coordinates": [ [ [ -45.077193299999976, -23.450465099999974 ], [ -45.078294799999981, -23.449394699999971 ], [ -45.078806799999938, -23.448903 ], [ -45.079413299999942, -23.44832729999996 ], [ -45.079508799999985, -23.448235899999929 ], [ -45.08121929999993, -23.446586599999932 ], [ -45.081336399999941, -23.446473899999944 ], [ -45.083151399999963, -23.444727299999954 ], [ -45.083208099999979, -23.444672799999978 ], [ -45.085316199999966, -23.442644199999961 ], [ -45.08528089999993, -23.442613299999948 ], [ -45.085032, -23.442493299999967 ], [ -45.084876299999962, -23.442453799999953 ], [ -45.08475859999993, -23.442469499999959 ], [ -45.084673699999939, -23.442491199999949 ], [ -45.084598699999958, -23.442590099999961 ], [ -45.08450849999997, -23.442683199999976 ], [ -45.084368099999949, -23.442758799999979 ], [ -45.084294, -23.442879399999981 ], [ -45.084163499999931, -23.44284209999995 ], [ -45.083945, -23.442802499999971 ], [ -45.083673099999942, -23.442893799999979 ], [ -45.083463699999982, -23.442921 ], [ -45.083271799999977, -23.442892299999983 ], [ -45.083162399999935, -23.442937599999937 ], [ -45.083048899999937, -23.443042899999966 ], [ -45.082882099999949, -23.443214699999942 ], [ -45.082633199999975, -23.443267499999934 ], [ -45.082452, -23.443294399999957 ], [ -45.082302499999969, -23.443232199999954 ], [ -45.081984699999964, -23.443185399999948 ], [ -45.081821599999955, -23.443231199999957 ], [ -45.081644099999949, -23.443343399999947 ], [ -45.081591299999957, -23.443601399999977 ], [ -45.081464299999936, -23.443752599999982 ], [ -45.081307, -23.443887599999982 ], [ -45.081156799999974, -23.443988899999965 ], [ -45.08096, -23.444112699999948 ], [ -45.080801299999962, -23.444067 ], [ -45.08043269999996, -23.443951599999934 ], [ -45.079258299999935, -23.443625399999974 ], [ -45.079095399999972, -23.443492399999968 ], [ -45.075650199999984, -23.442523299999948 ], [ -45.075522699999965, -23.442833699999937 ], [ -45.075507099999982, -23.44287259999993 ], [ -45.075447399999973, -23.442979299999934 ], [ -45.075347499999964, -23.443123299999968 ], [ -45.075310199999933, -23.443213299999968 ], [ -45.07529379999994, -23.443440599999974 ], [ -45.075257299999976, -23.443793299999982 ], [ -45.075253299999986, -23.443833299999937 ], [ -45.07525279999993, -23.44387329999995 ], [ -45.075121799999977, -23.444761599999936 ], [ -45.075152599999967, -23.44479629999995 ], [ -45.075176599999963, -23.444854299999975 ], [ -45.075189499999965, -23.444922199999951 ], [ -45.075185599999941, -23.444993599999975 ], [ -45.075172299999963, -23.445071 ], [ -45.075450899999964, -23.445279099999937 ], [ -45.075684599999931, -23.445429699999977 ], [ -45.075894499999947, -23.445553699999948 ], [ -45.076096, -23.445700799999941 ], [ -45.076179499999967, -23.44599089999997 ], [ -45.076234799999952, -23.446140799999966 ], [ -45.076329199999975, -23.446437599999967 ], [ -45.076001899999937, -23.446569 ], [ -45.075677699999972, -23.446686199999931 ], [ -45.075450199999977, -23.446869699999979 ], [ -45.075340399999959, -23.446991099999934 ], [ -45.075241399999982, -23.447082799999976 ], [ -45.075081099999977, -23.447230399999967 ], [ -45.075335799999948, -23.447535599999981 ], [ -45.075348499999961, -23.447583099999974 ], [ -45.075418199999945, -23.447714799999972 ], [ -45.075515, -23.448034199999938 ], [ -45.075488199999938, -23.448083799999949 ], [ -45.075486799999965, -23.448184 ], [ -45.075430599999947, -23.448359399999958 ], [ -45.075364099999945, -23.448548599999981 ], [ -45.075332199999934, -23.448681199999953 ], [ -45.075254399999949, -23.448888499999953 ], [ -45.075178, -23.449063 ], [ -45.075098, -23.449265899999943 ], [ -45.074954899999966, -23.449539 ], [ -45.074799799999937, -23.449864599999955 ], [ -45.074623, -23.450321599999938 ], [ -45.074329199999966, -23.45081579999993 ], [ -45.074312099999986, -23.450850099999968 ], [ -45.074234, -23.450818 ], [ -45.073933499999953, -23.450692099999969 ], [ -45.07331789999995, -23.450414299999977 ], [ -45.073258899999985, -23.450387699999965 ], [ -45.073242499999935, -23.450424 ], [ -45.073189099999979, -23.450536 ], [ -45.073054799999966, -23.450796299999979 ], [ -45.073038499999939, -23.450832799999944 ], [ -45.073113599999942, -23.45086509999993 ], [ -45.07291129999993, -23.451246499999968 ], [ -45.07279049999994, -23.451470899999947 ], [ -45.072645399999942, -23.451781899999958 ], [ -45.072485399999948, -23.452131 ], [ -45.072347499999978, -23.452483899999947 ], [ -45.072246, -23.452714899999933 ], [ -45.071953199999939, -23.453443799999945 ], [ -45.072505699999965, -23.453882299999975 ], [ -45.073249099999941, -23.454248899999982 ], [ -45.074312299999974, -23.453224599999942 ], [ -45.075401499999941, -23.452177 ], [ -45.075885299999982, -23.451713199999972 ], [ -45.075931299999979, -23.451669099999947 ], [ -45.07653, -23.451111899999944 ], [ -45.077193299999976, -23.450465099999974 ] ] ] } },
{ "type": "Feature", "properties": { "id": "3555406006", "cd_bairro": "3555406006", "bairro": "Silop", "cd_mun": "3555406", "municipio": "Ubatuba", "cd_dist": "355540605", "distrito": "Ubatuba" }, "geometry": { "type": "Polygon", "coordinates": [ [ [ -45.085445099999959, -23.44186869999993 ], [ -45.085523299999977, -23.440823199999954 ], [ -45.08560209999996, -23.439402599999937 ], [ -45.085667499999943, -23.438173699999936 ], [ -45.085748799999976, -23.436751 ], [ -45.085775, -23.436239499999942 ], [ -45.085840299999973, -23.435370099999943 ], [ -45.085886, -23.43429459999993 ], [ -45.085900199999969, -23.434107099999949 ], [ -45.085901699999965, -23.434087199999965 ], [ -45.085872499999937, -23.434087199999965 ], [ -45.08581, -23.434048899999937 ], [ -45.085718399999962, -23.433993299999941 ], [ -45.085673199999974, -23.433934499999964 ], [ -45.085628499999984, -23.433813399999963 ], [ -45.085545099999933, -23.433556099999976 ], [ -45.085376099999962, -23.433484799999974 ], [ -45.085005199999955, -23.433258599999931 ], [ -45.084946199999933, -23.433219599999973 ], [ -45.084849099999985, -23.433166099999937 ], [ -45.084697, -23.433082399999932 ], [ -45.084488199999953, -23.432971399999929 ], [ -45.084172399999943, -23.432843499999933 ], [ -45.083859399999938, -23.432750399999975 ], [ -45.08344429999994, -23.43265729999996 ], [ -45.08329759999998, -23.432678799999962 ], [ -45.083025599999985, -23.432804 ], [ -45.083059599999956, -23.433752299999981 ], [ -45.083079299999952, -23.434500199999945 ], [ -45.083125799999948, -23.435266 ], [ -45.083158, -23.436103299999957 ], [ -45.08319739999996, -23.436700899999948 ], [ -45.083401299999935, -23.437846 ], [ -45.083438199999932, -23.438086299999952 ], [ -45.083447899999953, -23.43882039999994 ], [ -45.083469299999933, -23.439316699999949 ], [ -45.082728599999939, -23.439352499999927 ], [ -45.082785899999976, -23.440608499999939 ], [ -45.08284249999997, -23.441637199999946 ], [ -45.082850099999973, -23.442000699999937 ], [ -45.082830199999933, -23.442419599999937 ], [ -45.082843099999934, -23.442815199999927 ], [ -45.082847799999968, -23.442973799999947 ], [ -45.082853099999966, -23.443049099999939 ], [ -45.082857399999966, -23.443173599999966 ], [ -45.082882099999949, -23.443214699999942 ], [ -45.083048899999937, -23.443042899999966 ], [ -45.083162399999935, -23.442937599999937 ], [ -45.083271799999977, -23.442892299999983 ], [ -45.083463699999982, -23.442921 ], [ -45.083673099999942, -23.442893799999979 ], [ -45.083945, -23.442802499999971 ], [ -45.084163499999931, -23.44284209999995 ], [ -45.084294, -23.442879399999981 ], [ -45.084368099999949, -23.442758799999979 ], [ -45.08450849999997, -23.442683199999976 ], [ -45.084598699999958, -23.442590099999961 ], [ -45.084673699999939, -23.442491199999949 ], [ -45.08475859999993, -23.442469499999959 ], [ -45.084876299999962, -23.442453799999953 ], [ -45.085032, -23.442493299999967 ], [ -45.08528089999993, -23.442613299999948 ], [ -45.085318299999983, -23.442474799999957 ], [ -45.085400499999935, -23.442183799999952 ], [ -45.085421199999985, -23.442075099999954 ], [ -45.085445099999959, -23.44186869999993 ] ] ] } },
{ "type": "Feature", "properties": { "id": "3555406007", "cd_bairro": "3555406007", "bairro": "Sumaré", "cd_mun": "3555406", "municipio": "Ubatuba", "cd_dist": "355540605", "distrito": "Ubatuba" }, "geometry": { "type": "Polygon", "coordinates": [ [ [ -45.087764899999968, -23.437251099999969 ], [ -45.08767469999998, -23.436768499999971 ], [ -45.087611399999957, -23.436531599999967 ], [ -45.087467499999946, -23.436119 ], [ -45.087230199999965, -23.43556609999996 ], [ -45.08692439999993, -23.435177899999928 ], [ -45.086668399999951, -23.434836599999983 ], [ -45.086539199999947, -23.434663 ], [ -45.08635309999994, -23.434457399999928 ], [ -45.086244699999952, -23.43433639999995 ], [ -45.086109499999964, -23.434214 ], [ -45.08602209999998, -23.434143899999981 ], [ -45.085901699999965, -23.434087199999965 ], [ -45.085900199999969, -23.434107099999949 ], [ -45.085886, -23.43429459999993 ], [ -45.085840299999973, -23.435370099999943 ], [ -45.085775, -23.436239499999942 ], [ -45.085748799999976, -23.436751 ], [ -45.085667499999943, -23.438173699999936 ], [ -45.08560209999996, -23.439402599999937 ], [ -45.085523299999977, -23.440823199999954 ], [ -45.085445099999959, -23.44186869999993 ], [ -45.085421199999985, -23.442075099999954 ], [ -45.085400499999935, -23.442183799999952 ], [ -45.085318299999983, -23.442474799999957 ], [ -45.08528089999993, -23.442613299999948 ], [ -45.085316199999966, -23.442644199999961 ], [ -45.085550799999965, -23.442418399999951 ], [ -45.08652479999995, -23.441455799999972 ], [ -45.086977699999977, -23.440867 ], [ -45.087157899999966, -23.440565099999958 ], [ -45.087391799999978, -23.440038799999968 ], [ -45.087585, -23.439534399999957 ], [ -45.087681399999951, -23.439191699999981 ], [ -45.087752299999977, -23.438852699999927 ], [ -45.087787, -23.438594899999941 ], [ -45.087813899999958, -23.438135399999965 ], [ -45.087812, -23.43765639999998 ], [ -45.087787399999968, -23.437482799999941 ], [ -45.087764899999968, -23.437251099999969 ] ] ] } },
{ "type": "Feature", "properties": { "id": "3555406008", "cd_bairro": "3555406008", "bairro": "Mato Dentro (Carolina, Trevo, Samambaia)", "cd_mun": "3555406", "municipio": "Ubatuba", "cd_dist": "355540605", "distrito": "Ubatuba" }, "geometry": { "type": "Polygon", "coordinates": [ [ [ -45.094247899999971, -23.447195399999941 ], [ -45.094719899999973, -23.44701729999997 ], [ -45.094927299999938, -23.446939 ], [ -45.095075299999962, -23.44688309999998 ], [ -45.095360299999982, -23.446775599999967 ], [ -45.095639299999959, -23.446343599999977 ], [ -45.09581929999996, -23.446030599999972 ], [ -45.095892299999946, -23.445193599999982 ], [ -45.095965299999932, -23.44499959999996 ], [ -45.096054299999935, -23.444802599999946 ], [ -45.096321299999943, -23.444572599999958 ], [ -45.096534299999973, -23.444424599999934 ], [ -45.096767299999954, -23.444041599999935 ], [ -45.09674629999995, -23.443818599999929 ], [ -45.096774299999936, -23.443555599999968 ], [ -45.096853299999964, -23.44323559999998 ], [ -45.096924299999955, -23.443027599999937 ], [ -45.097076299999969, -23.442728599999953 ], [ -45.097253299999977, -23.44254159999997 ], [ -45.097328299999958, -23.442415599999947 ], [ -45.097375299999953, -23.442202599999973 ], [ -45.097398299999952, -23.442005599999959 ], [ -45.09739529999996, -23.441800599999965 ], [ -45.097390299999972, -23.441705599999977 ], [ -45.097273399999949, -23.441159499999969 ], [ -45.097293599999944, -23.441124899999977 ], [ -45.097312899999963, -23.441089899999952 ], [ -45.097627699999975, -23.441028699999947 ], [ -45.097814699999958, -23.441030699999942 ], [ -45.097935699999937, -23.441022699999962 ], [ -45.098190699999975, -23.441025699999955 ], [ -45.098533699999962, -23.44106469999997 ], [ -45.098700699999938, -23.441143699999941 ], [ -45.098816699999929, -23.441283699999929 ], [ -45.098930699999983, -23.441482699999938 ], [ -45.09911969999996, -23.441677699999957 ], [ -45.099272399999961, -23.441741499999978 ], [ -45.099349699999948, -23.441773699999942 ], [ -45.099624699999936, -23.441724699999952 ], [ -45.09985869999997, -23.441601699999978 ], [ -45.100053899999978, -23.441534299999944 ], [ -45.100506899999971, -23.441403299999934 ], [ -45.100697, -23.441487199999983 ], [ -45.100923299999977, -23.44162069999993 ], [ -45.100948199999948, -23.441587399999946 ], [ -45.100974899999983, -23.441563 ], [ -45.101007799999934, -23.441534099999956 ], [ -45.100969699999951, -23.440664599999934 ], [ -45.10097959999996, -23.439919499999974 ], [ -45.100973499999952, -23.439049099999977 ], [ -45.100999299999955, -23.43833 ], [ -45.100996799999962, -23.438284599999974 ], [ -45.100996099999975, -23.438264 ], [ -45.100960499999985, -23.437193599999944 ], [ -45.100888, -23.436876099999949 ], [ -45.10088879999995, -23.436835699999961 ], [ -45.100326199999984, -23.436844299999962 ], [ -45.100121499999943, -23.436837699999955 ], [ -45.09986559999993, -23.436825599999963 ], [ -45.099572099999932, -23.43679979999996 ], [ -45.099306699999943, -23.436775499999953 ], [ -45.099167, -23.434941199999969 ], [ -45.099151599999971, -23.434732099999962 ], [ -45.098609199999942, -23.435006599999952 ], [ -45.098369, -23.435199699999941 ], [ -45.097881, -23.435462599999937 ], [ -45.097302699999943, -23.43573559999993 ], [ -45.096997899999963, -23.435911099999942 ], [ -45.096698199999935, -23.436067499999979 ], [ -45.09618729999994, -23.436251599999935 ], [ -45.095789899999943, -23.436427299999934 ], [ -45.095549099999971, -23.436578 ], [ -45.094967499999939, -23.436874399999965 ], [ -45.094773699999962, -23.436944399999959 ], [ -45.09460729999995, -23.436948099999938 ], [ -45.094429699999978, -23.43691119999994 ], [ -45.094276499999978, -23.43685 ], [ -45.09407049999993, -23.436674 ], [ -45.093799399999966, -23.436385 ], [ -45.093552899999963, -23.436240399999974 ], [ -45.093290399999944, -23.436030099999982 ], [ -45.093173299999933, -23.43592179999996 ], [ -45.092898, -23.435746699999982 ], [ -45.09262769999998, -23.435611899999969 ], [ -45.092401099999961, -23.435498 ], [ -45.092272499999979, -23.435404099999971 ], [ -45.092091399999958, -23.435194499999966 ], [ -45.091953199999978, -23.435048499999937 ], [ -45.09185089999994, -23.434914099999958 ], [ -45.091733099999942, -23.43479549999995 ], [ -45.091510599999935, -23.434667799999943 ], [ -45.091282699999965, -23.434536699999967 ], [ -45.09109129999996, -23.434477199999947 ], [ -45.090854699999966, -23.434445099999948 ], [ -45.090617899999984, -23.434415899999976 ], [ -45.090402, -23.434342799999968 ], [ -45.09027889999993, -23.434252299999969 ], [ -45.090102899999977, -23.434048799999971 ], [ -45.089976899999954, -23.433795599999939 ], [ -45.08988, -23.433567699999969 ], [ -45.089767799999947, -23.43344959999996 ], [ -45.089581, -23.433401899999978 ], [ -45.08942019999995, -23.433416299999976 ], [ -45.089264199999946, -23.433439699999951 ], [ -45.088983599999949, -23.433520599999952 ], [ -45.088750699999935, -23.433577199999945 ], [ -45.088568399999986, -23.433569699999964 ], [ -45.088381399999946, -23.433501199999967 ], [ -45.088211299999955, -23.433366899999953 ], [ -45.088113599999986, -23.433289799999955 ], [ -45.088022599999931, -23.433218 ], [ -45.08782059999993, -23.432982899999956 ], [ -45.087843899999939, -23.432765399999937 ], [ -45.087988099999961, -23.432492099999934 ], [ -45.088091299999974, -23.432245299999977 ], [ -45.088122, -23.431989899999962 ], [ -45.088098, -23.431770499999971 ], [ -45.088084799999933, -23.431529399999931 ], [ -45.088112399999943, -23.431354099999965 ], [ -45.088147299999946, -23.431136099999947 ], [ -45.088138899999933, -23.430872699999952 ], [ -45.088245499999971, -23.430490799999973 ], [ -45.088256899999976, -23.430307 ], [ -45.088139, -23.430157899999983 ], [ -45.087963599999966, -23.430097499999931 ], [ -45.087763799999948, -23.430127399999947 ], [ -45.087503799999979, -23.430158499999948 ], [ -45.087200899999971, -23.430203499999948 ], [ -45.087051799999983, -23.430279 ], [ -45.086883099999966, -23.430606099999977 ], [ -45.086705399999971, -23.430822699999965 ], [ -45.086672399999941, -23.43085149999996 ], [ -45.08642489999994, -23.431038399999977 ], [ -45.086273499999947, -23.431136399999957 ], [ -45.08615889999993, -23.431167 ], [ -45.086018199999955, -23.431133199999977 ], [ -45.085939499999938, -23.431039899999973 ], [ -45.085834899999952, -23.430780699999957 ], [ -45.085837899999945, -23.430610399999978 ], [ -45.085797399999933, -23.430433799999946 ], [ -45.085753499999953, -23.430261799999982 ], [ -45.08561949999995, -23.430242299999975 ], [ -45.085456599999929, -23.430295599999965 ], [ -45.085363799999982, -23.430388899999969 ], [ -45.08530049999996, -23.430424399999936 ], [ -45.08526459999996, -23.430444399999942 ], [ -45.085236799999961, -23.430477099999962 ], [ -45.085118299999976, -23.430616399999963 ], [ -45.08489469999995, -23.430707199999972 ], [ -45.08459849999997, -23.430761 ], [ -45.084049, -23.430855199999939 ], [ -45.083568799999966, -23.430977399999961 ], [ -45.083515499999976, -23.430988699999943 ], [ -45.084552899999949, -23.43224239999995 ], [ -45.084768799999949, -23.432556899999952 ], [ -45.085279499999956, -23.433199599999966 ], [ -45.085499299999981, -23.433480199999963 ], [ -45.085545099999933, -23.433556099999976 ], [ -45.085628499999984, -23.433813399999963 ], [ -45.085673199999974, -23.433934499999964 ], [ -45.085718399999962, -23.433993299999941 ], [ -45.08581, -23.434048899999937 ], [ -45.085872499999937, -23.434087199999965 ], [ -45.085901699999965, -23.434087199999965 ], [ -45.08602209999998, -23.434143899999981 ], [ -45.086109499999964, -23.434214 ], [ -45.086244699999952, -23.43433639999995 ], [ -45.08635309999994, -23.434457399999928 ], [ -45.086539199999947, -23.434663 ], [ -45.086668399999951, -23.434836599999983 ], [ -45.08692439999993, -23.435177899999928 ], [ -45.087230199999965, -23.43556609999996 ], [ -45.087467499999946, -23.436119 ], [ -45.087611399999957, -23.436531599999967 ], [ -45.08767469999998, -23.436768499999971 ], [ -45.087764899999968, -23.437251099999969 ], [ -45.087787399999968, -23.437482799999941 ], [ -45.087812, -23.43765639999998 ], [ -45.087813899999958, -23.438135399999965 ], [ -45.087787, -23.438594899999941 ], [ -45.087752299999977, -23.438852699999927 ], [ -45.087681399999951, -23.439191699999981 ], [ -45.087585, -23.439534399999957 ], [ -45.087391799999978, -23.440038799999968 ], [ -45.087157899999966, -23.440565099999958 ], [ -45.086977699999977, -23.440867 ], [ -45.08652479999995, -23.441455799999972 ], [ -45.085550799999965, -23.442418399999951 ], [ -45.085316199999966, -23.442644199999961 ], [ -45.08534979999996, -23.442675699999938 ], [ -45.08537339999998, -23.442785499999957 ], [ -45.085434299999974, -23.443079699999942 ], [ -45.085790299999985, -23.443883699999958 ], [ -45.086407299999962, -23.444639699999982 ], [ -45.086775299999942, -23.444928699999934 ], [ -45.086914199999967, -23.44510779999996 ], [ -45.087078299999973, -23.44531969999997 ], [ -45.087326299999972, -23.445666699999947 ], [ -45.087720299999944, -23.446140699999944 ], [ -45.088088299999981, -23.446473699999956 ], [ -45.088369299999954, -23.446701699999949 ], [ -45.088814399999933, -23.447444099999927 ], [ -45.088952199999937, -23.447833399999979 ], [ -45.089229799999941, -23.447945899999979 ], [ -45.089483299999984, -23.448106399999972 ], [ -45.089828699999941, -23.448297299999979 ], [ -45.090147299999956, -23.448516699999971 ], [ -45.090338299999985, -23.448685699999942 ], [ -45.090839699999947, -23.449308199999962 ], [ -45.091066299999966, -23.449440699999968 ], [ -45.091251799999952, -23.449670699999956 ], [ -45.091568199999983, -23.449880199999939 ], [ -45.092016499999943, -23.450047099999949 ], [ -45.09247849999997, -23.450238699999943 ], [ -45.093021499999963, -23.450448899999969 ], [ -45.093605399999944, -23.450662299999976 ], [ -45.094086699999934, -23.450947299999939 ], [ -45.094461799999976, -23.451048799999967 ], [ -45.094830399999978, -23.451042099999938 ], [ -45.095056799999952, -23.450916399999983 ], [ -45.095257699999934, -23.450706599999933 ], [ -45.095299099999977, -23.450438499999962 ], [ -45.095415899999978, -23.450159 ], [ -45.095685299999957, -23.449986099999933 ], [ -45.096049, -23.45001579999996 ], [ -45.094247899999971, -23.447195399999941 ] ] ] } },
{ "type": "Feature", "properties": { "id": "3555406009", "cd_bairro": "3555406009", "bairro": "Ressaca", "cd_mun": "3555406", "municipio": "Ubatuba", "cd_dist": "355540605", "distrito": "Ubatuba" }, "geometry": { "type": "Polygon", "coordinates": [ [ [ -45.08526459999996, -23.430444399999942 ], [ -45.08530049999996, -23.430424399999936 ], [ -45.085363799999982, -23.430388899999969 ], [ -45.085456599999929, -23.430295599999965 ], [ -45.08561949999995, -23.430242299999975 ], [ -45.085753499999953, -23.430261799999982 ], [ -45.085797399999933, -23.430433799999946 ], [ -45.085837899999945, -23.430610399999978 ], [ -45.085834899999952, -23.430780699999957 ], [ -45.085939499999938, -23.431039899999973 ], [ -45.086018199999955, -23.431133199999977 ], [ -45.08615889999993, -23.431167 ], [ -45.086273499999947, -23.431136399999957 ], [ -45.08642489999994, -23.431038399999977 ], [ -45.086672399999941, -23.43085149999996 ], [ -45.086705399999971, -23.430822699999965 ], [ -45.086883099999966, -23.430606099999977 ], [ -45.087051799999983, -23.430279 ], [ -45.087200899999971, -23.430203499999948 ], [ -45.087503799999979, -23.430158499999948 ], [ -45.087763799999948, -23.430127399999947 ], [ -45.087963599999966, -23.430097499999931 ], [ -45.088139, -23.430157899999983 ], [ -45.088256899999976, -23.430307 ], [ -45.088245499999971, -23.430490799999973 ], [ -45.088138899999933, -23.430872699999952 ], [ -45.088147299999946, -23.431136099999947 ], [ -45.088112399999943, -23.431354099999965 ], [ -45.088084799999933, -23.431529399999931 ], [ -45.088098, -23.431770499999971 ], [ -45.088122, -23.431989899999962 ], [ -45.088091299999974, -23.432245299999977 ], [ -45.087988099999961, -23.432492099999934 ], [ -45.087843899999939, -23.432765399999937 ], [ -45.08782059999993, -23.432982899999956 ], [ -45.088022599999931, -23.433218 ], [ -45.088113599999986, -23.433289799999955 ], [ -45.088211299999955, -23.433366899999953 ], [ -45.088381399999946, -23.433501199999967 ], [ -45.088568399999986, -23.433569699999964 ], [ -45.088750699999935, -23.433577199999945 ], [ -45.088983599999949, -23.433520599999952 ], [ -45.089264199999946, -23.433439699999951 ], [ -45.08942019999995, -23.433416299999976 ], [ -45.089581, -23.433401899999978 ], [ -45.089767799999947, -23.43344959999996 ], [ -45.08988, -23.433567699999969 ], [ -45.089976899999954, -23.433795599999939 ], [ -45.090102899999977, -23.434048799999971 ], [ -45.09027889999993, -23.434252299999969 ], [ -45.090402, -23.434342799999968 ], [ -45.090617899999984, -23.434415899999976 ], [ -45.090854699999966, -23.434445099999948 ], [ -45.09109129999996, -23.434477199999947 ], [ -45.091282699999965, -23.434536699999967 ], [ -45.091510599999935, -23.434667799999943 ], [ -45.091733099999942, -23.43479549999995 ], [ -45.09185089999994, -23.434914099999958 ], [ -45.091953199999978, -23.435048499999937 ], [ -45.092091399999958, -23.435194499999966 ], [ -45.092272499999979, -23.435404099999971 ], [ -45.092401099999961, -23.435498 ], [ -45.09262769999998, -23.435611899999969 ], [ -45.092785899999967, -23.433276499999977 ], [ -45.092786399999966, -23.43316539999995 ], [ -45.092709799999966, -23.432224899999937 ], [ -45.092710499999953, -23.432185 ], [ -45.092714099999966, -23.431533699999932 ], [ -45.092689099999973, -23.430868099999941 ], [ -45.092660399999943, -23.430141699999979 ], [ -45.092635399999949, -23.42947259999994 ], [ -45.09261749999996, -23.428807 ], [ -45.092599599999971, -23.428145 ], [ -45.092558299999951, -23.428143 ], [ -45.092566099999942, -23.427215499999932 ], [ -45.092571499999963, -23.427019899999948 ], [ -45.092536899999971, -23.42685229999995 ], [ -45.092458, -23.426664899999935 ], [ -45.092385899999954, -23.426539599999955 ], [ -45.092267899999968, -23.426445 ], [ -45.091984399999944, -23.426312699999983 ], [ -45.091836, -23.426254599999936 ], [ -45.091476899999975, -23.42616709999993 ], [ -45.091407199999935, -23.426141599999937 ], [ -45.091397399999948, -23.426109399999973 ], [ -45.091407099999969, -23.42604069999993 ], [ -45.091613799999948, -23.425407499999949 ], [ -45.09190719999998, -23.424974499999962 ], [ -45.092483299999969, -23.424391199999945 ], [ -45.092637599999932, -23.424341 ], [ -45.092792299999985, -23.424238899999978 ], [ -45.092594199999951, -23.424117099999933 ], [ -45.092256599999985, -23.424133099999949 ], [ -45.091769499999941, -23.424348099999975 ], [ -45.091417799999931, -23.424746899999946 ], [ -45.091182, -23.425121399999966 ], [ -45.090975799999967, -23.425433099999964 ], [ -45.090908399999932, -23.425746 ], [ -45.090833699999962, -23.42602519999997 ], [ -45.090631099999939, -23.42613 ], [ -45.090491399999962, -23.426234799999975 ], [ -45.090344699999946, -23.426374499999952 ], [ -45.09017, -23.426472399999966 ], [ -45.090023299999984, -23.426591099999939 ], [ -45.089925499999936, -23.426674899999966 ], [ -45.089771799999937, -23.426751799999977 ], [ -45.089618099999939, -23.426793699999962 ], [ -45.08946439999994, -23.426837399999954 ], [ -45.089282799999978, -23.426886299999978 ], [ -45.089164099999948, -23.426886299999978 ], [ -45.089031299999931, -23.426872299999957 ], [ -45.088891599999954, -23.42681639999995 ], [ -45.088758899999959, -23.426809399999968 ], [ -45.088696, -23.42681639999995 ], [ -45.088647099999946, -23.426851299999953 ], [ -45.088598199999979, -23.426921199999981 ], [ -45.088514399999951, -23.42707489999998 ], [ -45.088423499999976, -23.427221599999939 ], [ -45.088269799999978, -23.427453899999932 ], [ -45.08815809999993, -23.427593599999966 ], [ -45.088032299999952, -23.427733299999943 ], [ -45.087913599999979, -23.427817199999936 ], [ -45.08775989999998, -23.42788 ], [ -45.087613199999964, -23.427942899999948 ], [ -45.087473399999965, -23.427991799999972 ], [ -45.087354699999935, -23.428054699999961 ], [ -45.087270799999942, -23.428124499999967 ], [ -45.087215, -23.42820839999996 ], [ -45.087117099999944, -23.428376 ], [ -45.087026299999934, -23.42855069999996 ], [ -45.086886599999957, -23.428678199999979 ], [ -45.086663099999953, -23.428887799999927 ], [ -45.086348699999974, -23.429160199999956 ], [ -45.086027299999955, -23.429418699999928 ], [ -45.085747899999944, -23.429642299999955 ], [ -45.085510399999976, -23.429809899999952 ], [ -45.085349699999938, -23.429872799999941 ], [ -45.085168, -23.429963599999951 ], [ -45.085035299999959, -23.430019499999958 ], [ -45.085119899999938, -23.430171899999948 ], [ -45.085163499999965, -23.430230599999959 ], [ -45.08526459999996, -23.430444399999942 ] ] ] } },
{ "type": "Feature", "properties": { "id": "3555406010", "cd_bairro": "3555406010", "bairro": "Pedreira", "cd_mun": "3555406", "municipio": "Ubatuba", "cd_dist": "355540605", "distrito": "Ubatuba" }, "geometry": { "type": "Polygon", "coordinates": [ [ [ -45.079388599999959, -23.421100499999966 ], [ -45.079193499999974, -23.420850499999972 ], [ -45.078972399999941, -23.420648599999936 ], [ -45.078767499999969, -23.420501699999932 ], [ -45.07844549999993, -23.420208799999955 ], [ -45.078196599999956, -23.420078799999942 ], [ -45.07792539999997, -23.420010899999966 ], [ -45.077676899999972, -23.419923199999971 ], [ -45.077409899999964, -23.419905399999948 ], [ -45.07706289999993, -23.41987649999993 ], [ -45.076805, -23.419848599999966 ], [ -45.076422199999968, -23.419744599999945 ], [ -45.076301699999931, -23.419546599999933 ], [ -45.07615629999998, -23.419261699999936 ], [ -45.076052899999979, -23.419045899999958 ], [ -45.075946399999964, -23.418679399999974 ], [ -45.075841699999955, -23.418279199999972 ], [ -45.07571, -23.417858099999933 ], [ -45.075455599999941, -23.417528599999969 ], [ -45.075151699999935, -23.41727869999994 ], [ -45.074842099999955, -23.417142599999977 ], [ -45.07455049999993, -23.41686859999993 ], [ -45.074301899999966, -23.416578699999945 ], [ -45.074033199999974, -23.416292899999974 ], [ -45.073651599999948, -23.416118 ], [ -45.073347399999932, -23.416039 ], [ -45.07314, -23.416200599999968 ], [ -45.073090199999967, -23.416570499999978 ], [ -45.07298069999996, -23.416839099999947 ], [ -45.072717699999941, -23.41695 ], [ -45.072335499999951, -23.416931899999952 ], [ -45.07190339999994, -23.416908199999966 ], [ -45.071482399999979, -23.416763499999945 ], [ -45.071108199999969, -23.416689799999972 ], [ -45.070456699999966, -23.416593599999942 ], [ -45.070159299999943, -23.416370099999938 ], [ -45.067907699999978, -23.416899 ], [ -45.067634399999974, -23.416963099999975 ], [ -45.067595099999949, -23.416971699999976 ], [ -45.067697599999974, -23.417277299999967 ], [ -45.067750699999976, -23.417407299999979 ], [ -45.067889899999955, -23.417747799999972 ], [ -45.068084099999965, -23.418148599999938 ], [ -45.06823339999994, -23.418375899999944 ], [ -45.068449299999941, -23.418692299999975 ], [ -45.068671499999937, -23.418982599999936 ], [ -45.068936099999974, -23.419282899999928 ], [ -45.069149399999958, -23.419499099999939 ], [ -45.069263499999977, -23.419595499999957 ], [ -45.069525, -23.419813699999963 ], [ -45.070822499999963, -23.420801 ], [ -45.072049299999946, -23.421759099999974 ], [ -45.072421299999974, -23.422044 ], [ -45.073261699999932, -23.422687599999961 ], [ -45.07355, -23.422914899999967 ], [ -45.075815299999931, -23.424701199999959 ], [ -45.077019899999982, -23.425635799999952 ], [ -45.078127299999949, -23.426500099999942 ], [ -45.078157799999985, -23.426472699999977 ], [ -45.078791499999966, -23.426036799999963 ], [ -45.07865929999997, -23.425448 ], [ -45.078471899999954, -23.425053899999966 ], [ -45.078372899999977, -23.424786 ], [ -45.078535899999963, -23.424669599999959 ], [ -45.079199799999969, -23.424320199999954 ], [ -45.079479299999946, -23.424215299999958 ], [ -45.080306199999939, -23.424040599999955 ], [ -45.080574099999978, -23.423941599999978 ], [ -45.080679699999962, -23.423722 ], [ -45.080501, -23.423345899999958 ], [ -45.080289599999958, -23.422979599999962 ], [ -45.08016379999998, -23.42258279999993 ], [ -45.080011899999931, -23.422188899999981 ], [ -45.079962899999941, -23.421939899999927 ], [ -45.079953899999964, -23.421894 ], [ -45.079924799999958, -23.421679 ], [ -45.079748799999948, -23.421531699999946 ], [ -45.079606599999977, -23.421358399999974 ], [ -45.079388599999959, -23.421100499999966 ] ] ] } },
{ "type": "Feature", "properties": { "id": "3555406011", "cd_bairro": "3555406011", "bairro": "Itaguá", "cd_mun": "3555406", "municipio": "Ubatuba", "cd_dist": "355540605", "distrito": "Ubatuba" }, "geometry": { "type": "Polygon", "coordinates": [ [ [ -45.06733939999998, -23.459907799999939 ], [ -45.067715799999974, -23.45957089999996 ], [ -45.067873899999938, -23.459418 ], [ -45.068326299999967, -23.458980499999939 ], [ -45.068873199999985, -23.458451499999967 ], [ -45.069358899999941, -23.457981899999936 ], [ -45.06993209999996, -23.457429599999955 ], [ -45.07039119999996, -23.456983599999944 ], [ -45.070475199999976, -23.456901499999958 ], [ -45.070963199999937, -23.45644939999994 ], [ -45.073249099999941, -23.454248899999982 ], [ -45.072505699999965, -23.453882299999975 ], [ -45.071953199999939, -23.453443799999945 ], [ -45.072246, -23.452714899999933 ], [ -45.072347499999978, -23.452483899999947 ], [ -45.072485399999948, -23.452131 ], [ -45.072645399999942, -23.451781899999958 ], [ -45.07279049999994, -23.451470899999947 ], [ -45.07291129999993, -23.451246499999968 ], [ -45.073113599999942, -23.45086509999993 ], [ -45.073038499999939, -23.450832799999944 ], [ -45.073054799999966, -23.450796299999979 ], [ -45.073189099999979, -23.450536 ], [ -45.073242499999935, -23.450424 ], [ -45.073258899999985, -23.450387699999965 ], [ -45.072761, -23.45016279999993 ], [ -45.071329399999968, -23.449512 ], [ -45.069901799999968, -23.448892499999943 ], [ -45.069094799999959, -23.448538499999927 ], [ -45.068463299999962, -23.448248399999954 ], [ -45.067339699999934, -23.447743799999955 ], [ -45.067301899999961, -23.447718399999928 ], [ -45.067073799999946, -23.447628599999973 ], [ -45.067035899999951, -23.447615599999949 ], [ -45.067000899999982, -23.447592699999973 ], [ -45.066791199999955, -23.44748919999995 ], [ -45.066741099999945, -23.447605499999952 ], [ -45.066577, -23.447895599999981 ], [ -45.066513199999974, -23.448008399999935 ], [ -45.066212299999961, -23.448575499999947 ], [ -45.066000899999949, -23.448941299999944 ], [ -45.065659899999957, -23.449462399999959 ], [ -45.065358799999956, -23.450068 ], [ -45.065033, -23.450516599999958 ], [ -45.064658799999961, -23.450912199999948 ], [ -45.064586799999972, -23.451005799999962 ], [ -45.064334499999973, -23.451321399999983 ], [ -45.064188799999954, -23.45155879999993 ], [ -45.063834, -23.452077799999927 ], [ -45.063463499999955, -23.452417199999957 ], [ -45.063320799999985, -23.45259219999997 ], [ -45.062981399999956, -23.453021499999977 ], [ -45.062795699999981, -23.45323609999997 ], [ -45.062366399999974, -23.453719599999943 ], [ -45.062179699999945, -23.453878 ], [ -45.06192139999996, -23.454184599999962 ], [ -45.061759, -23.454349199999967 ], [ -45.06159619999994, -23.454632599999968 ], [ -45.061352199999931, -23.454841299999941 ], [ -45.061189699999943, -23.455072 ], [ -45.061027299999978, -23.455272699999966 ], [ -45.060921699999938, -23.455376799999954 ], [ -45.060698199999933, -23.455596399999934 ], [ -45.060487199999955, -23.455813099999943 ], [ -45.060243699999944, -23.456067399999938 ], [ -45.060131099999978, -23.456187099999966 ], [ -45.060043899999982, -23.456311199999959 ], [ -45.05983109999994, -23.456483399999968 ], [ -45.059953699999937, -23.456593399999974 ], [ -45.060015199999953, -23.456647399999952 ], [ -45.060302799999931, -23.456895599999939 ], [ -45.060596199999964, -23.45741449999997 ], [ -45.060751299999936, -23.457698299999947 ], [ -45.06110549999994, -23.458301699999936 ], [ -45.061304799999959, -23.458625099999949 ], [ -45.061510299999952, -23.458935099999962 ], [ -45.061544099999935, -23.458982099999957 ], [ -45.061960599999964, -23.459674699999937 ], [ -45.061994099999936, -23.459649699999943 ], [ -45.062071199999934, -23.459631 ], [ -45.062138199999936, -23.45961 ], [ -45.062203, -23.45961 ], [ -45.062272299999961, -23.459617799999933 ], [ -45.062412299999949, -23.459556899999939 ], [ -45.062611499999946, -23.459371899999951 ], [ -45.0628, -23.459192299999927 ], [ -45.062913899999955, -23.459125699999959 ], [ -45.06305709999998, -23.458988799999929 ], [ -45.063155, -23.458863399999927 ], [ -45.063281299999971, -23.458692699999972 ], [ -45.063338599999952, -23.458487799999943 ], [ -45.063486699999942, -23.458344899999929 ], [ -45.063562599999955, -23.458325299999956 ], [ -45.063644299999964, -23.458344299999965 ], [ -45.063706, -23.458407799999975 ], [ -45.063772299999982, -23.458526399999982 ], [ -45.063862099999938, -23.458759199999974 ], [ -45.063959799999964, -23.459018899999933 ], [ -45.064054699999986, -23.459140699999978 ], [ -45.064222599999937, -23.459383799999955 ], [ -45.064323599999966, -23.459466199999952 ], [ -45.064432499999953, -23.459562499999947 ], [ -45.064463399999966, -23.459690899999941 ], [ -45.064574899999968, -23.459825299999977 ], [ -45.064576299999942, -23.459849299999973 ], [ -45.064580299999932, -23.459998299999938 ], [ -45.064526499999943, -23.460119099999929 ], [ -45.064435199999934, -23.460229099999935 ], [ -45.064411699999937, -23.460322099999928 ], [ -45.064432499999953, -23.460425599999951 ], [ -45.064510399999961, -23.460519699999963 ], [ -45.06465929999996, -23.46066419999994 ], [ -45.06475359999996, -23.460733199999936 ], [ -45.064866699999982, -23.460806 ], [ -45.065064099999972, -23.461094 ], [ -45.065236099999936, -23.46131459999998 ], [ -45.065290599999969, -23.461390799999947 ], [ -45.065311099999974, -23.461481399999968 ], [ -45.065347399999951, -23.461621599999944 ], [ -45.065456199999971, -23.461703 ], [ -45.065489, -23.461727499999938 ], [ -45.065580199999943, -23.461636699999929 ], [ -45.06733939999998, -23.459907799999939 ] ] ] } },
{ "type": "Feature", "properties": { "id": "3555406012", "cd_bairro": "3555406012", "bairro": "Marafunda", "cd_mun": "3555406", "municipio": "Ubatuba", "cd_dist": "355540605", "distrito": "Ubatuba" }, "geometry": { "type": "Polygon", "coordinates": [ [ [ -45.100996099999975, -23.438264 ], [ -45.100996799999962, -23.438284599999974 ], [ -45.100999299999955, -23.43833 ], [ -45.100973499999952, -23.439049099999977 ], [ -45.10097959999996, -23.439919499999974 ], [ -45.100969699999951, -23.440664599999934 ], [ -45.101007799999934, -23.441534099999956 ], [ -45.101094199999977, -23.441531099999963 ], [ -45.101165099999946, -23.441492399999959 ], [ -45.101268599999969, -23.441417299999955 ], [ -45.10133849999994, -23.441337199999964 ], [ -45.101420699999949, -23.44116669999994 ], [ -45.101637599999947, -23.441086799999937 ], [ -45.10189349999996, -23.441116499999964 ], [ -45.102056599999969, -23.441162099999929 ], [ -45.102266399999962, -23.441199499999982 ], [ -45.102475299999981, -23.441236099999969 ], [ -45.102839, -23.441359299999931 ], [ -45.103126399999951, -23.44142439999996 ], [ -45.103391, -23.441449299999931 ], [ -45.103534299999978, -23.441452599999934 ], [ -45.103691499999968, -23.441464199999928 ], [ -45.103883499999938, -23.441374199999927 ], [ -45.104086099999961, -23.441231099999982 ], [ -45.104228299999932, -23.441038 ], [ -45.104308399999979, -23.440816499999983 ], [ -45.104291699999976, -23.440727599999946 ], [ -45.104322799999977, -23.440672099999972 ], [ -45.104381399999966, -23.440636 ], [ -45.104451099999949, -23.440579 ], [ -45.104551199999946, -23.440569799999935 ], [ -45.10461829999997, -23.44056409999996 ], [ -45.104678499999977, -23.440554099999929 ], [ -45.104720699999973, -23.440527399999951 ], [ -45.104771099999937, -23.440439 ], [ -45.104834799999935, -23.440242299999966 ], [ -45.104842699999949, -23.440201099999967 ], [ -45.104962, -23.440244699999937 ], [ -45.104974199999958, -23.440254299999935 ], [ -45.105070599999976, -23.440330299999971 ], [ -45.105143799999951, -23.440432499999929 ], [ -45.105315799999971, -23.440675399999975 ], [ -45.10540489999994, -23.440798099999938 ], [ -45.105526599999962, -23.440971699999977 ], [ -45.105759899999953, -23.441304599999967 ], [ -45.105769699999939, -23.44145119999996 ], [ -45.105920099999935, -23.441650299999935 ], [ -45.106091699999979, -23.441826499999934 ], [ -45.106166799999983, -23.441899599999942 ], [ -45.106180499999937, -23.44193619999993 ], [ -45.10619, -23.442008199999975 ], [ -45.106187399999953, -23.442091399999981 ], [ -45.106155599999965, -23.442406099999971 ], [ -45.106064199999935, -23.443283199999939 ], [ -45.10589989999994, -23.443339099999946 ], [ -45.105781599999943, -23.443399799999952 ], [ -45.105790099999979, -23.443427099999951 ], [ -45.105950499999949, -23.443582299999946 ], [ -45.106073799999933, -23.44370159999994 ], [ -45.106374399999936, -23.444034199999976 ], [ -45.106582699999933, -23.444302599999958 ], [ -45.106712, -23.444460799999945 ], [ -45.106762099999969, -23.444508599999949 ], [ -45.107138, -23.444867 ], [ -45.108322399999963, -23.445640499999968 ], [ -45.10840989999997, -23.445296599999949 ], [ -45.108425, -23.445000099999959 ], [ -45.108513699999946, -23.444765199999949 ], [ -45.108737399999939, -23.444680799999958 ], [ -45.109007399999939, -23.444636099999968 ], [ -45.10923669999994, -23.444538499999965 ], [ -45.10959749999995, -23.444335199999955 ], [ -45.109992499999976, -23.444109199999957 ], [ -45.110444499999971, -23.443824199999938 ], [ -45.110630799999967, -23.443332399999974 ], [ -45.110522399999979, -23.442532 ], [ -45.110377399999948, -23.442084299999976 ], [ -45.110355599999934, -23.44161779999996 ], [ -45.110532099999944, -23.441214799999955 ], [ -45.110868499999981, -23.440829399999927 ], [ -45.111246, -23.440446799999961 ], [ -45.111676699999975, -23.440331499999957 ], [ -45.112063199999966, -23.439924399999938 ], [ -45.112496, -23.439808199999959 ], [ -45.113036099999931, -23.439832099999933 ], [ -45.11354069999993, -23.440318499999933 ], [ -45.11378869999993, -23.440472499999942 ], [ -45.114244699999972, -23.440841599999942 ], [ -45.114671599999951, -23.441199199999971 ], [ -45.11511859999996, -23.441511499999933 ], [ -45.115629899999931, -23.441978099999972 ], [ -45.115919299999973, -23.44242939999998 ], [ -45.116235899999936, -23.442974799999945 ], [ -45.116581, -23.443457399999943 ], [ -45.116915699999936, -23.443948499999976 ], [ -45.117159299999969, -23.444429 ], [ -45.117369099999962, -23.444946899999934 ], [ -45.117742, -23.445573199999956 ], [ -45.11801939999998, -23.446057399999972 ], [ -45.118359699999985, -23.446600899999964 ], [ -45.11883169999993, -23.44694149999998 ], [ -45.119355499999983, -23.44708849999995 ], [ -45.119956099999968, -23.447276399999964 ], [ -45.120521, -23.447307799999976 ], [ -45.121131, -23.447415699999965 ], [ -45.121541299999933, -23.447455599999955 ], [ -45.122105699999963, -23.447575599999936 ], [ -45.122565599999973, -23.447578 ], [ -45.123110199999985, -23.447583 ], [ -45.123659499999974, -23.447463899999946 ], [ -45.124044499999968, -23.447357699999941 ], [ -45.124432699999943, -23.447005499999932 ], [ -45.124827599999946, -23.446717699999965 ], [ -45.125218899999936, -23.446607099999937 ], [ -45.125641199999961, -23.446572099999969 ], [ -45.125948699999981, -23.446592499999952 ], [ -45.126251199999956, -23.44690449999996 ], [ -45.126457399999936, -23.44735849999995 ], [ -45.126591699999949, -23.447537499999953 ], [ -45.126873599999954, -23.447483299999931 ], [ -45.12720969999998, -23.447337399999981 ], [ -45.127517099999977, -23.447125099999937 ], [ -45.127883, -23.447071699999981 ], [ -45.128299499999969, -23.447237099999938 ], [ -45.128451699999971, -23.447680499999933 ], [ -45.128582699999981, -23.448169599999972 ], [ -45.128845599999977, -23.448498599999937 ], [ -45.129236499999934, -23.448701599999936 ], [ -45.129699, -23.448793299999977 ], [ -45.130162199999972, -23.44875049999996 ], [ -45.13052609999994, -23.448685099999977 ], [ -45.13102379999998, -23.448646 ], [ -45.131318299999975, -23.449026099999969 ], [ -45.131784499999981, -23.449152199999958 ], [ -45.132262, -23.449090599999977 ], [ -45.132689, -23.449087599999928 ], [ -45.133110699999975, -23.449101199999973 ], [ -45.133549699999946, -23.44888949999995 ], [ -45.133688399999983, -23.448555799999951 ], [ -45.134010899999964, -23.448269499999981 ], [ -45.134417599999949, -23.448080399999981 ], [ -45.134833599999979, -23.447941399999934 ], [ -45.134874099999934, -23.447615 ], [ -45.134686599999952, -23.447236699999962 ], [ -45.134275, -23.446828399999958 ], [ -45.133895199999984, -23.446541099999934 ], [ -45.133482499999957, -23.44638539999994 ], [ -45.133049199999959, -23.446280499999943 ], [ -45.132659799999942, -23.44609509999998 ], [ -45.132409499999937, -23.445721299999946 ], [ -45.132299599999953, -23.445398099999977 ], [ -45.132228299999952, -23.44515789999997 ], [ -45.131892, -23.444874099999936 ], [ -45.131553099999962, -23.444648599999937 ], [ -45.131325, -23.444240799999932 ], [ -45.131067499999972, -23.443907299999978 ], [ -45.130688099999929, -23.443781599999966 ], [ -45.130365, -23.443593299999975 ], [ -45.130481399999951, -23.443203299999936 ], [ -45.130826499999955, -23.442798399999958 ], [ -45.131285599999956, -23.442514699999947 ], [ -45.131816499999957, -23.442180199999939 ], [ -45.132257899999956, -23.441836099999932 ], [ -45.131988499999977, -23.441562599999941 ], [ -45.131452499999966, -23.441421899999966 ], [ -45.131038599999954, -23.441269499999976 ], [ -45.130696299999954, -23.441351299999951 ], [ -45.130229299999939, -23.441494699999964 ], [ -45.129761, -23.441574799999955 ], [ -45.129501, -23.441241699999978 ], [ -45.129207299999962, -23.441103299999952 ], [ -45.128687799999966, -23.441275899999937 ], [ -45.128430099999946, -23.441165299999966 ], [ -45.128122099999985, -23.440814799999941 ], [ -45.127809599999978, -23.440471299999956 ], [ -45.127452199999937, -23.440391399999953 ], [ -45.127056599999946, -23.44039859999998 ], [ -45.126578599999959, -23.440114599999959 ], [ -45.126018299999942, -23.439443599999947 ], [ -45.125552899999946, -23.439270599999929 ], [ -45.12508639999993, -23.439097499999946 ], [ -45.124593899999979, -23.439172099999951 ], [ -45.124097799999959, -23.439241 ], [ -45.123422499999947, -23.43899289999996 ], [ -45.122873099999936, -23.438752699999952 ], [ -45.121979499999952, -23.438191199999949 ], [ -45.121569199999954, -23.43770829999994 ], [ -45.121323699999948, -23.437115499999948 ], [ -45.120893599999931, -23.436671699999977 ], [ -45.120469399999934, -23.43649819999996 ], [ -45.120066899999983, -23.436460799999963 ], [ -45.11962189999997, -23.436309299999948 ], [ -45.119355699999971, -23.436100499999952 ], [ -45.119326, -23.436081599999966 ], [ -45.119093499999963, -23.435933399999954 ], [ -45.11882049999997, -23.435680299999945 ], [ -45.118449699999985, -23.435301799999934 ], [ -45.118057299999975, -23.434845499999938 ], [ -45.117779599999949, -23.434567399999935 ], [ -45.117452799999967, -23.434275699999944 ], [ -45.117214799999942, -23.434058299999947 ], [ -45.116942299999948, -23.433837899999958 ], [ -45.116640099999984, -23.433648699999935 ], [ -45.116293599999949, -23.433350799999971 ], [ -45.115939599999933, -23.433164099999942 ], [ -45.115584799999965, -23.432977 ], [ -45.115296499999943, -23.432848399999955 ], [ -45.114983199999983, -23.432571 ], [ -45.114804299999946, -23.432327 ], [ -45.114857799999982, -23.432150699999966 ], [ -45.11452369999995, -23.432135499999958 ], [ -45.113953399999957, -23.432210699999928 ], [ -45.113458799999933, -23.432262 ], [ -45.112910299999953, -23.432156099999929 ], [ -45.112480699999935, -23.432247199999949 ], [ -45.112459299999955, -23.432270299999971 ], [ -45.11241339999998, -23.432302499999935 ], [ -45.112283199999979, -23.43235859999993 ], [ -45.111766399999965, -23.432403 ], [ -45.111584799999946, -23.432275499999946 ], [ -45.111414, -23.432163 ], [ -45.111108899999977, -23.432748099999969 ], [ -45.110973899999976, -23.432939 ], [ -45.110796499999935, -23.433163599999943 ], [ -45.110286699999961, -23.433229299999937 ], [ -45.109953799999971, -23.433098199999961 ], [ -45.108628899999985, -23.43241809999995 ], [ -45.107525299999963, -23.431851599999959 ], [ -45.10742149999993, -23.431800199999941 ], [ -45.106876499999942, -23.431509199999937 ], [ -45.106572, -23.431343199999958 ], [ -45.106539399999974, -23.431319299999927 ], [ -45.106615499999975, -23.431241099999966 ], [ -45.10681169999998, -23.431053099999929 ], [ -45.106916799999965, -23.430957099999944 ], [ -45.107110099999943, -23.430757299999982 ], [ -45.107208699999944, -23.430643799999928 ], [ -45.107162599999981, -23.430610099999967 ], [ -45.106484299999977, -23.430528099999947 ], [ -45.106396599999982, -23.430502099999956 ], [ -45.106373599999984, -23.430579899999941 ], [ -45.106233699999962, -23.430680499999937 ], [ -45.106138599999952, -23.430702899999972 ], [ -45.10602119999993, -23.430702899999972 ], [ -45.105931699999985, -23.430736499999966 ], [ -45.10575259999996, -23.430798 ], [ -45.105663099999958, -23.430820399999959 ], [ -45.105534499999976, -23.430831599999976 ], [ -45.105344199999934, -23.430809199999942 ], [ -45.105193199999974, -23.430786799999964 ], [ -45.105009499999937, -23.430796499999929 ], [ -45.104824, -23.430803599999933 ], [ -45.10463939999994, -23.430876399999931 ], [ -45.104471499999931, -23.430971499999941 ], [ -45.104393199999947, -23.431105699999932 ], [ -45.104331699999932, -23.431279099999983 ], [ -45.10437079999997, -23.431329499999947 ], [ -45.104482699999949, -23.431363099999942 ], [ -45.104600199999936, -23.431379799999945 ], [ -45.104664699999944, -23.43149649999998 ], [ -45.104745599999944, -23.431670799999949 ], [ -45.104801599999973, -23.431868 ], [ -45.104879899999958, -23.431996599999934 ], [ -45.105008599999962, -23.432142099999965 ], [ -45.105111, -23.432268 ], [ -45.105148399999962, -23.432421799999929 ], [ -45.105109299999981, -23.432561699999951 ], [ -45.105040699999961, -23.432820499999934 ], [ -45.104933099999982, -23.433095899999955 ], [ -45.104770799999983, -23.433207799999934 ], [ -45.104566699999964, -23.433312499999943 ], [ -45.104295299999933, -23.433431599999949 ], [ -45.10403759999997, -23.433534099999974 ], [ -45.103747099999964, -23.433593799999983 ], [ -45.103484099999946, -23.433610599999952 ], [ -45.103361, -23.433588199999974 ], [ -45.103176399999938, -23.433526699999959 ], [ -45.103075699999977, -23.433364399999959 ], [ -45.103025399999979, -23.433235799999977 ], [ -45.103070099999968, -23.433056799999974 ], [ -45.103131699999949, -23.433017599999971 ], [ -45.10321289999996, -23.432857099999978 ], [ -45.10324369999995, -23.432691499999976 ], [ -45.103064499999959, -23.432693099999938 ], [ -45.102919099999951, -23.432810599999982 ], [ -45.102751299999966, -23.432894499999975 ], [ -45.102493899999956, -23.432995199999937 ], [ -45.102365199999952, -23.433118299999933 ], [ -45.102326099999971, -23.433291699999927 ], [ -45.102376399999969, -23.43347069999993 ], [ -45.10241, -23.433644199999947 ], [ -45.102404399999955, -23.433744899999965 ], [ -45.102314899999953, -23.433873499999947 ], [ -45.102191799999957, -23.434041399999956 ], [ -45.102024, -23.434288899999956 ], [ -45.10183939999996, -23.434568599999977 ], [ -45.101699499999938, -23.434764399999949 ], [ -45.101616599999943, -23.434872599999949 ], [ -45.101436599999943, -23.434943499999974 ], [ -45.101201599999968, -23.435027399999967 ], [ -45.101039399999934, -23.435060899999939 ], [ -45.100832399999945, -23.435088899999982 ], [ -45.10069249999998, -23.435049699999979 ], [ -45.10060859999993, -23.434949 ], [ -45.100412799999958, -23.434876299999928 ], [ -45.100144299999954, -23.43477 ], [ -45.099892499999953, -23.434658099999979 ], [ -45.09968, -23.434619 ], [ -45.09951209999997, -23.434635799999967 ], [ -45.09937229999997, -23.434686099999965 ], [ -45.099151599999971, -23.434732099999962 ], [ -45.099167, -23.434941199999969 ], [ -45.099306699999943, -23.436775499999953 ], [ -45.099572099999932, -23.43679979999996 ], [ -45.09986559999993, -23.436825599999963 ], [ -45.100121499999943, -23.436837699999955 ], [ -45.100326199999984, -23.436844299999962 ], [ -45.10088879999995, -23.436835699999961 ], [ -45.100888, -23.436876099999949 ], [ -45.100960499999985, -23.437193599999944 ], [ -45.100996099999975, -23.438264 ] ] ] } },
{ "type": "Feature", "properties": { "id": "3555406013", "cd_bairro": "3555406013", "bairro": "Estufa II", "cd_mun": "3555406", "municipio": "Ubatuba", "cd_dist": "355540605", "distrito": "Ubatuba" }, "geometry": { "type": "Polygon", "coordinates": [ [ [ -45.081278299999951, -23.459548499999983 ], [ -45.081488099999945, -23.45957889999994 ], [ -45.08193179999995, -23.459773899999959 ], [ -45.082290899999975, -23.459919499999955 ], [ -45.082438099999933, -23.459889 ], [ -45.082713699999942, -23.459735499999965 ], [ -45.082997499999976, -23.459662699999967 ], [ -45.083246699999961, -23.459672499999954 ], [ -45.083439699999985, -23.45974549999994 ], [ -45.083654499999966, -23.45990519999998 ], [ -45.083766599999933, -23.460158899999954 ], [ -45.083902399999943, -23.460358199999973 ], [ -45.084136299999955, -23.46033749999998 ], [ -45.084606899999983, -23.460005499999966 ], [ -45.085356699999977, -23.459409499999936 ], [ -45.085581099999956, -23.458956299999954 ], [ -45.085591, -23.458761299999935 ], [ -45.085650499999986, -23.458646399999964 ], [ -45.086452699999938, -23.457825 ], [ -45.086610199999939, -23.457758499999954 ], [ -45.086738, -23.457721699999979 ], [ -45.086873399999945, -23.457863399999951 ], [ -45.087102699999946, -23.458106899999962 ], [ -45.087322799999981, -23.458321199999943 ], [ -45.087561, -23.458365699999945 ], [ -45.087989, -23.458521699999949 ], [ -45.088295099999982, -23.458202299999982 ], [ -45.088208599999973, -23.457019199999934 ], [ -45.088161799999966, -23.456484099999955 ], [ -45.088413299999957, -23.456218699999965 ], [ -45.088760699999966, -23.45618989999997 ], [ -45.089093199999979, -23.456015699999966 ], [ -45.088776799999948, -23.455655199999967 ], [ -45.088481599999966, -23.455325499999958 ], [ -45.08829929999996, -23.455047699999966 ], [ -45.088161899999932, -23.454811799999959 ], [ -45.088322099999971, -23.454567899999972 ], [ -45.088634099999979, -23.454485699999964 ], [ -45.089018199999941, -23.454445699999951 ], [ -45.089508899999942, -23.454465599999935 ], [ -45.089878899999974, -23.454502899999966 ], [ -45.090206799999976, -23.45448209999995 ], [ -45.090621399999975, -23.454573699999969 ], [ -45.090986, -23.454637099999957 ], [ -45.091170599999941, -23.454480499999931 ], [ -45.091192399999954, -23.454153899999937 ], [ -45.091237799999931, -23.453879099999938 ], [ -45.091218599999934, -23.453607099999942 ], [ -45.091013499999974, -23.453273299999978 ], [ -45.090877099999943, -23.45283059999997 ], [ -45.090686499999947, -23.452332099999978 ], [ -45.090553899999975, -23.452058699999952 ], [ -45.090319, -23.451926199999946 ], [ -45.089983299999972, -23.451738099999943 ], [ -45.08969959999996, -23.451704099999972 ], [ -45.089308699999947, -23.451648499999976 ], [ -45.08898419999997, -23.451567499999953 ], [ -45.088507199999981, -23.45146 ], [ -45.088221199999964, -23.451294099999927 ], [ -45.088044, -23.451129799999933 ], [ -45.087821099999985, -23.450886499999967 ], [ -45.088103499999932, -23.450554799999964 ], [ -45.088508699999977, -23.450357499999939 ], [ -45.088885599999969, -23.450174 ], [ -45.089234699999963, -23.449747 ], [ -45.089262599999984, -23.449425 ], [ -45.089436599999942, -23.449154399999941 ], [ -45.089698, -23.448982899999976 ], [ -45.09008549999993, -23.448949499999969 ], [ -45.090471199999968, -23.449076799999943 ], [ -45.090839699999947, -23.449308199999962 ], [ -45.090338299999985, -23.448685699999942 ], [ -45.090147299999956, -23.448516699999971 ], [ -45.089828699999941, -23.448297299999979 ], [ -45.089483299999984, -23.448106399999972 ], [ -45.089229799999941, -23.447945899999979 ], [ -45.088952199999937, -23.447833399999979 ], [ -45.088814399999933, -23.447444099999927 ], [ -45.088369299999954, -23.446701699999949 ], [ -45.088088299999981, -23.446473699999956 ], [ -45.087720299999944, -23.446140699999944 ], [ -45.087326299999972, -23.445666699999947 ], [ -45.087078299999973, -23.44531969999997 ], [ -45.086914199999967, -23.44510779999996 ], [ -45.086775299999942, -23.444928699999934 ], [ -45.086407299999962, -23.444639699999982 ], [ -45.085790299999985, -23.443883699999958 ], [ -45.085434299999974, -23.443079699999942 ], [ -45.08537339999998, -23.442785499999957 ], [ -45.08534979999996, -23.442675699999938 ], [ -45.085316199999966, -23.442644199999961 ], [ -45.083208099999979, -23.444672799999978 ], [ -45.083151399999963, -23.444727299999954 ], [ -45.081336399999941, -23.446473899999944 ], [ -45.08121929999993, -23.446586599999932 ], [ -45.079508799999985, -23.448235899999929 ], [ -45.079413299999942, -23.44832729999996 ], [ -45.078806799999938, -23.448903 ], [ -45.078294799999981, -23.449394699999971 ], [ -45.077193299999976, -23.450465099999974 ], [ -45.07653, -23.451111899999944 ], [ -45.075931299999979, -23.451669099999947 ], [ -45.075885299999982, -23.451713199999972 ], [ -45.075401499999941, -23.452177 ], [ -45.074312299999974, -23.453224599999942 ], [ -45.073249099999941, -23.454248899999982 ], [ -45.070963199999937, -23.45644939999994 ], [ -45.070475199999976, -23.456901499999958 ], [ -45.07039119999996, -23.456983599999944 ], [ -45.06993209999996, -23.457429599999955 ], [ -45.069358899999941, -23.457981899999936 ], [ -45.068873199999985, -23.458451499999967 ], [ -45.068326299999967, -23.458980499999939 ], [ -45.067873899999938, -23.459418 ], [ -45.067715799999974, -23.45957089999996 ], [ -45.067751199999975, -23.45996759999997 ], [ -45.068013199999939, -23.460088399999961 ], [ -45.068069199999968, -23.460114199999964 ], [ -45.068271, -23.460195899999974 ], [ -45.069796499999939, -23.460138299999983 ], [ -45.069938899999954, -23.460097599999983 ], [ -45.070789399999967, -23.460285599999963 ], [ -45.071115599999985, -23.460183599999937 ], [ -45.071176699999967, -23.460173399999974 ], [ -45.071482499999945, -23.460479199999952 ], [ -45.072236799999985, -23.461702399999979 ], [ -45.074633699999936, -23.461192499999981 ], [ -45.07518639999995, -23.461085 ], [ -45.075547699999959, -23.460964299999944 ], [ -45.075945199999978, -23.460863199999949 ], [ -45.076692599999944, -23.460669499999938 ], [ -45.077111899999977, -23.460558099999957 ], [ -45.077543599999956, -23.460444 ], [ -45.077814399999966, -23.460366099999931 ], [ -45.078250799999978, -23.460269399999959 ], [ -45.078543199999956, -23.460178699999972 ], [ -45.078923599999939, -23.460023099999944 ], [ -45.079254599999956, -23.459801399999947 ], [ -45.079604899999936, -23.459595299999933 ], [ -45.079699799999958, -23.459536499999956 ], [ -45.07974489999998, -23.459524699999974 ], [ -45.079868899999951, -23.459495799999956 ], [ -45.080019199999981, -23.459481399999959 ], [ -45.080191499999955, -23.459469699999943 ], [ -45.080373399999985, -23.459459599999946 ], [ -45.080693699999983, -23.459447399999931 ], [ -45.080877599999951, -23.459485899999947 ], [ -45.081194799999935, -23.459536399999934 ], [ -45.081278299999951, -23.459548499999983 ] ] ] } },
{ "type": "Feature", "properties": { "id": "3555406014", "cd_bairro": "3555406014", "bairro": "Ipiranguinha", "cd_mun": "3555406", "municipio": "Ubatuba", "cd_dist": "355540605", "distrito": "Ubatuba" }, "geometry": { "type": "Polygon", "coordinates": [ [ [ -45.105544, -23.42738259999993 ], [ -45.105599, -23.427517199999954 ], [ -45.105656199999942, -23.42767589999994 ], [ -45.105672599999934, -23.427781099999947 ], [ -45.105658099999971, -23.427863799999955 ], [ -45.105625499999974, -23.427967399999943 ], [ -45.105604899999946, -23.428082099999983 ], [ -45.105585899999937, -23.428210099999944 ], [ -45.105552799999941, -23.428339499999936 ], [ -45.105528899999968, -23.428498699999977 ], [ -45.105461699999978, -23.42864979999996 ], [ -45.105333099999939, -23.428757499999961 ], [ -45.105215599999951, -23.428824599999928 ], [ -45.105053299999952, -23.428914099999929 ], [ -45.104941499999939, -23.429009199999939 ], [ -45.104840799999977, -23.429115499999966 ], [ -45.104801599999973, -23.429221799999937 ], [ -45.104768, -23.429372899999976 ], [ -45.104751199999953, -23.429523899999936 ], [ -45.104807199999982, -23.429631599999936 ], [ -45.104930699999954, -23.429726499999958 ], [ -45.105047699999943, -23.429782699999976 ], [ -45.105260299999941, -23.429788199999962 ], [ -45.10541139999998, -23.429777099999967 ], [ -45.10551769999995, -23.42979379999997 ], [ -45.105579199999966, -23.429838599999982 ], [ -45.10565749999995, -23.429928099999927 ], [ -45.105685499999936, -23.430045599999971 ], [ -45.105719099999931, -23.430135099999973 ], [ -45.105803, -23.430207799999948 ], [ -45.105948399999932, -23.430230199999983 ], [ -45.10606439999998, -23.43026279999998 ], [ -45.106149799999969, -23.430325299999936 ], [ -45.106289699999934, -23.43034769999997 ], [ -45.106368, -23.43039239999996 ], [ -45.106379899999979, -23.430497199999934 ], [ -45.106396599999982, -23.430502099999956 ], [ -45.106484299999977, -23.430528099999947 ], [ -45.107162599999981, -23.430610099999967 ], [ -45.107208699999944, -23.430643799999928 ], [ -45.107110099999943, -23.430757299999982 ], [ -45.106916799999965, -23.430957099999944 ], [ -45.10681169999998, -23.431053099999929 ], [ -45.106615499999975, -23.431241099999966 ], [ -45.106539399999974, -23.431319299999927 ], [ -45.106572, -23.431343199999958 ], [ -45.106876499999942, -23.431509199999937 ], [ -45.10742149999993, -23.431800199999941 ], [ -45.107525299999963, -23.431851599999959 ], [ -45.108628899999985, -23.43241809999995 ], [ -45.109953799999971, -23.433098199999961 ], [ -45.110286699999961, -23.433229299999937 ], [ -45.110796499999935, -23.433163599999943 ], [ -45.110973899999976, -23.432939 ], [ -45.111108899999977, -23.432748099999969 ], [ -45.111414, -23.432163 ], [ -45.111584799999946, -23.432275499999946 ], [ -45.111766399999965, -23.432403 ], [ -45.112283199999979, -23.43235859999993 ], [ -45.11241339999998, -23.432302499999935 ], [ -45.112459299999955, -23.432270299999971 ], [ -45.112480699999935, -23.432247199999949 ], [ -45.112910299999953, -23.432156099999929 ], [ -45.113458799999933, -23.432262 ], [ -45.113953399999957, -23.432210699999928 ], [ -45.11452369999995, -23.432135499999958 ], [ -45.114857799999982, -23.432150699999966 ], [ -45.115060399999948, -23.432095599999968 ], [ -45.115249299999959, -23.432078099999956 ], [ -45.115514499999961, -23.432130899999947 ], [ -45.115769, -23.432192199999974 ], [ -45.116033, -23.432332199999962 ], [ -45.11636969999995, -23.43244 ], [ -45.116578, -23.432580599999937 ], [ -45.116820399999938, -23.432636599999967 ], [ -45.117042699999956, -23.432705899999974 ], [ -45.11726989999994, -23.43283329999997 ], [ -45.117527, -23.432993499999952 ], [ -45.117791799999964, -23.433152499999949 ], [ -45.118193599999984, -23.433311899999978 ], [ -45.118452899999966, -23.433397199999945 ], [ -45.118704399999956, -23.433474099999955 ], [ -45.118949699999973, -23.433512899999982 ], [ -45.119162099999983, -23.433553399999937 ], [ -45.119413899999984, -23.433572499999968 ], [ -45.11968, -23.433506499999964 ], [ -45.119919099999947, -23.433455899999956 ], [ -45.120157399999982, -23.43340029999996 ], [ -45.120352499999967, -23.43335049999996 ], [ -45.120488899999941, -23.433322499999974 ], [ -45.120567, -23.433294699999976 ], [ -45.120627799999966, -23.433272899999963 ], [ -45.120757, -23.433250699999974 ], [ -45.120934599999941, -23.433217 ], [ -45.121131299999945, -23.43317959999996 ], [ -45.121343199999956, -23.433156899999972 ], [ -45.121518599999945, -23.433059599999979 ], [ -45.121627899999964, -23.433007099999941 ], [ -45.121711299999959, -23.432966499999964 ], [ -45.121885499999962, -23.432925 ], [ -45.122033699999974, -23.432874499999969 ], [ -45.122142799999949, -23.432870099999946 ], [ -45.122357799999975, -23.432847799999934 ], [ -45.122617099999957, -23.432885 ], [ -45.122843399999965, -23.432931 ], [ -45.123169899999937, -23.433037899999931 ], [ -45.123341899999957, -23.432975 ], [ -45.123563699999977, -23.433015099999977 ], [ -45.123727199999962, -23.432944 ], [ -45.123970299999939, -23.43295459999996 ], [ -45.124189699999931, -23.433033 ], [ -45.124354499999981, -23.433106499999951 ], [ -45.124581899999953, -23.433227199999976 ], [ -45.124815499999954, -23.433290799999952 ], [ -45.125032899999951, -23.433267299999955 ], [ -45.125123499999972, -23.43303659999998 ], [ -45.125287199999946, -23.432759699999963 ], [ -45.125354199999947, -23.432496599999979 ], [ -45.125424099999975, -23.432148699999971 ], [ -45.125438, -23.431837799999983 ], [ -45.125443899999937, -23.43154949999996 ], [ -45.125469099999975, -23.431220599999961 ], [ -45.125495599999965, -23.431013499999949 ], [ -45.125679599999955, -23.430892599999936 ], [ -45.125928899999963, -23.43084639999995 ], [ -45.126171799999952, -23.430735599999934 ], [ -45.126215199999933, -23.430469199999948 ], [ -45.126363699999956, -23.430245499999955 ], [ -45.126352199999985, -23.42996729999993 ], [ -45.126414599999976, -23.429734799999949 ], [ -45.126595699999939, -23.429529599999967 ], [ -45.126754, -23.429364499999963 ], [ -45.127066199999945, -23.429300099999978 ], [ -45.127418399999954, -23.429271899999947 ], [ -45.127675799999963, -23.429363 ], [ -45.128037699999936, -23.42947909999998 ], [ -45.128470199999981, -23.429486399999973 ], [ -45.128899899999965, -23.429510499999935 ], [ -45.129219699999965, -23.429476699999952 ], [ -45.129546799999957, -23.429411699999946 ], [ -45.129909699999985, -23.429338099999939 ], [ -45.130286799999965, -23.42925159999993 ], [ -45.130579399999931, -23.429203399999949 ], [ -45.130930699999965, -23.429102599999965 ], [ -45.131252699999948, -23.429056599999967 ], [ -45.131600599999956, -23.429006499999957 ], [ -45.131922399999951, -23.428985299999965 ], [ -45.13225, -23.42896449999995 ], [ -45.132720799999959, -23.428996 ], [ -45.133143799999971, -23.42903089999993 ], [ -45.133552599999973, -23.429006799999968 ], [ -45.133570499999962, -23.428971099999956 ], [ -45.133603599999958, -23.429032399999983 ], [ -45.133691799999951, -23.429196 ], [ -45.133945199999971, -23.429332099999954 ], [ -45.134147599999949, -23.4295 ], [ -45.134307499999977, -23.429632599999934 ], [ -45.134491599999933, -23.429785399999957 ], [ -45.134770499999945, -23.430016799999976 ], [ -45.135029699999961, -23.430231799999945 ], [ -45.135278, -23.430437799999936 ], [ -45.135706599999935, -23.430780199999958 ], [ -45.136033099999963, -23.430886299999941 ], [ -45.136358299999984, -23.431051399999944 ], [ -45.136518899999942, -23.431138899999951 ], [ -45.136619499999938, -23.431193699999938 ], [ -45.136826799999938, -23.431315799999936 ], [ -45.136991699999953, -23.431367899999941 ], [ -45.137334199999941, -23.431461899999931 ], [ -45.137505099999942, -23.431485599999974 ], [ -45.137643799999978, -23.43148489999993 ], [ -45.137751599999945, -23.431489899999974 ], [ -45.137810799999954, -23.431469499999935 ], [ -45.138016599999958, -23.431398499999943 ], [ -45.138269699999967, -23.431326799999965 ], [ -45.138804099999959, -23.431118199999958 ], [ -45.138651799999934, -23.430845 ], [ -45.138440899999978, -23.430665199999964 ], [ -45.138215599999967, -23.43046389999995 ], [ -45.13801, -23.430347299999937 ], [ -45.13783559999996, -23.430156599999975 ], [ -45.137661499999979, -23.430012699999963 ], [ -45.137441899999942, -23.429812 ], [ -45.137229299999944, -23.429666599999962 ], [ -45.13704249999995, -23.429478099999983 ], [ -45.136731499999939, -23.429310799999939 ], [ -45.136461199999985, -23.429165399999931 ], [ -45.136135499999966, -23.42899019999993 ], [ -45.135830899999974, -23.428826399999934 ], [ -45.135541, -23.428705299999933 ], [ -45.135275299999932, -23.428651299999956 ], [ -45.135031499999968, -23.428532799999971 ], [ -45.134787599999981, -23.428430299999945 ], [ -45.134520399999985, -23.428382099999965 ], [ -45.134123799999941, -23.428237499999966 ], [ -45.133865499999956, -23.428053499999976 ], [ -45.133558299999947, -23.427787 ], [ -45.133168799999964, -23.427545699999939 ], [ -45.132773499999985, -23.427247199999954 ], [ -45.132466299999976, -23.427062399999954 ], [ -45.132257899999956, -23.426857499999983 ], [ -45.132094199999983, -23.426719699999978 ], [ -45.131912499999942, -23.426626 ], [ -45.131714399999964, -23.426526499999966 ], [ -45.131556499999931, -23.426465 ], [ -45.131493399999954, -23.426433199999963 ], [ -45.13143139999994, -23.426360299999942 ], [ -45.131372499999941, -23.426345399999946 ], [ -45.131130399999961, -23.426284499999952 ], [ -45.130783, -23.426284099999975 ], [ -45.130339399999968, -23.426399099999969 ], [ -45.130031, -23.426537199999927 ], [ -45.129734699999972, -23.426625499999943 ], [ -45.12940889999993, -23.426692699999933 ], [ -45.129153799999983, -23.426579499999946 ], [ -45.129071299999964, -23.426378599999964 ], [ -45.129037099999948, -23.426207099999942 ], [ -45.129014599999948, -23.425896899999941 ], [ -45.128853399999969, -23.425632599999972 ], [ -45.128684799999974, -23.425449399999934 ], [ -45.128495599999951, -23.425481499999933 ], [ -45.128319799999986, -23.425528399999962 ], [ -45.12807689999994, -23.425624599999935 ], [ -45.127765599999975, -23.425608699999941 ], [ -45.127568899999972, -23.425469799999973 ], [ -45.127401499999962, -23.425351499999977 ], [ -45.127200799999969, -23.425144499999931 ], [ -45.126946199999963, -23.425028199999929 ], [ -45.126569699999948, -23.424934399999927 ], [ -45.126064699999972, -23.424947699999962 ], [ -45.125453399999969, -23.424984299999949 ], [ -45.124932299999955, -23.424972899999943 ], [ -45.124546799999962, -23.424966199999972 ], [ -45.124164299999961, -23.425014399999952 ], [ -45.12378149999995, -23.425062599999933 ], [ -45.123438699999951, -23.425083399999949 ], [ -45.122959, -23.425094 ], [ -45.122520799999961, -23.425094299999955 ], [ -45.122125299999936, -23.42506839999993 ], [ -45.12167, -23.424995799999976 ], [ -45.121170799999959, -23.424913699999934 ], [ -45.120905799999946, -23.424870099999964 ], [ -45.120900399999982, -23.424869199999932 ], [ -45.120573299999933, -23.424867399999982 ], [ -45.12026069999996, -23.42486619999994 ], [ -45.119944099999941, -23.424897199999975 ], [ -45.119557, -23.424946599999942 ], [ -45.119264399999963, -23.424895499999934 ], [ -45.118952599999943, -23.424780299999952 ], [ -45.118655799999942, -23.424607599999945 ], [ -45.118378099999973, -23.424304 ], [ -45.118137299999944, -23.424207499999966 ], [ -45.117831399999943, -23.42423169999995 ], [ -45.117481399999974, -23.424280599999975 ], [ -45.117127799999935, -23.424311199999977 ], [ -45.116953299999977, -23.42408949999998 ], [ -45.116979, -23.423847299999977 ], [ -45.117141599999968, -23.42366839999994 ], [ -45.11723829999994, -23.423465199999953 ], [ -45.117238099999952, -23.423225499999944 ], [ -45.117155799999978, -23.423016399999938 ], [ -45.117174699999964, -23.42288149999996 ], [ -45.117361499999959, -23.422741499999972 ], [ -45.117628699999955, -23.422475599999927 ], [ -45.116705499999966, -23.422660199999939 ], [ -45.116455499999972, -23.422722199999953 ], [ -45.11631749999998, -23.422819199999935 ], [ -45.116174499999943, -23.422999199999936 ], [ -45.115764499999955, -23.423373199999958 ], [ -45.115339199999937, -23.423538199999939 ], [ -45.114964399999963, -23.423601699999949 ], [ -45.114285499999937, -23.424176299999942 ], [ -45.113965499999949, -23.424592299999972 ], [ -45.113580899999931, -23.424735599999963 ], [ -45.113090199999931, -23.424952399999938 ], [ -45.112641399999973, -23.425231099999962 ], [ -45.111979899999938, -23.425573899999961 ], [ -45.111057399999936, -23.425935699999968 ], [ -45.110772399999973, -23.426071699999966 ], [ -45.110598099999947, -23.426302599999929 ], [ -45.110592399999973, -23.426343699999961 ], [ -45.110535099999936, -23.426319199999966 ], [ -45.110440099999948, -23.426229 ], [ -45.110304, -23.426052299999981 ], [ -45.110068899999931, -23.42568209999996 ], [ -45.110127699999964, -23.425579299999981 ], [ -45.110220799999979, -23.425462499999981 ], [ -45.110040599999934, -23.425305799999933 ], [ -45.109865399999933, -23.425153399999942 ], [ -45.109273799999983, -23.424638799999968 ], [ -45.108825799999977, -23.424289199999976 ], [ -45.108679299999949, -23.424168599999973 ], [ -45.108362599999964, -23.423905299999944 ], [ -45.108072399999969, -23.42366439999995 ], [ -45.107861499999956, -23.423495599999967 ], [ -45.107494299999985, -23.423201699999936 ], [ -45.10690859999994, -23.422777099999962 ], [ -45.106392, -23.422445699999969 ], [ -45.105929799999956, -23.422154899999953 ], [ -45.105807, -23.422036299999945 ], [ -45.105786199999955, -23.422133799999983 ], [ -45.105761, -23.422254 ], [ -45.105721899999935, -23.422419099999956 ], [ -45.105651899999941, -23.422631699999954 ], [ -45.105601599999943, -23.422897399999954 ], [ -45.105526099999963, -23.423119799999938 ], [ -45.105375, -23.423449799999958 ], [ -45.105257499999936, -23.423696699999937 ], [ -45.105154, -23.423921899999982 ], [ -45.105120499999941, -23.424025399999948 ], [ -45.105078499999934, -23.424170799999956 ], [ -45.105075699999929, -23.424352599999963 ], [ -45.105081299999938, -23.424590399999943 ], [ -45.105120499999941, -23.424803 ], [ -45.105156799999975, -23.424990399999956 ], [ -45.105168, -23.425157499999955 ], [ -45.105176399999948, -23.425233 ], [ -45.105196, -23.425395299999934 ], [ -45.105224, -23.425501599999961 ], [ -45.105221599999936, -23.42566839999995 ], [ -45.105192199999976, -23.425712399999952 ], [ -45.105196699999965, -23.425746 ], [ -45.105352, -23.426363099999946 ], [ -45.105348699999979, -23.426783499999942 ], [ -45.105393499999934, -23.426953699999956 ], [ -45.105434099999968, -23.427101 ], [ -45.105526399999974, -23.427339699999948 ], [ -45.105544, -23.42738259999993 ] ] ] } },
{ "type": "Feature", "properties": { "id": "3555406015", "cd_bairro": "3555406015", "bairro": "Taquaral", "cd_mun": "3555406", "municipio": "Ubatuba", "cd_dist": "355540605", "distrito": "Ubatuba" }, "geometry": { "type": "Polygon", "coordinates": [ [ [ -45.079831299999967, -23.402866099999983 ], [ -45.079777399999955, -23.402724299999932 ], [ -45.079349599999944, -23.402509499999951 ], [ -45.078856199999962, -23.402300199999956 ], [ -45.078447, -23.402192899999932 ], [ -45.077847, -23.402101099999982 ], [ -45.07764439999994, -23.402094 ], [ -45.077431, -23.402040799999952 ], [ -45.077100099999939, -23.401882 ], [ -45.076625199999967, -23.401538899999935 ], [ -45.076282599999956, -23.401353 ], [ -45.075244, -23.401069 ], [ -45.075104799999963, -23.40100039999993 ], [ -45.075101099999983, -23.40099859999998 ], [ -45.075023699999974, -23.400883 ], [ -45.075039299999958, -23.40080439999997 ], [ -45.075206599999945, -23.400668899999971 ], [ -45.075439499999959, -23.400652499999978 ], [ -45.076722699999948, -23.400833399999954 ], [ -45.077340299999946, -23.400860199999954 ], [ -45.078471799999932, -23.40107009999997 ], [ -45.078679299999976, -23.401076299999943 ], [ -45.07948179999994, -23.401019 ], [ -45.079850699999952, -23.400955599999975 ], [ -45.081315599999982, -23.400613399999941 ], [ -45.083117099999981, -23.400159 ], [ -45.08354079999998, -23.400024199999962 ], [ -45.084794199999976, -23.399554699999953 ], [ -45.085257, -23.399341299999946 ], [ -45.086158, -23.398792499999956 ], [ -45.086333099999933, -23.398708399999975 ], [ -45.086796899999968, -23.398554599999954 ], [ -45.087214699999947, -23.398329399999966 ], [ -45.087675399999966, -23.397923599999956 ], [ -45.087835799999937, -23.397884599999941 ], [ -45.088060899999959, -23.397886299999982 ], [ -45.088246899999945, -23.397918699999934 ], [ -45.088439799999946, -23.397986399999979 ], [ -45.089469699999938, -23.398517799999979 ], [ -45.089675299999953, -23.39859 ], [ -45.089962, -23.398610599999927 ], [ -45.090488499999935, -23.398509099999956 ], [ -45.09150139999997, -23.39844439999996 ], [ -45.092079699999942, -23.39837179999995 ], [ -45.092266699999982, -23.398386099999982 ], [ -45.092640599999982, -23.398486199999979 ], [ -45.092734499999949, -23.398486099999957 ], [ -45.092876399999966, -23.398422799999935 ], [ -45.092890899999929, -23.398206 ], [ -45.092853699999978, -23.398112099999935 ], [ -45.092952299999979, -23.397734399999933 ], [ -45.092861099999936, -23.39758 ], [ -45.092640899999935, -23.397563899999966 ], [ -45.092431499999975, -23.397592 ], [ -45.092039, -23.397522699999968 ], [ -45.091435, -23.397296299999937 ], [ -45.090926899999943, -23.396971399999927 ], [ -45.09061939999998, -23.396809 ], [ -45.089039499999956, -23.396265199999959 ], [ -45.08790879999998, -23.395782599999961 ], [ -45.087477099999944, -23.395550699999944 ], [ -45.087351799999965, -23.395441499999947 ], [ -45.08713819999997, -23.395111899999961 ], [ -45.087099899999941, -23.39494209999998 ], [ -45.087153499999943, -23.394569899999965 ], [ -45.087220899999977, -23.394385599999964 ], [ -45.08751129999996, -23.394020499999954 ], [ -45.087763699999982, -23.393799099999967 ], [ -45.088060899999959, -23.393373799999949 ], [ -45.08823, -23.393011099999967 ], [ -45.08834029999997, -23.392623899999933 ], [ -45.088347599999963, -23.391886399999976 ], [ -45.088245399999948, -23.391135899999938 ], [ -45.088213699999983, -23.39057669999994 ], [ -45.088179399999945, -23.390497299999936 ], [ -45.088041299999929, -23.390419699999939 ], [ -45.087914099999978, -23.390402399999971 ], [ -45.087671399999977, -23.390458699999954 ], [ -45.087113799999941, -23.390732699999944 ], [ -45.086673499999961, -23.390881099999945 ], [ -45.086310499999968, -23.390931899999941 ], [ -45.085691, -23.390896099999964 ], [ -45.085298599999931, -23.390896299999952 ], [ -45.08447259999997, -23.390979 ], [ -45.084070499999939, -23.391107399999953 ], [ -45.083663499999943, -23.391281099999958 ], [ -45.082314399999973, -23.391998099999967 ], [ -45.081705899999974, -23.392230599999948 ], [ -45.081347699999981, -23.392290399999979 ], [ -45.080970899999954, -23.392249 ], [ -45.080557899999974, -23.392132699999934 ], [ -45.08018009999995, -23.392097699999965 ], [ -45.080002, -23.392159199999981 ], [ -45.07979169999993, -23.392277699999966 ], [ -45.079697799999963, -23.392359899999974 ], [ -45.07962509999993, -23.392667099999983 ], [ -45.079651199999944, -23.393048199999953 ], [ -45.079620099999943, -23.393307499999935 ], [ -45.079539899999929, -23.393418599999961 ], [ -45.079379499999959, -23.393568699999946 ], [ -45.079214099999945, -23.393589499999962 ], [ -45.079176899999936, -23.393569699999944 ], [ -45.078876099999945, -23.393055 ], [ -45.078787499999976, -23.392948399999966 ], [ -45.078696, -23.392904199999975 ], [ -45.078488499999935, -23.39288259999995 ], [ -45.078378899999962, -23.392908899999952 ], [ -45.077966, -23.393098799999962 ], [ -45.07775369999996, -23.393226199999958 ], [ -45.077555099999984, -23.393303099999969 ], [ -45.077361399999972, -23.393324 ], [ -45.077062799999965, -23.393286699999976 ], [ -45.076797499999941, -23.39307679999996 ], [ -45.076635899999985, -23.392805 ], [ -45.07658859999998, -23.392342099999951 ], [ -45.076666799999941, -23.392163599999947 ], [ -45.076762699999961, -23.39205329999993 ], [ -45.076913299999944, -23.391954799999951 ], [ -45.077107099999978, -23.391882499999952 ], [ -45.077294, -23.391875099999936 ], [ -45.07784689999994, -23.391953399999977 ], [ -45.078044599999942, -23.391953299999955 ], [ -45.078409599999929, -23.391876399999944 ], [ -45.078598399999976, -23.391778699999975 ], [ -45.078886, -23.391575299999943 ], [ -45.079203799999959, -23.391067499999963 ], [ -45.079515699999945, -23.390707 ], [ -45.080121199999951, -23.390183599999943 ], [ -45.080192599999975, -23.390087899999969 ], [ -45.080227699999966, -23.38994329999997 ], [ -45.080212899999935, -23.389689499999974 ], [ -45.080166799999972, -23.389596499999982 ], [ -45.079953399999965, -23.389363499999945 ], [ -45.07935029999993, -23.388929399999938 ], [ -45.079092699999933, -23.388669299999947 ], [ -45.078903699999955, -23.38839749999994 ], [ -45.078828199999975, -23.388109399999962 ], [ -45.078765199999964, -23.387575599999934 ], [ -45.078797399999985, -23.387385 ], [ -45.078883399999938, -23.387198 ], [ -45.079007599999954, -23.387012699999957 ], [ -45.079618899999957, -23.386405399999944 ], [ -45.080242899999973, -23.385864 ], [ -45.080435499999965, -23.385546799999929 ], [ -45.080458799999974, -23.385258699999952 ], [ -45.080435899999941, -23.384692299999983 ], [ -45.080261899999982, -23.383374499999945 ], [ -45.080247, -23.383014099999968 ], [ -45.080286099999967, -23.382808099999977 ], [ -45.080382799999938, -23.382635499999935 ], [ -45.080602799999951, -23.382275 ], [ -45.080754299999967, -23.381946099999936 ], [ -45.080799699999943, -23.38108619999997 ], [ -45.080713599999967, -23.380968799999948 ], [ -45.080592699999954, -23.381400799999938 ], [ -45.080222699999979, -23.381943499999977 ], [ -45.079531899999949, -23.382930299999941 ], [ -45.077533799999969, -23.38522439999997 ], [ -45.076559299999985, -23.386120199999937 ], [ -45.076102, -23.386708699999929 ], [ -45.075165699999957, -23.388036599999964 ], [ -45.07322279999994, -23.389893699999959 ], [ -45.072936599999935, -23.390120599999932 ], [ -45.072730699999966, -23.390426699999978 ], [ -45.07267829999995, -23.390687399999933 ], [ -45.072704599999952, -23.390943 ], [ -45.072664799999984, -23.391106099999945 ], [ -45.072488899999939, -23.391248 ], [ -45.072320699999977, -23.391438699999981 ], [ -45.072227799999951, -23.391769799999963 ], [ -45.072217299999977, -23.39214039999996 ], [ -45.072219699999948, -23.392581099999973 ], [ -45.072174699999948, -23.392924 ], [ -45.072023699999932, -23.393317199999956 ], [ -45.071817, -23.393403499999977 ], [ -45.071669899999961, -23.393461199999933 ], [ -45.071370699999932, -23.393503299999963 ], [ -45.071146299999953, -23.393609099999935 ], [ -45.070820699999956, -23.393587499999967 ], [ -45.070604899999978, -23.393777499999942 ], [ -45.070329699999945, -23.39410689999994 ], [ -45.070033499999965, -23.394311899999934 ], [ -45.06965729999996, -23.394518399999981 ], [ -45.069209299999955, -23.394708399999956 ], [ -45.068902299999934, -23.394814399999973 ], [ -45.068712299999959, -23.394886399999962 ], [ -45.068344299999978, -23.395090399999958 ], [ -45.068046299999935, -23.39533739999996 ], [ -45.067882299999951, -23.395537399999967 ], [ -45.067687299999932, -23.395886399999938 ], [ -45.067454299999952, -23.396146399999964 ], [ -45.067228299999954, -23.396366399999977 ], [ -45.067056299999933, -23.396543399999928 ], [ -45.066785299999935, -23.396789399999932 ], [ -45.066564299999982, -23.397039399999983 ], [ -45.066424299999937, -23.397196399999928 ], [ -45.06605129999997, -23.397533399999929 ], [ -45.06572529999994, -23.397928399999955 ], [ -45.065495299999952, -23.398329399999966 ], [ -45.065336, -23.398783799999933 ], [ -45.065151599999979, -23.399123599999939 ], [ -45.064939299999935, -23.399326499999972 ], [ -45.06482509999995, -23.399484 ], [ -45.064618, -23.399872799999969 ], [ -45.064496499999962, -23.400057499999946 ], [ -45.06451549999997, -23.400290199999972 ], [ -45.06464079999995, -23.400461899999982 ], [ -45.064877499999966, -23.400700499999971 ], [ -45.065039699999943, -23.40083919999995 ], [ -45.065038699999945, -23.401013399999954 ], [ -45.065057499999966, -23.401258199999972 ], [ -45.06499139999994, -23.401457899999969 ], [ -45.064933199999984, -23.401613899999973 ], [ -45.064836699999944, -23.401787599999977 ], [ -45.064800799999944, -23.40187009999994 ], [ -45.064759299999935, -23.401965399999938 ], [ -45.06459469999993, -23.402016099999969 ], [ -45.064502899999979, -23.402079599999979 ], [ -45.064351899999963, -23.402273599999944 ], [ -45.064419099999952, -23.402422599999966 ], [ -45.064483199999984, -23.402745299999935 ], [ -45.064439799999946, -23.402965399999971 ], [ -45.064339199999949, -23.403244899999947 ], [ -45.064210599999967, -23.403543 ], [ -45.064737099999945, -23.403750199999934 ], [ -45.065030199999967, -23.403833599999928 ], [ -45.065410099999951, -23.404093199999977 ], [ -45.065597099999934, -23.404204399999969 ], [ -45.065775899999949, -23.403973399999927 ], [ -45.065795299999934, -23.40401369999995 ], [ -45.065899599999966, -23.404513899999927 ], [ -45.066083799999944, -23.404536899999982 ], [ -45.066563499999972, -23.404544599999952 ], [ -45.066931899999986, -23.404955199999961 ], [ -45.067373199999963, -23.405062699999974 ], [ -45.067791499999942, -23.40496289999993 ], [ -45.068371, -23.405070399999943 ], [ -45.069054199999982, -23.404805599999975 ], [ -45.069200499999965, -23.404709199999957 ], [ -45.069276699999932, -23.404836299999943 ], [ -45.069906099999969, -23.405289099999948 ], [ -45.070796499999972, -23.405266099999949 ], [ -45.071878699999957, -23.404989799999953 ], [ -45.072672399999931, -23.40479339999996 ], [ -45.073096199999952, -23.405072699999948 ], [ -45.075172899999984, -23.406757099999936 ], [ -45.075144399999942, -23.406565599999965 ], [ -45.074866099999952, -23.405976799999962 ], [ -45.074807299999975, -23.405795299999966 ], [ -45.074760099999935, -23.40542309999995 ], [ -45.074761699999954, -23.40485949999993 ], [ -45.074948399999982, -23.404509799999971 ], [ -45.075207699999964, -23.404359699999929 ], [ -45.075592299999983, -23.404337899999973 ], [ -45.075791, -23.404261899999938 ], [ -45.076378, -23.403931899999975 ], [ -45.077189199999964, -23.403613499999949 ], [ -45.077629599999966, -23.403499499999953 ], [ -45.078192299999955, -23.403427 ], [ -45.079385199999933, -23.403169799999944 ], [ -45.079790299999956, -23.40296189999998 ], [ -45.079831299999967, -23.402866099999983 ] ] ] } },
{ "type": "Feature", "properties": { "id": "3555406016", "cd_bairro": "3555406016", "bairro": "Sumidouro", "cd_mun": "3555406", "municipio": "Ubatuba", "cd_dist": "355540605", "distrito": "Ubatuba" }, "geometry": { "type": "Polygon", "coordinates": [ [ [ -45.065597099999934, -23.404204399999969 ], [ -45.065410099999951, -23.404093199999977 ], [ -45.065030199999967, -23.403833599999928 ], [ -45.064737099999945, -23.403750199999934 ], [ -45.064210599999967, -23.403543 ], [ -45.064115499999957, -23.403759899999955 ], [ -45.063999, -23.40398579999993 ], [ -45.063840299999981, -23.404221799999959 ], [ -45.063627, -23.404597399999943 ], [ -45.063440599999979, -23.404819799999927 ], [ -45.063193199999944, -23.405011599999966 ], [ -45.063061399999981, -23.405168799999956 ], [ -45.062898599999983, -23.405291499999976 ], [ -45.062744599999974, -23.405398 ], [ -45.062528699999973, -23.405439399999977 ], [ -45.062447299999974, -23.405413199999941 ], [ -45.062409099999968, -23.405400899999961 ], [ -45.062370899999962, -23.405388599999981 ], [ -45.061954599999979, -23.405191099999968 ], [ -45.061669699999982, -23.405124499999943 ], [ -45.061458699999946, -23.405020899999954 ], [ -45.061277099999984, -23.405015 ], [ -45.06110149999995, -23.405014699999981 ], [ -45.060838599999954, -23.404994699999975 ], [ -45.060514099999978, -23.40496939999997 ], [ -45.060243499999956, -23.404956199999958 ], [ -45.060009299999933, -23.404925099999957 ], [ -45.059850199999971, -23.404928599999948 ], [ -45.059756399999969, -23.404957199999956 ], [ -45.059644, -23.405003399999941 ], [ -45.059579399999961, -23.405104699999981 ], [ -45.05952039999994, -23.405243599999949 ], [ -45.059572199999934, -23.405368399999929 ], [ -45.059613599999977, -23.40544959999994 ], [ -45.059734799999944, -23.40547909999998 ], [ -45.05981879999996, -23.405356799999936 ], [ -45.059953599999972, -23.405346 ], [ -45.06009, -23.405380099999945 ], [ -45.060273399999971, -23.405429099999935 ], [ -45.060501299999942, -23.405465699999979 ], [ -45.060573799999986, -23.405533099999957 ], [ -45.060581299999967, -23.405599399999971 ], [ -45.060590099999956, -23.40568339999993 ], [ -45.060577199999955, -23.405787499999974 ], [ -45.060435799999937, -23.405934099999968 ], [ -45.060357099999976, -23.406003399999975 ], [ -45.060265499999957, -23.406090499999948 ], [ -45.060219599999982, -23.406187699999975 ], [ -45.06017559999998, -23.406271299999958 ], [ -45.060178599999972, -23.406338299999959 ], [ -45.060231399999964, -23.406394699999964 ], [ -45.060309399999937, -23.406409199999928 ], [ -45.060392899999954, -23.40643069999993 ], [ -45.06046079999993, -23.406464599999936 ], [ -45.060564199999931, -23.40650409999995 ], [ -45.060603399999934, -23.406567699999982 ], [ -45.060597899999948, -23.406641099999945 ], [ -45.060557199999948, -23.406705799999941 ], [ -45.060512299999971, -23.406770499999936 ], [ -45.060469199999943, -23.406851599999982 ], [ -45.060429899999974, -23.406904699999927 ], [ -45.060349, -23.406928 ], [ -45.06028189999995, -23.406904499999939 ], [ -45.060241599999983, -23.406812199999933 ], [ -45.060228199999983, -23.406746799999951 ], [ -45.060211099999947, -23.406659899999966 ], [ -45.060156499999948, -23.406572 ], [ -45.060061, -23.406522499999937 ], [ -45.05995779999995, -23.406470099999979 ], [ -45.059832799999981, -23.406445099999928 ], [ -45.059770699999945, -23.406427 ], [ -45.059668599999952, -23.406402899999932 ], [ -45.059558399999958, -23.40644089999995 ], [ -45.059470799999986, -23.406497199999933 ], [ -45.059398099999953, -23.40658069999995 ], [ -45.059400599999947, -23.406595399999958 ], [ -45.059431399999937, -23.406771899999967 ], [ -45.059446, -23.406857099999968 ], [ -45.059390599999972, -23.406989099999976 ], [ -45.059301599999969, -23.407114299999932 ], [ -45.059260299999949, -23.407192699999939 ], [ -45.059266699999966, -23.407275 ], [ -45.059306699999979, -23.407406 ], [ -45.059350499999937, -23.407462799999962 ], [ -45.05950839999997, -23.407470199999977 ], [ -45.059571299999959, -23.407519699999966 ], [ -45.059575399999972, -23.407594199999949 ], [ -45.059544699999947, -23.407677199999966 ], [ -45.059431399999937, -23.407756699999936 ], [ -45.059327399999972, -23.407802799999956 ], [ -45.05919339999997, -23.407824299999959 ], [ -45.059001199999955, -23.407791499999973 ], [ -45.05892979999993, -23.407720299999937 ], [ -45.05893569999995, -23.407661499999961 ], [ -45.058988299999953, -23.407569699999954 ], [ -45.05903619999998, -23.407461499999954 ], [ -45.059047899999939, -23.407383799999934 ], [ -45.058999099999937, -23.407273399999951 ], [ -45.05892369999998, -23.407211599999982 ], [ -45.058864699999958, -23.407154899999966 ], [ -45.0588, -23.407141 ], [ -45.058757899999932, -23.407131899999968 ], [ -45.058632799999941, -23.40715229999995 ], [ -45.05854549999998, -23.40719329999996 ], [ -45.058516, -23.407242499999938 ], [ -45.058513, -23.407287799999949 ], [ -45.058508599999982, -23.407354199999929 ], [ -45.058514299999956, -23.407451899999955 ], [ -45.058409599999948, -23.407585599999948 ], [ -45.058334899999977, -23.407630099999949 ], [ -45.058201599999961, -23.407737399999974 ], [ -45.058096699999965, -23.407839899999942 ], [ -45.057980499999985, -23.40795959999997 ], [ -45.057899899999938, -23.407992499999978 ], [ -45.057811799999968, -23.408006499999942 ], [ -45.057762099999934, -23.408017399999949 ], [ -45.057698599999981, -23.407995199999959 ], [ -45.057654299999967, -23.407979199999943 ], [ -45.057578899999953, -23.407957099999976 ], [ -45.057498099999975, -23.407967499999927 ], [ -45.057467499999973, -23.407990799999936 ], [ -45.057446599999935, -23.408115599999974 ], [ -45.057498499999951, -23.40824589999994 ], [ -45.057497199999943, -23.408285899999953 ], [ -45.057497, -23.408325899999966 ], [ -45.057654699999944, -23.408471099999929 ], [ -45.057752, -23.408857599999976 ], [ -45.057870799999932, -23.40903469999995 ], [ -45.058004, -23.409170199999949 ], [ -45.058098399999949, -23.409269499999937 ], [ -45.058269399999972, -23.409475799999939 ], [ -45.058452799999941, -23.409627 ], [ -45.058573499999966, -23.409777 ], [ -45.058615499999974, -23.409909 ], [ -45.058551799999975, -23.410079499999938 ], [ -45.058453699999973, -23.41023 ], [ -45.05826159999998, -23.410394699999983 ], [ -45.057951299999957, -23.410481899999979 ], [ -45.057700899999929, -23.41049709999993 ], [ -45.057572099999959, -23.410524499999951 ], [ -45.057493399999942, -23.410586099999932 ], [ -45.05743039999993, -23.410802099999955 ], [ -45.057433399999979, -23.410990099999935 ], [ -45.057447399999944, -23.411217099999931 ], [ -45.057472399999938, -23.411455099999955 ], [ -45.057503199999985, -23.411653699999931 ], [ -45.057481899999971, -23.411926 ], [ -45.057514099999935, -23.411948 ], [ -45.057795399999975, -23.411562 ], [ -45.058324399999947, -23.410833199999956 ], [ -45.058838, -23.410125499999936 ], [ -45.059221299999933, -23.409696499999939 ], [ -45.059284499999933, -23.409707599999933 ], [ -45.05936209999993, -23.40969 ], [ -45.059432199999947, -23.409653 ], [ -45.05948159999997, -23.409590799999933 ], [ -45.059504199999935, -23.409528799999975 ], [ -45.05949929999997, -23.409447799999953 ], [ -45.059539599999937, -23.409345799999983 ], [ -45.05960239999996, -23.409198599999968 ], [ -45.05971379999994, -23.40901539999993 ], [ -45.05992509999993, -23.408723299999963 ], [ -45.060003, -23.408666299999936 ], [ -45.06021549999997, -23.408523199999934 ], [ -45.060375299999976, -23.40844009999995 ], [ -45.060591699999975, -23.408362299999965 ], [ -45.060780399999942, -23.408313899999939 ], [ -45.060950699999978, -23.408282799999938 ], [ -45.061159299999986, -23.408279499999935 ], [ -45.061338199999966, -23.40828659999994 ], [ -45.061496199999965, -23.408306599999946 ], [ -45.061657299999979, -23.408327299999939 ], [ -45.061922099999947, -23.40841869999997 ], [ -45.062142399999971, -23.408524299999954 ], [ -45.062279699999976, -23.408598299999937 ], [ -45.062422, -23.408674899999937 ], [ -45.063551399999938, -23.409446099999968 ], [ -45.064751199999932, -23.410229099999981 ], [ -45.064838799999961, -23.410287899999958 ], [ -45.066119199999946, -23.411185499999931 ], [ -45.066880499999968, -23.411698699999931 ], [ -45.067124499999977, -23.411865399999954 ], [ -45.06734629999994, -23.412071499999968 ], [ -45.067419, -23.412167799999963 ], [ -45.067491699999948, -23.412263699999983 ], [ -45.067599, -23.412440699999934 ], [ -45.067710599999941, -23.412731599999972 ], [ -45.067772299999945, -23.412976599999979 ], [ -45.067777699999965, -23.413111399999934 ], [ -45.067776299999935, -23.41326209999994 ], [ -45.067747099999963, -23.413492199999951 ], [ -45.067656099999965, -23.413966 ], [ -45.067635399999972, -23.414049399999953 ], [ -45.067554399999949, -23.414371699999947 ], [ -45.067482, -23.414766499999928 ], [ -45.067439, -23.415102399999967 ], [ -45.06742689999993, -23.415414899999973 ], [ -45.067427899999984, -23.415801199999976 ], [ -45.067450799999961, -23.416183399999966 ], [ -45.067515899999933, -23.416631199999983 ], [ -45.067595099999949, -23.416971699999976 ], [ -45.067634399999974, -23.416963099999975 ], [ -45.067907699999978, -23.416899 ], [ -45.070159299999943, -23.416370099999938 ], [ -45.070116799999937, -23.416275699999971 ], [ -45.070124599999986, -23.416136599999959 ], [ -45.070170499999961, -23.416046199999982 ], [ -45.070442499999956, -23.415800399999966 ], [ -45.070598899999936, -23.41543269999994 ], [ -45.070591, -23.415242099999944 ], [ -45.070489, -23.414863699999955 ], [ -45.070427, -23.414304499999957 ], [ -45.070442599999978, -23.414120299999979 ], [ -45.070573499999966, -23.41372279999996 ], [ -45.070646799999963, -23.413364099999967 ], [ -45.070715799999959, -23.412432799999976 ], [ -45.070855499999936, -23.412073199999952 ], [ -45.070991499999934, -23.411889799999983 ], [ -45.071399399999962, -23.411547199999973 ], [ -45.07161949999994, -23.411270699999932 ], [ -45.07166129999996, -23.41113409999997 ], [ -45.071650699999964, -23.411011499999972 ], [ -45.071629, -23.410645699999975 ], [ -45.071473099999935, -23.410127199999977 ], [ -45.071311399999956, -23.40978309999997 ], [ -45.070055599999932, -23.407914799999958 ], [ -45.069979199999977, -23.407719699999973 ], [ -45.069971299999963, -23.407542699999965 ], [ -45.070040699999936, -23.407384599999943 ], [ -45.070274499999982, -23.407153199999982 ], [ -45.070419199999947, -23.406959799999981 ], [ -45.07083769999997, -23.406215299999928 ], [ -45.070899399999973, -23.406150299999979 ], [ -45.071045199999958, -23.406087 ], [ -45.071154799999931, -23.406088699999941 ], [ -45.071253699999943, -23.406151899999941 ], [ -45.071634599999982, -23.406553699999961 ], [ -45.071829399999956, -23.406610499999942 ], [ -45.072034899999949, -23.406596 ], [ -45.072442, -23.406488299999978 ], [ -45.072639699999968, -23.40646019999997 ], [ -45.073045899999954, -23.406466299999977 ], [ -45.073885699999948, -23.40658069999995 ], [ -45.074905, -23.406948899999975 ], [ -45.07505649999996, -23.406915199999958 ], [ -45.075152399999979, -23.406856499999947 ], [ -45.075172899999984, -23.406757099999936 ], [ -45.073096199999952, -23.405072699999948 ], [ -45.072672399999931, -23.40479339999996 ], [ -45.071878699999957, -23.404989799999953 ], [ -45.070796499999972, -23.405266099999949 ], [ -45.069906099999969, -23.405289099999948 ], [ -45.069276699999932, -23.404836299999943 ], [ -45.069200499999965, -23.404709199999957 ], [ -45.069054199999982, -23.404805599999975 ], [ -45.068371, -23.405070399999943 ], [ -45.067791499999942, -23.40496289999993 ], [ -45.067373199999963, -23.405062699999974 ], [ -45.066931899999986, -23.404955199999961 ], [ -45.066563499999972, -23.404544599999952 ], [ -45.066083799999944, -23.404536899999982 ], [ -45.065899599999966, -23.404513899999927 ], [ -45.065795299999934, -23.40401369999995 ], [ -45.065775899999949, -23.403973399999927 ], [ -45.065597099999934, -23.404204399999969 ] ] ] } },
{ "type": "Feature", "properties": { "id": "3555406017", "cd_bairro": "3555406017", "bairro": "Sesmaria", "cd_mun": "3555406", "municipio": "Ubatuba", "cd_dist": "355540605", "distrito": "Ubatuba" }, "geometry": { "type": "Polygon", "coordinates": [ [ [ -45.09447119999993, -23.472126799999955 ], [ -45.09466139999995, -23.471913699999959 ], [ -45.09488609999994, -23.471710099999939 ], [ -45.094977599999936, -23.47158509999997 ], [ -45.095126299999947, -23.471370699999966 ], [ -45.095373799999948, -23.471234099999947 ], [ -45.095537299999933, -23.471062699999948 ], [ -45.095745699999952, -23.470880199999954 ], [ -45.096070899999972, -23.470694899999955 ], [ -45.096333299999969, -23.470522699999947 ], [ -45.096454899999969, -23.470408199999952 ], [ -45.096594599999946, -23.470276699999943 ], [ -45.096928399999967, -23.469981699999948 ], [ -45.097195399999976, -23.469824099999983 ], [ -45.097363499999972, -23.469748 ], [ -45.097701699999959, -23.469591599999944 ], [ -45.098116699999935, -23.469520199999977 ], [ -45.098655599999972, -23.469551499999966 ], [ -45.098977, -23.469744299999945 ], [ -45.099296699999968, -23.469957499999964 ], [ -45.099622499999953, -23.470144399999981 ], [ -45.099773899999946, -23.470139899999936 ], [ -45.10000789999998, -23.470023599999934 ], [ -45.100305299999945, -23.469955499999969 ], [ -45.100680099999977, -23.469874399999981 ], [ -45.101065499999947, -23.469818 ], [ -45.101386699999978, -23.469674899999973 ], [ -45.101265499999954, -23.469436899999948 ], [ -45.10106339999993, -23.469164 ], [ -45.10085829999997, -23.468927099999974 ], [ -45.100657299999966, -23.46863019999995 ], [ -45.100616, -23.468373099999951 ], [ -45.100678899999934, -23.468098199999929 ], [ -45.100804699999969, -23.467868199999941 ], [ -45.100975399999982, -23.467727 ], [ -45.100887799999953, -23.467535699999928 ], [ -45.100537599999939, -23.467236 ], [ -45.100258199999985, -23.467054399999938 ], [ -45.09991, -23.466772799999944 ], [ -45.099535699999933, -23.46660879999996 ], [ -45.099002899999959, -23.466341899999975 ], [ -45.098530599999947, -23.466129099999932 ], [ -45.098125399999958, -23.465961399999969 ], [ -45.097684699999945, -23.46579689999993 ], [ -45.09727259999994, -23.465505299999961 ], [ -45.09715319999998, -23.465041299999939 ], [ -45.097114, -23.46475 ], [ -45.097082499999942, -23.464429099999961 ], [ -45.096662399999957, -23.464188299999932 ], [ -45.096213599999942, -23.463981899999965 ], [ -45.095704699999942, -23.463872499999979 ], [ -45.095294599999932, -23.463737299999934 ], [ -45.094836599999951, -23.463602099999946 ], [ -45.094447599999967, -23.463404099999934 ], [ -45.094210399999952, -23.463081199999976 ], [ -45.094021199999986, -23.462832 ], [ -45.09381389999993, -23.462529399999937 ], [ -45.093416, -23.461894399999949 ], [ -45.093290399999944, -23.461372599999947 ], [ -45.09313039999995, -23.461068499999953 ], [ -45.092956299999969, -23.460790699999961 ], [ -45.092711599999973, -23.460677499999974 ], [ -45.092513599999961, -23.460509299999956 ], [ -45.092420199999935, -23.460201299999937 ], [ -45.092247799999939, -23.459938399999942 ], [ -45.09210719999993, -23.459559799999965 ], [ -45.091939799999977, -23.459190199999966 ], [ -45.091555399999947, -23.458776599999965 ], [ -45.091228399999977, -23.458427499999971 ], [ -45.09090249999997, -23.458075399999927 ], [ -45.090470599999946, -23.457497399999966 ], [ -45.090071699999953, -23.456945499999961 ], [ -45.089675299999953, -23.45658519999995 ], [ -45.089401699999939, -23.456283 ], [ -45.089093199999979, -23.456015699999966 ], [ -45.088760699999966, -23.45618989999997 ], [ -45.088413299999957, -23.456218699999965 ], [ -45.088161799999966, -23.456484099999955 ], [ -45.088208599999973, -23.457019199999934 ], [ -45.088295099999982, -23.458202299999982 ], [ -45.087989, -23.458521699999949 ], [ -45.087561, -23.458365699999945 ], [ -45.087322799999981, -23.458321199999943 ], [ -45.087102699999946, -23.458106899999962 ], [ -45.086873399999945, -23.457863399999951 ], [ -45.086738, -23.457721699999979 ], [ -45.086610199999939, -23.457758499999954 ], [ -45.086452699999938, -23.457825 ], [ -45.085650499999986, -23.458646399999964 ], [ -45.085591, -23.458761299999935 ], [ -45.085581099999956, -23.458956299999954 ], [ -45.085356699999977, -23.459409499999936 ], [ -45.084606899999983, -23.460005499999966 ], [ -45.084136299999955, -23.46033749999998 ], [ -45.083902399999943, -23.460358199999973 ], [ -45.083766599999933, -23.460158899999954 ], [ -45.083654499999966, -23.45990519999998 ], [ -45.083439699999985, -23.45974549999994 ], [ -45.083246699999961, -23.459672499999954 ], [ -45.082997499999976, -23.459662699999967 ], [ -45.082713699999942, -23.459735499999965 ], [ -45.082438099999933, -23.459889 ], [ -45.082290899999975, -23.459919499999955 ], [ -45.08193179999995, -23.459773899999959 ], [ -45.081488099999945, -23.45957889999994 ], [ -45.081278299999951, -23.459548499999983 ], [ -45.081194799999935, -23.459536399999934 ], [ -45.080877599999951, -23.459485899999947 ], [ -45.080693699999983, -23.459447399999931 ], [ -45.080373399999985, -23.459459599999946 ], [ -45.080191499999955, -23.459469699999943 ], [ -45.080019199999981, -23.459481399999959 ], [ -45.079868899999951, -23.459495799999956 ], [ -45.07974489999998, -23.459524699999974 ], [ -45.079699799999958, -23.459536499999956 ], [ -45.079604899999936, -23.459595299999933 ], [ -45.079254599999956, -23.459801399999947 ], [ -45.078923599999939, -23.460023099999944 ], [ -45.078543199999956, -23.460178699999972 ], [ -45.078250799999978, -23.460269399999959 ], [ -45.077814399999966, -23.460366099999931 ], [ -45.077543599999956, -23.460444 ], [ -45.077111899999977, -23.460558099999957 ], [ -45.076692599999944, -23.460669499999938 ], [ -45.075945199999978, -23.460863199999949 ], [ -45.075547699999959, -23.460964299999944 ], [ -45.07518639999995, -23.461085 ], [ -45.074633699999936, -23.461192499999981 ], [ -45.072659899999962, -23.46442129999997 ], [ -45.073295899999948, -23.465632599999935 ], [ -45.073529299999961, -23.465826599999957 ], [ -45.073727299999973, -23.466065599999979 ], [ -45.073824299999956, -23.466342599999962 ], [ -45.07401729999998, -23.466792599999962 ], [ -45.074080599999945, -23.467705099999932 ], [ -45.07460059999994, -23.467873699999927 ], [ -45.075200699999982, -23.468141199999934 ], [ -45.07555739999998, -23.468253799999957 ], [ -45.076139599999976, -23.468428299999971 ], [ -45.076973799999962, -23.468340299999966 ], [ -45.076735599999949, -23.467466699999932 ], [ -45.076579099999947, -23.467136899999957 ], [ -45.076354599999945, -23.46680989999993 ], [ -45.076158, -23.466528 ], [ -45.076021399999945, -23.466280899999958 ], [ -45.075788199999977, -23.466025899999977 ], [ -45.075710899999933, -23.465728099999978 ], [ -45.075814299999934, -23.465486299999952 ], [ -45.07615549999997, -23.465463 ], [ -45.076525499999946, -23.46554679999997 ], [ -45.076971299999968, -23.465656599999932 ], [ -45.077334499999949, -23.465743399999951 ], [ -45.077707799999985, -23.46591589999997 ], [ -45.077991, -23.466016399999944 ], [ -45.078258099999971, -23.466144899999961 ], [ -45.07856019999997, -23.466290199999946 ], [ -45.07892419999996, -23.466416399999957 ], [ -45.079318199999932, -23.466502699999978 ], [ -45.079651099999978, -23.466685799999937 ], [ -45.080022, -23.466772099999957 ], [ -45.080325799999969, -23.466853499999957 ], [ -45.080767499999979, -23.466971599999965 ], [ -45.081134099999986, -23.466957099999945 ], [ -45.081414199999983, -23.466935899999953 ], [ -45.081751899999972, -23.466805699999952 ], [ -45.082039, -23.46659649999998 ], [ -45.082407899999964, -23.466467399999942 ], [ -45.082711, -23.466331699999955 ], [ -45.083061699999973, -23.466321 ], [ -45.083364399999937, -23.466346399999964 ], [ -45.08360689999995, -23.466455799999949 ], [ -45.083803499999931, -23.466674699999942 ], [ -45.084108199999946, -23.467225 ], [ -45.084374699999955, -23.467442199999937 ], [ -45.08468819999996, -23.46766729999996 ], [ -45.085007099999984, -23.467846399999928 ], [ -45.08538649999997, -23.46810279999994 ], [ -45.085756299999957, -23.468347299999948 ], [ -45.086109299999976, -23.468496199999947 ], [ -45.086481299999946, -23.468819799999949 ], [ -45.086708499999986, -23.469069299999944 ], [ -45.086932499999932, -23.46946829999996 ], [ -45.087138699999969, -23.469790499999931 ], [ -45.087276899999949, -23.469943899999976 ], [ -45.08735379999996, -23.47002939999993 ], [ -45.087688, -23.470298799999966 ], [ -45.087899899999968, -23.470476599999927 ], [ -45.088294899999937, -23.47072019999996 ], [ -45.088716799999986, -23.470841299999961 ], [ -45.089156599999967, -23.470885199999941 ], [ -45.089626499999952, -23.470951899999932 ], [ -45.090093399999944, -23.471080099999938 ], [ -45.090695199999971, -23.471246199999939 ], [ -45.091161399999976, -23.471490099999983 ], [ -45.091765199999941, -23.471816899999965 ], [ -45.092252499999972, -23.472085799999945 ], [ -45.092802799999959, -23.472311799999943 ], [ -45.093271299999969, -23.472404199999971 ], [ -45.093665, -23.472449399999959 ], [ -45.094025299999942, -23.472372699999937 ], [ -45.094263099999978, -23.472255299999972 ], [ -45.09447119999993, -23.472126799999955 ] ] ] } },
{ "type": "Feature", "properties": { "id": "3555406018", "cd_bairro": "3555406018", "bairro": "Monte Valério", "cd_mun": "3555406", "municipio": "Ubatuba", "cd_dist": "355540605", "distrito": "Ubatuba" }, "geometry": { "type": "Polygon", "coordinates": [ [ [ -45.11837479999997, -23.456702899999982 ], [ -45.118372399999942, -23.456701 ], [ -45.117960399999959, -23.456514 ], [ -45.117429399999935, -23.456384 ], [ -45.116829399999972, -23.456214 ], [ -45.116250399999956, -23.45595 ], [ -45.116056399999934, -23.455658 ], [ -45.115923399999986, -23.455178 ], [ -45.115670399999942, -23.454597 ], [ -45.11528839999994, -23.454063 ], [ -45.114958399999978, -23.453734 ], [ -45.114469399999962, -23.453376 ], [ -45.113898399999982, -23.452982 ], [ -45.113227399999971, -23.45243 ], [ -45.112434399999984, -23.451808 ], [ -45.111673399999972, -23.451283 ], [ -45.110880399999985, -23.450698 ], [ -45.109931399999937, -23.450018 ], [ -45.109051399999942, -23.449285 ], [ -45.108230399999968, -23.448568 ], [ -45.107559399999957, -23.44806 ], [ -45.106820399999947, -23.44752 ], [ -45.105956399999968, -23.446893 ], [ -45.105260399999963, -23.446295 ], [ -45.104759399999978, -23.445797 ], [ -45.104319399999952, -23.445235 ], [ -45.103956399999959, -23.444754 ], [ -45.10384339999996, -23.44461 ], [ -45.103342399999974, -23.444518 ], [ -45.102572399999985, -23.444265 ], [ -45.100955399999975, -23.44376 ], [ -45.099920399999974, -23.443356 ], [ -45.098953399999971, -23.442844 ], [ -45.09822029999998, -23.442553499999974 ], [ -45.097772499999962, -23.44207849999998 ], [ -45.09739529999996, -23.441800599999965 ], [ -45.097398299999952, -23.442005599999959 ], [ -45.097375299999953, -23.442202599999973 ], [ -45.097328299999958, -23.442415599999947 ], [ -45.097253299999977, -23.44254159999997 ], [ -45.097076299999969, -23.442728599999953 ], [ -45.096924299999955, -23.443027599999937 ], [ -45.096853299999964, -23.44323559999998 ], [ -45.096774299999936, -23.443555599999968 ], [ -45.09674629999995, -23.443818599999929 ], [ -45.096767299999954, -23.444041599999935 ], [ -45.096534299999973, -23.444424599999934 ], [ -45.096321299999943, -23.444572599999958 ], [ -45.096054299999935, -23.444802599999946 ], [ -45.095965299999932, -23.44499959999996 ], [ -45.095892299999946, -23.445193599999982 ], [ -45.09581929999996, -23.446030599999972 ], [ -45.095639299999959, -23.446343599999977 ], [ -45.095360299999982, -23.446775599999967 ], [ -45.095075299999962, -23.44688309999998 ], [ -45.094927299999938, -23.446939 ], [ -45.094719899999973, -23.44701729999997 ], [ -45.094247899999971, -23.447195399999941 ], [ -45.096049, -23.45001579999996 ], [ -45.096326899999951, -23.45019469999994 ], [ -45.096626599999979, -23.450485799999967 ], [ -45.096832199999938, -23.450793799999929 ], [ -45.097025199999962, -23.451027099999976 ], [ -45.09732669999994, -23.451405499999964 ], [ -45.09763049999998, -23.451494299999979 ], [ -45.09790309999994, -23.451603 ], [ -45.098136799999963, -23.451700799999969 ], [ -45.098397599999942, -23.451795199999935 ], [ -45.098785199999952, -23.451873199999966 ], [ -45.099125299999969, -23.451860699999941 ], [ -45.099380499999938, -23.451646 ], [ -45.099623399999984, -23.451536699999963 ], [ -45.100023299999975, -23.451502499999947 ], [ -45.100403299999982, -23.451516899999945 ], [ -45.100711899999965, -23.451561399999946 ], [ -45.101126099999931, -23.451611599999978 ], [ -45.101501699999972, -23.451653699999952 ], [ -45.101825699999949, -23.451879199999951 ], [ -45.101710799999978, -23.452268799999956 ], [ -45.101431899999966, -23.452620299999978 ], [ -45.101208099999951, -23.452838199999974 ], [ -45.101133499999946, -23.453065099999947 ], [ -45.101394699999958, -23.453399499999932 ], [ -45.101963499999954, -23.453520699999956 ], [ -45.102746599999932, -23.453761 ], [ -45.103452799999957, -23.453898 ], [ -45.103981499999975, -23.454031899999961 ], [ -45.104187899999943, -23.454354599999931 ], [ -45.104359399999964, -23.454799 ], [ -45.104697399999964, -23.454947 ], [ -45.104846899999984, -23.455312699999979 ], [ -45.105156299999976, -23.455802899999981 ], [ -45.105530499999929, -23.45612239999997 ], [ -45.106798399999946, -23.455384 ], [ -45.106823199999951, -23.455386899999951 ], [ -45.107740399999955, -23.455494 ], [ -45.108587399999976, -23.455752 ], [ -45.109125399999982, -23.455976 ], [ -45.109800399999983, -23.456258 ], [ -45.110471399999938, -23.456396 ], [ -45.11117239999993, -23.456665 ], [ -45.111781399999984, -23.456898 ], [ -45.112236399999972, -23.45716 ], [ -45.112964399999953, -23.457506 ], [ -45.113330399999938, -23.457589 ], [ -45.113801399999943, -23.45767 ], [ -45.114186399999937, -23.457665 ], [ -45.11509639999997, -23.457657 ], [ -45.115665399999955, -23.457657 ], [ -45.116282399999932, -23.45763 ], [ -45.116739399999972, -23.457635 ], [ -45.11719039999997, -23.457642 ], [ -45.117731399999968, -23.457679 ], [ -45.118030399999952, -23.457683 ], [ -45.118304399999943, -23.457671 ], [ -45.118523399999958, -23.457539 ], [ -45.118658799999935, -23.457302199999958 ], [ -45.118682699999965, -23.457269799999949 ], [ -45.118694499999947, -23.457230199999969 ], [ -45.118723399999965, -23.457128 ], [ -45.118728399999952, -23.457017 ], [ -45.118596399999944, -23.456876 ], [ -45.11837479999997, -23.456702899999982 ] ] ] } },
{ "type": "Feature", "properties": { "id": "3555406019", "cd_bairro": "3555406019", "bairro": "Bela Vista", "cd_mun": "3555406", "municipio": "Ubatuba", "cd_dist": "355540605", "distrito": "Ubatuba" }, "geometry": { "type": "Polygon", "coordinates": [ [ [ -45.103391, -23.441449299999931 ], [ -45.103126399999951, -23.44142439999996 ], [ -45.102839, -23.441359299999931 ], [ -45.102475299999981, -23.441236099999969 ], [ -45.102266399999962, -23.441199499999982 ], [ -45.102056599999969, -23.441162099999929 ], [ -45.10189349999996, -23.441116499999964 ], [ -45.101637599999947, -23.441086799999937 ], [ -45.101420699999949, -23.44116669999994 ], [ -45.10133849999994, -23.441337199999964 ], [ -45.101268599999969, -23.441417299999955 ], [ -45.101165099999946, -23.441492399999959 ], [ -45.101094199999977, -23.441531099999963 ], [ -45.101007799999934, -23.441534099999956 ], [ -45.100974899999983, -23.441563 ], [ -45.100948199999948, -23.441587399999946 ], [ -45.100923299999977, -23.44162069999993 ], [ -45.100697, -23.441487199999983 ], [ -45.100506899999971, -23.441403299999934 ], [ -45.100053899999978, -23.441534299999944 ], [ -45.09985869999997, -23.441601699999978 ], [ -45.099624699999936, -23.441724699999952 ], [ -45.099349699999948, -23.441773699999942 ], [ -45.099272399999961, -23.441741499999978 ], [ -45.09911969999996, -23.441677699999957 ], [ -45.098930699999983, -23.441482699999938 ], [ -45.098816699999929, -23.441283699999929 ], [ -45.098700699999938, -23.441143699999941 ], [ -45.098533699999962, -23.44106469999997 ], [ -45.098190699999975, -23.441025699999955 ], [ -45.097935699999937, -23.441022699999962 ], [ -45.097814699999958, -23.441030699999942 ], [ -45.097627699999975, -23.441028699999947 ], [ -45.097312899999963, -23.441089899999952 ], [ -45.097293599999944, -23.441124899999977 ], [ -45.097273399999949, -23.441159499999969 ], [ -45.097390299999972, -23.441705599999977 ], [ -45.09739529999996, -23.441800599999965 ], [ -45.097772499999962, -23.44207849999998 ], [ -45.09822029999998, -23.442553499999974 ], [ -45.098953399999971, -23.442844 ], [ -45.099920399999974, -23.443356 ], [ -45.100955399999975, -23.44376 ], [ -45.102572399999985, -23.444265 ], [ -45.103342399999974, -23.444518 ], [ -45.10384339999996, -23.44461 ], [ -45.103735899999947, -23.444436 ], [ -45.103691199999957, -23.444327899999962 ], [ -45.103895699999953, -23.444212499999935 ], [ -45.10393769999996, -23.444145499999934 ], [ -45.104297499999973, -23.444143099999962 ], [ -45.104582799999946, -23.444199899999944 ], [ -45.104841, -23.444283199999973 ], [ -45.105080299999941, -23.444307799999933 ], [ -45.10534389999998, -23.444473399999936 ], [ -45.10555549999998, -23.444589 ], [ -45.105906699999935, -23.44485229999998 ], [ -45.106270799999947, -23.445096199999966 ], [ -45.106619799999976, -23.445285099999978 ], [ -45.106962099999976, -23.445480299999929 ], [ -45.107381099999941, -23.445651699999928 ], [ -45.107741399999952, -23.445757799999967 ], [ -45.108056499999975, -23.445852199999933 ], [ -45.108322399999963, -23.445640499999968 ], [ -45.107138, -23.444867 ], [ -45.106762099999969, -23.444508599999949 ], [ -45.106712, -23.444460799999945 ], [ -45.106582699999933, -23.444302599999958 ], [ -45.106374399999936, -23.444034199999976 ], [ -45.106073799999933, -23.44370159999994 ], [ -45.105950499999949, -23.443582299999946 ], [ -45.105790099999979, -23.443427099999951 ], [ -45.105781599999943, -23.443399799999952 ], [ -45.10589989999994, -23.443339099999946 ], [ -45.106064199999935, -23.443283199999939 ], [ -45.106155599999965, -23.442406099999971 ], [ -45.106187399999953, -23.442091399999981 ], [ -45.10619, -23.442008199999975 ], [ -45.106180499999937, -23.44193619999993 ], [ -45.106166799999983, -23.441899599999942 ], [ -45.106091699999979, -23.441826499999934 ], [ -45.105920099999935, -23.441650299999935 ], [ -45.105769699999939, -23.44145119999996 ], [ -45.105759899999953, -23.441304599999967 ], [ -45.105526599999962, -23.440971699999977 ], [ -45.10540489999994, -23.440798099999938 ], [ -45.105315799999971, -23.440675399999975 ], [ -45.105143799999951, -23.440432499999929 ], [ -45.105070599999976, -23.440330299999971 ], [ -45.104974199999958, -23.440254299999935 ], [ -45.104962, -23.440244699999937 ], [ -45.104842699999949, -23.440201099999967 ], [ -45.104834799999935, -23.440242299999966 ], [ -45.104771099999937, -23.440439 ], [ -45.104720699999973, -23.440527399999951 ], [ -45.104678499999977, -23.440554099999929 ], [ -45.10461829999997, -23.44056409999996 ], [ -45.104551199999946, -23.440569799999935 ], [ -45.104451099999949, -23.440579 ], [ -45.104381399999966, -23.440636 ], [ -45.104322799999977, -23.440672099999972 ], [ -45.104291699999976, -23.440727599999946 ], [ -45.104308399999979, -23.440816499999983 ], [ -45.104228299999932, -23.441038 ], [ -45.104086099999961, -23.441231099999982 ], [ -45.103883499999938, -23.441374199999927 ], [ -45.103691499999968, -23.441464199999928 ], [ -45.103534299999978, -23.441452599999934 ], [ -45.103391, -23.441449299999931 ] ] ] } },
{ "type": "Feature", "properties": { "id": "3555406020", "cd_bairro": "3555406020", "bairro": "Horto (Morro das Moças)", "cd_mun": "3555406", "municipio": "Ubatuba", "cd_dist": "355540605", "distrito": "Ubatuba" }, "geometry": { "type": "Polygon", "coordinates": [ [ [ -45.114583399999958, -23.412029199999949 ], [ -45.114536199999975, -23.412042499999927 ], [ -45.114529799999957, -23.412044799999933 ], [ -45.114490699999976, -23.412055299999963 ], [ -45.114232699999945, -23.412142299999971 ], [ -45.113906699999973, -23.412264299999947 ], [ -45.113479699999971, -23.412310299999945 ], [ -45.113048699999979, -23.412311299999942 ], [ -45.112735699999973, -23.412171299999954 ], [ -45.112206699999945, -23.412095299999976 ], [ -45.111587699999973, -23.412076299999967 ], [ -45.11117669999993, -23.412034499999947 ], [ -45.110999499999934, -23.412224 ], [ -45.110837499999946, -23.412425699999972 ], [ -45.110552199999972, -23.412785199999973 ], [ -45.110446, -23.412978199999941 ], [ -45.110527599999955, -23.413224699999944 ], [ -45.110345, -23.413875799999971 ], [ -45.110202, -23.414275799999928 ], [ -45.110130899999945, -23.414490499999943 ], [ -45.110049899999979, -23.414576899999929 ], [ -45.109938599999964, -23.414709899999934 ], [ -45.109881399999949, -23.414840799999979 ], [ -45.109854, -23.415000299999974 ], [ -45.109778199999937, -23.415151199999968 ], [ -45.109644699999933, -23.415309099999945 ], [ -45.109566099999938, -23.415389499999947 ], [ -45.109497899999951, -23.415426899999943 ], [ -45.109373499999947, -23.415453599999978 ], [ -45.109248199999968, -23.41552809999996 ], [ -45.109132099999954, -23.41570269999994 ], [ -45.108936599999936, -23.415909599999964 ], [ -45.108804899999939, -23.416120099999944 ], [ -45.108705599999951, -23.416363399999966 ], [ -45.108549499999981, -23.416585899999973 ], [ -45.108408399999973, -23.416707699999961 ], [ -45.108278899999959, -23.416858599999955 ], [ -45.108085, -23.417043899999953 ], [ -45.10792859999998, -23.417201199999965 ], [ -45.107721499999968, -23.417373399999974 ], [ -45.107446899999957, -23.41759339999993 ], [ -45.107242199999973, -23.417752699999937 ], [ -45.106940299999962, -23.418011699999965 ], [ -45.106924899999967, -23.418112 ], [ -45.10689659999997, -23.418191399999955 ], [ -45.106860499999982, -23.418292699999938 ], [ -45.106851, -23.418409599999961 ], [ -45.106888199999958, -23.418511199999955 ], [ -45.106994499999985, -23.418612899999971 ], [ -45.107046699999955, -23.418734 ], [ -45.107091, -23.418900199999939 ], [ -45.107111399999951, -23.419072799999981 ], [ -45.107129699999973, -23.419241099999965 ], [ -45.107112599999937, -23.419359399999962 ], [ -45.107096599999977, -23.419450199999972 ], [ -45.107063299999936, -23.419602499999939 ], [ -45.10706179999994, -23.419720899999959 ], [ -45.107085, -23.419808 ], [ -45.107166599999971, -23.420091399999933 ], [ -45.107177699999966, -23.420177299999978 ], [ -45.107171899999969, -23.420302399999969 ], [ -45.107153699999969, -23.420388499999945 ], [ -45.107086099999947, -23.420577199999968 ], [ -45.107026399999938, -23.420639799999947 ], [ -45.106841599999939, -23.42079549999994 ], [ -45.106747199999973, -23.42085389999994 ], [ -45.106582, -23.420956 ], [ -45.106320699999969, -23.421018299999957 ], [ -45.106194599999981, -23.421106599999973 ], [ -45.106089699999984, -23.421200399999975 ], [ -45.105917199999965, -23.421396799999968 ], [ -45.105832, -23.421620799999971 ], [ -45.105806099999938, -23.421757899999932 ], [ -45.105807, -23.422036299999945 ], [ -45.105929799999956, -23.422154899999953 ], [ -45.106392, -23.422445699999969 ], [ -45.10690859999994, -23.422777099999962 ], [ -45.107494299999985, -23.423201699999936 ], [ -45.107861499999956, -23.423495599999967 ], [ -45.108072399999969, -23.42366439999995 ], [ -45.108362599999964, -23.423905299999944 ], [ -45.108679299999949, -23.424168599999973 ], [ -45.108825799999977, -23.424289199999976 ], [ -45.109273799999983, -23.424638799999968 ], [ -45.109865399999933, -23.425153399999942 ], [ -45.110040599999934, -23.425305799999933 ], [ -45.110220799999979, -23.425462499999981 ], [ -45.110127699999964, -23.425579299999981 ], [ -45.110068899999931, -23.42568209999996 ], [ -45.110304, -23.426052299999981 ], [ -45.110440099999948, -23.426229 ], [ -45.110535099999936, -23.426319199999966 ], [ -45.110592399999973, -23.426343699999961 ], [ -45.110598099999947, -23.426302599999929 ], [ -45.110772399999973, -23.426071699999966 ], [ -45.111057399999936, -23.425935699999968 ], [ -45.111979899999938, -23.425573899999961 ], [ -45.112641399999973, -23.425231099999962 ], [ -45.113090199999931, -23.424952399999938 ], [ -45.113580899999931, -23.424735599999963 ], [ -45.113965499999949, -23.424592299999972 ], [ -45.114285499999937, -23.424176299999942 ], [ -45.114964399999963, -23.423601699999949 ], [ -45.115339199999937, -23.423538199999939 ], [ -45.115764499999955, -23.423373199999958 ], [ -45.116174499999943, -23.422999199999936 ], [ -45.11631749999998, -23.422819199999935 ], [ -45.116455499999972, -23.422722199999953 ], [ -45.116705499999966, -23.422660199999939 ], [ -45.117628699999955, -23.422475599999927 ], [ -45.11765429999997, -23.422239499999932 ], [ -45.117528799999945, -23.422094799999968 ], [ -45.11734869999998, -23.42188619999996 ], [ -45.117144599999961, -23.421719499999938 ], [ -45.116946499999983, -23.421538 ], [ -45.11688769999995, -23.421380799999952 ], [ -45.117012, -23.421240499999953 ], [ -45.117217099999948, -23.421179399999971 ], [ -45.11742449999997, -23.421210899999949 ], [ -45.117574799999943, -23.421382 ], [ -45.117774299999951, -23.421595499999967 ], [ -45.118035, -23.421771 ], [ -45.118214199999954, -23.421960099999978 ], [ -45.118547399999954, -23.422153099999946 ], [ -45.11868149999998, -23.422182499999963 ], [ -45.118784199999936, -23.422205 ], [ -45.119026, -23.42222819999995 ], [ -45.119259499999941, -23.422295499999962 ], [ -45.119443699999977, -23.422331099999951 ], [ -45.119706399999984, -23.422493599999939 ], [ -45.119908799999962, -23.422631599999931 ], [ -45.120094499999936, -23.42274679999997 ], [ -45.120223899999985, -23.422808499999974 ], [ -45.120354199999952, -23.422939 ], [ -45.120499199999983, -23.423019099999976 ], [ -45.120612699999981, -23.423088199999938 ], [ -45.120757799999978, -23.423183699999981 ], [ -45.120933299999933, -23.423274 ], [ -45.121072499999968, -23.423363599999959 ], [ -45.121302799999967, -23.423529799999983 ], [ -45.121521399999949, -23.423624299999972 ], [ -45.121761499999934, -23.423770399999967 ], [ -45.121905, -23.423835799999949 ], [ -45.122034299999939, -23.423894699999948 ], [ -45.122274299999958, -23.424023299999931 ], [ -45.122443199999964, -23.424144 ], [ -45.122702699999934, -23.424241599999959 ], [ -45.122898, -23.424239599999964 ], [ -45.123182699999973, -23.424266599999953 ], [ -45.123459399999945, -23.424328499999945 ], [ -45.123697899999968, -23.424345199999948 ], [ -45.124085399999956, -23.424370799999963 ], [ -45.124584099999936, -23.424482599999976 ], [ -45.124892599999953, -23.424505 ], [ -45.125203599999963, -23.424512399999969 ], [ -45.125478599999951, -23.424500499999965 ], [ -45.125697599999967, -23.424466199999983 ], [ -45.125989199999935, -23.424510899999973 ], [ -45.126286099999959, -23.424542499999973 ], [ -45.126558799999941, -23.42454319999996 ], [ -45.126854399999957, -23.42450139999994 ], [ -45.127149699999961, -23.424531 ], [ -45.127435599999956, -23.42458849999997 ], [ -45.128390599999932, -23.424643799999956 ], [ -45.129099699999983, -23.424769899999944 ], [ -45.129868399999964, -23.424860699999954 ], [ -45.130288899999982, -23.424881 ], [ -45.130605499999945, -23.424997899999937 ], [ -45.130861799999934, -23.42514209999996 ], [ -45.131088899999952, -23.42537619999996 ], [ -45.131339199999957, -23.425634899999977 ], [ -45.131416, -23.425714 ], [ -45.131459799999959, -23.425759099999937 ], [ -45.131499099999985, -23.425799499999982 ], [ -45.13184769999998, -23.425935199999969 ], [ -45.132082699999955, -23.425836 ], [ -45.132503799999938, -23.425626799999975 ], [ -45.132881599999962, -23.425491699999952 ], [ -45.133127899999977, -23.425376699999958 ], [ -45.133507, -23.425384199999939 ], [ -45.133787599999948, -23.42534459999996 ], [ -45.134268299999974, -23.425318599999969 ], [ -45.134730799999943, -23.425479899999971 ], [ -45.135092699999973, -23.425537399999939 ], [ -45.135538099999962, -23.425602799999979 ], [ -45.13593869999994, -23.425752299999942 ], [ -45.136304499999937, -23.425848499999972 ], [ -45.136622899999963, -23.425965799999972 ], [ -45.13691979999993, -23.426067199999977 ], [ -45.137274699999978, -23.426104499999951 ], [ -45.13751689999998, -23.426181799999938 ], [ -45.137798099999941, -23.426274799999931 ], [ -45.138063599999953, -23.426443799999959 ], [ -45.138409899999942, -23.42650169999996 ], [ -45.138733299999956, -23.426554099999976 ], [ -45.139087199999949, -23.426593399999945 ], [ -45.139425099999983, -23.426604499999939 ], [ -45.139761399999941, -23.426572 ], [ -45.13998689999994, -23.426510699999938 ], [ -45.140043599999956, -23.42632679999997 ], [ -45.13990309999997, -23.426201799999944 ], [ -45.139768599999968, -23.426027899999951 ], [ -45.13973029999994, -23.42578889999993 ], [ -45.139673699999946, -23.425575499999979 ], [ -45.139766799999961, -23.425375699999961 ], [ -45.140000099999952, -23.425194499999975 ], [ -45.140280699999948, -23.425053199999979 ], [ -45.140476099999944, -23.424925099999939 ], [ -45.140535399999976, -23.424761699999976 ], [ -45.140448399999968, -23.424692899999968 ], [ -45.140292799999941, -23.42455 ], [ -45.140078899999935, -23.424385399999949 ], [ -45.139870199999962, -23.424265599999956 ], [ -45.139728399999967, -23.424121799999966 ], [ -45.139515, -23.423986299999967 ], [ -45.139330899999948, -23.423870799999975 ], [ -45.139166499999931, -23.423651 ], [ -45.139016, -23.423505499999976 ], [ -45.138969799999984, -23.423302399999955 ], [ -45.138942, -23.423066199999937 ], [ -45.138813199999959, -23.422970599999928 ], [ -45.138475299999982, -23.423035299999981 ], [ -45.138178499999981, -23.423114699999928 ], [ -45.137783599999977, -23.423169399999949 ], [ -45.137434499999983, -23.423178599999972 ], [ -45.136929699999939, -23.423111799999958 ], [ -45.13657749999993, -23.423042899999928 ], [ -45.136213899999973, -23.422954799999957 ], [ -45.135942599999964, -23.422840199999939 ], [ -45.135671899999977, -23.422759599999949 ], [ -45.135407899999962, -23.42261689999998 ], [ -45.135113299999944, -23.422511 ], [ -45.134762099999932, -23.422364399999935 ], [ -45.13452019999994, -23.422212799999954 ], [ -45.134322899999972, -23.422096899999929 ], [ -45.13411739999998, -23.421882699999969 ], [ -45.133999099999983, -23.421633899999961 ], [ -45.133815099999936, -23.421475599999951 ], [ -45.133495699999969, -23.42149749999993 ], [ -45.133261, -23.421550199999956 ], [ -45.133015099999966, -23.421483399999943 ], [ -45.132768699999986, -23.421251599999948 ], [ -45.132468099999983, -23.421039499999949 ], [ -45.132266199999947, -23.420896899999946 ], [ -45.131945899999948, -23.420654399999933 ], [ -45.13162959999994, -23.420414899999969 ], [ -45.131378799999936, -23.420233899999971 ], [ -45.131348099999968, -23.420211699999982 ], [ -45.131082599999957, -23.420108299999981 ], [ -45.130939799999965, -23.41990039999996 ], [ -45.130937899999935, -23.419626199999982 ], [ -45.131004799999971, -23.419355 ], [ -45.131052499999953, -23.419069399999955 ], [ -45.131119199999944, -23.418805899999938 ], [ -45.131204799999978, -23.418455399999971 ], [ -45.131214, -23.418002599999966 ], [ -45.131040399999961, -23.41754 ], [ -45.13078239999993, -23.417241199999978 ], [ -45.130444899999929, -23.416936699999951 ], [ -45.130114699999979, -23.416452 ], [ -45.129914299999939, -23.416031399999952 ], [ -45.129533799999933, -23.416254299999935 ], [ -45.129169199999978, -23.416570899999954 ], [ -45.128909399999941, -23.416925799999945 ], [ -45.128704199999959, -23.417359599999941 ], [ -45.128380499999935, -23.417571699999939 ], [ -45.127840099999958, -23.417705099999978 ], [ -45.127332399999943, -23.417714899999964 ], [ -45.126914, -23.417848899999967 ], [ -45.126360399999953, -23.417907199999945 ], [ -45.125743, -23.41814549999998 ], [ -45.12535749999995, -23.418274599999961 ], [ -45.125020099999972, -23.418369699999971 ], [ -45.124808, -23.418243699999948 ], [ -45.124608699999953, -23.418046199999935 ], [ -45.124374099999955, -23.418002599999966 ], [ -45.124119099999973, -23.418010599999945 ], [ -45.123800499999959, -23.418045199999938 ], [ -45.12358039999998, -23.418083099999933 ], [ -45.123249499999986, -23.418055899999956 ], [ -45.123043199999984, -23.418099799999936 ], [ -45.122863299999949, -23.418116 ], [ -45.122707299999945, -23.418156799999963 ], [ -45.122544799999957, -23.418482499999982 ], [ -45.122448599999984, -23.418626599999982 ], [ -45.122326399999963, -23.418786699999941 ], [ -45.122176099999933, -23.418907199999978 ], [ -45.121934199999941, -23.418865199999971 ], [ -45.12167809999994, -23.418722099999968 ], [ -45.121570599999984, -23.418502599999954 ], [ -45.121534299999951, -23.418210299999942 ], [ -45.121543499999973, -23.417945499999973 ], [ -45.121473599999945, -23.417731799999956 ], [ -45.121412699999951, -23.417452799999978 ], [ -45.121232199999952, -23.417218 ], [ -45.121023099999945, -23.417057199999931 ], [ -45.120875399999932, -23.416736899999933 ], [ -45.120743299999958, -23.416399699999943 ], [ -45.120530299999984, -23.416171099999929 ], [ -45.120252599999958, -23.415948599999979 ], [ -45.120010099999945, -23.415747499999952 ], [ -45.119716799999935, -23.415519199999949 ], [ -45.11949629999998, -23.415426 ], [ -45.119303099999968, -23.41527519999994 ], [ -45.119091899999944, -23.415362 ], [ -45.119029299999966, -23.415642 ], [ -45.119056099999966, -23.415905499999951 ], [ -45.119056699999931, -23.416168399999947 ], [ -45.119131099999947, -23.416428699999983 ], [ -45.119234, -23.41666349999997 ], [ -45.119344499999954, -23.416892799999971 ], [ -45.119444, -23.417136099999937 ], [ -45.119165599999974, -23.417101599999967 ], [ -45.11889309999998, -23.416961199999946 ], [ -45.118711499999961, -23.416793 ], [ -45.118476499999986, -23.41671249999996 ], [ -45.118330199999946, -23.416519199999982 ], [ -45.118233199999963, -23.416341099999954 ], [ -45.118116, -23.416148199999952 ], [ -45.118013599999983, -23.415881499999955 ], [ -45.117906699999935, -23.415632499999958 ], [ -45.117827099999943, -23.415356899999949 ], [ -45.117803699999968, -23.415103899999963 ], [ -45.117759199999966, -23.414756299999965 ], [ -45.117751599999963, -23.414383499999929 ], [ -45.117768099999978, -23.414057599999978 ], [ -45.117823499999986, -23.413716799999975 ], [ -45.117978699999981, -23.413385499999947 ], [ -45.118160599999953, -23.413123599999949 ], [ -45.118361399999969, -23.412962 ], [ -45.118581899999981, -23.412903099999937 ], [ -45.118836399999964, -23.412928099999931 ], [ -45.119045, -23.412976699999945 ], [ -45.119217299999946, -23.413026799999955 ], [ -45.119452499999966, -23.413102699999968 ], [ -45.119730499999946, -23.413126199999965 ], [ -45.120063899999934, -23.41324179999998 ], [ -45.120307499999967, -23.41309769999998 ], [ -45.120510899999942, -23.412888399999929 ], [ -45.120744199999933, -23.412505499999952 ], [ -45.121011599999974, -23.412230499999964 ], [ -45.121250499999974, -23.412129899999968 ], [ -45.121499799999981, -23.412042099999951 ], [ -45.121780299999955, -23.411977 ], [ -45.122109499999965, -23.412047399999949 ], [ -45.122372799999937, -23.412107599999956 ], [ -45.12269989999993, -23.412199799999939 ], [ -45.122972699999934, -23.412271899999951 ], [ -45.123336599999959, -23.412351199999932 ], [ -45.123701199999971, -23.41241969999993 ], [ -45.123990699999979, -23.412484499999948 ], [ -45.12427109999993, -23.412554399999976 ], [ -45.124592299999961, -23.412581299999943 ], [ -45.125002499999937, -23.412572299999965 ], [ -45.125359699999933, -23.412598299999956 ], [ -45.125749499999984, -23.412602599999957 ], [ -45.126053699999943, -23.412620499999946 ], [ -45.126386799999977, -23.41262409999996 ], [ -45.126605599999948, -23.412578099999962 ], [ -45.126816899999938, -23.412398199999927 ], [ -45.126788199999964, -23.412239299999953 ], [ -45.126787499999978, -23.412235499999952 ], [ -45.126742, -23.411983599999928 ], [ -45.126569299999971, -23.411563199999932 ], [ -45.126558099999954, -23.411249899999973 ], [ -45.12656549999997, -23.410942199999965 ], [ -45.126599799999951, -23.410691499999928 ], [ -45.126655899999946, -23.410517 ], [ -45.126733099999967, -23.410224599999935 ], [ -45.126804299999947, -23.409978899999942 ], [ -45.12687109999996, -23.409734499999956 ], [ -45.126874799999939, -23.409484899999939 ], [ -45.126914699999929, -23.409223499999939 ], [ -45.126804899999968, -23.408946699999944 ], [ -45.126611899999943, -23.408618 ], [ -45.126397099999963, -23.40824989999993 ], [ -45.126158499999974, -23.407856899999956 ], [ -45.126014, -23.40764919999998 ], [ -45.125951099999952, -23.407448799999941 ], [ -45.125924199999986, -23.407178 ], [ -45.125861199999974, -23.406893199999956 ], [ -45.12580319999995, -23.406730799999934 ], [ -45.125676299999952, -23.406497099999967 ], [ -45.125564, -23.406290399999932 ], [ -45.125461, -23.406131499999958 ], [ -45.125342099999955, -23.405881699999952 ], [ -45.125315499999942, -23.405572399999983 ], [ -45.125328699999955, -23.405366399999934 ], [ -45.125336299999958, -23.405201299999931 ], [ -45.125367299999937, -23.405021799999929 ], [ -45.125414899999953, -23.404790099999957 ], [ -45.125492299999962, -23.404557699999941 ], [ -45.12554339999997, -23.404422299999965 ], [ -45.125614, -23.404227299999945 ], [ -45.125742599999967, -23.404086199999938 ], [ -45.125890799999979, -23.403917899999954 ], [ -45.126024699999959, -23.403744599999982 ], [ -45.12609249999997, -23.40362209999995 ], [ -45.126104899999973, -23.403360899999939 ], [ -45.125928699999974, -23.403485299999943 ], [ -45.12583989999996, -23.403548 ], [ -45.125662899999952, -23.403672899999947 ], [ -45.12557929999997, -23.403730199999927 ], [ -45.125477799999942, -23.403801899999962 ], [ -45.125328199999956, -23.403907499999946 ], [ -45.125210899999956, -23.404024499999935 ], [ -45.125129799999968, -23.404178499999944 ], [ -45.12497129999997, -23.404255299999932 ], [ -45.124823599999957, -23.404383499999938 ], [ -45.124689099999955, -23.404505899999947 ], [ -45.124558299999933, -23.404579599999977 ], [ -45.124431, -23.404661199999964 ], [ -45.124318799999969, -23.404738899999927 ], [ -45.124226399999941, -23.404804599999977 ], [ -45.124089, -23.404879699999981 ], [ -45.123922399999969, -23.404903299999944 ], [ -45.123766899999964, -23.404912399999944 ], [ -45.12364249999996, -23.404957799999977 ], [ -45.123536599999966, -23.404995199999973 ], [ -45.123377699999935, -23.40506819999996 ], [ -45.123156, -23.40516249999996 ], [ -45.122983699999963, -23.405256399999928 ], [ -45.122818799999948, -23.405365899999936 ], [ -45.122703199999933, -23.405497 ], [ -45.122628199999951, -23.405641399999979 ], [ -45.122561099999984, -23.405822299999954 ], [ -45.12248539999996, -23.405997099999979 ], [ -45.122468099999935, -23.406151699999953 ], [ -45.122488799999985, -23.406313099999977 ], [ -45.122469, -23.406493199999943 ], [ -45.122462699999971, -23.406656 ], [ -45.122399099999939, -23.406725399999971 ], [ -45.122302499999932, -23.406830699999944 ], [ -45.122100799999942, -23.406886099999952 ], [ -45.121906399999943, -23.406904499999939 ], [ -45.121737399999972, -23.406902299999956 ], [ -45.121602899999971, -23.406931 ], [ -45.121453699999961, -23.407016599999963 ], [ -45.121325299999967, -23.407113399999957 ], [ -45.12115689999996, -23.407229399999949 ], [ -45.121064699999977, -23.407311299999947 ], [ -45.120892499999968, -23.407494799999938 ], [ -45.120786, -23.407613199999957 ], [ -45.120703899999967, -23.407757899999979 ], [ -45.120616299999938, -23.407891099999972 ], [ -45.12049339999993, -23.408088299999974 ], [ -45.120371, -23.40829169999995 ], [ -45.120268599999974, -23.40851 ], [ -45.120254299999942, -23.408658099999968 ], [ -45.120222699999943, -23.408843299999944 ], [ -45.1202, -23.409014299999967 ], [ -45.120134099999973, -23.409215 ], [ -45.120010699999966, -23.409356699999933 ], [ -45.119814099999985, -23.409440899999936 ], [ -45.119549699999936, -23.409435599999938 ], [ -45.119390499999952, -23.409523799999931 ], [ -45.119224599999939, -23.409597699999949 ], [ -45.119114799999977, -23.409623 ], [ -45.118957899999941, -23.409721599999955 ], [ -45.118764, -23.409708199999955 ], [ -45.118566499999986, -23.409627599999965 ], [ -45.118360499999937, -23.409528799999975 ], [ -45.118145299999981, -23.409397 ], [ -45.117856499999959, -23.409325 ], [ -45.117720399999939, -23.409325099999933 ], [ -45.117561399999943, -23.409363799999937 ], [ -45.11744189999996, -23.409455599999944 ], [ -45.117302499999937, -23.409562599999958 ], [ -45.117040599999939, -23.409810599999958 ], [ -45.116886399999942, -23.410037199999977 ], [ -45.116728799999976, -23.410270499999967 ], [ -45.116575199999943, -23.410502299999962 ], [ -45.116347399999938, -23.410801699999979 ], [ -45.116086499999938, -23.411211199999968 ], [ -45.115876499999956, -23.411469199999942 ], [ -45.115522299999952, -23.4118 ], [ -45.115030099999956, -23.411920099999975 ], [ -45.114631699999961, -23.412017399999968 ], [ -45.114583399999958, -23.412029199999949 ] ] ] } },
{ "type": "Feature", "properties": { "id": "3555406021", "cd_bairro": "3555406021", "bairro": "Figueira (Pé da Serra)", "cd_mun": "3555406", "municipio": "Ubatuba", "cd_dist": "355540605", "distrito": "Ubatuba" }, "geometry": { "type": "Polygon", "coordinates": [ [ [ -45.129467199999965, -23.395788399999958 ], [ -45.129585499999962, -23.395615799999973 ], [ -45.129716299999984, -23.39547 ], [ -45.129861099999971, -23.395350099999973 ], [ -45.130028799999934, -23.395209899999941 ], [ -45.130232899999953, -23.395052499999963 ], [ -45.130390099999943, -23.394899099999975 ], [ -45.130534599999976, -23.394698 ], [ -45.130650499999945, -23.394462399999952 ], [ -45.130748299999937, -23.394123699999966 ], [ -45.130725299999938, -23.393829399999959 ], [ -45.130659199999968, -23.393556199999978 ], [ -45.130474199999981, -23.39328809999995 ], [ -45.130282099999931, -23.392936099999929 ], [ -45.130283, -23.392576299999973 ], [ -45.130482, -23.392374699999948 ], [ -45.130763799999954, -23.392334699999935 ], [ -45.131013, -23.392312899999979 ], [ -45.131269399999951, -23.392279299999927 ], [ -45.131433199999947, -23.392146299999979 ], [ -45.131421399999965, -23.391940299999931 ], [ -45.131250499999965, -23.391678499999955 ], [ -45.131232399999931, -23.391436499999941 ], [ -45.131225499999971, -23.391195399999958 ], [ -45.131235799999956, -23.391023399999938 ], [ -45.131152499999985, -23.39089139999993 ], [ -45.131004799999971, -23.390855399999964 ], [ -45.13075809999998, -23.390877699999976 ], [ -45.130542299999945, -23.39091929999995 ], [ -45.130349, -23.390961 ], [ -45.130124799999976, -23.390913199999943 ], [ -45.129851499999972, -23.390854399999967 ], [ -45.129537499999969, -23.390787699999976 ], [ -45.129299299999957, -23.390776699999947 ], [ -45.128966199999979, -23.390752799999973 ], [ -45.128694499999938, -23.390719599999954 ], [ -45.128401099999962, -23.390729199999953 ], [ -45.12805869999994, -23.390698699999973 ], [ -45.127800399999956, -23.390676599999949 ], [ -45.127590699999985, -23.390593899999942 ], [ -45.127419199999963, -23.39048159999993 ], [ -45.127358699999945, -23.390281899999934 ], [ -45.127294199999938, -23.390089199999977 ], [ -45.127306099999942, -23.389864299999942 ], [ -45.127288699999951, -23.389697199999944 ], [ -45.127276299999949, -23.389518 ], [ -45.127288, -23.38930339999996 ], [ -45.127320899999972, -23.389081799999929 ], [ -45.127337799999964, -23.388911399999927 ], [ -45.127346099999954, -23.38866059999998 ], [ -45.127358499999957, -23.388433599999928 ], [ -45.127265699999953, -23.388216199999931 ], [ -45.127107799999976, -23.38806169999998 ], [ -45.126911299999961, -23.387933199999964 ], [ -45.126779699999986, -23.387670799999967 ], [ -45.12667, -23.38741959999993 ], [ -45.126589, -23.387231399999962 ], [ -45.12640609999994, -23.38706 ], [ -45.126161399999944, -23.386918499999979 ], [ -45.125908699999968, -23.386803099999952 ], [ -45.125529899999947, -23.386586899999941 ], [ -45.125211899999954, -23.38639569999998 ], [ -45.125008699999967, -23.386147699999981 ], [ -45.124793699999941, -23.385789699999975 ], [ -45.124677, -23.38549 ], [ -45.124748899999986, -23.385202 ], [ -45.124562799999978, -23.384953199999927 ], [ -45.124223599999937, -23.384988299999975 ], [ -45.123903699999971, -23.385091299999942 ], [ -45.12360769999998, -23.385137399999962 ], [ -45.12332239999995, -23.385075299999983 ], [ -45.122971599999971, -23.384997099999964 ], [ -45.122727599999962, -23.384928 ], [ -45.122385699999938, -23.38488 ], [ -45.122216, -23.384605399999941 ], [ -45.122034699999972, -23.384345 ], [ -45.12187229999995, -23.384174599999938 ], [ -45.121521599999937, -23.38435549999997 ], [ -45.121463799999958, -23.384398899999951 ], [ -45.12140549999998, -23.384442899999954 ], [ -45.121301399999936, -23.38452129999996 ], [ -45.121012299999961, -23.384517399999936 ], [ -45.120579499999963, -23.384575699999971 ], [ -45.120212099999947, -23.384547599999962 ], [ -45.119836199999952, -23.384584699999948 ], [ -45.119433699999945, -23.384673699999951 ], [ -45.119058299999949, -23.384651799999972 ], [ -45.118599, -23.384643899999958 ], [ -45.118184699999972, -23.384687199999973 ], [ -45.117789699999946, -23.384705199999928 ], [ -45.117454699999939, -23.384623499999975 ], [ -45.117212599999959, -23.384465199999966 ], [ -45.116999, -23.384349099999952 ], [ -45.116810799999939, -23.384189499999934 ], [ -45.116503799999975, -23.384433199999933 ], [ -45.116502899999944, -23.384744199999943 ], [ -45.116501099999937, -23.384992199999942 ], [ -45.116473599999949, -23.385299299999929 ], [ -45.116464, -23.385551499999963 ], [ -45.116604, -23.385842699999955 ], [ -45.116698, -23.386103899999966 ], [ -45.11684269999995, -23.386272199999951 ], [ -45.117053299999952, -23.386450399999944 ], [ -45.117158899999936, -23.386654499999963 ], [ -45.117285399999957, -23.38697639999998 ], [ -45.117144499999938, -23.387183399999969 ], [ -45.11714429999995, -23.387386599999957 ], [ -45.117306499999984, -23.387402399999928 ], [ -45.11759509999996, -23.387507899999946 ], [ -45.117809799999975, -23.387641099999939 ], [ -45.117938599999945, -23.387799299999983 ], [ -45.117999699999984, -23.388010699999938 ], [ -45.118017899999984, -23.388251 ], [ -45.11805789999994, -23.388654699999961 ], [ -45.117905299999961, -23.388977699999941 ], [ -45.117811399999937, -23.389345499999934 ], [ -45.117755299999942, -23.389638699999978 ], [ -45.117742, -23.389900799999964 ], [ -45.117775199999983, -23.390230199999962 ], [ -45.117805499999974, -23.390680599999939 ], [ -45.117870799999935, -23.391015299999935 ], [ -45.117905899999982, -23.391556299999934 ], [ -45.117945, -23.392019799999957 ], [ -45.117930399999977, -23.392540299999951 ], [ -45.118024799999944, -23.392943199999934 ], [ -45.118066599999963, -23.393374799999947 ], [ -45.11810429999997, -23.39377159999998 ], [ -45.118109299999958, -23.394004799999948 ], [ -45.118070299999943, -23.39432869999996 ], [ -45.118004499999984, -23.394568799999945 ], [ -45.117960599999947, -23.394854799999962 ], [ -45.117876799999976, -23.395085799999947 ], [ -45.117814899999985, -23.395476499999972 ], [ -45.117741599999931, -23.395781099999965 ], [ -45.117657799999961, -23.396060499999976 ], [ -45.117574699999977, -23.396432399999981 ], [ -45.117323599999963, -23.396926599999972 ], [ -45.117096699999934, -23.397422099999972 ], [ -45.116971599999943, -23.397849599999972 ], [ -45.116806799999949, -23.398573299999953 ], [ -45.116580699999986, -23.398958499999935 ], [ -45.116564699999969, -23.399028499999929 ], [ -45.116432299999985, -23.399610199999927 ], [ -45.116239099999973, -23.400067399999955 ], [ -45.116076, -23.400502399999937 ], [ -45.115866199999971, -23.400833699999964 ], [ -45.115584799999965, -23.40111109999998 ], [ -45.11528549999997, -23.401345699999979 ], [ -45.114908299999968, -23.4017 ], [ -45.11440209999995, -23.402291199999979 ], [ -45.114128099999959, -23.402704599999936 ], [ -45.113789899999972, -23.403267799999981 ], [ -45.113238099999933, -23.403662599999961 ], [ -45.112807399999951, -23.40356509999998 ], [ -45.112531399999966, -23.403151599999944 ], [ -45.112395599999957, -23.402765199999976 ], [ -45.112050599999975, -23.402231599999936 ], [ -45.111802099999977, -23.401612299999954 ], [ -45.111719899999969, -23.401041199999952 ], [ -45.111816599999941, -23.400603399999966 ], [ -45.111899899999969, -23.400226699999962 ], [ -45.111973599999942, -23.399796399999957 ], [ -45.111877599999957, -23.399435099999948 ], [ -45.111612499999978, -23.399274299999945 ], [ -45.11134839999994, -23.399183199999982 ], [ -45.111092299999939, -23.399120299999936 ], [ -45.110792, -23.398957699999983 ], [ -45.110524, -23.398864399999979 ], [ -45.110473399999933, -23.398529799999949 ], [ -45.110431799999958, -23.398163799999963 ], [ -45.110505299999943, -23.39768319999996 ], [ -45.110387, -23.397353799999962 ], [ -45.109987199999978, -23.397475 ], [ -45.109475199999963, -23.397785399999975 ], [ -45.108979199999965, -23.398153399999956 ], [ -45.108460199999968, -23.398608099999933 ], [ -45.108041399999934, -23.398779499999932 ], [ -45.107714, -23.398871399999962 ], [ -45.107383099999936, -23.398855099999935 ], [ -45.106953199999964, -23.39880519999997 ], [ -45.106919, -23.39906689999998 ], [ -45.106936599999983, -23.399430099999961 ], [ -45.106844299999977, -23.399918699999944 ], [ -45.106596599999932, -23.400317499999971 ], [ -45.106285299999968, -23.400692299999946 ], [ -45.106033799999977, -23.401026599999966 ], [ -45.105863499999941, -23.401497899999981 ], [ -45.105829699999958, -23.401783899999941 ], [ -45.105718199999956, -23.402164099999936 ], [ -45.105678499999954, -23.402515899999969 ], [ -45.105670699999962, -23.402805699999931 ], [ -45.10553, -23.403024099999982 ], [ -45.105555399999957, -23.403272199999947 ], [ -45.105822399999965, -23.403314799999976 ], [ -45.106232199999965, -23.403315899999939 ], [ -45.106682199999966, -23.403344799999957 ], [ -45.107123699999931, -23.403316299999972 ], [ -45.107567, -23.403466299999934 ], [ -45.107937399999969, -23.403672399999948 ], [ -45.108228099999963, -23.403995499999951 ], [ -45.108471899999984, -23.404346299999929 ], [ -45.108657599999958, -23.404661399999952 ], [ -45.108811299999957, -23.405157499999973 ], [ -45.10897209999996, -23.405592 ], [ -45.109081899999978, -23.406010699999968 ], [ -45.109143099999983, -23.406526399999962 ], [ -45.109261199999935, -23.40705689999993 ], [ -45.109418199999936, -23.407581299999947 ], [ -45.109422499999937, -23.407881799999927 ], [ -45.109369099999981, -23.408200399999942 ], [ -45.109261899999979, -23.408525199999929 ], [ -45.109035799999958, -23.408779599999946 ], [ -45.108666099999937, -23.408902799999964 ], [ -45.108219799999972, -23.408907599999964 ], [ -45.107847399999969, -23.408809599999927 ], [ -45.107490799999937, -23.408619699999974 ], [ -45.107146899999975, -23.408391599999959 ], [ -45.106762, -23.408159399999931 ], [ -45.106403, -23.407736299999954 ], [ -45.106192, -23.407435 ], [ -45.10596929999997, -23.407197799999949 ], [ -45.105707, -23.406965 ], [ -45.105404599999986, -23.406782799999974 ], [ -45.105099299999949, -23.406632599999966 ], [ -45.104838899999947, -23.406448499999954 ], [ -45.104594799999973, -23.406489 ], [ -45.104483, -23.406741599999975 ], [ -45.104527699999949, -23.406967899999927 ], [ -45.104661299999975, -23.407303499999955 ], [ -45.104695699999979, -23.407605899999965 ], [ -45.104732499999955, -23.40794029999995 ], [ -45.104853099999957, -23.408339599999977 ], [ -45.105033299999945, -23.408720199999948 ], [ -45.105201099999931, -23.408964699999956 ], [ -45.105328, -23.409245299999952 ], [ -45.105486299999939, -23.40958059999997 ], [ -45.10583, -23.409797099999935 ], [ -45.106178199999931, -23.409992599999953 ], [ -45.106546, -23.410163799999964 ], [ -45.106960299999969, -23.410343799999964 ], [ -45.107261, -23.41051049999993 ], [ -45.107437799999957, -23.410724799999969 ], [ -45.107540699999959, -23.410986699999967 ], [ -45.107668799999942, -23.411365699999976 ], [ -45.107780399999967, -23.411638499999981 ], [ -45.107938399999966, -23.41195149999993 ], [ -45.108031599999947, -23.412196899999969 ], [ -45.108201, -23.412581099999954 ], [ -45.10836, -23.41311879999995 ], [ -45.108588099999963, -23.413347899999962 ], [ -45.108832, -23.413460799999939 ], [ -45.109279, -23.413734799999929 ], [ -45.109563, -23.413863799999945 ], [ -45.109852699999976, -23.413953299999946 ], [ -45.110173, -23.413936799999931 ], [ -45.110345, -23.413875799999971 ], [ -45.110527599999955, -23.413224699999944 ], [ -45.110446, -23.412978199999941 ], [ -45.110552199999972, -23.412785199999973 ], [ -45.110837499999946, -23.412425699999972 ], [ -45.110999499999934, -23.412224 ], [ -45.11117669999993, -23.412034499999947 ], [ -45.111587699999973, -23.412076299999967 ], [ -45.112206699999945, -23.412095299999976 ], [ -45.112735699999973, -23.412171299999954 ], [ -45.113048699999979, -23.412311299999942 ], [ -45.113479699999971, -23.412310299999945 ], [ -45.113906699999973, -23.412264299999947 ], [ -45.114232699999945, -23.412142299999971 ], [ -45.114490699999976, -23.412055299999963 ], [ -45.114529799999957, -23.412044799999933 ], [ -45.114536199999975, -23.412042499999927 ], [ -45.114583399999958, -23.412029199999949 ], [ -45.114631699999961, -23.412017399999968 ], [ -45.115030099999956, -23.411920099999975 ], [ -45.115522299999952, -23.4118 ], [ -45.115876499999956, -23.411469199999942 ], [ -45.116086499999938, -23.411211199999968 ], [ -45.116347399999938, -23.410801699999979 ], [ -45.116575199999943, -23.410502299999962 ], [ -45.116728799999976, -23.410270499999967 ], [ -45.116886399999942, -23.410037199999977 ], [ -45.117040599999939, -23.409810599999958 ], [ -45.117302499999937, -23.409562599999958 ], [ -45.11744189999996, -23.409455599999944 ], [ -45.117561399999943, -23.409363799999937 ], [ -45.117720399999939, -23.409325099999933 ], [ -45.117856499999959, -23.409325 ], [ -45.118145299999981, -23.409397 ], [ -45.118360499999937, -23.409528799999975 ], [ -45.118566499999986, -23.409627599999965 ], [ -45.118764, -23.409708199999955 ], [ -45.118957899999941, -23.409721599999955 ], [ -45.119114799999977, -23.409623 ], [ -45.119224599999939, -23.409597699999949 ], [ -45.119390499999952, -23.409523799999931 ], [ -45.119549699999936, -23.409435599999938 ], [ -45.119814099999985, -23.409440899999936 ], [ -45.120010699999966, -23.409356699999933 ], [ -45.120134099999973, -23.409215 ], [ -45.1202, -23.409014299999967 ], [ -45.120222699999943, -23.408843299999944 ], [ -45.120254299999942, -23.408658099999968 ], [ -45.120268599999974, -23.40851 ], [ -45.120371, -23.40829169999995 ], [ -45.12049339999993, -23.408088299999974 ], [ -45.120616299999938, -23.407891099999972 ], [ -45.120703899999967, -23.407757899999979 ], [ -45.120786, -23.407613199999957 ], [ -45.120892499999968, -23.407494799999938 ], [ -45.121064699999977, -23.407311299999947 ], [ -45.12115689999996, -23.407229399999949 ], [ -45.121325299999967, -23.407113399999957 ], [ -45.121453699999961, -23.407016599999963 ], [ -45.121602899999971, -23.406931 ], [ -45.121737399999972, -23.406902299999956 ], [ -45.121906399999943, -23.406904499999939 ], [ -45.122100799999942, -23.406886099999952 ], [ -45.122302499999932, -23.406830699999944 ], [ -45.122399099999939, -23.406725399999971 ], [ -45.122462699999971, -23.406656 ], [ -45.122469, -23.406493199999943 ], [ -45.122488799999985, -23.406313099999977 ], [ -45.122468099999935, -23.406151699999953 ], [ -45.12248539999996, -23.405997099999979 ], [ -45.122561099999984, -23.405822299999954 ], [ -45.122628199999951, -23.405641399999979 ], [ -45.122703199999933, -23.405497 ], [ -45.122818799999948, -23.405365899999936 ], [ -45.122983699999963, -23.405256399999928 ], [ -45.123156, -23.40516249999996 ], [ -45.123377699999935, -23.40506819999996 ], [ -45.123536599999966, -23.404995199999973 ], [ -45.12364249999996, -23.404957799999977 ], [ -45.123766899999964, -23.404912399999944 ], [ -45.123922399999969, -23.404903299999944 ], [ -45.124089, -23.404879699999981 ], [ -45.124226399999941, -23.404804599999977 ], [ -45.124318799999969, -23.404738899999927 ], [ -45.124431, -23.404661199999964 ], [ -45.124558299999933, -23.404579599999977 ], [ -45.124689099999955, -23.404505899999947 ], [ -45.124823599999957, -23.404383499999938 ], [ -45.12497129999997, -23.404255299999932 ], [ -45.125129799999968, -23.404178499999944 ], [ -45.125210899999956, -23.404024499999935 ], [ -45.125328199999956, -23.403907499999946 ], [ -45.125477799999942, -23.403801899999962 ], [ -45.12557929999997, -23.403730199999927 ], [ -45.125662899999952, -23.403672899999947 ], [ -45.12583989999996, -23.403548 ], [ -45.125928699999974, -23.403485299999943 ], [ -45.126104899999973, -23.403360899999939 ], [ -45.126042899999959, -23.403292 ], [ -45.12596179999997, -23.403271599999982 ], [ -45.125735599999985, -23.403235699999982 ], [ -45.125477899999964, -23.403381399999944 ], [ -45.125219699999946, -23.40351579999998 ], [ -45.125019299999963, -23.40372739999998 ], [ -45.124757899999963, -23.403903899999932 ], [ -45.124439099999961, -23.404140299999938 ], [ -45.124231, -23.404337299999952 ], [ -45.123909599999934, -23.404429299999947 ], [ -45.123609299999941, -23.404435099999944 ], [ -45.123297199999968, -23.404362599999956 ], [ -45.123023199999977, -23.404257399999949 ], [ -45.122750599999961, -23.40420169999993 ], [ -45.122548199999983, -23.404245099999969 ], [ -45.122227899999984, -23.404208799999935 ], [ -45.122000599999978, -23.404300499999977 ], [ -45.121798899999931, -23.404372899999942 ], [ -45.121612299999981, -23.404321399999958 ], [ -45.12160549999993, -23.404137 ], [ -45.121695799999941, -23.403928099999973 ], [ -45.121869799999956, -23.403615699999932 ], [ -45.122218499999974, -23.403256 ], [ -45.122533099999941, -23.402948199999969 ], [ -45.122709699999973, -23.402710399999933 ], [ -45.122901099999979, -23.402432499999975 ], [ -45.123135599999955, -23.402140299999928 ], [ -45.123339699999974, -23.401885799999945 ], [ -45.123570599999937, -23.401665699999967 ], [ -45.123763799999949, -23.401481499999932 ], [ -45.124032799999952, -23.401217499999973 ], [ -45.124416, -23.400871599999959 ], [ -45.124701199999947, -23.400651499999981 ], [ -45.124953599999969, -23.400455399999942 ], [ -45.125407199999984, -23.400212099999976 ], [ -45.12575309999994, -23.400026599999933 ], [ -45.12591679999997, -23.399923599999966 ], [ -45.126044499999978, -23.399760699999945 ], [ -45.126371799999959, -23.399495799999954 ], [ -45.126658499999962, -23.399352599999929 ], [ -45.126962799999944, -23.399279399999955 ], [ -45.127376, -23.399189299999932 ], [ -45.127679, -23.39914 ], [ -45.127984, -23.399104099999931 ], [ -45.128225199999974, -23.399064199999941 ], [ -45.12859439999994, -23.398902499999963 ], [ -45.128535399999976, -23.398685 ], [ -45.128338499999984, -23.398507299999949 ], [ -45.128187199999957, -23.398412199999939 ], [ -45.128043599999955, -23.398276 ], [ -45.127957599999945, -23.398153699999966 ], [ -45.127830599999982, -23.397979499999963 ], [ -45.127778499999977, -23.397779399999934 ], [ -45.127805299999977, -23.397615 ], [ -45.127874099999985, -23.397465699999941 ], [ -45.127992799999959, -23.397362599999951 ], [ -45.128138199999967, -23.397252799999933 ], [ -45.12833269999993, -23.397135899999967 ], [ -45.128457899999944, -23.397062 ], [ -45.128596199999947, -23.396984699999962 ], [ -45.128726, -23.396860599999968 ], [ -45.128827799999954, -23.396781 ], [ -45.128944, -23.396648399999947 ], [ -45.129042399999946, -23.39651809999998 ], [ -45.129188599999964, -23.39633189999995 ], [ -45.12925139999993, -23.396157599999981 ], [ -45.129358, -23.395973599999934 ], [ -45.129467199999965, -23.395788399999958 ] ] ] } },
{ "type": "Feature", "properties": { "id": "3555406022", "cd_bairro": "3555406022", "bairro": "Barra Seca (Praias Vermelha e Alto)", "cd_mun": "3555406", "municipio": "Ubatuba", "cd_dist": "355540605", "distrito": "Ubatuba" }, "geometry": { "type": "Polygon", "coordinates": [ [ [ -45.047679399999936, -23.417897699999969 ], [ -45.047928, -23.417794099999981 ], [ -45.048105799999973, -23.417683299999965 ], [ -45.048255299999937, -23.417624599999954 ], [ -45.048475799999949, -23.417520699999955 ], [ -45.048703499999931, -23.417436699999939 ], [ -45.048903, -23.417345499999954 ], [ -45.04910979999994, -23.417293499999971 ], [ -45.049302299999965, -23.417254599999978 ], [ -45.049430799999982, -23.417248299999983 ], [ -45.049694899999963, -23.417216099999962 ], [ -45.049952099999985, -23.417157599999939 ], [ -45.050280499999985, -23.417066 ], [ -45.05052319999993, -23.417059399999971 ], [ -45.050800599999945, -23.417006299999969 ], [ -45.051171499999953, -23.416993099999956 ], [ -45.051458, -23.417013299999951 ], [ -45.051693, -23.41702609999993 ], [ -45.051897699999984, -23.41697929999998 ], [ -45.052028299999961, -23.416952 ], [ -45.052402499999971, -23.416885 ], [ -45.052797199999929, -23.416857199999981 ], [ -45.05301129999998, -23.416830599999969 ], [ -45.053229699999974, -23.416825 ], [ -45.053316399999972, -23.416791299999943 ], [ -45.05325339999996, -23.416709899999944 ], [ -45.053191799999979, -23.41654479999994 ], [ -45.053271299999949, -23.416313899999977 ], [ -45.053524799999934, -23.416164799999933 ], [ -45.05390529999994, -23.416241799999966 ], [ -45.054235199999937, -23.416162099999951 ], [ -45.054467699999975, -23.415975499999945 ], [ -45.054689, -23.415887299999952 ], [ -45.054972599999985, -23.415897099999938 ], [ -45.055433, -23.416039 ], [ -45.055905399999972, -23.416058699999951 ], [ -45.05613939999995, -23.41579779999995 ], [ -45.056261699999936, -23.415408399999933 ], [ -45.056305699999939, -23.415209399999981 ], [ -45.056255699999952, -23.414935399999933 ], [ -45.056185699999958, -23.414764299999945 ], [ -45.05614769999994, -23.414484899999934 ], [ -45.056311699999981, -23.414187499999969 ], [ -45.05675, -23.413983 ], [ -45.056907699999954, -23.413931299999945 ], [ -45.057175799999982, -23.413827599999934 ], [ -45.05736909999996, -23.413626 ], [ -45.057557899999949, -23.413512199999957 ], [ -45.057671299999981, -23.41341529999994 ], [ -45.05776, -23.413280699999973 ], [ -45.057820599999957, -23.413137199999937 ], [ -45.057810599999982, -23.413032499999929 ], [ -45.057792599999971, -23.412929099999928 ], [ -45.057731799999942, -23.412790299999983 ], [ -45.057623499999977, -23.412618499999951 ], [ -45.057552199999975, -23.412280899999928 ], [ -45.057543199999941, -23.412142899999935 ], [ -45.057551099999955, -23.411966699999937 ], [ -45.057514099999935, -23.411948 ], [ -45.057481899999971, -23.411926 ], [ -45.057171699999969, -23.41188139999997 ], [ -45.056812699999966, -23.41180339999994 ], [ -45.056468699999982, -23.411706399999957 ], [ -45.056149699999935, -23.411630399999979 ], [ -45.05587369999995, -23.411602399999936 ], [ -45.055601699999954, -23.411625399999934 ], [ -45.055324699999971, -23.411647399999936 ], [ -45.055139699999984, -23.411735399999941 ], [ -45.054998699999942, -23.412089399999957 ], [ -45.054598699999985, -23.412506399999927 ], [ -45.054069699999957, -23.412662399999931 ], [ -45.053534699999943, -23.412664399999983 ], [ -45.052888699999983, -23.412365399999942 ], [ -45.051866699999948, -23.411523399999965 ], [ -45.051454699999965, -23.411243399999933 ], [ -45.051298699999961, -23.411211399999956 ], [ -45.050983699999961, -23.411120399999959 ], [ -45.050504699999976, -23.41101939999993 ], [ -45.04974169999997, -23.410804399999961 ], [ -45.049166699999944, -23.410676399999943 ], [ -45.048708699999963, -23.410597399999972 ], [ -45.04802849999993, -23.410513299999934 ], [ -45.047477699999945, -23.410488399999963 ], [ -45.046964699999933, -23.410561399999949 ], [ -45.046545699999967, -23.410674399999948 ], [ -45.046000699999979, -23.410878399999945 ], [ -45.045412699999986, -23.411028399999964 ], [ -45.044929699999955, -23.411202399999979 ], [ -45.044525699999951, -23.411473399999977 ], [ -45.044149699999934, -23.411723399999971 ], [ -45.043967699999939, -23.411812399999974 ], [ -45.043673699999943, -23.412109399999963 ], [ -45.043300699999975, -23.412421399999971 ], [ -45.04301769999995, -23.412814399999945 ], [ -45.042691299999944, -23.412930199999948 ], [ -45.041984599999978, -23.413343899999973 ], [ -45.041036499999962, -23.413516199999947 ], [ -45.039864499999965, -23.413481799999943 ], [ -45.038968199999942, -23.413188699999978 ], [ -45.038278699999978, -23.412826799999948 ], [ -45.038054599999953, -23.412378599999954 ], [ -45.038077699999974, -23.411775399999954 ], [ -45.03823269999998, -23.411342399999967 ], [ -45.038341699999933, -23.410891399999969 ], [ -45.038425699999948, -23.410426399999949 ], [ -45.038401699999952, -23.410024399999941 ], [ -45.038313699999946, -23.409606399999973 ], [ -45.038071699999932, -23.409332399999982 ], [ -45.037673699999971, -23.409216399999934 ], [ -45.037561, -23.409235599999931 ], [ -45.037368699999945, -23.409268399999974 ], [ -45.037128699999982, -23.409391399999947 ], [ -45.036667699999953, -23.409691399999929 ], [ -45.036369699999966, -23.409850399999982 ], [ -45.036056699999961, -23.409960399999932 ], [ -45.035713699999974, -23.410029399999928 ], [ -45.035333699999967, -23.40998639999998 ], [ -45.034936699999946, -23.409829399999978 ], [ -45.034518699999978, -23.409582399999977 ], [ -45.034252699999968, -23.409412399999951 ], [ -45.034013699999946, -23.409116399999959 ], [ -45.033889699999975, -23.408772399999975 ], [ -45.033867699999973, -23.408510399999955 ], [ -45.03398569999996, -23.407666399999982 ], [ -45.033957699999974, -23.407366399999944 ], [ -45.033816699999932, -23.407130399999971 ], [ -45.03351269999996, -23.407093399999951 ], [ -45.03320169999995, -23.407191399999931 ], [ -45.032958699999938, -23.407321399999944 ], [ -45.032609699999966, -23.407548399999939 ], [ -45.032287599999961, -23.407772399999942 ], [ -45.031951799999945, -23.40805679999994 ], [ -45.031654299999957, -23.408379899999943 ], [ -45.031178699999941, -23.408750399999974 ], [ -45.030616699999939, -23.409019399999977 ], [ -45.030088699999965, -23.40910139999994 ], [ -45.029542699999979, -23.409135399999968 ], [ -45.029236699999956, -23.409086399999978 ], [ -45.028852699999959, -23.408960399999955 ], [ -45.028482699999984, -23.408826399999953 ], [ -45.028055699999982, -23.408709399999964 ], [ -45.027701699999966, -23.408678399999928 ], [ -45.027439699999945, -23.408763399999941 ], [ -45.027084699999932, -23.408997399999976 ], [ -45.026785699999948, -23.409244399999977 ], [ -45.026438699999972, -23.409551399999941 ], [ -45.026078699999971, -23.409812399999964 ], [ -45.025684699999942, -23.410029399999928 ], [ -45.025278699999944, -23.410187399999927 ], [ -45.024765699999932, -23.410282399999971 ], [ -45.024346499999979, -23.410253699999942 ], [ -45.023881299999971, -23.410197799999935 ], [ -45.023577299999943, -23.410135799999978 ], [ -45.022797499999967, -23.409854 ], [ -45.02247959999994, -23.409652899999969 ], [ -45.022064299999954, -23.409277199999963 ], [ -45.021660199999985, -23.409456099999943 ], [ -45.02162519999996, -23.409473099999957 ], [ -45.021591199999932, -23.409489099999973 ], [ -45.02126149999998, -23.410104299999944 ], [ -45.020829699999979, -23.410901 ], [ -45.020742, -23.410972699999945 ], [ -45.020672799999943, -23.411029299999939 ], [ -45.020264099999963, -23.411363199999982 ], [ -45.019962799999973, -23.411615799999936 ], [ -45.019938499999967, -23.411636599999952 ], [ -45.019909199999972, -23.411659499999928 ], [ -45.019747199999983, -23.411795 ], [ -45.01932469999997, -23.412129399999969 ], [ -45.018870699999979, -23.41235439999997 ], [ -45.018166699999938, -23.412695399999961 ], [ -45.017648699999938, -23.412983399999973 ], [ -45.017219699999941, -23.413370399999963 ], [ -45.016753699999981, -23.413755399999957 ], [ -45.016174699999965, -23.41425739999994 ], [ -45.015701699999966, -23.414688399999932 ], [ -45.015315699999974, -23.415125399999965 ], [ -45.014920699999948, -23.415472399999942 ], [ -45.014152699999954, -23.416219499999954 ], [ -45.013610699999958, -23.416762399999982 ], [ -45.012776699999961, -23.417511499999932 ], [ -45.012848599999984, -23.417692 ], [ -45.012938799999972, -23.41787469999997 ], [ -45.013153799999941, -23.417962699999975 ], [ -45.013324499999953, -23.41814409999995 ], [ -45.013520599999936, -23.418258799999933 ], [ -45.013736299999948, -23.418293499999947 ], [ -45.013932899999929, -23.418384099999969 ], [ -45.014144499999929, -23.418395699999962 ], [ -45.014371599999947, -23.418498599999964 ], [ -45.014582799999971, -23.418591699999979 ], [ -45.014795499999934, -23.41864279999993 ], [ -45.01498, -23.418720899999983 ], [ -45.015123199999948, -23.418737199999953 ], [ -45.015339299999937, -23.418718599999977 ], [ -45.015592899999945, -23.418483 ], [ -45.015871699999934, -23.418392399999959 ], [ -45.016065799999978, -23.418392499999982 ], [ -45.016258899999968, -23.41843659999995 ], [ -45.016471, -23.418453299999953 ], [ -45.016683099999966, -23.418445599999927 ], [ -45.016975099999968, -23.418519899999978 ], [ -45.01736539999996, -23.418462099999942 ], [ -45.01751459999997, -23.41837449999997 ], [ -45.017862299999933, -23.418372799999929 ], [ -45.018104699999981, -23.41842719999994 ], [ -45.018464799999947, -23.418257799999935 ], [ -45.018773099999976, -23.418206699999928 ], [ -45.019051099999956, -23.418230199999982 ], [ -45.01932, -23.418306499999971 ], [ -45.019560199999944, -23.418434 ], [ -45.019732099999942, -23.418536399999937 ], [ -45.020084299999951, -23.418679899999972 ], [ -45.020425899999964, -23.418727399999966 ], [ -45.020741, -23.418749199999979 ], [ -45.021054599999957, -23.418763699999943 ], [ -45.021464899999955, -23.418738799999971 ], [ -45.021803199999965, -23.418683199999975 ], [ -45.022239299999967, -23.418717699999945 ], [ -45.022463399999936, -23.418705899999964 ], [ -45.02270649999997, -23.418669699999953 ], [ -45.022905199999968, -23.418713699999955 ], [ -45.023013799999944, -23.418748299999947 ], [ -45.023131499999977, -23.418691499999966 ], [ -45.023094799999967, -23.418474299999957 ], [ -45.022922699999981, -23.418314299999963 ], [ -45.022724199999971, -23.418179499999951 ], [ -45.022553099999982, -23.418001599999968 ], [ -45.022383399999967, -23.417748199999949 ], [ -45.02246359999998, -23.417520499999966 ], [ -45.022499299999936, -23.417234399999927 ], [ -45.022428, -23.416840799999932 ], [ -45.022286, -23.416486199999952 ], [ -45.022223799999949, -23.416216899999938 ], [ -45.022276799999986, -23.415920699999958 ], [ -45.02223209999994, -23.415595899999971 ], [ -45.02225859999993, -23.415246699999955 ], [ -45.022187699999961, -23.414924599999949 ], [ -45.022356699999932, -23.414723899999956 ], [ -45.022571399999947, -23.414522499999975 ], [ -45.02283129999995, -23.414358399999969 ], [ -45.023046, -23.414226399999961 ], [ -45.023482799999954, -23.414019499999938 ], [ -45.023940699999969, -23.413795899999968 ], [ -45.024108299999966, -23.413771099999963 ], [ -45.024270199999933, -23.413828699999954 ], [ -45.024380599999972, -23.413919699999951 ], [ -45.024482099999943, -23.414035499999954 ], [ -45.024608099999966, -23.414102799999966 ], [ -45.024792599999955, -23.414280099999928 ], [ -45.02502439999995, -23.414360899999963 ], [ -45.025123699999938, -23.414312399999972 ], [ -45.025276399999939, -23.414296499999978 ], [ -45.025473199999965, -23.414353299999959 ], [ -45.025643399999979, -23.414393899999936 ], [ -45.02588609999998, -23.414241799999957 ], [ -45.026073599999961, -23.414131199999929 ], [ -45.026242499999967, -23.414123599999982 ], [ -45.026391199999978, -23.414180099999953 ], [ -45.026562499999955, -23.414292699999976 ], [ -45.026813299999958, -23.414438099999927 ], [ -45.027003699999966, -23.414518699999974 ], [ -45.027133499999934, -23.414495199999976 ], [ -45.027519199999972, -23.414544699999965 ], [ -45.027919, -23.414601399999981 ], [ -45.028259099999957, -23.414546799999982 ], [ -45.028493899999944, -23.41455609999997 ], [ -45.028678599999978, -23.41462869999998 ], [ -45.02884679999994, -23.414734799999962 ], [ -45.029014899999936, -23.414816199999962 ], [ -45.029219399999931, -23.414873199999931 ], [ -45.02941629999998, -23.414873199999931 ], [ -45.029685, -23.414815899999951 ], [ -45.029925799999944, -23.414733199999944 ], [ -45.030077099999971, -23.414724199999966 ], [ -45.030192599999964, -23.414764499999933 ], [ -45.030263199999979, -23.414895299999955 ], [ -45.030451, -23.415001699999948 ], [ -45.030639899999983, -23.414902199999972 ], [ -45.030792799999972, -23.414703299999928 ], [ -45.030829099999949, -23.414497499999982 ], [ -45.03085619999996, -23.414324699999952 ], [ -45.03099119999996, -23.414094 ], [ -45.031180199999937, -23.413904 ], [ -45.031270099999972, -23.413830099999927 ], [ -45.031414, -23.413739499999963 ], [ -45.031558299999972, -23.41373 ], [ -45.031738599999983, -23.413754 ], [ -45.031936899999948, -23.413778399999956 ], [ -45.032090399999959, -23.413819 ], [ -45.032271, -23.41385159999993 ], [ -45.032442599999968, -23.413909099999955 ], [ -45.032694799999945, -23.414000299999941 ], [ -45.032839199999955, -23.414132499999937 ], [ -45.033046, -23.414223799999945 ], [ -45.03319, -23.414339699999971 ], [ -45.033360499999958, -23.414422799999954 ], [ -45.033522099999971, -23.414522199999965 ], [ -45.033709299999941, -23.414589 ], [ -45.033845399999962, -23.414753899999937 ], [ -45.033975899999973, -23.414885599999934 ], [ -45.034147, -23.415050599999972 ], [ -45.034363199999973, -23.415191599999957 ], [ -45.034525199999962, -23.415323299999955 ], [ -45.034759399999984, -23.415496699999949 ], [ -45.034966699999984, -23.415694599999938 ], [ -45.035120199999938, -23.415867599999956 ], [ -45.035309899999959, -23.415999599999964 ], [ -45.035472599999935, -23.416164899999956 ], [ -45.035653299999979, -23.41629729999994 ], [ -45.035825199999977, -23.416479399999957 ], [ -45.03595189999993, -23.416620199999954 ], [ -45.036033299999986, -23.416736299999968 ], [ -45.036213499999974, -23.41686889999994 ], [ -45.036330699999951, -23.417001499999969 ], [ -45.036484399999949, -23.417216899999971 ], [ -45.036638399999958, -23.417338299999983 ], [ -45.036846199999957, -23.41751249999993 ], [ -45.037081199999932, -23.417711399999973 ], [ -45.037288799999942, -23.417918499999928 ], [ -45.037387799999976, -23.418092299999955 ], [ -45.037523, -23.418291099999976 ], [ -45.037712599999963, -23.41849 ], [ -45.03783, -23.418647399999941 ], [ -45.038010799999938, -23.418796599999951 ], [ -45.038137199999937, -23.41892919999998 ], [ -45.038317699999936, -23.419144699999947 ], [ -45.038534499999969, -23.41937669999993 ], [ -45.038733199999967, -23.419542399999955 ], [ -45.038877499999955, -23.419741599999952 ], [ -45.039049099999943, -23.419944299999941 ], [ -45.039157499999931, -23.42010149999993 ], [ -45.039238799999964, -23.420284399999957 ], [ -45.039293, -23.42047539999993 ], [ -45.039347199999952, -23.420608199999947 ], [ -45.039401199999929, -23.420774 ], [ -45.039389399999948, -23.42095089999998 ], [ -45.039366599999937, -23.421132599999964 ], [ -45.039228499999979, -23.421288899999979 ], [ -45.039111599999956, -23.421272399999964 ], [ -45.038918899999942, -23.421206799999936 ], [ -45.038697699999943, -23.421248499999933 ], [ -45.038512699999956, -23.421339899999964 ], [ -45.03842149999997, -23.421588399999962 ], [ -45.038447599999984, -23.421853599999963 ], [ -45.038410099999965, -23.422044399999947 ], [ -45.038473499999952, -23.422226599999931 ], [ -45.038601699999958, -23.422474399999942 ], [ -45.038693099999932, -23.422680899999932 ], [ -45.038729399999966, -23.42280489999996 ], [ -45.038870899999949, -23.423071499999935 ], [ -45.039035599999977, -23.423119799999938 ], [ -45.039219899999978, -23.423042899999928 ], [ -45.03938409999995, -23.422950599999979 ], [ -45.039483699999948, -23.422925499999963 ], [ -45.039655699999969, -23.422883599999977 ], [ -45.039889699999947, -23.42287529999993 ], [ -45.040052799999955, -23.422750599999972 ], [ -45.040206399999931, -23.42265939999993 ], [ -45.040405599999985, -23.42247679999997 ], [ -45.040676799999972, -23.422294299999976 ], [ -45.040903, -23.422152899999958 ], [ -45.041073599999947, -23.422037499999931 ], [ -45.04128129999998, -23.422044699999958 ], [ -45.041515299999958, -23.422019 ], [ -45.041803099999981, -23.421992699999976 ], [ -45.042000499999972, -23.421991499999933 ], [ -45.042116399999941, -23.422082 ], [ -45.042232399999932, -23.422181 ], [ -45.042357299999935, -23.42232219999994 ], [ -45.042536299999938, -23.42247169999996 ], [ -45.042706599999974, -23.422587799999974 ], [ -45.04287729999993, -23.42275449999994 ], [ -45.043030199999976, -23.422895899999958 ], [ -45.043075699999974, -23.423071199999981 ], [ -45.043165699999975, -23.423162499999933 ], [ -45.043343599999957, -23.423296599999958 ], [ -45.043540199999939, -23.423402099999976 ], [ -45.04363879999994, -23.423527899999954 ], [ -45.043683399999964, -23.423770499999932 ], [ -45.04365649999994, -23.42391189999995 ], [ -45.043548699999974, -23.424059499999942 ], [ -45.04362969999994, -23.42414279999997 ], [ -45.043629599999974, -23.424274599999933 ], [ -45.043584299999964, -23.424454499999968 ], [ -45.043512, -23.424626299999943 ], [ -45.043484899999953, -23.424768099999937 ], [ -45.04347439999998, -23.424915599999963 ], [ -45.043503599999951, -23.425106899999946 ], [ -45.043580899999938, -23.425276399999973 ], [ -45.043667099999936, -23.425496599999974 ], [ -45.043940599999985, -23.425609099999974 ], [ -45.044147499999951, -23.425625799999978 ], [ -45.044346, -23.425676 ], [ -45.044537299999945, -23.425712699999963 ], [ -45.044691799999953, -23.425784399999941 ], [ -45.044909899999936, -23.425803899999948 ], [ -45.045261799999935, -23.425856599999975 ], [ -45.045458899999971, -23.425789399999928 ], [ -45.045514899999944, -23.425669899999946 ], [ -45.045570599999962, -23.425577 ], [ -45.04557669999997, -23.425442399999952 ], [ -45.045764399999939, -23.425382899999931 ], [ -45.045952899999975, -23.425339 ], [ -45.046224299999949, -23.425312899999938 ], [ -45.04639149999997, -23.425325799999939 ], [ -45.046600499999954, -23.425376899999947 ], [ -45.046692599999972, -23.425436 ], [ -45.046784299999956, -23.425566 ], [ -45.046930399999951, -23.425474799999961 ], [ -45.047188199999937, -23.425568699999928 ], [ -45.047444199999973, -23.425607599999978 ], [ -45.047696099999939, -23.425590599999964 ], [ -45.04785789999994, -23.425407199999938 ], [ -45.047951399999931, -23.425285499999973 ], [ -45.048058, -23.425071499999945 ], [ -45.048103199999957, -23.424840199999949 ], [ -45.048062099999981, -23.424627899999962 ], [ -45.048011199999962, -23.424407799999983 ], [ -45.04799289999994, -23.424269199999969 ], [ -45.048043099999973, -23.424094099999934 ], [ -45.048085699999945, -23.423930299999938 ], [ -45.048098699999969, -23.423764899999981 ], [ -45.048021099999971, -23.423635099999956 ], [ -45.047897299999931, -23.423536099999978 ], [ -45.047722399999941, -23.423462399999949 ], [ -45.047608199999956, -23.423371199999963 ], [ -45.047431199999949, -23.423202799999956 ], [ -45.047244, -23.423110699999938 ], [ -45.047067299999981, -23.422949199999948 ], [ -45.046969499999932, -23.422831899999949 ], [ -45.046830899999975, -23.422642099999962 ], [ -45.04689639999998, -23.422431199999949 ], [ -45.046790199999975, -23.422333699999967 ], [ -45.046597199999951, -23.422213399999976 ], [ -45.046463899999935, -23.422040199999969 ], [ -45.046343399999955, -23.421929399999954 ], [ -45.046141599999942, -23.421945599999958 ], [ -45.04590769999993, -23.421894599999973 ], [ -45.045781799999986, -23.421787199999983 ], [ -45.045620499999984, -23.421654 ], [ -45.045529299999941, -23.421534099999974 ], [ -45.045346099999961, -23.42144339999993 ], [ -45.045134499999961, -23.421321599999942 ], [ -45.044951099999935, -23.42121839999993 ], [ -45.044942599999956, -23.421047499999929 ], [ -45.044948, -23.420761899999945 ], [ -45.045011799999941, -23.420560899999941 ], [ -45.045111199999951, -23.42035919999995 ], [ -45.045182299999965, -23.420157099999983 ], [ -45.045225, -23.419967899999961 ], [ -45.045281899999964, -23.419778199999939 ], [ -45.045416899999964, -23.419596 ], [ -45.045616, -23.41938719999996 ], [ -45.045765599999982, -23.419224499999928 ], [ -45.045943199999954, -23.419074099999932 ], [ -45.046099799999979, -23.418963199999951 ], [ -45.046356399999979, -23.418761099999983 ], [ -45.046591899999953, -23.418578299999979 ], [ -45.046867099999986, -23.418434599999955 ], [ -45.047067099999936, -23.41829 ], [ -45.047252799999967, -23.418152 ], [ -45.047459299999957, -23.418021099999976 ], [ -45.047679399999936, -23.417897699999969 ] ] ] } },
{ "type": "Feature", "properties": { "id": "3555406023", "cd_bairro": "3555406023", "bairro": "Praia do Itamambuca", "cd_mun": "3555406", "municipio": "Ubatuba", "cd_dist": "355540605", "distrito": "Ubatuba" }, "geometry": { "type": "MultiPolygon", "coordinates": [ [ [ [ -45.008516699999973, -23.413752399999964 ], [ -45.008623099999966, -23.413687299999935 ], [ -45.00861139999995, -23.413535499999966 ], [ -45.008576, -23.413372799999934 ], [ -45.008647099999962, -23.413285899999948 ], [ -45.00863529999998, -23.413188099999957 ], [ -45.00861169999996, -23.413112 ], [ -45.008528899999931, -23.413046799999961 ], [ -45.008457899999939, -23.413014199999964 ], [ -45.008315799999934, -23.413079499999981 ], [ -45.008138299999985, -23.413166499999932 ], [ -45.008031899999935, -23.413285899999948 ], [ -45.008055599999977, -23.413416299999938 ], [ -45.008067499999981, -23.413427199999944 ], [ -45.008067499999981, -23.413448899999935 ], [ -45.008126699999934, -23.413611599999967 ], [ -45.008280399999933, -23.413676599999974 ], [ -45.00838669999996, -23.413709099999949 ], [ -45.008398599999964, -23.413719899999933 ], [ -45.008516699999973, -23.413752399999964 ] ] ], [ [ [ -45.009044499999959, -23.391795 ], [ -45.009360399999935, -23.391419599999949 ], [ -45.00942729999997, -23.391262599999948 ], [ -45.009440599999948, -23.39111209999993 ], [ -45.009436899999969, -23.39080359999997 ], [ -45.009528699999976, -23.390197199999932 ], [ -45.00953549999997, -23.390138499999978 ], [ -45.009615599999961, -23.38913539999993 ], [ -45.009763499999963, -23.387285399999939 ], [ -45.009127499999977, -23.387533699999949 ], [ -45.007765399999982, -23.387558 ], [ -45.006544, -23.387229699999978 ], [ -45.005749799999933, -23.38703529999998 ], [ -45.005936599999984, -23.38788889999995 ], [ -45.003575699999942, -23.388086699999974 ], [ -45.003587499999981, -23.388238799999954 ], [ -45.00359919999994, -23.388390899999933 ], [ -45.003607, -23.388491399999964 ], [ -45.003604099999961, -23.388541499999974 ], [ -45.003531499999951, -23.388676299999929 ], [ -45.003441099999975, -23.388768499999969 ], [ -45.003405499999985, -23.388801499999943 ], [ -45.003268699999978, -23.388914399999976 ], [ -45.00312329999997, -23.388989199999969 ], [ -45.002993899999979, -23.389002599999969 ], [ -45.002964799999972, -23.388999199999944 ], [ -45.002801099999942, -23.388969199999963 ], [ -45.002723, -23.388951399999939 ], [ -45.002638899999965, -23.388932 ], [ -45.002477, -23.388895 ], [ -45.002315299999964, -23.388857599999938 ], [ -45.002153899999939, -23.388818699999945 ], [ -45.001993299999981, -23.388777199999936 ], [ -45.001903399999946, -23.38875239999993 ], [ -45.001834299999985, -23.388730899999928 ], [ -45.001680799999974, -23.388671 ], [ -45.001531499999942, -23.388601199999982 ], [ -45.001383799999985, -23.388527599999975 ], [ -45.00123519999994, -23.388456499999961 ], [ -45.001083299999948, -23.388394 ], [ -45.000931199999968, -23.388347799999963 ], [ -45.000925399999971, -23.388346399999932 ], [ -45.000764099999969, -23.388307499999939 ], [ -45.000602699999945, -23.388268699999969 ], [ -45.000441399999943, -23.388229799999976 ], [ -45.00028, -23.388190899999927 ], [ -45.000118699999973, -23.388152099999957 ], [ -44.999957299999949, -23.388113199999964 ], [ -44.999525199999937, -23.387981099999934 ], [ -44.998782499999948, -23.387661199999968 ], [ -44.998220499999945, -23.387566499999934 ], [ -44.997835499999951, -23.387607199999934 ], [ -44.996702399999947, -23.387551499999972 ], [ -44.996098299999971, -23.387499099999957 ], [ -44.995539299999962, -23.387503 ], [ -44.994974899999931, -23.387587199999928 ], [ -44.994184099999984, -23.38768529999993 ], [ -44.993467799999962, -23.387698199999932 ], [ -44.993176099999971, -23.387663599999939 ], [ -44.991808599999956, -23.387451299999952 ], [ -44.991799199999946, -23.387440199999958 ], [ -44.991798599999981, -23.387451 ], [ -44.991241099999968, -23.387436799999932 ], [ -44.990687099999946, -23.38751259999998 ], [ -44.98992869999995, -23.387711 ], [ -44.989723, -23.387708199999963 ], [ -44.989345299999968, -23.387641899999949 ], [ -44.989163499999961, -23.387577799999974 ], [ -44.988985299999968, -23.387460199999964 ], [ -44.988705799999934, -23.387390499999981 ], [ -44.988417199999958, -23.387454599999955 ], [ -44.987673399999949, -23.387725499999931 ], [ -44.98746529999994, -23.387758399999939 ], [ -44.98709249999996, -23.387763899999982 ], [ -44.98671719999993, -23.387661899999955 ], [ -44.986238199999946, -23.387357 ], [ -44.985932399999967, -23.387097799999935 ], [ -44.985771899999975, -23.387008099999946 ], [ -44.985597399999961, -23.386980199999982 ], [ -44.985410699999932, -23.386987399999953 ], [ -44.984268499999985, -23.387351899999942 ], [ -44.983740099999977, -23.387482899999952 ], [ -44.983176299999968, -23.387558099999978 ], [ -44.982749699999943, -23.387489 ], [ -44.982579499999986, -23.387398699999949 ], [ -44.982480599999974, -23.387267699999938 ], [ -44.982434799999965, -23.387077099999942 ], [ -44.982428599999935, -23.386736499999927 ], [ -44.982402399999955, -23.386690199999975 ], [ -44.982251099999985, -23.38661 ], [ -44.982201, -23.386605299999928 ], [ -44.981559699999934, -23.387494299999958 ], [ -44.981377699999939, -23.387648299999967 ], [ -44.981127699999945, -23.38791029999993 ], [ -44.981053699999961, -23.387986699999942 ], [ -44.981023099999959, -23.388018299999942 ], [ -44.981191899999942, -23.388078099999973 ], [ -44.981243199999938, -23.388104399999975 ], [ -44.98149049999995, -23.388196799999946 ], [ -44.981459399999949, -23.388227799999981 ], [ -44.981350099999986, -23.388441599999965 ], [ -44.981337899999971, -23.388608099999942 ], [ -44.981371099999933, -23.388944099999947 ], [ -44.981419, -23.389051599999959 ], [ -44.981746799999939, -23.389260299999933 ], [ -44.982120599999973, -23.389376 ], [ -44.982323199999939, -23.389553099999944 ], [ -44.982326099999966, -23.389641499999982 ], [ -44.982158799999979, -23.389790599999969 ], [ -44.981952299999932, -23.389896299999975 ], [ -44.981260299999974, -23.390099499999963 ], [ -44.98060659999993, -23.390253799999982 ], [ -44.980291499999964, -23.390283599999975 ], [ -44.97975809999997, -23.390588399999956 ], [ -44.979543199999966, -23.39085259999996 ], [ -44.97941789999993, -23.391045499999962 ], [ -44.979302899999936, -23.391245499999968 ], [ -44.979144199999951, -23.391531699999973 ], [ -44.978908099999956, -23.391995899999984 ], [ -44.978725, -23.392321099999947 ], [ -44.978378799999973, -23.392845099999931 ], [ -44.977987, -23.393451899999945 ], [ -44.977668599999959, -23.39374429999998 ], [ -44.977167, -23.394752599999947 ], [ -44.97647029999996, -23.395281399999931 ], [ -44.976409499999932, -23.39543029999993 ], [ -44.976384, -23.395597299999963 ], [ -44.976728299999934, -23.396213099999954 ], [ -44.977342599999986, -23.397509599999978 ], [ -44.977854299999933, -23.398743599999932 ], [ -44.978114499999947, -23.399162699999977 ], [ -44.978258399999959, -23.399273899999969 ], [ -44.97843359999996, -23.399300099999948 ], [ -44.978732099999945, -23.399258599999939 ], [ -44.979152, -23.399031 ], [ -44.979344799999978, -23.39885309999994 ], [ -44.979441699999938, -23.398709499999939 ], [ -44.979894, -23.399625299999968 ], [ -44.980321, -23.40033829999993 ], [ -44.980848399999957, -23.401240299999927 ], [ -44.981037899999933, -23.401246499999957 ], [ -44.981215599999985, -23.401161499999944 ], [ -44.981244499999946, -23.401062899999943 ], [ -44.98118119999998, -23.400922899999955 ], [ -44.981228599999952, -23.400783799999942 ], [ -44.981294, -23.400691199999983 ], [ -44.98121, -23.400536599999953 ], [ -44.981033599999932, -23.400324599999976 ], [ -44.980804399999954, -23.400135299999931 ], [ -44.980620399999964, -23.39995 ], [ -44.980615399999976, -23.399797499999977 ], [ -44.980800599999952, -23.399533399999939 ], [ -44.981014, -23.399347399999954 ], [ -44.981282399999941, -23.399146799999983 ], [ -44.981459899999948, -23.398878299999978 ], [ -44.981452099999956, -23.398688099999958 ], [ -44.981593799999985, -23.398355799999933 ], [ -44.98170639999995, -23.398165399999982 ], [ -44.981956399999945, -23.397919 ], [ -44.98211619999995, -23.397754799999973 ], [ -44.982258499999944, -23.397589299999936 ], [ -44.982553499999938, -23.397432499999979 ], [ -44.98277319999994, -23.397318599999949 ], [ -44.983059499999968, -23.397196 ], [ -44.983355199999949, -23.397117299999934 ], [ -44.983708899999954, -23.397073499999976 ], [ -44.984008, -23.397039199999938 ], [ -44.984192099999973, -23.397035 ], [ -44.984351899999979, -23.397093199999972 ], [ -44.984446099999957, -23.397135699999978 ], [ -44.98471909999995, -23.39715469999993 ], [ -44.984958799999959, -23.397207 ], [ -44.985125, -23.397245399999974 ], [ -44.985314899999935, -23.397347299999979 ], [ -44.98551219999996, -23.39748179999998 ], [ -44.985755299999937, -23.39753079999997 ], [ -44.985960299999931, -23.397572699999955 ], [ -44.986232, -23.397649499999943 ], [ -44.986462199999949, -23.397728099999938 ], [ -44.986674, -23.397806899999978 ], [ -44.986895599999968, -23.397907499999974 ], [ -44.987165199999936, -23.398042199999963 ], [ -44.987367899999981, -23.398155399999951 ], [ -44.987537299999985, -23.398286599999949 ], [ -44.987706099999969, -23.398445599999945 ], [ -44.987785, -23.398595799999953 ], [ -44.987758, -23.398767899999939 ], [ -44.987718599999937, -23.398891299999946 ], [ -44.987861599999974, -23.399020699999937 ], [ -44.98804309999997, -23.399135699999931 ], [ -44.988375499999961, -23.399058 ], [ -44.988563, -23.398866699999928 ], [ -44.988922499999944, -23.398911599999963 ], [ -44.989126699999986, -23.399033599999939 ], [ -44.98930729999995, -23.399051 ], [ -44.989448899999957, -23.399077099999943 ], [ -44.989763399999958, -23.399094499999933 ], [ -44.989994399999944, -23.399059499999964 ], [ -44.990130699999952, -23.398919199999966 ], [ -44.990259699999967, -23.398695199999963 ], [ -44.990465699999959, -23.39854889999998 ], [ -44.990623299999982, -23.398446599999943 ], [ -44.990838599999961, -23.398383899999942 ], [ -44.991113499999983, -23.398208799999964 ], [ -44.991298799999981, -23.398055399999976 ], [ -44.991473, -23.397963 ], [ -44.991571699999952, -23.397845599999982 ], [ -44.99174789999995, -23.397780499999953 ], [ -44.991926599999942, -23.397752499999967 ], [ -44.992078599999957, -23.397657299999935 ], [ -44.99222919999994, -23.397576499999957 ], [ -44.992418, -23.397468799999956 ], [ -44.992569399999979, -23.397406 ], [ -44.99277479999995, -23.397309199999938 ], [ -44.993418799999972, -23.397579599999972 ], [ -44.993875899999978, -23.397774599999934 ], [ -44.994444099999953, -23.398017299999935 ], [ -44.996427499999982, -23.39897389999993 ], [ -44.998665199999948, -23.400094399999944 ], [ -45.000983799999972, -23.401327499999979 ], [ -45.001203, -23.401443499999971 ], [ -45.002918799999975, -23.402350899999931 ], [ -45.005070499999931, -23.403485699999976 ], [ -45.006780099999958, -23.404480099999944 ], [ -45.008020399999964, -23.405291199999965 ], [ -45.008856499999979, -23.405932599999971 ], [ -45.009328099999948, -23.406452599999966 ], [ -45.009573399999965, -23.406821199999968 ], [ -45.009585399999935, -23.406982199999959 ], [ -45.009558799999979, -23.407022 ], [ -45.009529699999973, -23.407065599999953 ], [ -45.00940989999998, -23.407142 ], [ -45.009243799999979, -23.40711669999996 ], [ -45.009127099999944, -23.407247499999983 ], [ -45.009030799999948, -23.407412299999976 ], [ -45.009022399999935, -23.407412099999931 ], [ -45.009028199999932, -23.407470599999954 ], [ -45.00903459999995, -23.407533799999953 ], [ -45.00908869999995, -23.407648599999959 ], [ -45.008973, -23.407729 ], [ -45.008795599999985, -23.407799799999964 ], [ -45.008785399999965, -23.407807499999933 ], [ -45.008593299999973, -23.407953099999929 ], [ -45.0085, -23.408078699999976 ], [ -45.008411099999933, -23.408196 ], [ -45.008412399999941, -23.408436 ], [ -45.008515699999975, -23.408588499999951 ], [ -45.008653399999957, -23.408732799999939 ], [ -45.008726, -23.408800799999938 ], [ -45.008711, -23.408882399999982 ], [ -45.008546699999954, -23.409009499999968 ], [ -45.008438499999954, -23.409147299999972 ], [ -45.008354, -23.409285799999964 ], [ -45.008380199999976, -23.409474399999965 ], [ -45.008429899999953, -23.409583299999952 ], [ -45.008480199999951, -23.409771 ], [ -45.008501299999978, -23.409899699999983 ], [ -45.00859509999998, -23.409977899999944 ], [ -45.008709799999963, -23.41013479999998 ], [ -45.008811299999934, -23.410321099999976 ], [ -45.008901599999945, -23.410487499999931 ], [ -45.008918899999969, -23.410655899999938 ], [ -45.008926, -23.410785099999941 ], [ -45.009029399999974, -23.41096 ], [ -45.009059099999945, -23.411148 ], [ -45.009073499999943, -23.411318699999981 ], [ -45.009146399999963, -23.411635599999954 ], [ -45.009173099999941, -23.41189559999998 ], [ -45.009118799999953, -23.412011599999971 ], [ -45.009012499999983, -23.41208679999994 ], [ -45.008951499999966, -23.412254399999938 ], [ -45.008981299999959, -23.412471899999957 ], [ -45.009151599999939, -23.412769099999934 ], [ -45.009271, -23.41290859999998 ], [ -45.009390699999983, -23.413048199999935 ], [ -45.009652899999935, -23.413248199999941 ], [ -45.010138199999972, -23.413361099999975 ], [ -45.010457799999983, -23.413324199999977 ], [ -45.010778899999934, -23.413200199999949 ], [ -45.010995799999932, -23.413031499999931 ], [ -45.011252599999978, -23.413012 ], [ -45.011582799999985, -23.413030099999958 ], [ -45.011878899999942, -23.413094299999955 ], [ -45.012050899999963, -23.413055 ], [ -45.012212699999964, -23.412957499999948 ], [ -45.012351, -23.412945 ], [ -45.012490299999968, -23.413062299999979 ], [ -45.012564899999973, -23.413178899999934 ], [ -45.01251039999994, -23.413395499999979 ], [ -45.012444799999969, -23.413572299999942 ], [ -45.012314099999969, -23.413779199999965 ], [ -45.012313899999981, -23.413987599999928 ], [ -45.012303499999973, -23.414186299999983 ], [ -45.012304099999938, -23.414434399999948 ], [ -45.012380499999949, -23.414652499999931 ], [ -45.01237, -23.414791 ], [ -45.012240399999939, -23.414899899999966 ], [ -45.012012899999945, -23.414939699999934 ], [ -45.011936499999933, -23.415019299999983 ], [ -45.011761299999932, -23.415079499999933 ], [ -45.01167339999995, -23.415159399999936 ], [ -45.011618799999951, -23.415318699999943 ], [ -45.011618699999985, -23.415557299999932 ], [ -45.011618699999985, -23.415756199999976 ], [ -45.011734599999954, -23.415868499999931 ], [ -45.011843, -23.416048599999954 ], [ -45.012022199999933, -23.416271799999947 ], [ -45.012210799999934, -23.416469399999983 ], [ -45.012462699999958, -23.416652 ], [ -45.012596899999949, -23.416893499999958 ], [ -45.012668599999984, -23.417143399999929 ], [ -45.012749499999984, -23.417443 ], [ -45.012776699999961, -23.417511499999932 ], [ -45.013610699999958, -23.416762399999982 ], [ -45.014152699999954, -23.416219499999954 ], [ -45.014920699999948, -23.415472399999942 ], [ -45.015315699999974, -23.415125399999965 ], [ -45.015701699999966, -23.414688399999932 ], [ -45.016174699999965, -23.41425739999994 ], [ -45.016753699999981, -23.413755399999957 ], [ -45.017219699999941, -23.413370399999963 ], [ -45.017648699999938, -23.412983399999973 ], [ -45.018166699999938, -23.412695399999961 ], [ -45.018870699999979, -23.41235439999997 ], [ -45.01932469999997, -23.412129399999969 ], [ -45.019747199999983, -23.411795 ], [ -45.019909199999972, -23.411659499999928 ], [ -45.019938499999967, -23.411636599999952 ], [ -45.019962799999973, -23.411615799999936 ], [ -45.020264099999963, -23.411363199999982 ], [ -45.020672799999943, -23.411029299999939 ], [ -45.020742, -23.410972699999945 ], [ -45.020829699999979, -23.410901 ], [ -45.02126149999998, -23.410104299999944 ], [ -45.021591199999932, -23.409489099999973 ], [ -45.02162519999996, -23.409473099999957 ], [ -45.021660199999985, -23.409456099999943 ], [ -45.022064299999954, -23.409277199999963 ], [ -45.021918699999958, -23.408410699999934 ], [ -45.021847399999956, -23.408168799999942 ], [ -45.021698499999957, -23.407678699999963 ], [ -45.021617899999967, -23.407170099999973 ], [ -45.021387699999934, -23.406178399999931 ], [ -45.02155689999995, -23.405713599999956 ], [ -45.021583899999939, -23.405227199999956 ], [ -45.021488899999952, -23.404912099999933 ], [ -45.02127059999998, -23.40451939999997 ], [ -45.020924899999955, -23.403827599999943 ], [ -45.020969399999956, -23.402692699999932 ], [ -45.020421599999963, -23.402714499999945 ], [ -45.019921199999942, -23.40263269999997 ], [ -45.019867499999975, -23.402611699999966 ], [ -45.019811899999979, -23.402579399999979 ], [ -45.019335699999942, -23.402300799999978 ], [ -45.019050899999968, -23.402094099999943 ], [ -45.019018799999969, -23.402058499999953 ], [ -45.018987, -23.402032799999972 ], [ -45.019527, -23.401594699999976 ], [ -45.020446499999935, -23.400882699999954 ], [ -45.020816599999932, -23.400551499999949 ], [ -45.021096199999931, -23.400269099999946 ], [ -45.021229199999937, -23.400056799999959 ], [ -45.021291, -23.39992419999993 ], [ -45.021328299999936, -23.399776499999973 ], [ -45.021356499999968, -23.399539199999936 ], [ -45.021334799999977, -23.399256399999956 ], [ -45.021270799999968, -23.399063799999965 ], [ -45.021162499999946, -23.398876199999961 ], [ -45.02103, -23.398698099999933 ], [ -45.020873699999981, -23.398536099999944 ], [ -45.020175799999947, -23.398133 ], [ -45.016804, -23.39654059999998 ], [ -45.014841899999965, -23.395582499999932 ], [ -45.014644799999985, -23.395482199999947 ], [ -45.013201099999947, -23.394781299999977 ], [ -45.01112889999996, -23.393775299999959 ], [ -45.010583, -23.393510299999946 ], [ -45.00987779999997, -23.39316789999998 ], [ -45.009687099999951, -23.393074799999965 ], [ -45.008852199999978, -23.39267 ], [ -45.00852059999994, -23.392509099999927 ], [ -45.009044499999959, -23.391795 ] ] ] ] } },
{ "type": "Feature", "properties": { "id": "3555406024", "cd_bairro": "3555406024", "bairro": "Praia do Félix (Praia do Lúcio)", "cd_mun": "3555406", "municipio": "Ubatuba", "cd_dist": "355540605", "distrito": "Ubatuba" }, "geometry": { "type": "Polygon", "coordinates": [ [ [ -44.981023099999959, -23.388018299999942 ], [ -44.981053699999961, -23.387986699999942 ], [ -44.981127699999945, -23.38791029999993 ], [ -44.981377699999939, -23.387648299999967 ], [ -44.981559699999934, -23.387494299999958 ], [ -44.982201, -23.386605299999928 ], [ -44.982007599999974, -23.386587099999929 ], [ -44.981148499999961, -23.386824499999932 ], [ -44.98104109999997, -23.386818399999981 ], [ -44.980966599999931, -23.386760399999957 ], [ -44.980901299999971, -23.386568599999976 ], [ -44.980899499999964, -23.386452199999951 ], [ -44.980972, -23.386250399999938 ], [ -44.98096529999998, -23.386062 ], [ -44.980837099999974, -23.38592929999993 ], [ -44.980438699999979, -23.385879699999975 ], [ -44.980222699999956, -23.385742 ], [ -44.980139, -23.385388099999943 ], [ -44.98013949999995, -23.384662899999967 ], [ -44.980110799999977, -23.384509099999946 ], [ -44.97999729999998, -23.384305599999948 ], [ -44.979883799999982, -23.384245399999941 ], [ -44.979628099999957, -23.384257599999955 ], [ -44.978649399999938, -23.384524 ], [ -44.977917799999943, -23.384616499999936 ], [ -44.977372299999956, -23.38456739999998 ], [ -44.976400299999966, -23.384305899999958 ], [ -44.976229399999966, -23.384224499999959 ], [ -44.97561, -23.383822 ], [ -44.975030899999979, -23.383403899999962 ], [ -44.974249799999939, -23.382929499999932 ], [ -44.973406499999953, -23.382505299999934 ], [ -44.972862799999973, -23.382286199999953 ], [ -44.972382, -23.382008 ], [ -44.972117199999957, -23.381724299999973 ], [ -44.971937699999955, -23.381481199999939 ], [ -44.971794299999942, -23.381141799999966 ], [ -44.971788799999956, -23.380792299999939 ], [ -44.971839399999965, -23.380625099999975 ], [ -44.971949799999948, -23.380443399999933 ], [ -44.9722, -23.380224899999973 ], [ -44.972586199999967, -23.380166499999973 ], [ -44.97296689999996, -23.380188199999964 ], [ -44.973345199999983, -23.380245699999932 ], [ -44.974115299999937, -23.380450899999971 ], [ -44.975037199999974, -23.380584099999965 ], [ -44.975429, -23.380588599999953 ], [ -44.975805399999956, -23.380529599999932 ], [ -44.975986, -23.380468299999961 ], [ -44.97606959999996, -23.380392499999971 ], [ -44.976059799999973, -23.380105399999934 ], [ -44.976151899999934, -23.379761499999972 ], [ -44.976151499999958, -23.379668899999956 ], [ -44.97615129999997, -23.379627199999959 ], [ -44.976050599999951, -23.379523 ], [ -44.975722299999973, -23.379450499999962 ], [ -44.975317799999971, -23.37949 ], [ -44.975174899999956, -23.379475099999979 ], [ -44.97493819999994, -23.379450399999939 ], [ -44.974778399999934, -23.379351799999938 ], [ -44.974528199999952, -23.379140499999949 ], [ -44.974469599999964, -23.378850599999964 ], [ -44.974485399999935, -23.37861879999997 ], [ -44.974762299999952, -23.378151199999934 ], [ -44.974798199999952, -23.377955099999951 ], [ -44.974809299999947, -23.377894199999957 ], [ -44.974737299999958, -23.377800599999944 ], [ -44.974340699999971, -23.377724199999932 ], [ -44.974103799999966, -23.377706799999942 ], [ -44.973784799999976, -23.377683399999967 ], [ -44.973679299999958, -23.377650499999959 ], [ -44.973615199999983, -23.377584199999944 ], [ -44.973558399999945, -23.377410899999973 ], [ -44.97357059999996, -23.377232499999934 ], [ -44.973640699999976, -23.377066399999933 ], [ -44.97394879999996, -23.376573699999938 ], [ -44.973996399999976, -23.37645109999994 ], [ -44.973871299999985, -23.376273799999979 ], [ -44.973457, -23.376169599999969 ], [ -44.973247699999945, -23.376077 ], [ -44.97314149999994, -23.375909799999931 ], [ -44.97310669999996, -23.375701899999967 ], [ -44.97312, -23.375362499999937 ], [ -44.973041299999977, -23.375223699999935 ], [ -44.972975399999939, -23.375184099999956 ], [ -44.972782, -23.375146199999961 ], [ -44.971814299999949, -23.375252 ], [ -44.971425099999976, -23.375211799999931 ], [ -44.971053499999982, -23.375056299999983 ], [ -44.970913099999962, -23.374958699999979 ], [ -44.970668399999965, -23.374667199999976 ], [ -44.970528099999967, -23.374426399999948 ], [ -44.970513399999959, -23.374210699999935 ], [ -44.970611599999984, -23.373920899999973 ], [ -44.970637199999942, -23.373403099999962 ], [ -44.970607899999948, -23.37325809999993 ], [ -44.969955, -23.37289119999997 ], [ -44.969672799999955, -23.373030699999958 ], [ -44.969607099999962, -23.373070699999971 ], [ -44.969555599999978, -23.373114899999962 ], [ -44.969534299999964, -23.373160399999961 ], [ -44.969533, -23.373199599999964 ], [ -44.969512899999984, -23.373374299999966 ], [ -44.969505199999958, -23.37344109999998 ], [ -44.969424799999956, -23.373589399999958 ], [ -44.969321, -23.373672499999941 ], [ -44.969222699999932, -23.373803899999928 ], [ -44.969221, -23.373952799999927 ], [ -44.969222299999956, -23.374020499999972 ], [ -44.969197799999961, -23.374099599999965 ], [ -44.969141399999955, -23.374160899999936 ], [ -44.968982299999936, -23.374331199999972 ], [ -44.968965599999933, -23.374363 ], [ -44.968946699999947, -23.374426299999982 ], [ -44.968935699999975, -23.374490399999956 ], [ -44.968937099999948, -23.374564199999952 ], [ -44.968936299999939, -23.374641199999928 ], [ -44.968948099999977, -23.374765299999979 ], [ -44.96902369999998, -23.374868599999957 ], [ -44.969681899999955, -23.375407199999927 ], [ -44.969755299999974, -23.375525899999957 ], [ -44.969788499999936, -23.37567439999998 ], [ -44.969763099999966, -23.37578259999998 ], [ -44.969737799999962, -23.375801 ], [ -44.969707699999958, -23.375869899999941 ], [ -44.969635199999971, -23.375947799999949 ], [ -44.969304199999954, -23.376147199999934 ], [ -44.968852399999946, -23.376333 ], [ -44.968733099999952, -23.376364599999931 ], [ -44.968633899999929, -23.376358099999948 ], [ -44.968554799999936, -23.376334899999961 ], [ -44.968341399999986, -23.376168599999971 ], [ -44.968078, -23.376086799999939 ], [ -44.967733199999941, -23.375870899999939 ], [ -44.967524, -23.375787299999956 ], [ -44.967221199999983, -23.375632 ], [ -44.967076, -23.37560609999997 ], [ -44.966791299999954, -23.375580299999967 ], [ -44.966712, -23.375607499999944 ], [ -44.966577399999949, -23.375694799999962 ], [ -44.966536, -23.375791799999945 ], [ -44.966540899999984, -23.37587979999995 ], [ -44.966557, -23.375941799999964 ], [ -44.966655099999969, -23.376046499999973 ], [ -44.966701799999953, -23.37609649999996 ], [ -44.966862899999967, -23.376165699999945 ], [ -44.967617799999971, -23.376748099999929 ], [ -44.968009299999949, -23.376933299999962 ], [ -44.968579399999953, -23.377082399999949 ], [ -44.969003099999952, -23.377161399999977 ], [ -44.969453899999962, -23.377353399999947 ], [ -44.969582499999945, -23.37768449999993 ], [ -44.969363099999953, -23.37794 ], [ -44.969044, -23.378198299999951 ], [ -44.968974899999978, -23.378354599999966 ], [ -44.969153499999948, -23.379007699999931 ], [ -44.968833699999948, -23.379243499999973 ], [ -44.968205, -23.379478899999981 ], [ -44.968214299999943, -23.379636699999935 ], [ -44.96820409999998, -23.379796699999929 ], [ -44.968189499999937, -23.379920399999946 ], [ -44.968156199999953, -23.38004159999997 ], [ -44.968107699999962, -23.380139 ], [ -44.968028799999956, -23.380238799999972 ], [ -44.967940699999986, -23.380361 ], [ -44.967750799999976, -23.380536599999971 ], [ -44.967472, -23.380800299999976 ], [ -44.966859499999941, -23.381305 ], [ -44.966629299999965, -23.381516799999929 ], [ -44.96647889999997, -23.38168909999996 ], [ -44.966392499999984, -23.38184119999994 ], [ -44.966333299999974, -23.382013099999938 ], [ -44.966308799999979, -23.382169199999964 ], [ -44.966305899999952, -23.38229629999995 ], [ -44.966334399999937, -23.382487599999934 ], [ -44.966379199999949, -23.382613799999945 ], [ -44.966438799999935, -23.382732499999975 ], [ -44.966501799999946, -23.382829899999933 ], [ -44.966601, -23.382954299999938 ], [ -44.966720199999941, -23.383047799999929 ], [ -44.966773099999955, -23.383081 ], [ -44.966972699999985, -23.383206199999961 ], [ -44.96336, -23.384986899999944 ], [ -44.963364299999967, -23.384992499999953 ], [ -44.963478399999985, -23.385212299999978 ], [ -44.96348809999995, -23.385375799999963 ], [ -44.963350799999944, -23.385492 ], [ -44.96316749999994, -23.38550429999998 ], [ -44.962943199999984, -23.38556879999993 ], [ -44.962853199999984, -23.385743799999943 ], [ -44.962791799999934, -23.385919 ], [ -44.962918199999933, -23.386113899999941 ], [ -44.963094699999942, -23.386344699999938 ], [ -44.963528, -23.386533199999974 ], [ -44.963814699999944, -23.386718 ], [ -44.964253, -23.386843299999953 ], [ -44.964433499999984, -23.386939699999971 ], [ -44.964792899999964, -23.386941199999967 ], [ -44.965070799999978, -23.387055699999962 ], [ -44.965463099999965, -23.387099699999965 ], [ -44.965970699999957, -23.387056099999938 ], [ -44.966262099999938, -23.386884299999963 ], [ -44.966436299999941, -23.386653599999931 ], [ -44.966672799999969, -23.386400299999934 ], [ -44.966837799999951, -23.386321399999929 ], [ -44.96698269999996, -23.386380499999973 ], [ -44.967223199999978, -23.386521099999982 ], [ -44.967475599999943, -23.38666319999993 ], [ -44.967764899999963, -23.386822199999983 ], [ -44.968000399999937, -23.386950799999966 ], [ -44.968240799999933, -23.387115899999969 ], [ -44.96837389999996, -23.387200399999983 ], [ -44.96851909999998, -23.387199599999974 ], [ -44.96857069999993, -23.387327 ], [ -44.968712599999947, -23.387470599999972 ], [ -44.968948599999976, -23.387620899999945 ], [ -44.969184199999972, -23.387757499999964 ], [ -44.969503799999984, -23.387913599999933 ], [ -44.969770399999959, -23.388053799999966 ], [ -44.970055099999968, -23.388211899999931 ], [ -44.970286399999964, -23.38834 ], [ -44.970487899999966, -23.388472 ], [ -44.970804599999951, -23.388701 ], [ -44.971093, -23.388906499999962 ], [ -44.971326399999953, -23.38910889999994 ], [ -44.971575, -23.389351899999951 ], [ -44.971759899999938, -23.389531599999941 ], [ -44.971884599999953, -23.389683899999966 ], [ -44.972006, -23.389848499999971 ], [ -44.972154, -23.390080799999964 ], [ -44.972288, -23.390327499999955 ], [ -44.972468699999979, -23.390649 ], [ -44.972594299999969, -23.390999499999964 ], [ -44.972663399999931, -23.391361299999971 ], [ -44.972652399999959, -23.391649699999959 ], [ -44.97261489999994, -23.391934899999967 ], [ -44.972557, -23.392150499999957 ], [ -44.972502299999974, -23.39235089999994 ], [ -44.972405, -23.392584699999929 ], [ -44.972278599999981, -23.392787099999964 ], [ -44.972129199999983, -23.392919699999936 ], [ -44.972004699999957, -23.392824899999937 ], [ -44.971772199999975, -23.39280789999998 ], [ -44.97160109999993, -23.392827 ], [ -44.971374199999957, -23.392725 ], [ -44.971289599999977, -23.392550299999982 ], [ -44.971012499999972, -23.392464099999927 ], [ -44.970868799999948, -23.392597799999976 ], [ -44.970800199999985, -23.392790899999966 ], [ -44.970712899999967, -23.392913799999974 ], [ -44.970635499999958, -23.393098899999927 ], [ -44.97064389999997, -23.3933 ], [ -44.970471799999984, -23.393567699999949 ], [ -44.970538699999963, -23.39377879999995 ], [ -44.970611499999961, -23.393945699999961 ], [ -44.970874899999956, -23.39407719999997 ], [ -44.971291199999939, -23.394244 ], [ -44.971645099999932, -23.394500599999958 ], [ -44.972041399999966, -23.394614 ], [ -44.972194299999956, -23.39472029999996 ], [ -44.972457199999951, -23.394629699999939 ], [ -44.972795099999985, -23.394724699999983 ], [ -44.973054099999956, -23.394847499999969 ], [ -44.97344019999997, -23.394948699999929 ], [ -44.973739599999931, -23.395073599999932 ], [ -44.973958599999946, -23.395283599999971 ], [ -44.974013299999967, -23.395475199999964 ], [ -44.974104499999953, -23.395583899999963 ], [ -44.974298099999942, -23.395716499999935 ], [ -44.974520899999959, -23.395858 ], [ -44.97469179999996, -23.396032899999966 ], [ -44.974772, -23.396338599999979 ], [ -44.97477809999998, -23.39656679999996 ], [ -44.974933, -23.396716399999946 ], [ -44.975233299999957, -23.396865499999933 ], [ -44.975317199999949, -23.397067799999945 ], [ -44.975567199999944, -23.397313 ], [ -44.975699399999939, -23.397595099999933 ], [ -44.975881899999933, -23.397778699999947 ], [ -44.976132499999949, -23.398020199999962 ], [ -44.976237799999979, -23.398176399999954 ], [ -44.976303299999984, -23.398416499999939 ], [ -44.976408, -23.398724099999981 ], [ -44.976426, -23.398992899999939 ], [ -44.976511899999934, -23.399179899999979 ], [ -44.976615599999946, -23.399358099999972 ], [ -44.976695399999983, -23.399541499999941 ], [ -44.976775399999951, -23.399803599999927 ], [ -44.976831799999957, -23.399933499999975 ], [ -44.976946699999985, -23.400130499999932 ], [ -44.97708659999995, -23.400290599999948 ], [ -44.977362, -23.400440499999945 ], [ -44.977653, -23.400621899999976 ], [ -44.978001899999981, -23.400694299999941 ], [ -44.978337199999942, -23.400776499999949 ], [ -44.978754899999956, -23.400862399999937 ], [ -44.979103699999939, -23.400918099999956 ], [ -44.979475399999956, -23.400960299999952 ], [ -44.9798, -23.401058399999954 ], [ -44.980144499999938, -23.401139099999966 ], [ -44.980461, -23.401149499999974 ], [ -44.98080159999995, -23.401237599999945 ], [ -44.980848399999957, -23.401240299999927 ], [ -44.980321, -23.40033829999993 ], [ -44.979894, -23.399625299999968 ], [ -44.979441699999938, -23.398709499999939 ], [ -44.979344799999978, -23.39885309999994 ], [ -44.979152, -23.399031 ], [ -44.978732099999945, -23.399258599999939 ], [ -44.97843359999996, -23.399300099999948 ], [ -44.978258399999959, -23.399273899999969 ], [ -44.978114499999947, -23.399162699999977 ], [ -44.977854299999933, -23.398743599999932 ], [ -44.977342599999986, -23.397509599999978 ], [ -44.976728299999934, -23.396213099999954 ], [ -44.976384, -23.395597299999963 ], [ -44.976409499999932, -23.39543029999993 ], [ -44.97647029999996, -23.395281399999931 ], [ -44.977167, -23.394752599999947 ], [ -44.977668599999959, -23.39374429999998 ], [ -44.977987, -23.393451899999945 ], [ -44.978378799999973, -23.392845099999931 ], [ -44.978725, -23.392321099999947 ], [ -44.978908099999956, -23.391995899999984 ], [ -44.979144199999951, -23.391531699999973 ], [ -44.979302899999936, -23.391245499999968 ], [ -44.97941789999993, -23.391045499999962 ], [ -44.979543199999966, -23.39085259999996 ], [ -44.97975809999997, -23.390588399999956 ], [ -44.980291499999964, -23.390283599999975 ], [ -44.98060659999993, -23.390253799999982 ], [ -44.981260299999974, -23.390099499999963 ], [ -44.981952299999932, -23.389896299999975 ], [ -44.982158799999979, -23.389790599999969 ], [ -44.982326099999966, -23.389641499999982 ], [ -44.982323199999939, -23.389553099999944 ], [ -44.982120599999973, -23.389376 ], [ -44.981746799999939, -23.389260299999933 ], [ -44.981419, -23.389051599999959 ], [ -44.981371099999933, -23.388944099999947 ], [ -44.981337899999971, -23.388608099999942 ], [ -44.981350099999986, -23.388441599999965 ], [ -44.981459399999949, -23.388227799999981 ], [ -44.98149049999995, -23.388196799999946 ], [ -44.981243199999938, -23.388104399999975 ], [ -44.981191899999942, -23.388078099999973 ], [ -44.981023099999959, -23.388018299999942 ] ] ] } },
{ "type": "Feature", "properties": { "id": "3555406025", "cd_bairro": "3555406025", "bairro": "Acaraú", "cd_mun": "3555406", "municipio": "Ubatuba", "cd_dist": "355540605", "distrito": "Ubatuba" }, "geometry": { "type": "Polygon", "coordinates": [ [ [ -45.061960599999964, -23.459674699999937 ], [ -45.061544099999935, -23.458982099999957 ], [ -45.061510299999952, -23.458935099999962 ], [ -45.061304799999959, -23.458625099999949 ], [ -45.06110549999994, -23.458301699999936 ], [ -45.060751299999936, -23.457698299999947 ], [ -45.060596199999964, -23.45741449999997 ], [ -45.060302799999931, -23.456895599999939 ], [ -45.060015199999953, -23.456647399999952 ], [ -45.059953699999937, -23.456593399999974 ], [ -45.05983109999994, -23.456483399999968 ], [ -45.059627099999943, -23.456640899999968 ], [ -45.059465199999977, -23.456700199999943 ], [ -45.059254899999985, -23.456747699999937 ], [ -45.059154699999965, -23.456818899999973 ], [ -45.059012299999949, -23.456905 ], [ -45.058892199999946, -23.456831099999931 ], [ -45.058798099999933, -23.456899499999963 ], [ -45.058670099999972, -23.457045599999958 ], [ -45.058646599999975, -23.457072499999981 ], [ -45.058470199999931, -23.457277799999929 ], [ -45.058326199999954, -23.457461 ], [ -45.058190199999956, -23.457622499999957 ], [ -45.058022199999982, -23.457798799999978 ], [ -45.05776579999997, -23.458034599999962 ], [ -45.057566, -23.458181 ], [ -45.05732729999994, -23.458356299999934 ], [ -45.057135499999958, -23.458450599999935 ], [ -45.056871699999931, -23.458670699999971 ], [ -45.05667939999995, -23.458789599999932 ], [ -45.056382599999949, -23.458989699999961 ], [ -45.055989799999963, -23.459152299999971 ], [ -45.055565799999954, -23.459261899999944 ], [ -45.055304199999966, -23.459251199999983 ], [ -45.055107199999952, -23.459189399999957 ], [ -45.054944399999954, -23.459024399999976 ], [ -45.054956799999957, -23.459114199999931 ], [ -45.05493679999995, -23.45915279999997 ], [ -45.054918199999975, -23.45918249999994 ], [ -45.054788599999938, -23.459437499999979 ], [ -45.054724499999963, -23.459632299999953 ], [ -45.054676599999937, -23.459898799999962 ], [ -45.054567099999986, -23.46003879999995 ], [ -45.054398799999944, -23.460133499999927 ], [ -45.054301599999974, -23.460248099999944 ], [ -45.054251099999931, -23.460343099999932 ], [ -45.05427439999994, -23.460425499999928 ], [ -45.054334399999959, -23.460498899999948 ], [ -45.054483699999935, -23.460581699999977 ], [ -45.054607099999942, -23.460641899999928 ], [ -45.054798699999935, -23.460741 ], [ -45.054984199999979, -23.460751199999947 ], [ -45.055185199999983, -23.460730199999944 ], [ -45.05537419999996, -23.460663199999942 ], [ -45.055544199999986, -23.460636199999954 ], [ -45.055790199999933, -23.460638199999948 ], [ -45.055968199999938, -23.460666199999935 ], [ -45.056099199999949, -23.460765199999969 ], [ -45.056275299999982, -23.460886899999934 ], [ -45.056362099999944, -23.461131699999953 ], [ -45.056399699999986, -23.461303899999962 ], [ -45.056446799999947, -23.461457199999927 ], [ -45.056610299999932, -23.461560399999939 ], [ -45.056904199999963, -23.461493599999983 ], [ -45.057070599999975, -23.461493 ], [ -45.057295, -23.461569099999963 ], [ -45.057494899999938, -23.461701799999958 ], [ -45.057703199999935, -23.46190219999994 ], [ -45.057996199999934, -23.462055199999952 ], [ -45.058228199999974, -23.462092199999972 ], [ -45.058412899999951, -23.46219919999993 ], [ -45.058613699999967, -23.462241499999948 ], [ -45.059625899999958, -23.46284559999998 ], [ -45.059634, -23.462899399999969 ], [ -45.059645799999942, -23.462919 ], [ -45.059649899999954, -23.462942699999928 ], [ -45.059647199999972, -23.462969599999951 ], [ -45.059848399999964, -23.46309679999996 ], [ -45.059980799999948, -23.46322559999993 ], [ -45.060059299999978, -23.463341899999932 ], [ -45.060260599999935, -23.463607899999943 ], [ -45.060495899999978, -23.46395769999998 ], [ -45.060952599999951, -23.464600099999927 ], [ -45.061535599999957, -23.464106099999981 ], [ -45.061897, -23.463801899999964 ], [ -45.062482399999965, -23.463314099999934 ], [ -45.062516199999948, -23.46328589999996 ], [ -45.063040899999976, -23.462847299999964 ], [ -45.063438499999961, -23.462488199999939 ], [ -45.063548399999945, -23.462287599999968 ], [ -45.063580899999977, -23.462264299999958 ], [ -45.063595899999939, -23.462255 ], [ -45.063632299999938, -23.462235199999952 ], [ -45.06366369999995, -23.462212699999952 ], [ -45.063756499999954, -23.462314799999945 ], [ -45.063881, -23.462417699999946 ], [ -45.064007, -23.462489199999936 ], [ -45.064222599999937, -23.462562199999979 ], [ -45.064434299999959, -23.462535099999968 ], [ -45.064581, -23.46247 ], [ -45.064706499999943, -23.462391 ], [ -45.064876899999945, -23.462281699999949 ], [ -45.065094699999975, -23.462116599999945 ], [ -45.065489, -23.461727499999938 ], [ -45.065456199999971, -23.461703 ], [ -45.065347399999951, -23.461621599999944 ], [ -45.065311099999974, -23.461481399999968 ], [ -45.065290599999969, -23.461390799999947 ], [ -45.065236099999936, -23.46131459999998 ], [ -45.065064099999972, -23.461094 ], [ -45.064866699999982, -23.460806 ], [ -45.06475359999996, -23.460733199999936 ], [ -45.06465929999996, -23.46066419999994 ], [ -45.064510399999961, -23.460519699999963 ], [ -45.064432499999953, -23.460425599999951 ], [ -45.064411699999937, -23.460322099999928 ], [ -45.064435199999934, -23.460229099999935 ], [ -45.064526499999943, -23.460119099999929 ], [ -45.064580299999932, -23.459998299999938 ], [ -45.064576299999942, -23.459849299999973 ], [ -45.064574899999968, -23.459825299999977 ], [ -45.064463399999966, -23.459690899999941 ], [ -45.064432499999953, -23.459562499999947 ], [ -45.064323599999966, -23.459466199999952 ], [ -45.064222599999937, -23.459383799999955 ], [ -45.064054699999986, -23.459140699999978 ], [ -45.063959799999964, -23.459018899999933 ], [ -45.063862099999938, -23.458759199999974 ], [ -45.063772299999982, -23.458526399999982 ], [ -45.063706, -23.458407799999975 ], [ -45.063644299999964, -23.458344299999965 ], [ -45.063562599999955, -23.458325299999956 ], [ -45.063486699999942, -23.458344899999929 ], [ -45.063338599999952, -23.458487799999943 ], [ -45.063281299999971, -23.458692699999972 ], [ -45.063155, -23.458863399999927 ], [ -45.06305709999998, -23.458988799999929 ], [ -45.062913899999955, -23.459125699999959 ], [ -45.0628, -23.459192299999927 ], [ -45.062611499999946, -23.459371899999951 ], [ -45.062412299999949, -23.459556899999939 ], [ -45.062272299999961, -23.459617799999933 ], [ -45.062203, -23.45961 ], [ -45.062138199999936, -23.45961 ], [ -45.062071199999934, -23.459631 ], [ -45.061994099999936, -23.459649699999943 ], [ -45.061960599999964, -23.459674699999937 ] ] ] } },
{ "type": "Feature", "properties": { "id": "3555406026", "cd_bairro": "3555406026", "bairro": "Praia Grande", "cd_mun": "3555406", "municipio": "Ubatuba", "cd_dist": "355540605", "distrito": "Ubatuba" }, "geometry": { "type": "Polygon", "coordinates": [ [ [ -45.071106399999962, -23.480056699999977 ], [ -45.073206299999981, -23.478733899999952 ], [ -45.074662799999942, -23.478309899999942 ], [ -45.076082399999962, -23.478070199999934 ], [ -45.076690799999938, -23.477885799999967 ], [ -45.077272499999935, -23.477696799999933 ], [ -45.077038499999958, -23.477298599999983 ], [ -45.076798, -23.477120399999933 ], [ -45.076478499999951, -23.476853799999958 ], [ -45.075962799999957, -23.476467299999968 ], [ -45.075751499999967, -23.476229799999942 ], [ -45.07527349999998, -23.47579479999996 ], [ -45.074998499999936, -23.475575799999945 ], [ -45.074876499999959, -23.47551679999998 ], [ -45.074836199999936, -23.475490099999945 ], [ -45.074645499999974, -23.475363799999968 ], [ -45.074381499999959, -23.475136799999973 ], [ -45.07412949999997, -23.474810799999943 ], [ -45.073792499999968, -23.474359799999945 ], [ -45.073683499999959, -23.474200799999949 ], [ -45.073324499999956, -23.473651799999971 ], [ -45.073032499999954, -23.473091799999963 ], [ -45.072820399999955, -23.472549799999967 ], [ -45.072836799999948, -23.472207199999957 ], [ -45.072941399999934, -23.471765199999936 ], [ -45.073116599999935, -23.471245099999976 ], [ -45.073260599999969, -23.470708099999968 ], [ -45.073506599999973, -23.469942099999969 ], [ -45.073821599999974, -23.469201099999964 ], [ -45.073973599999931, -23.468602099999941 ], [ -45.074061599999936, -23.468089099999929 ], [ -45.074080599999945, -23.467705099999932 ], [ -45.07401729999998, -23.466792599999962 ], [ -45.073824299999956, -23.466342599999962 ], [ -45.073727299999973, -23.466065599999979 ], [ -45.073529299999961, -23.465826599999957 ], [ -45.073295899999948, -23.465632599999935 ], [ -45.072659899999962, -23.46442129999997 ], [ -45.074633699999936, -23.461192499999981 ], [ -45.072236799999985, -23.461702399999979 ], [ -45.071482499999945, -23.460479199999952 ], [ -45.071176699999967, -23.460173399999974 ], [ -45.071115599999985, -23.460183599999937 ], [ -45.070789399999967, -23.460285599999963 ], [ -45.069938899999954, -23.460097599999983 ], [ -45.069796499999939, -23.460138299999983 ], [ -45.068271, -23.460195899999974 ], [ -45.068069199999968, -23.460114199999964 ], [ -45.068013199999939, -23.460088399999961 ], [ -45.067751199999975, -23.45996759999997 ], [ -45.067715799999974, -23.45957089999996 ], [ -45.06733939999998, -23.459907799999939 ], [ -45.065580199999943, -23.461636699999929 ], [ -45.065489, -23.461727499999938 ], [ -45.065094699999975, -23.462116599999945 ], [ -45.064876899999945, -23.462281699999949 ], [ -45.064706499999943, -23.462391 ], [ -45.064581, -23.46247 ], [ -45.064434299999959, -23.462535099999968 ], [ -45.064222599999937, -23.462562199999979 ], [ -45.064007, -23.462489199999936 ], [ -45.063881, -23.462417699999946 ], [ -45.063756499999954, -23.462314799999945 ], [ -45.06366369999995, -23.462212699999952 ], [ -45.063632299999938, -23.462235199999952 ], [ -45.063595899999939, -23.462255 ], [ -45.063580899999977, -23.462264299999958 ], [ -45.063548399999945, -23.462287599999968 ], [ -45.063438499999961, -23.462488199999939 ], [ -45.063040899999976, -23.462847299999964 ], [ -45.062516199999948, -23.46328589999996 ], [ -45.062482399999965, -23.463314099999934 ], [ -45.061897, -23.463801899999964 ], [ -45.061535599999957, -23.464106099999981 ], [ -45.060952599999951, -23.464600099999927 ], [ -45.06085029999997, -23.464764499999944 ], [ -45.060070199999984, -23.466328199999964 ], [ -45.059657, -23.4671 ], [ -45.059937099999956, -23.467028399999947 ], [ -45.060119399999962, -23.466856099999973 ], [ -45.060262499999965, -23.46653 ], [ -45.060587899999973, -23.466524599999957 ], [ -45.060967099999971, -23.466613499999937 ], [ -45.061265699999979, -23.466776 ], [ -45.061549, -23.466966399999933 ], [ -45.061822599999971, -23.46714 ], [ -45.062081599999942, -23.467384699999968 ], [ -45.062341299999957, -23.467647 ], [ -45.062681199999986, -23.46794639999996 ], [ -45.063096599999938, -23.468416599999955 ], [ -45.06347089999997, -23.468773599999963 ], [ -45.063825399999985, -23.469168399999944 ], [ -45.064188199999933, -23.469577799999968 ], [ -45.064560899999947, -23.470019799999932 ], [ -45.064800599999955, -23.470256599999971 ], [ -45.065245399999981, -23.47081049999997 ], [ -45.065538099999969, -23.47115969999993 ], [ -45.065893899999935, -23.471638599999949 ], [ -45.06621819999998, -23.472047399999951 ], [ -45.0664, -23.472268299999939 ], [ -45.066736399999968, -23.472739099999956 ], [ -45.066932799999961, -23.473058299999934 ], [ -45.067248699999936, -23.473478799999953 ], [ -45.067494199999942, -23.473846799999933 ], [ -45.067735399999947, -23.474110199999927 ], [ -45.068109799999945, -23.474570599999936 ], [ -45.068441399999983, -23.47505149999995 ], [ -45.068712099999971, -23.475484399999971 ], [ -45.068920299999945, -23.47578539999995 ], [ -45.069097399999976, -23.476075199999968 ], [ -45.069296699999938, -23.476369399999953 ], [ -45.069363799999962, -23.476505299999928 ], [ -45.06948669999997, -23.476778599999932 ], [ -45.069572499999936, -23.476913199999956 ], [ -45.069786199999953, -23.477203299999928 ], [ -45.069981699999971, -23.477511299999946 ], [ -45.070188299999984, -23.477862899999934 ], [ -45.070408099999952, -23.478145299999937 ], [ -45.070835299999942, -23.47862589999994 ], [ -45.070930499999974, -23.478805499999964 ], [ -45.070913399999938, -23.479058699999939 ], [ -45.070762299999956, -23.479353799999956 ], [ -45.070675399999971, -23.479804799999954 ], [ -45.070699799999943, -23.480164199999933 ], [ -45.070807799999955, -23.480399199999965 ], [ -45.071079499999939, -23.48008649999997 ], [ -45.071106399999962, -23.480056699999977 ] ] ] } },
{ "type": "Feature", "properties": { "id": "3555406027", "cd_bairro": "3555406027", "bairro": "Promirim", "cd_mun": "3555406", "municipio": "Ubatuba", "cd_dist": "355540605", "distrito": "Ubatuba" }, "geometry": { "type": "Polygon", "coordinates": [ [ [ -44.957096699999965, -23.370219399999939 ], [ -44.956677, -23.370829699999945 ], [ -44.956346499999938, -23.370942499999956 ], [ -44.955272799999932, -23.371681099999932 ], [ -44.954128799999978, -23.372398899999951 ], [ -44.954046699999935, -23.372642299999939 ], [ -44.953938199999982, -23.372705799999949 ], [ -44.953871499999934, -23.372753399999965 ], [ -44.953857099999937, -23.37276369999995 ], [ -44.953570099999979, -23.37307119999997 ], [ -44.952739599999973, -23.373578699999939 ], [ -44.952249299999949, -23.373925 ], [ -44.951906099999974, -23.374135799999976 ], [ -44.951452399999937, -23.37443159999998 ], [ -44.950946599999952, -23.374598699999979 ], [ -44.950579199999936, -23.374719499999969 ], [ -44.950159699999972, -23.374825899999962 ], [ -44.94979, -23.374850699999968 ], [ -44.949403, -23.37486169999994 ], [ -44.949276699999984, -23.374706599999968 ], [ -44.949255199999982, -23.374726599999974 ], [ -44.949143899999967, -23.374918499999978 ], [ -44.949128499999972, -23.375112099999967 ], [ -44.949087299999974, -23.375337 ], [ -44.94915489999994, -23.37565909999995 ], [ -44.949196699999959, -23.375929 ], [ -44.949258099999952, -23.376227599999936 ], [ -44.949257799999941, -23.376413899999932 ], [ -44.949285499999974, -23.376665099999968 ], [ -44.949271, -23.376878799999929 ], [ -44.949198399999943, -23.377047699999935 ], [ -44.949178199999949, -23.377240599999936 ], [ -44.949257299999942, -23.37741589999996 ], [ -44.949378699999954, -23.377550699999972 ], [ -44.949416099999951, -23.377794699999981 ], [ -44.949462899999958, -23.377990699999941 ], [ -44.949345299999948, -23.378072699999962 ], [ -44.949278599999957, -23.378167599999983 ], [ -44.94922269999995, -23.378278599999931 ], [ -44.949335899999937, -23.378438299999971 ], [ -44.94933409999993, -23.378644299999962 ], [ -44.94955479999993, -23.37882419999994 ], [ -44.949810499999955, -23.378874499999938 ], [ -44.950014099999976, -23.378989699999977 ], [ -44.950212299999976, -23.379027599999972 ], [ -44.950499599999944, -23.379130799999928 ], [ -44.950832, -23.379111699999953 ], [ -44.951067099999932, -23.379184499999951 ], [ -44.951366899999982, -23.379245799999978 ], [ -44.951578199999972, -23.379422399999953 ], [ -44.951684199999931, -23.379538299999979 ], [ -44.951934299999948, -23.379574499999933 ], [ -44.952063599999974, -23.379479299999957 ], [ -44.952167199999963, -23.379367 ], [ -44.952272499999935, -23.379336899999942 ], [ -44.952357199999938, -23.379369599999961 ], [ -44.952547, -23.379357399999947 ], [ -44.952673799999957, -23.379234599999961 ], [ -44.952872899999932, -23.379133 ], [ -44.953154799999936, -23.379058199999974 ], [ -44.953511, -23.378920799999946 ], [ -44.953738099999953, -23.378962799999954 ], [ -44.954084099999932, -23.378901599999949 ], [ -44.954391699999974, -23.378891299999964 ], [ -44.954775299999937, -23.378905699999962 ], [ -44.955007699999953, -23.378968099999952 ], [ -44.955224599999951, -23.379000399999939 ], [ -44.955483699999945, -23.37894689999996 ], [ -44.955702, -23.378949099999943 ], [ -44.955965899999967, -23.379016199999967 ], [ -44.956392699999981, -23.379137 ], [ -44.956724299999962, -23.379228199999943 ], [ -44.957059199999946, -23.379308199999969 ], [ -44.957498399999963, -23.379409599999974 ], [ -44.95785049999995, -23.379459599999961 ], [ -44.958143, -23.379518399999938 ], [ -44.958467399999961, -23.379565199999945 ], [ -44.958867099999964, -23.379647599999942 ], [ -44.959088399999985, -23.379688599999952 ], [ -44.959392299999934, -23.379759399999955 ], [ -44.959782299999972, -23.379866199999981 ], [ -44.960080299999959, -23.380006399999957 ], [ -44.960346, -23.38015919999998 ], [ -44.960569499999963, -23.380318699999975 ], [ -44.960763399999962, -23.380454399999962 ], [ -44.960974299999975, -23.380660899999953 ], [ -44.96119559999994, -23.380891099999928 ], [ -44.961365399999977, -23.381085599999949 ], [ -44.961500899999976, -23.381303299999956 ], [ -44.961594799999943, -23.381521199999952 ], [ -44.96164239999996, -23.381692499999929 ], [ -44.961661, -23.381813799999975 ], [ -44.96134619999998, -23.381862899999931 ], [ -44.961130599999933, -23.382055799999932 ], [ -44.960877399999958, -23.382335199999943 ], [ -44.96078609999995, -23.382475499999941 ], [ -44.960802599999965, -23.382720499999948 ], [ -44.960582, -23.382957599999941 ], [ -44.960399399999972, -23.383170499999949 ], [ -44.960456299999976, -23.383276 ], [ -44.960660799999971, -23.383436899999936 ], [ -44.960915599999964, -23.383555299999955 ], [ -44.961223699999948, -23.383616099999983 ], [ -44.96151569999995, -23.383726 ], [ -44.961777699999971, -23.383783899999969 ], [ -44.962075499999969, -23.383903699999962 ], [ -44.962339099999951, -23.384050799999955 ], [ -44.962646, -23.384262399999955 ], [ -44.96290579999993, -23.384440499999982 ], [ -44.963002, -23.384549 ], [ -44.963048799999967, -23.384598099999948 ], [ -44.963168699999983, -23.384737 ], [ -44.96336, -23.384986899999944 ], [ -44.966972699999985, -23.383206199999961 ], [ -44.966773099999955, -23.383081 ], [ -44.966720199999941, -23.383047799999929 ], [ -44.966601, -23.382954299999938 ], [ -44.966501799999946, -23.382829899999933 ], [ -44.966438799999935, -23.382732499999975 ], [ -44.966379199999949, -23.382613799999945 ], [ -44.966334399999937, -23.382487599999934 ], [ -44.966305899999952, -23.38229629999995 ], [ -44.966308799999979, -23.382169199999964 ], [ -44.966333299999974, -23.382013099999938 ], [ -44.966392499999984, -23.38184119999994 ], [ -44.96647889999997, -23.38168909999996 ], [ -44.966629299999965, -23.381516799999929 ], [ -44.966859499999941, -23.381305 ], [ -44.967472, -23.380800299999976 ], [ -44.967750799999976, -23.380536599999971 ], [ -44.967940699999986, -23.380361 ], [ -44.968028799999956, -23.380238799999972 ], [ -44.968107699999962, -23.380139 ], [ -44.968156199999953, -23.38004159999997 ], [ -44.968189499999937, -23.379920399999946 ], [ -44.96820409999998, -23.379796699999929 ], [ -44.968214299999943, -23.379636699999935 ], [ -44.968205, -23.379478899999981 ], [ -44.968833699999948, -23.379243499999973 ], [ -44.969153499999948, -23.379007699999931 ], [ -44.968974899999978, -23.378354599999966 ], [ -44.969044, -23.378198299999951 ], [ -44.969363099999953, -23.37794 ], [ -44.969582499999945, -23.37768449999993 ], [ -44.969453899999962, -23.377353399999947 ], [ -44.969003099999952, -23.377161399999977 ], [ -44.968579399999953, -23.377082399999949 ], [ -44.968009299999949, -23.376933299999962 ], [ -44.967617799999971, -23.376748099999929 ], [ -44.966862899999967, -23.376165699999945 ], [ -44.966701799999953, -23.37609649999996 ], [ -44.966655099999969, -23.376046499999973 ], [ -44.966557, -23.375941799999964 ], [ -44.966540899999984, -23.37587979999995 ], [ -44.966536, -23.375791799999945 ], [ -44.966577399999949, -23.375694799999962 ], [ -44.966712, -23.375607499999944 ], [ -44.966791299999954, -23.375580299999967 ], [ -44.967076, -23.37560609999997 ], [ -44.967221199999983, -23.375632 ], [ -44.967524, -23.375787299999956 ], [ -44.967733199999941, -23.375870899999939 ], [ -44.968078, -23.376086799999939 ], [ -44.968341399999986, -23.376168599999971 ], [ -44.968554799999936, -23.376334899999961 ], [ -44.968633899999929, -23.376358099999948 ], [ -44.968733099999952, -23.376364599999931 ], [ -44.968852399999946, -23.376333 ], [ -44.969304199999954, -23.376147199999934 ], [ -44.969635199999971, -23.375947799999949 ], [ -44.969707699999958, -23.375869899999941 ], [ -44.969737799999962, -23.375801 ], [ -44.969763099999966, -23.37578259999998 ], [ -44.969788499999936, -23.37567439999998 ], [ -44.969755299999974, -23.375525899999957 ], [ -44.969681899999955, -23.375407199999927 ], [ -44.96902369999998, -23.374868599999957 ], [ -44.968948099999977, -23.374765299999979 ], [ -44.968936299999939, -23.374641199999928 ], [ -44.968937099999948, -23.374564199999952 ], [ -44.968935699999975, -23.374490399999956 ], [ -44.968946699999947, -23.374426299999982 ], [ -44.968965599999933, -23.374363 ], [ -44.968982299999936, -23.374331199999972 ], [ -44.969141399999955, -23.374160899999936 ], [ -44.969197799999961, -23.374099599999965 ], [ -44.969222299999956, -23.374020499999972 ], [ -44.969221, -23.373952799999927 ], [ -44.969222699999932, -23.373803899999928 ], [ -44.969321, -23.373672499999941 ], [ -44.969424799999956, -23.373589399999958 ], [ -44.969505199999958, -23.37344109999998 ], [ -44.969512899999984, -23.373374299999966 ], [ -44.969533, -23.373199599999964 ], [ -44.969534299999964, -23.373160399999961 ], [ -44.969555599999978, -23.373114899999962 ], [ -44.969607099999962, -23.373070699999971 ], [ -44.969672799999955, -23.373030699999958 ], [ -44.969955, -23.37289119999997 ], [ -44.96834, -23.371983499999942 ], [ -44.968536799999981, -23.371417199999939 ], [ -44.96880509999994, -23.370873399999937 ], [ -44.968044899999938, -23.370389099999954 ], [ -44.967879499999981, -23.37040989999997 ], [ -44.967594799999972, -23.370370899999955 ], [ -44.967482299999972, -23.370409799999948 ], [ -44.967404899999963, -23.370501899999965 ], [ -44.967327599999976, -23.370692499999961 ], [ -44.967299099999934, -23.371144099999981 ], [ -44.967280399999936, -23.371440399999983 ], [ -44.967112099999952, -23.371822499999951 ], [ -44.966763599999979, -23.372122299999944 ], [ -44.966453399999978, -23.372293799999966 ], [ -44.96604439999993, -23.372342499999945 ], [ -44.965239099999962, -23.372285399999953 ], [ -44.964848699999948, -23.372195 ], [ -44.964263699999947, -23.371916699999929 ], [ -44.962961499999949, -23.37107629999997 ], [ -44.962518299999942, -23.370992199999932 ], [ -44.962417499999958, -23.370996699999978 ], [ -44.962283399999933, -23.371064399999966 ], [ -44.962189899999942, -23.371203299999934 ], [ -44.962277299999982, -23.371965 ], [ -44.962221499999941, -23.372155599999928 ], [ -44.962167699999952, -23.372228699999937 ], [ -44.961896599999932, -23.372269299999971 ], [ -44.961442699999964, -23.37203889999995 ], [ -44.960753, -23.371428099999946 ], [ -44.960406699999965, -23.371054 ], [ -44.959979199999964, -23.370903 ], [ -44.959594699999968, -23.370720499999948 ], [ -44.959334399999932, -23.370649899999933 ], [ -44.958785599999942, -23.370456499999932 ], [ -44.957936299999972, -23.370156399999928 ], [ -44.957354199999941, -23.370160699999929 ], [ -44.957096699999965, -23.370219399999939 ] ] ] } },
{ "type": "Feature", "properties": { "id": "3555406028", "cd_bairro": "3555406028", "bairro": "Praia do Puruba", "cd_mun": "3555406", "municipio": "Ubatuba", "cd_dist": "355540605", "distrito": "Ubatuba" }, "geometry": { "type": "Polygon", "coordinates": [ [ [ -44.952839499999982, -23.348612699999933 ], [ -44.952568199999973, -23.348165499999936 ], [ -44.952417299999979, -23.348324199999979 ], [ -44.952286699999945, -23.348432199999934 ], [ -44.952124, -23.348513 ], [ -44.951569, -23.348709299999939 ], [ -44.950986799999953, -23.348917399999948 ], [ -44.950684699999954, -23.349118799999928 ], [ -44.950329099999976, -23.349396699999943 ], [ -44.950164599999937, -23.349562399999968 ], [ -44.950107399999979, -23.349611799999934 ], [ -44.950064299999951, -23.349650399999973 ], [ -44.949974199999986, -23.34968 ], [ -44.949844499999983, -23.349719499999935 ], [ -44.949691499999972, -23.349744299999941 ], [ -44.949541199999942, -23.349732299999971 ], [ -44.94931459999998, -23.349670899999978 ], [ -44.949049399999979, -23.349621399999933 ], [ -44.948885599999983, -23.349606499999936 ], [ -44.948803199999929, -23.349604199999931 ], [ -44.94871459999996, -23.349621899999931 ], [ -44.948647699999981, -23.349642 ], [ -44.948585299999934, -23.349676099999954 ], [ -44.948534, -23.349704899999949 ], [ -44.948429099999942, -23.349806899999976 ], [ -44.94800239999995, -23.350345599999969 ], [ -44.947965699999941, -23.350223399999948 ], [ -44.947892199999956, -23.350084299999935 ], [ -44.947817899999961, -23.349941599999966 ], [ -44.947700099999963, -23.349784499999942 ], [ -44.947549399999957, -23.349642899999935 ], [ -44.946817199999941, -23.349094299999933 ], [ -44.946793199999945, -23.349126399999932 ], [ -44.946428099999935, -23.349443699999938 ], [ -44.946212, -23.349683399999947 ], [ -44.946162, -23.349881099999948 ], [ -44.946183799999972, -23.350069799999972 ], [ -44.946321599999976, -23.350121099999967 ], [ -44.946508799999947, -23.350084099999947 ], [ -44.946675499999969, -23.350035799999944 ], [ -44.94683189999995, -23.350005 ], [ -44.946949599999982, -23.350073299999963 ], [ -44.947025499999938, -23.350165 ], [ -44.947035599999936, -23.350254499999949 ], [ -44.947038, -23.350368199999934 ], [ -44.947016899999937, -23.35046449999993 ], [ -44.946951299999967, -23.350539699999956 ], [ -44.946810399999947, -23.350644 ], [ -44.946718699999963, -23.350737799999933 ], [ -44.946691599999951, -23.350817199999938 ], [ -44.946772399999929, -23.350970599999982 ], [ -44.946883899999932, -23.350974399999927 ], [ -44.946992, -23.350967599999933 ], [ -44.947107699999947, -23.351009199999964 ], [ -44.947198299999968, -23.351039699999944 ], [ -44.947268799999961, -23.351080199999956 ], [ -44.947298799999942, -23.351134799999954 ], [ -44.947327599999937, -23.351205899999968 ], [ -44.947353699999951, -23.351291099999969 ], [ -44.947329399999944, -23.35138059999997 ], [ -44.947276099999954, -23.351439499999969 ], [ -44.947201, -23.351495099999966 ], [ -44.947049599999957, -23.351631 ], [ -44.946983499999931, -23.351748099999952 ], [ -44.946984899999961, -23.351865199999963 ], [ -44.946988799999986, -23.351968799999952 ], [ -44.946890399999972, -23.352108699999974 ], [ -44.946784899999955, -23.352203 ], [ -44.946670299999937, -23.352227399999947 ], [ -44.946536, -23.352322 ], [ -44.946469399999955, -23.352392699999939 ], [ -44.946397499999932, -23.352557099999956 ], [ -44.946278599999971, -23.352653699999962 ], [ -44.945966799999951, -23.352704299999971 ], [ -44.945813499999986, -23.352713499999936 ], [ -44.945572599999934, -23.352742499999977 ], [ -44.945347399999946, -23.352802099999963 ], [ -44.944797, -23.352988699999969 ], [ -44.944208599999968, -23.353427699999941 ], [ -44.943838599999935, -23.353604699999948 ], [ -44.943551, -23.353811299999961 ], [ -44.943306099999973, -23.353951599999959 ], [ -44.942911899999956, -23.354162299999928 ], [ -44.942348799999934, -23.35424949999998 ], [ -44.941909299999963, -23.354197299999953 ], [ -44.941296, -23.353991099999973 ], [ -44.940971599999955, -23.353952499999934 ], [ -44.940754199999958, -23.354052899999942 ], [ -44.940443099999982, -23.354180199999973 ], [ -44.940132199999937, -23.35424919999997 ], [ -44.939847499999985, -23.354229299999929 ], [ -44.939566899999932, -23.354236 ], [ -44.939189299999953, -23.354337699999974 ], [ -44.938882099999944, -23.354475799999932 ], [ -44.938423899999975, -23.354671 ], [ -44.938074099999938, -23.354837599999939 ], [ -44.937683899999968, -23.354826299999957 ], [ -44.936931499999957, -23.354541099999949 ], [ -44.936413199999947, -23.354291799999942 ], [ -44.936111499999981, -23.353919 ], [ -44.935949199999982, -23.353492099999983 ], [ -44.935566899999969, -23.35305569999997 ], [ -44.935269399999981, -23.352762 ], [ -44.934508499999936, -23.352683699999943 ], [ -44.933646199999941, -23.352730799999961 ], [ -44.932915199999968, -23.352990499999976 ], [ -44.932073299999956, -23.352925699999957 ], [ -44.930995, -23.352562 ], [ -44.929502199999945, -23.352125799999953 ], [ -44.928563399999973, -23.351818899999955 ], [ -44.927630399999941, -23.351442599999928 ], [ -44.926616199999955, -23.351051699999971 ], [ -44.926279, -23.351207699999975 ], [ -44.926323599999932, -23.351833699999929 ], [ -44.926511799999957, -23.352309299999945 ], [ -44.926137299999937, -23.352512299999944 ], [ -44.926182099999949, -23.352807599999949 ], [ -44.926162899999952, -23.352858499999968 ], [ -44.926213399999938, -23.352834599999937 ], [ -44.926370199999951, -23.352729099999976 ], [ -44.926398199999937, -23.352462699999933 ], [ -44.926902499999983, -23.352458499999955 ], [ -44.927135299999975, -23.352567399999941 ], [ -44.927462499999933, -23.352723 ], [ -44.927845399999967, -23.352820099999974 ], [ -44.928176, -23.352917399999967 ], [ -44.928598699999952, -23.353023899999982 ], [ -44.928848, -23.353093 ], [ -44.929147599999965, -23.353167399999961 ], [ -44.929440599999964, -23.353218499999969 ], [ -44.929797, -23.353298399999971 ], [ -44.930209699999978, -23.353348099999948 ], [ -44.930591, -23.35343249999994 ], [ -44.931113, -23.353534 ], [ -44.93146379999996, -23.353636499999936 ], [ -44.931872299999952, -23.353733099999943 ], [ -44.932357299999978, -23.353852899999936 ], [ -44.932690199999968, -23.353961799999979 ], [ -44.932951799999955, -23.354030499999965 ], [ -44.933181299999944, -23.354087599999957 ], [ -44.933537, -23.354173299999957 ], [ -44.93381519999997, -23.354247699999974 ], [ -44.934221699999966, -23.354356299999949 ], [ -44.934566, -23.354453499999977 ], [ -44.934958699999981, -23.354561599999954 ], [ -44.935270899999978, -23.354653199999973 ], [ -44.935665699999959, -23.354738399999974 ], [ -44.935977, -23.35483 ], [ -44.93625, -23.354905899999949 ], [ -44.93650649999995, -23.35497259999994 ], [ -44.93679359999993, -23.355023899999935 ], [ -44.937153699999953, -23.35514859999995 ], [ -44.937479199999984, -23.355292199999951 ], [ -44.937741699999947, -23.355395399999964 ], [ -44.938063099999965, -23.355527799999948 ], [ -44.938532299999963, -23.355731699999978 ], [ -44.93894709999995, -23.355909799999949 ], [ -44.939329099999952, -23.356076599999938 ], [ -44.939755299999945, -23.356243 ], [ -44.940156499999944, -23.356392199999959 ], [ -44.940551099999936, -23.356557799999962 ], [ -44.940829899999983, -23.356677399999967 ], [ -44.941210299999966, -23.356818499999974 ], [ -44.941594, -23.356952 ], [ -44.941844599999968, -23.357013099999961 ], [ -44.942021899999986, -23.35704869999995 ], [ -44.942150399999946, -23.357061399999964 ], [ -44.942248499999948, -23.357184099999927 ], [ -44.942316699999935, -23.357362199999955 ], [ -44.942429699999934, -23.357533399999966 ], [ -44.942474, -23.357699499999967 ], [ -44.942513399999939, -23.357985799999938 ], [ -44.942613599999959, -23.358147199999962 ], [ -44.942571899999962, -23.358297599999958 ], [ -44.942631799999958, -23.35840479999996 ], [ -44.942806299999972, -23.358568699999978 ], [ -44.942931, -23.358616499999982 ], [ -44.942987699999946, -23.358828499999959 ], [ -44.943068199999971, -23.359055 ], [ -44.943126399999983, -23.359171799999956 ], [ -44.943281, -23.359253099999933 ], [ -44.943457199999955, -23.35939019999995 ], [ -44.94361669999995, -23.359582799999941 ], [ -44.943627899999967, -23.359715899999969 ], [ -44.94367509999995, -23.359906499999965 ], [ -44.943719, -23.360094099999969 ], [ -44.943841499999962, -23.360287 ], [ -44.944024899999931, -23.360415399999965 ], [ -44.944199399999945, -23.360519599999975 ], [ -44.94434339999998, -23.360682099999963 ], [ -44.944518099999982, -23.360842699999978 ], [ -44.944656299999963, -23.361047599999949 ], [ -44.944812899999931, -23.361229699999967 ], [ -44.944969199999946, -23.361353099999974 ], [ -44.945098899999948, -23.361468799999955 ], [ -44.945384, -23.361683099999937 ], [ -44.945530099999985, -23.361820699999953 ], [ -44.94581009999996, -23.361955199999954 ], [ -44.946049099999982, -23.36211179999998 ], [ -44.946361899999943, -23.362289299999929 ], [ -44.946595499999944, -23.362466099999949 ], [ -44.946868799999947, -23.362633899999935 ], [ -44.947149399999944, -23.362711399999966 ], [ -44.947317599999963, -23.362722599999927 ], [ -44.947503299999937, -23.362932899999976 ], [ -44.947641499999975, -23.363092 ], [ -44.94785509999997, -23.363337799999954 ], [ -44.948039799999947, -23.363546199999973 ], [ -44.948255599999982, -23.363779 ], [ -44.948489599999959, -23.364064399999961 ], [ -44.948250099999939, -23.364221 ], [ -44.948146099999974, -23.364296899999943 ], [ -44.948059199999932, -23.364446 ], [ -44.94806559999995, -23.36461 ], [ -44.948112199999969, -23.364740799999936 ], [ -44.948265299999946, -23.364833699999963 ], [ -44.948359499999981, -23.364934299999959 ], [ -44.948414, -23.365107 ], [ -44.948428599999943, -23.365296299999954 ], [ -44.948439599999972, -23.365623 ], [ -44.948342699999955, -23.365682899999968 ], [ -44.948204199999964, -23.365685499999927 ], [ -44.948052899999936, -23.365863599999955 ], [ -44.948009699999943, -23.365965 ], [ -44.948034, -23.366059299999961 ], [ -44.948134099999947, -23.366138 ], [ -44.948268299999938, -23.366232799999977 ], [ -44.948363699999959, -23.366313899999966 ], [ -44.948373299999957, -23.366385799999932 ], [ -44.948344099999986, -23.366471199999978 ], [ -44.94828549999994, -23.366537199999982 ], [ -44.948189699999944, -23.36659839999993 ], [ -44.948023899999953, -23.366664799999967 ], [ -44.947898799999962, -23.366693399999974 ], [ -44.947636099999954, -23.366991 ], [ -44.947586199999932, -23.367109 ], [ -44.94773859999998, -23.36718929999995 ], [ -44.947794399999964, -23.367360499999961 ], [ -44.947812599999963, -23.367560699999956 ], [ -44.947784399999932, -23.367683099999965 ], [ -44.947851899999932, -23.367822799999942 ], [ -44.947889299999986, -23.368029 ], [ -44.947976199999971, -23.368221099999971 ], [ -44.94802859999993, -23.368373899999938 ], [ -44.94812479999996, -23.368526799999927 ], [ -44.948177399999963, -23.368719699999929 ], [ -44.948274099999935, -23.368929099999946 ], [ -44.948371, -23.369139 ], [ -44.948502399999938, -23.369251799999972 ], [ -44.948686699999939, -23.369421099999954 ], [ -44.94883139999996, -23.369534099999953 ], [ -44.948963099999958, -23.369678599999929 ], [ -44.949021699999946, -23.369855499999971 ], [ -44.949153499999966, -23.369962299999941 ], [ -44.949286499999971, -23.370081299999981 ], [ -44.94941979999993, -23.370177899999931 ], [ -44.949536099999932, -23.370291 ], [ -44.949645399999952, -23.370434 ], [ -44.949741099999983, -23.370557099999928 ], [ -44.949868599999945, -23.370775399999957 ], [ -44.949962099999937, -23.370942499999956 ], [ -44.950079699999947, -23.371202099999948 ], [ -44.950195, -23.371483099999978 ], [ -44.950232199999959, -23.371694 ], [ -44.950209399999949, -23.371896499999934 ], [ -44.950241399999982, -23.372048499999948 ], [ -44.950303699999949, -23.37226759999993 ], [ -44.950361899999962, -23.372424699999954 ], [ -44.950496699999974, -23.372477099999969 ], [ -44.950629599999957, -23.372557099999938 ], [ -44.950665799999967, -23.372636499999942 ], [ -44.950685299999975, -23.372723399999927 ], [ -44.950645, -23.372782899999947 ], [ -44.950522899999953, -23.372826799999928 ], [ -44.950376099999971, -23.372911299999942 ], [ -44.95027, -23.373005299999932 ], [ -44.950118399999951, -23.373120699999959 ], [ -44.950058599999977, -23.373270399999967 ], [ -44.950076, -23.373444 ], [ -44.95001149999996, -23.373514 ], [ -44.949836499999947, -23.373674699999981 ], [ -44.949644899999953, -23.373771899999952 ], [ -44.949556599999937, -23.373724699999968 ], [ -44.949453699999935, -23.373856499999931 ], [ -44.949397899999951, -23.374003199999947 ], [ -44.949283499999979, -23.374165699999935 ], [ -44.949335599999984, -23.374290599999938 ], [ -44.949356099999932, -23.37448889999996 ], [ -44.949358199999949, -23.374630699999955 ], [ -44.949276699999984, -23.374706599999968 ], [ -44.949403, -23.37486169999994 ], [ -44.94979, -23.374850699999968 ], [ -44.950159699999972, -23.374825899999962 ], [ -44.950579199999936, -23.374719499999969 ], [ -44.950946599999952, -23.374598699999979 ], [ -44.951452399999937, -23.37443159999998 ], [ -44.951906099999974, -23.374135799999976 ], [ -44.952249299999949, -23.373925 ], [ -44.952739599999973, -23.373578699999939 ], [ -44.953570099999979, -23.37307119999997 ], [ -44.953857099999937, -23.37276369999995 ], [ -44.953871499999934, -23.372753399999965 ], [ -44.953938199999982, -23.372705799999949 ], [ -44.954046699999935, -23.372642299999939 ], [ -44.954128799999978, -23.372398899999951 ], [ -44.955272799999932, -23.371681099999932 ], [ -44.956346499999938, -23.370942499999956 ], [ -44.956677, -23.370829699999945 ], [ -44.957096699999965, -23.370219399999939 ], [ -44.956938299999933, -23.370238299999983 ], [ -44.956377599999939, -23.370418799999982 ], [ -44.956006699999932, -23.370575 ], [ -44.954295, -23.371420899999976 ], [ -44.953982799999949, -23.371511099999964 ], [ -44.953768599999933, -23.37154 ], [ -44.953436899999986, -23.371510099999966 ], [ -44.95283319999993, -23.371269599999948 ], [ -44.952316699999983, -23.370911699999965 ], [ -44.951425599999936, -23.37021859999993 ], [ -44.950753799999973, -23.36952139999994 ], [ -44.950301699999955, -23.369072 ], [ -44.950084599999968, -23.368776499999967 ], [ -44.950019099999963, -23.368589499999928 ], [ -44.949968399999932, -23.368250799999942 ], [ -44.950042799999949, -23.36800779999993 ], [ -44.950221899999974, -23.367883199999937 ], [ -44.950390199999958, -23.367839 ], [ -44.950523299999929, -23.367839 ], [ -44.951128899999958, -23.368038 ], [ -44.95135879999998, -23.368085 ], [ -44.951525199999935, -23.368076899999949 ], [ -44.95170429999996, -23.367987599999935 ], [ -44.951764, -23.367868299999941 ], [ -44.95161829999995, -23.367536799999982 ], [ -44.951402199999961, -23.367284699999971 ], [ -44.950553199999945, -23.366470599999957 ], [ -44.950266599999964, -23.366134899999963 ], [ -44.950040699999931, -23.36578389999994 ], [ -44.949881399999981, -23.365264399999944 ], [ -44.949919699999953, -23.365093699999932 ], [ -44.950055799999973, -23.364852599999949 ], [ -44.95020059999996, -23.364697299999932 ], [ -44.950374799999963, -23.364619599999969 ], [ -44.950739799999951, -23.364586299999928 ], [ -44.951110599999936, -23.364636099999927 ], [ -44.951683899999978, -23.36479079999998 ], [ -44.953162099999986, -23.365488599999935 ], [ -44.953531899999973, -23.365637699999979 ], [ -44.953645299999948, -23.365669399999945 ], [ -44.953779399999974, -23.365652199999943 ], [ -44.953855699999963, -23.365555599999936 ], [ -44.953873399999964, -23.365466199999958 ], [ -44.953709199999935, -23.36483979999997 ], [ -44.953709299999957, -23.364659499999959 ], [ -44.953781799999945, -23.364434599999981 ], [ -44.953919799999937, -23.364328 ], [ -44.954111599999976, -23.364252199999953 ], [ -44.954479499999934, -23.364246 ], [ -44.955247499999984, -23.364470299999937 ], [ -44.955463699999939, -23.364446799999939 ], [ -44.955590899999947, -23.364425199999971 ], [ -44.955674099999953, -23.36436109999994 ], [ -44.955685399999936, -23.364242499999932 ], [ -44.955589099999941, -23.363901299999952 ], [ -44.955589199999963, -23.363653799999952 ], [ -44.955702699999961, -23.36352549999998 ], [ -44.955934699999943, -23.363418099999933 ], [ -44.956002199999944, -23.363354 ], [ -44.956002199999944, -23.363256399999955 ], [ -44.955955299999971, -23.363158899999974 ], [ -44.955841799999973, -23.363070299999947 ], [ -44.955522899999949, -23.36288049999996 ], [ -44.955367399999943, -23.36274949999995 ], [ -44.955277399999943, -23.36258689999994 ], [ -44.955269699999974, -23.362406199999953 ], [ -44.95535579999995, -23.362254499999949 ], [ -44.955497699999967, -23.362130799999932 ], [ -44.955541799999935, -23.362044099999935 ], [ -44.95549879999993, -23.361920299999952 ], [ -44.955333499999938, -23.361829899999975 ], [ -44.954688699999963, -23.361736699999938 ], [ -44.954590899999971, -23.361668 ], [ -44.954499, -23.361494599999958 ], [ -44.954544099999964, -23.361312099999964 ], [ -44.954545099999962, -23.361097099999938 ], [ -44.954416, -23.360989599999982 ], [ -44.953097099999979, -23.360906099999966 ], [ -44.952723399999968, -23.360812899999928 ], [ -44.952539499999943, -23.360728 ], [ -44.952238199999954, -23.36051109999994 ], [ -44.951983, -23.360233699999981 ], [ -44.951617299999953, -23.359530799999959 ], [ -44.951469599999939, -23.35938989999994 ], [ -44.951258299999949, -23.359345499999961 ], [ -44.951075299999957, -23.35937169999994 ], [ -44.950517499999933, -23.359649699999977 ], [ -44.950317, -23.359692099999961 ], [ -44.950035199999945, -23.359670299999948 ], [ -44.949555799999985, -23.359547299999974 ], [ -44.94823109999993, -23.359426799999937 ], [ -44.948098, -23.359475499999974 ], [ -44.947945299999958, -23.359728399999938 ], [ -44.947688699999958, -23.360414799999944 ], [ -44.94755269999996, -23.36055749999997 ], [ -44.947443, -23.360614299999952 ], [ -44.947243499999956, -23.360627799999975 ], [ -44.946872699999972, -23.360542799999962 ], [ -44.94654689999993, -23.36038549999995 ], [ -44.946250599999985, -23.360179399999936 ], [ -44.945354699999939, -23.359198099999958 ], [ -44.945095599999945, -23.358837599999958 ], [ -44.944992, -23.358627099999978 ], [ -44.944984199999965, -23.358497099999965 ], [ -44.945046, -23.358249599999965 ], [ -44.945275, -23.357993099999931 ], [ -44.945719299999951, -23.357805399999961 ], [ -44.946469799999932, -23.357571699999937 ], [ -44.946748699999944, -23.357387499999959 ], [ -44.94684849999993, -23.357250199999953 ], [ -44.946931799999959, -23.357009099999971 ], [ -44.946973, -23.356711899999937 ], [ -44.946841199999938, -23.35602629999994 ], [ -44.946840299999963, -23.35575259999996 ], [ -44.947016599999984, -23.355442799999935 ], [ -44.947288599999979, -23.355213399999968 ], [ -44.947501, -23.355104199999971 ], [ -44.948271, -23.354895799999952 ], [ -44.948634099999936, -23.354734199999939 ], [ -44.948838599999931, -23.354603299999951 ], [ -44.949102899999957, -23.354235799999969 ], [ -44.949183299999959, -23.353728099999955 ], [ -44.949169, -23.352672199999972 ], [ -44.949263199999962, -23.352014599999961 ], [ -44.949373899999955, -23.351664099999937 ], [ -44.949581399999943, -23.351393199999961 ], [ -44.949879899999985, -23.351235199999962 ], [ -44.950672399999974, -23.35108189999994 ], [ -44.950984499999947, -23.350990799999977 ], [ -44.951618599999961, -23.350588099999982 ], [ -44.952032499999973, -23.350405799999976 ], [ -44.952609799999948, -23.350278599999967 ], [ -44.953369, -23.350205599999981 ], [ -44.953748499999961, -23.350279799999953 ], [ -44.953024, -23.348916899999949 ], [ -44.952839499999982, -23.348612699999933 ] ] ] } },
{ "type": "Feature", "properties": { "id": "3555406029", "cd_bairro": "3555406029", "bairro": "Ponta Grossa", "cd_mun": "3555406", "municipio": "Ubatuba", "cd_dist": "355540605", "distrito": "Ubatuba" }, "geometry": { "type": "Polygon", "coordinates": [ [ [ -45.044025199999965, -23.461437799999942 ], [ -45.045082899999954, -23.460198899999966 ], [ -45.048207299999945, -23.459452099999965 ], [ -45.050011599999948, -23.459071399999971 ], [ -45.051989399999968, -23.458253899999931 ], [ -45.052512599999943, -23.457735499999956 ], [ -45.052815199999941, -23.457576299999971 ], [ -45.05286179999996, -23.457545399999958 ], [ -45.052915199999973, -23.457517199999927 ], [ -45.05294779999997, -23.457524399999954 ], [ -45.05279029999997, -23.457438499999967 ], [ -45.052664, -23.457381199999929 ], [ -45.05240329999998, -23.457284099999981 ], [ -45.052212499999939, -23.457156899999973 ], [ -45.052204, -23.457163899999955 ], [ -45.051925799999935, -23.45721 ], [ -45.051609399999961, -23.457130199999938 ], [ -45.051521199999968, -23.456974499999944 ], [ -45.051382799999942, -23.456875099999934 ], [ -45.051091399999962, -23.456796599999961 ], [ -45.050843599999951, -23.456759499999976 ], [ -45.050602, -23.456698899999935 ], [ -45.05040189999994, -23.456631799999968 ], [ -45.050226899999984, -23.456551199999979 ], [ -45.050116399999979, -23.456442599999946 ], [ -45.049982099999966, -23.456217699999968 ], [ -45.049856699999964, -23.455988 ], [ -45.049878299999932, -23.455849799999953 ], [ -45.049855299999933, -23.455754699999943 ], [ -45.049787799999933, -23.455758299999957 ], [ -45.049729299999967, -23.455734 ], [ -45.049608399999954, -23.455570899999941 ], [ -45.049480799999969, -23.455439399999932 ], [ -45.049524599999984, -23.455279099999927 ], [ -45.049574499999949, -23.455062399999974 ], [ -45.049418, -23.454890299999931 ], [ -45.049314099999947, -23.454739399999937 ], [ -45.049158599999942, -23.454509599999938 ], [ -45.048942899999986, -23.454264499999965 ], [ -45.048650099999975, -23.453886699999941 ], [ -45.048396, -23.453462399999978 ], [ -45.048169399999949, -23.45330249999995 ], [ -45.048022399999979, -23.453151699999978 ], [ -45.047715599999947, -23.453021799999931 ], [ -45.047472599999935, -23.452878099999964 ], [ -45.04727429999997, -23.452743599999962 ], [ -45.047128599999951, -23.452546699999971 ], [ -45.047060099999953, -23.452356799999961 ], [ -45.046939099999975, -23.452134099999967 ], [ -45.046774199999959, -23.451942599999938 ], [ -45.046722299999942, -23.451815799999963 ], [ -45.046620699999949, -23.45167349999997 ], [ -45.046542799999941, -23.451606599999934 ], [ -45.046479199999965, -23.451658899999927 ], [ -45.04636279999994, -23.451611599999978 ], [ -45.046235699999954, -23.451625199999967 ], [ -45.046108499999946, -23.451462399999969 ], [ -45.045844899999963, -23.451357299999927 ], [ -45.045599699999968, -23.451260599999955 ], [ -45.045409099999972, -23.451109799999983 ], [ -45.045279299999947, -23.450998899999945 ], [ -45.045150299999932, -23.450825 ], [ -45.045038599999941, -23.450627299999951 ], [ -45.044813699999963, -23.450445499999944 ], [ -45.044719, -23.450295199999971 ], [ -45.044680399999947, -23.450072499999976 ], [ -45.044731199999944, -23.449815399999977 ], [ -45.044699699999967, -23.449542599999972 ], [ -45.044466299999954, -23.44935879999997 ], [ -45.044280499999957, -23.449319699999933 ], [ -45.04407329999998, -23.449289699999952 ], [ -45.043877699999939, -23.449283 ], [ -45.043702, -23.449339299999963 ], [ -45.043548299999941, -23.449388699999929 ], [ -45.043201199999942, -23.449431 ], [ -45.042987099999948, -23.449293 ], [ -45.042809099999943, -23.449228099999971 ], [ -45.042569199999946, -23.449246199999948 ], [ -45.042318499999965, -23.449403099999927 ], [ -45.04211609999993, -23.449396799999931 ], [ -45.041833, -23.449301799999944 ], [ -45.041666599999985, -23.449279599999954 ], [ -45.041452799999945, -23.449184499999944 ], [ -45.041377099999977, -23.449128299999927 ], [ -45.041122599999937, -23.449068699999941 ], [ -45.040998699999932, -23.448931099999982 ], [ -45.040947699999947, -23.448765099999946 ], [ -45.040841199999932, -23.448616699999945 ], [ -45.040750699999933, -23.448484199999939 ], [ -45.04062179999994, -23.44839479999996 ], [ -45.04043, -23.448315899999955 ], [ -45.040264099999945, -23.448269399999958 ], [ -45.04007839999997, -23.448283699999934 ], [ -45.03995539999994, -23.448287499999935 ], [ -45.039720299999942, -23.448252399999944 ], [ -45.03952019999997, -23.448242299999947 ], [ -45.039235699999949, -23.448142099999927 ], [ -45.038934599999948, -23.448087599999951 ], [ -45.038740899999937, -23.448005399999943 ], [ -45.038554199999965, -23.447940299999971 ], [ -45.038345599999957, -23.44793379999993 ], [ -45.038153699999953, -23.447889299999929 ], [ -45.037961099999961, -23.447868399999948 ], [ -45.037793599999929, -23.447863599999948 ], [ -45.037577399999975, -23.447879199999932 ], [ -45.037325, -23.447976 ], [ -45.037308899999971, -23.448173699999927 ], [ -45.037273399999947, -23.448340799999983 ], [ -45.037155699999971, -23.448354 ], [ -45.037052399999936, -23.448425099999952 ], [ -45.036878499999943, -23.448529599999972 ], [ -45.036665699999958, -23.448598199999935 ], [ -45.03647449999994, -23.44859809999997 ], [ -45.03621, -23.448625099999958 ], [ -45.036072099999956, -23.448687599999971 ], [ -45.03602049999995, -23.448814199999958 ], [ -45.035917899999959, -23.448947399999952 ], [ -45.035832699999958, -23.448968799999932 ], [ -45.035696199999961, -23.449108 ], [ -45.035583599999939, -23.449226799999963 ], [ -45.035496799999976, -23.449338 ], [ -45.035575299999948, -23.449434199999928 ], [ -45.035653699999955, -23.44953849999996 ], [ -45.035850599999947, -23.44974179999997 ], [ -45.035969, -23.449895499999968 ], [ -45.035994799999969, -23.45013419999998 ], [ -45.036028899999963, -23.450301399999944 ], [ -45.036062699999945, -23.450460499999963 ], [ -45.036096399999963, -23.450619499999959 ], [ -45.036163299999942, -23.450754199999949 ], [ -45.036163399999964, -23.450904899999955 ], [ -45.036221499999954, -23.451141799999959 ], [ -45.036295699999982, -23.451409199999944 ], [ -45.036278799999934, -23.451614699999936 ], [ -45.036279499999978, -23.451959099999954 ], [ -45.036261, -23.452133599999968 ], [ -45.036177799999962, -23.452328699999953 ], [ -45.036076299999934, -23.452524899999958 ], [ -45.036089299999958, -23.452661499999977 ], [ -45.036047, -23.452834499999938 ], [ -45.036006699999973, -23.453014799999949 ], [ -45.036021399999981, -23.453236499999946 ], [ -45.035964899999954, -23.453322299999968 ], [ -45.035949, -23.453432599999928 ], [ -45.035909199999935, -23.453598299999953 ], [ -45.035925499999962, -23.453843699999936 ], [ -45.035925799999973, -23.45400989999996 ], [ -45.035892799999942, -23.454121 ], [ -45.035802899999965, -23.454241 ], [ -45.035761599999944, -23.454352799999981 ], [ -45.035728199999937, -23.454480499999931 ], [ -45.035684699999933, -23.454607799999962 ], [ -45.03570069999995, -23.45472 ], [ -45.035678299999972, -23.454898299999968 ], [ -45.03570609999997, -23.455061499999942 ], [ -45.035688199999981, -23.455228499999976 ], [ -45.035672099999942, -23.455378399999972 ], [ -45.035680099999979, -23.455545299999983 ], [ -45.035688099999959, -23.455704199999957 ], [ -45.035686699999985, -23.455903099999944 ], [ -45.03565169999996, -23.456093599999974 ], [ -45.035672299999931, -23.45630959999994 ], [ -45.03563029999998, -23.45645959999996 ], [ -45.03549529999998, -23.456601099999943 ], [ -45.035329, -23.456694199999959 ], [ -45.035123, -23.456889699999977 ], [ -45.035054099999968, -23.457048699999973 ], [ -45.035008499999947, -23.457200399999977 ], [ -45.034945199999981, -23.457375799999966 ], [ -45.034882499999981, -23.457559 ], [ -45.034885799999984, -23.457781099999977 ], [ -45.034877799999947, -23.457934099999932 ], [ -45.034878399999968, -23.458087 ], [ -45.034828399999981, -23.458196599999951 ], [ -45.03487819999998, -23.458415399999978 ], [ -45.034992299999942, -23.458578899999964 ], [ -45.035078699999985, -23.458710099999962 ], [ -45.035130199999969, -23.458951599999978 ], [ -45.035158599999932, -23.459144299999934 ], [ -45.03517039999997, -23.459304799999927 ], [ -45.035073599999976, -23.459481199999971 ], [ -45.034883399999956, -23.459669499999961 ], [ -45.034693199999936, -23.459776199999965 ], [ -45.034514499999943, -23.459820199999967 ], [ -45.034375099999977, -23.459804099999928 ], [ -45.034169799999972, -23.459763599999974 ], [ -45.033982599999945, -23.459682799999939 ], [ -45.033870499999978, -23.459707399999957 ], [ -45.033603, -23.459821 ], [ -45.033415199999979, -23.459821199999965 ], [ -45.033232199999929, -23.459716499999956 ], [ -45.032981399999983, -23.459644099999934 ], [ -45.032771699999955, -23.459546699999976 ], [ -45.032601199999931, -23.459489699999949 ], [ -45.032375599999966, -23.459432799999945 ], [ -45.032055899999932, -23.459449599999971 ], [ -45.031763499999954, -23.459399899999937 ], [ -45.031513099999984, -23.45934219999998 ], [ -45.031204699999932, -23.459266599999978 ], [ -45.03097779999996, -23.459241099999929 ], [ -45.030677399999945, -23.459200199999941 ], [ -45.030587399999945, -23.459257699999966 ], [ -45.030380599999944, -23.459307899999942 ], [ -45.030214699999931, -23.459282499999972 ], [ -45.030083899999966, -23.459240699999953 ], [ -45.029962, -23.45922859999996 ], [ -45.02964, -23.459318899999971 ], [ -45.029527199999961, -23.459446899999932 ], [ -45.029569699999968, -23.459639399999958 ], [ -45.029581, -23.459931399999959 ], [ -45.029511399999933, -23.460072099999934 ], [ -45.029466499999955, -23.460272599999939 ], [ -45.029453, -23.460417799999959 ], [ -45.029346199999964, -23.460651199999973 ], [ -45.029293, -23.460835299999928 ], [ -45.029327899999942, -23.460984399999973 ], [ -45.029221899999982, -23.461157699999944 ], [ -45.029022699999985, -23.461239899999953 ], [ -45.028867599999955, -23.461293799999964 ], [ -45.028574299999946, -23.461337499999956 ], [ -45.028286599999944, -23.461346499999934 ], [ -45.028098899999975, -23.461315899999931 ], [ -45.027910299999974, -23.461262799999929 ], [ -45.027740299999948, -23.461163 ], [ -45.027569099999937, -23.461078199999974 ], [ -45.027412499999969, -23.461008299999946 ], [ -45.027162299999929, -23.460882399999946 ], [ -45.026953599999956, -23.460785299999941 ], [ -45.026702799999953, -23.460698499999978 ], [ -45.026577599999939, -23.460666699999933 ], [ -45.026264199999957, -23.460614599999928 ], [ -45.025918399999966, -23.460496299999932 ], [ -45.025641699999937, -23.460379799999941 ], [ -45.025335699999971, -23.460295599999938 ], [ -45.025012099999969, -23.460218599999962 ], [ -45.024758899999938, -23.460134699999969 ], [ -45.024501699999973, -23.460115099999939 ], [ -45.024297299999944, -23.460136699999964 ], [ -45.024109599999974, -23.460099499999956 ], [ -45.023939599999949, -23.460091399999953 ], [ -45.023810199999957, -23.460012799999959 ], [ -45.023667899999964, -23.459901 ], [ -45.023337399999946, -23.459760199999948 ], [ -45.023099099999968, -23.45964129999993 ], [ -45.022871899999984, -23.459517799999958 ], [ -45.022448199999985, -23.459391 ], [ -45.022078, -23.45932739999995 ], [ -45.021765, -23.459381199999939 ], [ -45.021664699999974, -23.459385599999962 ], [ -45.021341899999982, -23.459477199999981 ], [ -45.021034499999985, -23.459494799999959 ], [ -45.020826499999941, -23.459472299999959 ], [ -45.020615199999952, -23.459533 ], [ -45.02039549999995, -23.459612399999969 ], [ -45.020142399999941, -23.459674399999983 ], [ -45.020042599999954, -23.459652499999947 ], [ -45.019805099999985, -23.459576099999936 ], [ -45.019616799999937, -23.459637499999928 ], [ -45.01949019999995, -23.459682499999928 ], [ -45.019317499999943, -23.459656199999984 ], [ -45.019127899999944, -23.45966569999996 ], [ -45.018853299999932, -23.459730499999978 ], [ -45.018695099999945, -23.459794599999952 ], [ -45.018668299999945, -23.459868899999947 ], [ -45.018587599999933, -23.459845399999949 ], [ -45.018474399999945, -23.459838499999933 ], [ -45.018385899999942, -23.46000719999995 ], [ -45.018418199999985, -23.460135899999955 ], [ -45.018383799999981, -23.460353899999973 ], [ -45.018369, -23.460363599999937 ], [ -45.018287099999952, -23.460476399999948 ], [ -45.018162, -23.460452199999963 ], [ -45.018042199999968, -23.460557 ], [ -45.017978599999935, -23.460660299999972 ], [ -45.017945, -23.46085549999998 ], [ -45.018000499999971, -23.460950699999955 ], [ -45.018069399999945, -23.461003699999935 ], [ -45.018144699999937, -23.461084199999959 ], [ -45.018202099999939, -23.46110989999994 ], [ -45.01828, -23.461139399999979 ], [ -45.018385799999976, -23.461223199999949 ], [ -45.018563499999971, -23.461336399999936 ], [ -45.018673499999977, -23.461447599999929 ], [ -45.018738199999973, -23.461565199999939 ], [ -45.018835699999954, -23.461570399999971 ], [ -45.018982199999982, -23.461675 ], [ -45.019081099999937, -23.461660499999937 ], [ -45.019117, -23.461579799999981 ], [ -45.019147099999941, -23.461453899999981 ], [ -45.019218199999955, -23.461372899999958 ], [ -45.01932869999996, -23.461409599999968 ], [ -45.019455299999947, -23.461472699999945 ], [ -45.019577099999935, -23.46158209999993 ], [ -45.01964339999995, -23.461666899999955 ], [ -45.019740499999955, -23.461738299999979 ], [ -45.019889299999932, -23.461859199999935 ], [ -45.020032199999946, -23.461903199999938 ], [ -45.020202, -23.461955299999943 ], [ -45.02046619999993, -23.461927 ], [ -45.020658399999945, -23.461906099999965 ], [ -45.020836899999949, -23.461899499999959 ], [ -45.021055299999944, -23.461891399999956 ], [ -45.021242799999982, -23.461920799999973 ], [ -45.02132869999997, -23.461872299999982 ], [ -45.021272299999964, -23.461748199999931 ], [ -45.021354599999938, -23.46162929999997 ], [ -45.021497199999942, -23.461673099999928 ], [ -45.021674599999983, -23.461760699999957 ], [ -45.021823299999937, -23.461836399999981 ], [ -45.021892899999955, -23.461690099999942 ], [ -45.021878, -23.461575 ], [ -45.021809299999973, -23.461493699999949 ], [ -45.021804599999939, -23.461415 ], [ -45.02190719999993, -23.461367699999983 ], [ -45.022049799999934, -23.461432699999932 ], [ -45.022243, -23.461531699999966 ], [ -45.022339, -23.461652499999957 ], [ -45.0225, -23.461758699999962 ], [ -45.022636, -23.461825899999951 ], [ -45.02290359999995, -23.461812299999963 ], [ -45.023055099999965, -23.461775899999964 ], [ -45.023166099999969, -23.461825899999951 ], [ -45.023343199999942, -23.461819699999978 ], [ -45.023503299999959, -23.461815499999943 ], [ -45.023684699999933, -23.46187649999996 ], [ -45.02385, -23.461951299999953 ], [ -45.023979299999951, -23.462022899999965 ], [ -45.024081599999931, -23.462127199999941 ], [ -45.024213399999951, -23.462267399999973 ], [ -45.02433149999996, -23.462390899999946 ], [ -45.024455499999931, -23.462515 ], [ -45.024515, -23.46259619999995 ], [ -45.024620699999957, -23.462689599999976 ], [ -45.024674399999981, -23.462743199999977 ], [ -45.024783099999979, -23.462842499999965 ], [ -45.024851699999942, -23.462884699999961 ], [ -45.025003599999934, -23.462850299999957 ], [ -45.025146199999938, -23.462783299999955 ], [ -45.025309199999981, -23.462699799999939 ], [ -45.025429, -23.462681299999929 ], [ -45.02558369999997, -23.462762699999928 ], [ -45.025651099999948, -23.462803799999961 ], [ -45.025817099999983, -23.462885599999936 ], [ -45.025917199999981, -23.462977899999942 ], [ -45.026051299999949, -23.463026699999944 ], [ -45.026197399999944, -23.463122799999951 ], [ -45.026322299999947, -23.463141099999973 ], [ -45.026512099999934, -23.463170599999955 ], [ -45.026750899999968, -23.463202299999978 ], [ -45.026924699999938, -23.463178599999935 ], [ -45.027157099999954, -23.463117599999975 ], [ -45.027259299999969, -23.463035199999979 ], [ -45.027238, -23.462944899999968 ], [ -45.027212399999939, -23.462876899999969 ], [ -45.02732, -23.462885899999947 ], [ -45.027431699999966, -23.462864699999955 ], [ -45.027609899999959, -23.462931399999945 ], [ -45.027795199999957, -23.46302019999996 ], [ -45.027925699999969, -23.463067799999976 ], [ -45.028137199999946, -23.463097599999969 ], [ -45.028257799999949, -23.463106099999948 ], [ -45.028430399999934, -23.463139 ], [ -45.028630499999963, -23.463215499999933 ], [ -45.028855199999953, -23.463309599999945 ], [ -45.029140299999938, -23.463334699999962 ], [ -45.029290899999978, -23.463224899999943 ], [ -45.029423399999985, -23.463030099999969 ], [ -45.029573899999946, -23.462902299999939 ], [ -45.029749799999934, -23.462774699999954 ], [ -45.029856499999937, -23.462655099999949 ], [ -45.030008399999986, -23.462626599999965 ], [ -45.030161, -23.462633199999971 ], [ -45.03030659999996, -23.462677699999972 ], [ -45.030471299999931, -23.462670399999979 ], [ -45.030627, -23.462724099999946 ], [ -45.030738699999972, -23.46280059999998 ], [ -45.030905799999971, -23.462893699999938 ], [ -45.031011499999977, -23.462936099999979 ], [ -45.031147799999985, -23.463008699999932 ], [ -45.031263899999942, -23.463072799999964 ], [ -45.031371399999955, -23.463159099999928 ], [ -45.031513299999972, -23.463325199999929 ], [ -45.031473099999971, -23.463503799999955 ], [ -45.031582499999956, -23.463762299999928 ], [ -45.031692699999951, -23.464035 ], [ -45.031725399999971, -23.464267799999959 ], [ -45.031682799999942, -23.464544 ], [ -45.031582499999956, -23.464679599999954 ], [ -45.031503599999951, -23.464787599999966 ], [ -45.031603599999983, -23.465086499999927 ], [ -45.031694099999982, -23.465258899999981 ], [ -45.031768, -23.46541069999995 ], [ -45.03196429999997, -23.465513499999929 ], [ -45.03189969999994, -23.465507599999967 ], [ -45.032086899999967, -23.46558559999994 ], [ -45.03226079999996, -23.465643799999953 ], [ -45.032346099999984, -23.465661099999977 ], [ -45.032447099999956, -23.465666399999975 ], [ -45.032520599999941, -23.465621699999929 ], [ -45.032507299999963, -23.465529699999934 ], [ -45.032552599999974, -23.46544769999997 ], [ -45.032579599999963, -23.46534859999997 ], [ -45.032480199999952, -23.465264399999967 ], [ -45.032353899999976, -23.465078 ], [ -45.032292799999937, -23.464903799999945 ], [ -45.032402199999979, -23.464631699999927 ], [ -45.032583, -23.464474099999961 ], [ -45.03277049999997, -23.464539 ], [ -45.033009399999969, -23.464564 ], [ -45.033245799999975, -23.464606599999968 ], [ -45.033675799999969, -23.464581799999962 ], [ -45.034146299999975, -23.464583499999947 ], [ -45.034684599999935, -23.464592699999969 ], [ -45.03504, -23.464536 ], [ -45.035300899999982, -23.464425799999958 ], [ -45.035402199999965, -23.464205799999945 ], [ -45.035698, -23.463873799999931 ], [ -45.035971299999972, -23.463674799999978 ], [ -45.036107099999981, -23.463721 ], [ -45.036222499999951, -23.463779799999941 ], [ -45.036448099999973, -23.46379589999998 ], [ -45.036412499999983, -23.463713399999961 ], [ -45.036498499999936, -23.463598499999932 ], [ -45.036758899999938, -23.463400199999967 ], [ -45.036986899999931, -23.46317369999997 ], [ -45.037164899999937, -23.462913899999933 ], [ -45.037357699999973, -23.462647199999935 ], [ -45.037477199999955, -23.462513699999931 ], [ -45.037630299999933, -23.462443099999973 ], [ -45.037862699999948, -23.462458799999979 ], [ -45.038105899999948, -23.46238429999994 ], [ -45.038384299999962, -23.462200199999927 ], [ -45.038654199999939, -23.462155099999961 ], [ -45.038837899999976, -23.462181099999952 ], [ -45.038968199999942, -23.462098199999957 ], [ -45.039206699999966, -23.462155799999948 ], [ -45.039419799999962, -23.462267299999951 ], [ -45.039582799999948, -23.462384699999973 ], [ -45.039766899999961, -23.462547099999938 ], [ -45.040058299999941, -23.46257479999997 ], [ -45.04022939999993, -23.462470799999949 ], [ -45.040441299999941, -23.46244889999997 ], [ -45.040489499999978, -23.462364399999956 ], [ -45.040688699999976, -23.462274299999933 ], [ -45.040887, -23.462253199999964 ], [ -45.040966199999957, -23.462187399999948 ], [ -45.041159799999946, -23.462121499999967 ], [ -45.041407899999967, -23.46210009999993 ], [ -45.041899599999965, -23.462021 ], [ -45.042172199999982, -23.461898099999928 ], [ -45.042449799999986, -23.461907699999983 ], [ -45.042664599999966, -23.461942599999929 ], [ -45.04303189999996, -23.461993299999961 ], [ -45.043123299999934, -23.462095499999975 ], [ -45.043216, -23.462238199999945 ], [ -45.043415299999936, -23.462309399999981 ], [ -45.04362139999995, -23.462283299999967 ], [ -45.043684599999949, -23.462201 ], [ -45.043785399999933, -23.462092299999938 ], [ -45.043887799999936, -23.462078 ], [ -45.043901099999971, -23.461941899999943 ], [ -45.043963599999984, -23.461806699999954 ], [ -45.043965399999934, -23.461716299999978 ], [ -45.043946199999937, -23.461576699999966 ], [ -45.044025199999965, -23.461437799999942 ] ] ] } },
{ "type": "Feature", "properties": { "id": "3555406030", "cd_bairro": "3555406030", "bairro": "Tenório (Praia Vermelha)", "cd_mun": "3555406", "municipio": "Ubatuba", "cd_dist": "355540605", "distrito": "Ubatuba" }, "geometry": { "type": "MultiPolygon", "coordinates": [ [ [ [ -45.052559699999961, -23.468648899999948 ], [ -45.052609299999972, -23.46863129999997 ], [ -45.052658899999983, -23.468600899999956 ], [ -45.052665399999967, -23.468557699999963 ], [ -45.052671799999985, -23.468503299999952 ], [ -45.052694199999962, -23.468463299999939 ], [ -45.052729399999976, -23.468437699999981 ], [ -45.052755, -23.468396 ], [ -45.052753399999972, -23.468375199999969 ], [ -45.052697399999943, -23.468336799999975 ], [ -45.052667, -23.46831439999994 ], [ -45.052657299999964, -23.468285599999945 ], [ -45.052657299999964, -23.468248799999969 ], [ -45.05262689999995, -23.468218399999955 ], [ -45.05257249999994, -23.468204 ], [ -45.052527699999985, -23.468197599999939 ], [ -45.052457299999958, -23.468165499999941 ], [ -45.052364399999931, -23.468138299999964 ], [ -45.052286, -23.468117499999948 ], [ -45.05224759999993, -23.468087099999934 ], [ -45.052214, -23.468067899999937 ], [ -45.05217719999996, -23.468082299999935 ], [ -45.052167599999962, -23.468147899999963 ], [ -45.05215469999996, -23.46825519999993 ], [ -45.052175599999941, -23.468320799999958 ], [ -45.05218519999994, -23.468356 ], [ -45.052199599999938, -23.468388 ], [ -45.052226799999971, -23.468426399999942 ], [ -45.052284399999962, -23.468501699999933 ], [ -45.052407599999981, -23.468592899999976 ], [ -45.052481299999954, -23.468620099999953 ], [ -45.052473299999974, -23.46863929999995 ], [ -45.052559699999961, -23.468648899999948 ] ] ], [ [ [ -45.058112299999948, -23.467955899999936 ], [ -45.058110699999986, -23.46797829999997 ], [ -45.05814909999998, -23.467999099999929 ], [ -45.05816509999994, -23.468023099999982 ], [ -45.05816029999994, -23.468082299999935 ], [ -45.058168299999977, -23.468127099999947 ], [ -45.05830119999996, -23.468274399999927 ], [ -45.058346, -23.468316 ], [ -45.058408399999962, -23.468346399999973 ], [ -45.058438799999976, -23.468330399999957 ], [ -45.058467599999972, -23.4683 ], [ -45.058494799999949, -23.468288799999982 ], [ -45.058512399999984, -23.468325599999957 ], [ -45.058533199999943, -23.468348 ], [ -45.05857009999994, -23.468343199999936 ], [ -45.058658099999946, -23.468296799999962 ], [ -45.058736499999952, -23.468232799999953 ], [ -45.058770099999947, -23.46819279999994 ], [ -45.058797399999946, -23.468136699999945 ], [ -45.058757299999968, -23.468125499999928 ], [ -45.058730099999934, -23.468104699999969 ], [ -45.058747699999969, -23.468077499999936 ], [ -45.058728499999972, -23.468056699999977 ], [ -45.058741299999951, -23.468007099999966 ], [ -45.058733299999972, -23.467941499999938 ], [ -45.058701299999939, -23.467888599999981 ], [ -45.058602099999973, -23.467861399999947 ], [ -45.058533199999943, -23.467883799999981 ], [ -45.058442, -23.467888599999981 ], [ -45.058382799999947, -23.467879 ], [ -45.058317199999976, -23.467866199999946 ], [ -45.05827069999998, -23.467843799999969 ], [ -45.058184299999937, -23.467843799999969 ], [ -45.058158699999979, -23.467856599999948 ], [ -45.058137899999963, -23.467866199999946 ], [ -45.058121899999946, -23.46790939999994 ], [ -45.058112299999948, -23.467955899999936 ] ] ], [ [ [ -45.058613699999967, -23.462241499999948 ], [ -45.058412899999951, -23.46219919999993 ], [ -45.058228199999974, -23.462092199999972 ], [ -45.057996199999934, -23.462055199999952 ], [ -45.057703199999935, -23.46190219999994 ], [ -45.057494899999938, -23.461701799999958 ], [ -45.057295, -23.461569099999963 ], [ -45.057070599999975, -23.461493 ], [ -45.056904199999963, -23.461493599999983 ], [ -45.056610299999932, -23.461560399999939 ], [ -45.056446799999947, -23.461457199999927 ], [ -45.056399699999986, -23.461303899999962 ], [ -45.056362099999944, -23.461131699999953 ], [ -45.056275299999982, -23.460886899999934 ], [ -45.056099199999949, -23.460765199999969 ], [ -45.055968199999938, -23.460666199999935 ], [ -45.055790199999933, -23.460638199999948 ], [ -45.055544199999986, -23.460636199999954 ], [ -45.05537419999996, -23.460663199999942 ], [ -45.055185199999983, -23.460730199999944 ], [ -45.054984199999979, -23.460751199999947 ], [ -45.054798699999935, -23.460741 ], [ -45.054607099999942, -23.460641899999928 ], [ -45.054483699999935, -23.460581699999977 ], [ -45.054334399999959, -23.460498899999948 ], [ -45.05427439999994, -23.460425499999928 ], [ -45.054251099999931, -23.460343099999932 ], [ -45.054301599999974, -23.460248099999944 ], [ -45.054398799999944, -23.460133499999927 ], [ -45.054567099999986, -23.46003879999995 ], [ -45.054676599999937, -23.459898799999962 ], [ -45.054724499999963, -23.459632299999953 ], [ -45.054788599999938, -23.459437499999979 ], [ -45.054918199999975, -23.45918249999994 ], [ -45.05493679999995, -23.45915279999997 ], [ -45.054956799999957, -23.459114199999931 ], [ -45.054944399999954, -23.459024399999976 ], [ -45.055054899999959, -23.458826 ], [ -45.055069299999957, -23.458591 ], [ -45.054997899999933, -23.458423099999948 ], [ -45.054909899999984, -23.458306 ], [ -45.054716699999972, -23.45810739999996 ], [ -45.054530499999942, -23.458032399999979 ], [ -45.054353, -23.457957699999952 ], [ -45.054176199999972, -23.457875899999976 ], [ -45.054001199999959, -23.45781 ], [ -45.053803499999958, -23.457708499999967 ], [ -45.053620199999955, -23.45767109999997 ], [ -45.05339859999998, -23.457634499999983 ], [ -45.053233, -23.45757679999997 ], [ -45.05294779999997, -23.457524399999954 ], [ -45.052915199999973, -23.457517199999927 ], [ -45.05286179999996, -23.457545399999958 ], [ -45.052815199999941, -23.457576299999971 ], [ -45.052512599999943, -23.457735499999956 ], [ -45.051989399999968, -23.458253899999931 ], [ -45.050011599999948, -23.459071399999971 ], [ -45.048207299999945, -23.459452099999965 ], [ -45.045082899999954, -23.460198899999966 ], [ -45.044025199999965, -23.461437799999942 ], [ -45.044198799999947, -23.461338599999976 ], [ -45.044564599999944, -23.461100899999963 ], [ -45.044782399999974, -23.461092 ], [ -45.044838299999981, -23.461179699999946 ], [ -45.044969599999945, -23.461300299999948 ], [ -45.045016199999964, -23.46138469999994 ], [ -45.044983, -23.46145359999997 ], [ -45.045026599999971, -23.461533699999961 ], [ -45.045168099999955, -23.461508799999933 ], [ -45.045216799999935, -23.461412299999949 ], [ -45.04553889999994, -23.461365499999943 ], [ -45.04574329999997, -23.461389299999951 ], [ -45.045883099999969, -23.461368599999957 ], [ -45.046022099999959, -23.461328 ], [ -45.046209099999942, -23.461365599999965 ], [ -45.046573199999955, -23.461355099999935 ], [ -45.046881599999949, -23.461552599999948 ], [ -45.047097699999938, -23.461763099999928 ], [ -45.047236599999962, -23.461947 ], [ -45.04743609999997, -23.462149499999953 ], [ -45.04772509999998, -23.462412399999948 ], [ -45.047995499999956, -23.462631 ], [ -45.048281599999939, -23.462881799999934 ], [ -45.048572099999944, -23.463143199999934 ], [ -45.048890299999982, -23.463391 ], [ -45.049274199999957, -23.463678399999935 ], [ -45.049601099999961, -23.463945199999955 ], [ -45.049905599999931, -23.464189599999941 ], [ -45.050269199999946, -23.464500699999974 ], [ -45.050603799999976, -23.464783299999965 ], [ -45.050909099999956, -23.465072899999939 ], [ -45.051220499999943, -23.465372 ], [ -45.051459499999964, -23.465617299999963 ], [ -45.051586599999951, -23.465798 ], [ -45.051545799999985, -23.465981299999953 ], [ -45.051476199999968, -23.466138499999943 ], [ -45.051383899999962, -23.466214299999933 ], [ -45.05135219999994, -23.466353399999946 ], [ -45.051391799999976, -23.466505499999982 ], [ -45.051516, -23.466581399999939 ], [ -45.051572399999941, -23.466709499999979 ], [ -45.051562099999956, -23.466801199999964 ], [ -45.051521099999945, -23.466910799999937 ], [ -45.05155, -23.467144899999937 ], [ -45.051632599999948, -23.46726039999993 ], [ -45.051793799999984, -23.467476199999965 ], [ -45.051854499999934, -23.46754679999998 ], [ -45.051776899999936, -23.46766249999996 ], [ -45.051837899999953, -23.467798599999981 ], [ -45.051938, -23.467876499999932 ], [ -45.052154799999983, -23.467977299999973 ], [ -45.052264699999967, -23.467911699999945 ], [ -45.052338799999973, -23.467950199999962 ], [ -45.05247879999996, -23.468096099999968 ], [ -45.052595199999985, -23.468020199999955 ], [ -45.052761399999952, -23.467862399999945 ], [ -45.052903899999933, -23.467861099999936 ], [ -45.05305089999996, -23.467821 ], [ -45.05313289999998, -23.467888899999934 ], [ -45.053283199999953, -23.467927199999963 ], [ -45.053361099999961, -23.467853799999943 ], [ -45.053413499999976, -23.46772459999994 ], [ -45.053390799999931, -23.467560399999968 ], [ -45.053298, -23.467506399999934 ], [ -45.053308899999934, -23.467404199999976 ], [ -45.053337, -23.467250499999977 ], [ -45.053193, -23.467205599999943 ], [ -45.053122799999983, -23.467131799999947 ], [ -45.053041499999949, -23.466982399999949 ], [ -45.05298259999995, -23.466790799999956 ], [ -45.053106799999966, -23.466378199999951 ], [ -45.053332699999942, -23.465941 ], [ -45.05338919999997, -23.465713 ], [ -45.05349659999996, -23.465569099999982 ], [ -45.053588699999978, -23.465565699999956 ], [ -45.053656499999931, -23.465544699999953 ], [ -45.053721799999948, -23.465520699999956 ], [ -45.053709599999934, -23.465411099999983 ], [ -45.054095, -23.465298799999971 ], [ -45.054761099999951, -23.465131299999939 ], [ -45.055505599999947, -23.46496929999995 ], [ -45.056267699999978, -23.464924099999962 ], [ -45.057039, -23.465003599999932 ], [ -45.057793199999935, -23.465184499999964 ], [ -45.058147399999939, -23.465412799999967 ], [ -45.058392199999957, -23.465712 ], [ -45.058426199999985, -23.465870399999972 ], [ -45.058240499999954, -23.46600879999994 ], [ -45.058004299999936, -23.466076499999929 ], [ -45.058017699999937, -23.466190799999936 ], [ -45.057883799999956, -23.466205799999955 ], [ -45.05776179999998, -23.466231899999968 ], [ -45.057775099999958, -23.466313799999966 ], [ -45.057777299999941, -23.466482799999937 ], [ -45.057968699999947, -23.466652499999952 ], [ -45.058230799999933, -23.466831899999931 ], [ -45.058253, -23.466971699999931 ], [ -45.058208299999933, -23.467133499999932 ], [ -45.058254699999964, -23.467368599999929 ], [ -45.058231299999932, -23.46755289999993 ], [ -45.058361899999966, -23.467731699999945 ], [ -45.058568099999945, -23.46780549999994 ], [ -45.058650399999976, -23.467835 ], [ -45.058874699999933, -23.467800199999942 ], [ -45.059195399999965, -23.467674699999975 ], [ -45.059387799999968, -23.467327499999953 ], [ -45.059657, -23.4671 ], [ -45.060070199999984, -23.466328199999964 ], [ -45.06085029999997, -23.464764499999944 ], [ -45.060952599999951, -23.464600099999927 ], [ -45.060495899999978, -23.46395769999998 ], [ -45.060260599999935, -23.463607899999943 ], [ -45.060059299999978, -23.463341899999932 ], [ -45.059980799999948, -23.46322559999993 ], [ -45.059848399999964, -23.46309679999996 ], [ -45.059647199999972, -23.462969599999951 ], [ -45.059649899999954, -23.462942699999928 ], [ -45.059645799999942, -23.462919 ], [ -45.059634, -23.462899399999969 ], [ -45.059625899999958, -23.46284559999998 ], [ -45.058613699999967, -23.462241499999948 ] ] ] ] } },
{ "type": "Feature", "properties": { "id": "3555406031", "cd_bairro": "3555406031", "bairro": "Toninhas (Praias Godói, Xanda e Fora)", "cd_mun": "3555406", "municipio": "Ubatuba", "cd_dist": "355540605", "distrito": "Ubatuba" }, "geometry": { "type": "Polygon", "coordinates": [ [ [ -45.082383199999981, -23.493612399999961 ], [ -45.083987399999955, -23.489844399999981 ], [ -45.083427, -23.490111199999944 ], [ -45.083253, -23.490235199999972 ], [ -45.083006, -23.490392199999974 ], [ -45.082704, -23.490456199999983 ], [ -45.082439, -23.490490199999954 ], [ -45.082204, -23.490478199999927 ], [ -45.081941, -23.490419199999963 ], [ -45.081772, -23.490314199999943 ], [ -45.081627, -23.490184199999931 ], [ -45.081536, -23.49005219999998 ], [ -45.081423, -23.489791199999956 ], [ -45.081323, -23.489525199999946 ], [ -45.081255, -23.489314199999967 ], [ -45.081237, -23.489124199999935 ], [ -45.081242, -23.488988199999937 ], [ -45.081268499999965, -23.488807099999974 ], [ -45.081297899999981, -23.488653799999952 ], [ -45.081335099999933, -23.488511799999969 ], [ -45.081437499999936, -23.488156799999956 ], [ -45.081550499999935, -23.488012799999979 ], [ -45.081703499999946, -23.487857799999972 ], [ -45.081872499999974, -23.487689799999941 ], [ -45.082098499999972, -23.487431799999968 ], [ -45.082297499999981, -23.487128799999937 ], [ -45.082462499999963, -23.486790799999937 ], [ -45.082633499999986, -23.486487799999963 ], [ -45.082764499999939, -23.486151799999959 ], [ -45.082820499999968, -23.485846799999933 ], [ -45.082819699999959, -23.485491399999944 ], [ -45.082819499999971, -23.485402799999974 ], [ -45.082765499999937, -23.485121799999945 ], [ -45.082677499999932, -23.48483779999998 ], [ -45.082575499999962, -23.484497799999929 ], [ -45.082483399999944, -23.484306699999934 ], [ -45.082364499999983, -23.484080799999958 ], [ -45.08219349999996, -23.483860799999945 ], [ -45.082029499999976, -23.483699799999954 ], [ -45.08185949999995, -23.483489799999973 ], [ -45.081631499999958, -23.483259799999928 ], [ -45.081336499999964, -23.483069799999953 ], [ -45.081060499999978, -23.482937799999945 ], [ -45.080643499999951, -23.482752799999957 ], [ -45.080013099999974, -23.482447699999966 ], [ -45.079705499999932, -23.482298799999967 ], [ -45.079442499999971, -23.482179799999983 ], [ -45.079040499999962, -23.482060799999942 ], [ -45.078638499999954, -23.481972799999937 ], [ -45.078088499999978, -23.481806799999958 ], [ -45.077579499999956, -23.481618799999978 ], [ -45.077146499999969, -23.481337799999949 ], [ -45.076764499999967, -23.480919799999981 ], [ -45.07666949999998, -23.480520799999965 ], [ -45.076649499999974, -23.480119799999954 ], [ -45.076751499999943, -23.479651799999942 ], [ -45.076866499999937, -23.479245799999944 ], [ -45.077048499999933, -23.47891379999993 ], [ -45.077233499999977, -23.478517799999963 ], [ -45.077339499999937, -23.478103799999928 ], [ -45.077272499999935, -23.477696799999933 ], [ -45.076690799999938, -23.477885799999967 ], [ -45.076082399999962, -23.478070199999934 ], [ -45.074662799999942, -23.478309899999942 ], [ -45.073206299999981, -23.478733899999952 ], [ -45.071106399999962, -23.480056699999977 ], [ -45.071079499999939, -23.48008649999997 ], [ -45.070807799999955, -23.480399199999965 ], [ -45.070996, -23.48059 ], [ -45.071314899999948, -23.480714 ], [ -45.071689399999968, -23.480795 ], [ -45.071967099999938, -23.481439599999931 ], [ -45.072338399999978, -23.482381199999963 ], [ -45.07258939999997, -23.482916499999931 ], [ -45.072887, -23.483581699999945 ], [ -45.07311459999994, -23.484142399999939 ], [ -45.073409099999935, -23.484769799999981 ], [ -45.073690099999965, -23.485451699999942 ], [ -45.07398319999993, -23.486436599999934 ], [ -45.074065, -23.486806399999978 ], [ -45.074233399999969, -23.487734099999955 ], [ -45.074291799999969, -23.488240899999937 ], [ -45.074284499999976, -23.48876 ], [ -45.074282199999971, -23.488926899999967 ], [ -45.074166699999978, -23.489572499999952 ], [ -45.074160399999982, -23.489675 ], [ -45.074149899999952, -23.489844399999981 ], [ -45.074019399999941, -23.490358499999957 ], [ -45.073879499999975, -23.490872699999954 ], [ -45.073796799999968, -23.491190599999982 ], [ -45.073379199999977, -23.492189199999927 ], [ -45.073027899999943, -23.492747599999973 ], [ -45.072643099999937, -23.493291199999931 ], [ -45.072340499999939, -23.493576099999927 ], [ -45.072118899999964, -23.493471099999965 ], [ -45.071775899999977, -23.49338819999997 ], [ -45.071436299999959, -23.493296599999951 ], [ -45.070878599999958, -23.493296099999952 ], [ -45.070492799999954, -23.493166299999928 ], [ -45.07031829999994, -23.493013599999983 ], [ -45.069841199999985, -23.492769099999975 ], [ -45.06957, -23.492683199999931 ], [ -45.069343, -23.492725499999949 ], [ -45.069136699999945, -23.492784299999983 ], [ -45.068978399999935, -23.492730399999971 ], [ -45.068851299999949, -23.492618499999935 ], [ -45.068771199999958, -23.492621499999927 ], [ -45.068719599999952, -23.492666399999962 ], [ -45.068636799999979, -23.492885299999955 ], [ -45.068345399999941, -23.492920899999945 ], [ -45.06796449999996, -23.492927299999963 ], [ -45.067728099999954, -23.492812099999981 ], [ -45.067544899999973, -23.492727399999978 ], [ -45.067305099999942, -23.492664 ], [ -45.067060699999956, -23.492573499999935 ], [ -45.066928899999937, -23.492589499999951 ], [ -45.066850299999942, -23.492708799999946 ], [ -45.066798499999948, -23.492899299999976 ], [ -45.066884, -23.493127099999981 ], [ -45.067082, -23.493354299999964 ], [ -45.06728279999993, -23.493519799999945 ], [ -45.067441599999938, -23.493771299999935 ], [ -45.067532799999981, -23.49394 ], [ -45.067573899999957, -23.494269599999939 ], [ -45.067537499999958, -23.494438299999956 ], [ -45.067533899999944, -23.494630299999983 ], [ -45.067565499999944, -23.49486939999997 ], [ -45.067712899999947, -23.494966599999941 ], [ -45.067967299999964, -23.495154799999966 ], [ -45.068186899999944, -23.495370299999934 ], [ -45.06841309999993, -23.495561399999929 ], [ -45.068691299999955, -23.495684499999982 ], [ -45.069078299999944, -23.495982699999956 ], [ -45.069377299999985, -23.496265499999936 ], [ -45.069716699999958, -23.496514899999966 ], [ -45.070074699999964, -23.496779599999968 ], [ -45.07028269999995, -23.49698079999996 ], [ -45.070430699999974, -23.49709729999995 ], [ -45.070532799999967, -23.497060799999929 ], [ -45.07069649999994, -23.497146899999962 ], [ -45.070876599999963, -23.497282 ], [ -45.070962899999984, -23.497251 ], [ -45.071119899999985, -23.49729 ], [ -45.071349899999973, -23.49725669999998 ], [ -45.071488799999941, -23.497219199999961 ], [ -45.071779899999967, -23.497512 ], [ -45.071922899999947, -23.497617699999978 ], [ -45.071966099999941, -23.497755499999982 ], [ -45.071901399999945, -23.497860899999978 ], [ -45.072091099999966, -23.498136599999953 ], [ -45.072191199999963, -23.498173699999938 ], [ -45.07243479999994, -23.498387799999932 ], [ -45.07240239999993, -23.498511199999939 ], [ -45.072517199999936, -23.498570399999949 ], [ -45.07266379999993, -23.49847479999994 ], [ -45.072833, -23.498474899999962 ], [ -45.072975799999938, -23.498588599999948 ], [ -45.073096299999975, -23.498702799999933 ], [ -45.073461599999973, -23.49899279999994 ], [ -45.073583399999961, -23.49917279999994 ], [ -45.073599899999977, -23.499293299999977 ], [ -45.073681799999974, -23.499381199999959 ], [ -45.07370439999994, -23.499450399999944 ], [ -45.073780299999953, -23.499519199999952 ], [ -45.073731, -23.499699899999939 ], [ -45.073671899999965, -23.499920499999973 ], [ -45.073587, -23.500000399999976 ], [ -45.073507699999936, -23.500161 ], [ -45.073582199999976, -23.500498199999981 ], [ -45.073712399999977, -23.500680699999975 ], [ -45.073734, -23.50073649999996 ], [ -45.073726299999976, -23.500818299999935 ], [ -45.073767299999986, -23.500881099999958 ], [ -45.073869899999977, -23.500915499999962 ], [ -45.074045, -23.50086669999996 ], [ -45.074412799999948, -23.500843599999939 ], [ -45.074707299999943, -23.501017 ], [ -45.074944399999936, -23.501186299999972 ], [ -45.075177899999971, -23.501426699999968 ], [ -45.075328599999978, -23.501663599999972 ], [ -45.075350899999933, -23.501884799999971 ], [ -45.075462899999934, -23.50200209999997 ], [ -45.075554, -23.502109699999949 ], [ -45.075671299999954, -23.502128299999981 ], [ -45.075818, -23.502038099999936 ], [ -45.075953099999936, -23.502011499999981 ], [ -45.076298099999974, -23.50210629999998 ], [ -45.076387499999953, -23.502278599999954 ], [ -45.076489799999933, -23.502348299999937 ], [ -45.076596199999983, -23.502321099999961 ], [ -45.07674529999997, -23.502373199999965 ], [ -45.07675329999995, -23.502390899999966 ], [ -45.076755899999966, -23.502395299999932 ], [ -45.076938899999959, -23.502547399999969 ], [ -45.077019699999937, -23.502822099999946 ], [ -45.07711379999995, -23.502931599999954 ], [ -45.07725, -23.503211799999974 ], [ -45.077286399999934, -23.503376299999957 ], [ -45.077243899999985, -23.503408499999978 ], [ -45.077284499999962, -23.503533899999979 ], [ -45.077390499999979, -23.503803799999957 ], [ -45.077352299999973, -23.503995699999962 ], [ -45.077294299999949, -23.504092399999934 ], [ -45.077182899999968, -23.504114699999946 ], [ -45.077128399999935, -23.504239499999983 ], [ -45.077226199999984, -23.504362499999957 ], [ -45.077256099999943, -23.504549599999962 ], [ -45.077219, -23.504845099999955 ], [ -45.077176, -23.504959699999972 ], [ -45.077080799999976, -23.50504879999994 ], [ -45.076925299999971, -23.505028399999958 ], [ -45.076773, -23.505107099999975 ], [ -45.076624, -23.50508519999994 ], [ -45.076496899999938, -23.50513559999996 ], [ -45.076439499999935, -23.505114399999968 ], [ -45.076373899999965, -23.505142399999954 ], [ -45.076309, -23.505253699999969 ], [ -45.076231499999949, -23.505292599999962 ], [ -45.076192499999934, -23.505378599999972 ], [ -45.076214499999935, -23.50550839999994 ], [ -45.076353199999971, -23.505654299999946 ], [ -45.076384399999938, -23.505827899999929 ], [ -45.07648469999998, -23.505969 ], [ -45.076518199999953, -23.506032 ], [ -45.076450099999931, -23.50614859999996 ], [ -45.07648359999996, -23.506329299999948 ], [ -45.076554899999962, -23.506460299999958 ], [ -45.076643299999944, -23.506555499999934 ], [ -45.076742899999942, -23.506663299999957 ], [ -45.076879, -23.506878399999948 ], [ -45.076952399999982, -23.506895899999961 ], [ -45.077039799999966, -23.506944199999964 ], [ -45.077406699999983, -23.507166299999938 ], [ -45.077583199999935, -23.507231299999944 ], [ -45.077749099999949, -23.507298899999967 ], [ -45.077909199999965, -23.507458299999939 ], [ -45.078198799999939, -23.50765 ], [ -45.078322, -23.507774499999982 ], [ -45.07845569999995, -23.507972399999971 ], [ -45.078628799999933, -23.508120199999951 ], [ -45.078801399999975, -23.508214099999975 ], [ -45.079134099999976, -23.508397799999955 ], [ -45.07945959999995, -23.508502499999963 ], [ -45.079899199999943, -23.508600299999955 ], [ -45.08021279999997, -23.508646099999964 ], [ -45.080502, -23.508789899999954 ], [ -45.080867599999976, -23.508922299999938 ], [ -45.08105379999995, -23.509034499999927 ], [ -45.081101099999955, -23.509145 ], [ -45.081042599999932, -23.509304 ], [ -45.08090889999994, -23.509502299999951 ], [ -45.080828399999973, -23.509623399999953 ], [ -45.080767599999945, -23.509770499999945 ], [ -45.080820299999971, -23.509900199999947 ], [ -45.080705, -23.510175 ], [ -45.08057, -23.510296199999971 ], [ -45.080487099999971, -23.510367699999961 ], [ -45.080446399999971, -23.510524799999928 ], [ -45.080442199999936, -23.510703399999954 ], [ -45.080497499999979, -23.510845499999959 ], [ -45.080642599999976, -23.511001599999929 ], [ -45.080619799999965, -23.511186399999929 ], [ -45.08069, -23.511431 ], [ -45.080849399999977, -23.511602599999947 ], [ -45.080743799999937, -23.511729099999968 ], [ -45.080826099999967, -23.511918699999967 ], [ -45.080793, -23.512012399999946 ], [ -45.080848799999956, -23.51211109999997 ], [ -45.080975, -23.512181399999974 ], [ -45.080996299999981, -23.512311599999975 ], [ -45.081053199999985, -23.512403199999937 ], [ -45.081285, -23.512669199999948 ], [ -45.081392199999982, -23.512796399999957 ], [ -45.08131469999995, -23.512915 ], [ -45.081224, -23.512976699999967 ], [ -45.081007399999976, -23.513015199999927 ], [ -45.080766899999958, -23.51298259999993 ], [ -45.080581399999971, -23.512948699999981 ], [ -45.080484399999932, -23.512913599999933 ], [ -45.080272899999954, -23.51278949999994 ], [ -45.080233399999941, -23.512806399999931 ], [ -45.08023, -23.51286609999994 ], [ -45.080327, -23.512935 ], [ -45.080151, -23.512939599999982 ], [ -45.080021399999964, -23.512960599999928 ], [ -45.079851799999972, -23.51298509999998 ], [ -45.079773399999965, -23.513119 ], [ -45.079817699999978, -23.513228199999958 ], [ -45.080051799999978, -23.513291299999935 ], [ -45.080167099999983, -23.513446899999963 ], [ -45.080258899999933, -23.513676199999964 ], [ -45.080425399999967, -23.51396619999997 ], [ -45.080610799999931, -23.514183099999968 ], [ -45.080792199999962, -23.51445 ], [ -45.080935199999942, -23.514746299999956 ], [ -45.081056699999976, -23.514992699999937 ], [ -45.081010599999956, -23.51522609999995 ], [ -45.080967699999974, -23.515562099999954 ], [ -45.080833899999959, -23.51585 ], [ -45.08061669999995, -23.516015 ], [ -45.080422799999951, -23.516181399999937 ], [ -45.080235799999969, -23.516550299999949 ], [ -45.080386799999985, -23.516836399999931 ], [ -45.080588099999943, -23.517150299999969 ], [ -45.08088719999995, -23.517495599999961 ], [ -45.081269099999986, -23.517967599999963 ], [ -45.081436199999985, -23.518128599999955 ], [ -45.081522099999972, -23.518316699999957 ], [ -45.08159889999996, -23.51850109999998 ], [ -45.081521299999963, -23.518699199999958 ], [ -45.081550899999968, -23.519005299999947 ], [ -45.081699199999946, -23.519586299999958 ], [ -45.081645799999933, -23.519761 ], [ -45.081482299999948, -23.519789899999978 ], [ -45.081466099999943, -23.519913 ], [ -45.081627399999945, -23.520078499999954 ], [ -45.081840799999952, -23.520307099999968 ], [ -45.081889799999942, -23.520521199999962 ], [ -45.081937299999936, -23.520705899999939 ], [ -45.081911399999967, -23.520854799999938 ], [ -45.081858699999941, -23.520959499999947 ], [ -45.081771, -23.520942399999967 ], [ -45.08169659999993, -23.520852299999945 ], [ -45.081623499999978, -23.520844299999965 ], [ -45.081605399999944, -23.520977699999946 ], [ -45.08162539999995, -23.521069199999943 ], [ -45.08162219999997, -23.52117759999993 ], [ -45.081571599999961, -23.521194 ], [ -45.081481199999985, -23.521196299999929 ], [ -45.08140979999996, -23.521240099999943 ], [ -45.081421899999953, -23.521333799999979 ], [ -45.081590399999982, -23.521432 ], [ -45.081754299999943, -23.521542099999976 ], [ -45.081902399999933, -23.521523 ], [ -45.081997899999976, -23.521484799999939 ], [ -45.08202, -23.521319099999971 ], [ -45.082135899999969, -23.521266099999934 ], [ -45.082228599999951, -23.521222399999942 ], [ -45.082401599999969, -23.521311799999978 ], [ -45.082659799999931, -23.521436799999947 ], [ -45.083020199999964, -23.521469099999933 ], [ -45.083282699999984, -23.521470399999941 ], [ -45.083431099999984, -23.521367899999973 ], [ -45.083490299999937, -23.521238099999948 ], [ -45.083487699999978, -23.520822399999929 ], [ -45.083413699999937, -23.520079399999929 ], [ -45.083287699999971, -23.518672399999957 ], [ -45.083229699999947, -23.51797339999996 ], [ -45.083215299999949, -23.516850099999942 ], [ -45.083167099999969, -23.515880099999947 ], [ -45.083187, -23.515205299999934 ], [ -45.08324349999998, -23.514934299999936 ], [ -45.08331469999996, -23.514598399999954 ], [ -45.083458699999937, -23.513925399999948 ], [ -45.083577699999978, -23.513023399999952 ], [ -45.083691699999974, -23.512116399999968 ], [ -45.08363369999995, -23.511451399999942 ], [ -45.08350669999993, -23.510798399999942 ], [ -45.083387699999946, -23.510137399999962 ], [ -45.083229699999947, -23.509501399999976 ], [ -45.08302969999994, -23.508986399999969 ], [ -45.082897699999933, -23.508643399999983 ], [ -45.082578399999932, -23.508601699999929 ], [ -45.081956399999967, -23.508506699999941 ], [ -45.081619399999965, -23.50824369999998 ], [ -45.081334399999946, -23.507670699999949 ], [ -45.081152399999951, -23.507311699999946 ], [ -45.081100399999968, -23.507025699999929 ], [ -45.081152399999951, -23.506332699999973 ], [ -45.081229399999984, -23.505854699999929 ], [ -45.081255399999975, -23.505305699999951 ], [ -45.08130639999996, -23.504899699999953 ], [ -45.08130639999996, -23.504660699999931 ], [ -45.081254399999978, -23.50439769999997 ], [ -45.081176399999947, -23.504110699999956 ], [ -45.080969399999958, -23.503800699999942 ], [ -45.080709399999932, -23.503537699999981 ], [ -45.080450399999961, -23.503346699999952 ], [ -45.080036399999983, -23.50310769999993 ], [ -45.079103399999951, -23.502535699999953 ], [ -45.078585399999952, -23.502296699999931 ], [ -45.078325399999983, -23.502201699999944 ], [ -45.078014399999972, -23.502057699999966 ], [ -45.077807399999983, -23.501890699999933 ], [ -45.077600399999938, -23.501675699999964 ], [ -45.077263399999936, -23.501556699999981 ], [ -45.076874399999951, -23.501293699999962 ], [ -45.076693399999954, -23.501078699999937 ], [ -45.076589399999932, -23.500744699999927 ], [ -45.076614399999983, -23.499836699999946 ], [ -45.076614399999983, -23.499573699999928 ], [ -45.076692399999956, -23.499239699999976 ], [ -45.078038399999969, -23.498163699999964 ], [ -45.07829739999994, -23.498068699999976 ], [ -45.078685399999983, -23.497709699999973 ], [ -45.078867399999979, -23.497518699999944 ], [ -45.079022399999985, -23.497303699999975 ], [ -45.079307399999948, -23.497088699999949 ], [ -45.079570499999932, -23.497088 ], [ -45.079881499999942, -23.497136 ], [ -45.080146099999979, -23.49729549999995 ], [ -45.080374899999981, -23.497402699999952 ], [ -45.080381899999963, -23.497402699999952 ], [ -45.08067989999995, -23.49740259999993 ], [ -45.080840699999953, -23.49738549999995 ], [ -45.080960699999935, -23.497379499999965 ], [ -45.081124699999975, -23.497380499999963 ], [ -45.081615399999976, -23.495995199999982 ], [ -45.081688099999951, -23.495729099999949 ], [ -45.081738599999937, -23.495005599999956 ], [ -45.081900799999971, -23.494382099999939 ], [ -45.082123099999933, -23.49387749999994 ], [ -45.08234669999996, -23.493643799999973 ], [ -45.082383199999981, -23.493612399999961 ] ] ] } },
{ "type": "Feature", "properties": { "id": "3555406032", "cd_bairro": "3555406032", "bairro": "Enseada", "cd_mun": "3555406", "municipio": "Ubatuba", "cd_dist": "355540605", "distrito": "Ubatuba" }, "geometry": { "type": "Polygon", "coordinates": [ [ [ -45.088937599999952, -23.49324729999995 ], [ -45.090174099999956, -23.49297729999995 ], [ -45.092184399999951, -23.492739299999982 ], [ -45.094764699999985, -23.492542899999933 ], [ -45.09509879999996, -23.492536399999949 ], [ -45.097264099999961, -23.492494099999931 ], [ -45.098586199999943, -23.492721399999937 ], [ -45.098769599999969, -23.492153299999927 ], [ -45.098777199999972, -23.492114 ], [ -45.099100499999963, -23.491628599999956 ], [ -45.099294499999985, -23.491385199999968 ], [ -45.09952409999994, -23.491230399999949 ], [ -45.100064599999939, -23.49089129999993 ], [ -45.099987, -23.488829299999963 ], [ -45.099972, -23.488781099999983 ], [ -45.099974399999951, -23.48867869999998 ], [ -45.099969099999953, -23.488642199999958 ], [ -45.09989859999996, -23.488266599999974 ], [ -45.099853399999972, -23.48790159999993 ], [ -45.099909899999943, -23.487502599999971 ], [ -45.099947499999985, -23.487201599999935 ], [ -45.099966399999971, -23.486851399999978 ], [ -45.09997009999995, -23.486783799999955 ], [ -45.09994, -23.486558 ], [ -45.099845899999934, -23.486159099999952 ], [ -45.099796099999935, -23.486041799999953 ], [ -45.09972879999998, -23.485948899999983 ], [ -45.099675699999977, -23.485905699999932 ], [ -45.099365099999943, -23.485851899999943 ], [ -45.099227399999961, -23.48582829999998 ], [ -45.09915559999996, -23.485826499999973 ], [ -45.099060599999973, -23.485842199999979 ], [ -45.098976499999935, -23.485873 ], [ -45.09856549999995, -23.485988799999973 ], [ -45.098526399999969, -23.485994399999981 ], [ -45.098482, -23.48598839999994 ], [ -45.098438299999941, -23.485965 ], [ -45.09810269999997, -23.485656399999982 ], [ -45.098071699999934, -23.48563009999998 ], [ -45.098029199999985, -23.485617499999933 ], [ -45.098001, -23.485618699999975 ], [ -45.097969899999953, -23.485630599999979 ], [ -45.097937099999967, -23.485654799999963 ], [ -45.097497499999974, -23.486185399999954 ], [ -45.097476599999936, -23.48576079999998 ], [ -45.097390599999983, -23.48502689999998 ], [ -45.097051199999953, -23.485293399999932 ], [ -45.096596799999929, -23.485610799999961 ], [ -45.096255499999984, -23.485971199999938 ], [ -45.09598879999993, -23.486389 ], [ -45.09558149999998, -23.486755599999981 ], [ -45.095291499999973, -23.486707599999932 ], [ -45.095047499999964, -23.486910599999931 ], [ -45.094868499999961, -23.487166599999966 ], [ -45.094656499999985, -23.487578599999949 ], [ -45.094500499999981, -23.488055599999939 ], [ -45.094344499999977, -23.488442599999928 ], [ -45.094083499999954, -23.488745599999959 ], [ -45.093822499999931, -23.488888599999939 ], [ -45.093568499999947, -23.488929599999949 ], [ -45.09323749999993, -23.488980599999934 ], [ -45.092876499999932, -23.489018599999952 ], [ -45.092446499999937, -23.489020599999947 ], [ -45.091937499999972, -23.488889599999936 ], [ -45.091432499999939, -23.488732599999935 ], [ -45.091054499999984, -23.488588599999957 ], [ -45.090664499999946, -23.488344599999948 ], [ -45.090521499999966, -23.488238599999931 ], [ -45.090300499999955, -23.488079599999935 ], [ -45.090058499999941, -23.487883599999975 ], [ -45.089816499999984, -23.48770959999996 ], [ -45.089729499999976, -23.487648599999943 ], [ -45.089311499999951, -23.48737959999994 ], [ -45.089037499999961, -23.487290599999938 ], [ -45.088776499999938, -23.48724859999993 ], [ -45.088409499999955, -23.487190599999963 ], [ -45.087906499999974, -23.487202599999932 ], [ -45.087449499999934, -23.487267599999939 ], [ -45.087066499999935, -23.487320599999975 ], [ -45.086597499999982, -23.487412599999971 ], [ -45.086069899999984, -23.487518099999932 ], [ -45.085688399999981, -23.487599 ], [ -45.085356599999955, -23.48773239999997 ], [ -45.085052, -23.488014299999975 ], [ -45.084844099999941, -23.488345799999934 ], [ -45.084706, -23.488578799999971 ], [ -45.084558499999957, -23.488838599999951 ], [ -45.084346499999981, -23.489177599999948 ], [ -45.084213499999976, -23.489441599999964 ], [ -45.083987399999955, -23.489844399999981 ], [ -45.082383199999981, -23.493612399999961 ], [ -45.08234669999996, -23.493643799999973 ], [ -45.082123099999933, -23.49387749999994 ], [ -45.081900799999971, -23.494382099999939 ], [ -45.081738599999937, -23.495005599999956 ], [ -45.081688099999951, -23.495729099999949 ], [ -45.081615399999976, -23.495995199999982 ], [ -45.081124699999975, -23.497380499999963 ], [ -45.081851799999981, -23.497167899999965 ], [ -45.08224649999994, -23.497061499999973 ], [ -45.082606099999964, -23.497039399999949 ], [ -45.082793199999969, -23.49711259999998 ], [ -45.082794799999931, -23.49711259999998 ], [ -45.083315899999945, -23.497080499999981 ], [ -45.083336799999984, -23.496700799999928 ], [ -45.083407199999954, -23.496408199999962 ], [ -45.083330599999954, -23.496254399999941 ], [ -45.083350799999948, -23.496117499999968 ], [ -45.083447599999943, -23.496085 ], [ -45.083519, -23.495882399999971 ], [ -45.083883, -23.495491699999945 ], [ -45.084184199999982, -23.49521 ], [ -45.084617399999956, -23.494881499999963 ], [ -45.085835699999961, -23.494218599999954 ], [ -45.087643299999968, -23.49353 ], [ -45.088937599999952, -23.49324729999995 ] ] ] } },
{ "type": "Feature", "properties": { "id": "3555406033", "cd_bairro": "3555406033", "bairro": "Santa Rita", "cd_mun": "3555406", "municipio": "Ubatuba", "cd_dist": "355540605", "distrito": "Ubatuba" }, "geometry": { "type": "MultiPolygon", "coordinates": [ [ [ [ -45.10232689999998, -23.499664799999948 ], [ -45.102397499999938, -23.499584199999958 ], [ -45.102462399999979, -23.499452099999928 ], [ -45.102507699999933, -23.49939059999997 ], [ -45.102619, -23.499286199999972 ], [ -45.102627599999948, -23.49915459999994 ], [ -45.102575099999967, -23.499051899999927 ], [ -45.102538099999947, -23.498958399999935 ], [ -45.102659899999935, -23.498872699999936 ], [ -45.102637699999946, -23.498736799999961 ], [ -45.10250869999993, -23.498653599999955 ], [ -45.102391, -23.498659599999939 ], [ -45.102289, -23.498688799999968 ], [ -45.102167, -23.498755799999969 ], [ -45.102132599999948, -23.498864099999935 ], [ -45.102097899999933, -23.498953699999959 ], [ -45.102011299999958, -23.498987499999942 ], [ -45.101950299999942, -23.499021 ], [ -45.102022899999952, -23.499095299999965 ], [ -45.102121, -23.499164699999938 ], [ -45.102209099999982, -23.499252899999931 ], [ -45.102200399999958, -23.499379799999929 ], [ -45.102222199999972, -23.499482799999953 ], [ -45.102234399999929, -23.499637599999971 ], [ -45.10232689999998, -23.499664799999948 ] ] ], [ [ [ -45.101750199999969, -23.489926299999979 ], [ -45.101486499999965, -23.489913699999931 ], [ -45.10080819999996, -23.490091799999959 ], [ -45.100745099999983, -23.490136599999971 ], [ -45.100688099999957, -23.490215499999977 ], [ -45.10062679999993, -23.490438099999949 ], [ -45.100583399999948, -23.490579 ], [ -45.100508399999967, -23.490673299999969 ], [ -45.100440499999934, -23.490718199999947 ], [ -45.100064599999939, -23.49089129999993 ], [ -45.09952409999994, -23.491230399999949 ], [ -45.099294499999985, -23.491385199999968 ], [ -45.099100499999963, -23.491628599999956 ], [ -45.098777199999972, -23.492114 ], [ -45.098769599999969, -23.492153299999927 ], [ -45.098586199999943, -23.492721399999937 ], [ -45.098571599999957, -23.492853799999978 ], [ -45.098583, -23.49294029999993 ], [ -45.098698699999943, -23.493056699999954 ], [ -45.098738, -23.493212299999982 ], [ -45.098725599999966, -23.493329199999948 ], [ -45.098928899999976, -23.493619299999978 ], [ -45.099024799999938, -23.493716499999948 ], [ -45.09913789999996, -23.49391769999994 ], [ -45.099088599999959, -23.493999899999949 ], [ -45.099128699999937, -23.49402269999996 ], [ -45.099223199999983, -23.494054099999971 ], [ -45.099303199999952, -23.494112899999948 ], [ -45.099436899999944, -23.494326 ], [ -45.099578599999973, -23.494467099999952 ], [ -45.099864199999956, -23.494584599999939 ], [ -45.099975499999971, -23.494598099999962 ], [ -45.100074099999972, -23.494552899999974 ], [ -45.100252599999976, -23.494474899999943 ], [ -45.10040349999997, -23.494409499999961 ], [ -45.100572099999965, -23.494389599999977 ], [ -45.100694899999951, -23.494430899999941 ], [ -45.100785299999984, -23.494532499999934 ], [ -45.100925, -23.49464839999996 ], [ -45.101139699999976, -23.49474639999994 ], [ -45.101190299999985, -23.494911799999954 ], [ -45.10137119999996, -23.495052899999962 ], [ -45.101453799999945, -23.495058799999981 ], [ -45.101496099999963, -23.494997099999978 ], [ -45.101617199999964, -23.495009299999936 ], [ -45.101660099999947, -23.495077099999946 ], [ -45.101743599999963, -23.49519719999995 ], [ -45.101788699999986, -23.495297599999958 ], [ -45.101789399999973, -23.49538229999996 ], [ -45.101825599999984, -23.495415199999968 ], [ -45.101892799999973, -23.495401899999933 ], [ -45.101962699999945, -23.495478899999966 ], [ -45.102051299999971, -23.495572899999956 ], [ -45.102205799999979, -23.495668099999932 ], [ -45.102336699999967, -23.49578 ], [ -45.102467599999954, -23.495904 ], [ -45.102516199999968, -23.495989699999939 ], [ -45.10246589999997, -23.496056499999952 ], [ -45.102474499999971, -23.496134799999936 ], [ -45.102498, -23.496217099999967 ], [ -45.10257, -23.496287799999948 ], [ -45.102578599999958, -23.496349199999941 ], [ -45.102616599999976, -23.49636049999998 ], [ -45.102679499999965, -23.496321699999953 ], [ -45.102666699999929, -23.496285399999977 ], [ -45.102712699999984, -23.496277499999962 ], [ -45.102953299999967, -23.496518299999934 ], [ -45.103142599999956, -23.49668859999997 ], [ -45.103295699999933, -23.496829699999978 ], [ -45.103403299999968, -23.496943199999976 ], [ -45.103328899999951, -23.497100199999977 ], [ -45.103224599999976, -23.497415399999966 ], [ -45.10323029999995, -23.497529799999938 ], [ -45.10324959999997, -23.497575299999937 ], [ -45.103314199999943, -23.49759279999995 ], [ -45.103444899999943, -23.497536399999944 ], [ -45.103566799999953, -23.497637299999951 ], [ -45.103890799999931, -23.49787079999993 ], [ -45.104252, -23.49796 ], [ -45.104317, -23.497969499999954 ], [ -45.104349199999945, -23.498041399999977 ], [ -45.104426199999978, -23.498097899999948 ], [ -45.104515, -23.498073899999952 ], [ -45.104467099999965, -23.497965699999952 ], [ -45.10457219999995, -23.497969099999978 ], [ -45.104683099999932, -23.497855799999968 ], [ -45.104650599999957, -23.497790799999962 ], [ -45.104620899999929, -23.497693099999935 ], [ -45.10455589999998, -23.497591499999942 ], [ -45.104538099999957, -23.49748969999996 ], [ -45.104530799999964, -23.497331899999949 ], [ -45.10458019999993, -23.49722509999998 ], [ -45.104664599999978, -23.497184499999946 ], [ -45.104722399999957, -23.49705709999995 ], [ -45.10468869999994, -23.496991099999946 ], [ -45.104705399999943, -23.496845699999938 ], [ -45.104637599999933, -23.496772199999953 ], [ -45.104572699999949, -23.496739499999933 ], [ -45.104536, -23.496663199999944 ], [ -45.104476699999964, -23.496587199999965 ], [ -45.104414599999984, -23.496472899999958 ], [ -45.104175899999973, -23.496299799999974 ], [ -45.103931699999976, -23.496171799999956 ], [ -45.103697799999964, -23.496027499999968 ], [ -45.103580299999976, -23.495924399999979 ], [ -45.103362599999969, -23.495642399999952 ], [ -45.103115499999944, -23.495377899999937 ], [ -45.102949699999954, -23.495272099999966 ], [ -45.102823699999931, -23.495172099999934 ], [ -45.10281219999996, -23.495051599999954 ], [ -45.102786599999945, -23.494843 ], [ -45.10275189999993, -23.494514899999956 ], [ -45.102739799999938, -23.494100599999967 ], [ -45.102773099999979, -23.493580899999927 ], [ -45.102865899999983, -23.493033099999934 ], [ -45.102979399999981, -23.492695699999956 ], [ -45.103066299999966, -23.492516699999953 ], [ -45.103199599999982, -23.492563099999927 ], [ -45.103291499999955, -23.49254609999997 ], [ -45.103353799999979, -23.492329899999959 ], [ -45.103324, -23.492122499999937 ], [ -45.103389799999945, -23.492047799999966 ], [ -45.103517799999963, -23.491788 ], [ -45.103666699999962, -23.491760199999931 ], [ -45.103739299999972, -23.49166189999994 ], [ -45.103564499999948, -23.491467099999966 ], [ -45.103467, -23.491239099999973 ], [ -45.103385299999957, -23.490955099999951 ], [ -45.103142299999945, -23.490581199999951 ], [ -45.103034599999944, -23.490340899999978 ], [ -45.102921399999957, -23.490061199999957 ], [ -45.102968099999941, -23.489964399999963 ], [ -45.102382199999965, -23.489794199999949 ], [ -45.102280399999984, -23.489808699999969 ], [ -45.101750199999969, -23.489926299999979 ] ] ] ] } },
{ "type": "Feature", "properties": { "id": "3555406034", "cd_bairro": "3555406034", "bairro": "Perequê-Mirim", "cd_mun": "3555406", "municipio": "Ubatuba", "cd_dist": "355540605", "distrito": "Ubatuba" }, "geometry": { "type": "Polygon", "coordinates": [ [ [ -45.103304299999934, -23.47958639999996 ], [ -45.102921799999933, -23.479698699999972 ], [ -45.102441799999951, -23.479842699999949 ], [ -45.102084799999943, -23.479840699999954 ], [ -45.101812799999948, -23.47968869999994 ], [ -45.101653799999951, -23.479570699999954 ], [ -45.101318799999945, -23.479441699999938 ], [ -45.101119799999935, -23.479190699999947 ], [ -45.100994799999967, -23.479112699999973 ], [ -45.10070479999996, -23.47913669999997 ], [ -45.100521799999967, -23.479260699999941 ], [ -45.100408799999968, -23.479436699999951 ], [ -45.100342799999964, -23.479718699999978 ], [ -45.100232799999958, -23.480162699999937 ], [ -45.100061799999935, -23.480549699999983 ], [ -45.099719799999946, -23.480831699999953 ], [ -45.099244799999951, -23.481067699999983 ], [ -45.098838799999953, -23.481176699999935 ], [ -45.098601899999949, -23.481244499999946 ], [ -45.098565099999973, -23.481260199999952 ], [ -45.098529, -23.481277499999976 ], [ -45.098475899999983, -23.48128 ], [ -45.098381399999937, -23.481287499999951 ], [ -45.097860399999945, -23.482576 ], [ -45.097838399999944, -23.482802 ], [ -45.097842599999979, -23.482912099999965 ], [ -45.09785039999997, -23.483119 ], [ -45.097829499999932, -23.483615599999951 ], [ -45.097828399999969, -23.483673299999964 ], [ -45.097823499999947, -23.483940599999983 ], [ -45.097750099999985, -23.48432239999994 ], [ -45.097652799999935, -23.484821 ], [ -45.097390599999983, -23.48502689999998 ], [ -45.097476599999936, -23.48576079999998 ], [ -45.097497499999974, -23.486185399999954 ], [ -45.097937099999967, -23.485654799999963 ], [ -45.097969899999953, -23.485630599999979 ], [ -45.098001, -23.485618699999975 ], [ -45.098029199999985, -23.485617499999933 ], [ -45.098071699999934, -23.48563009999998 ], [ -45.09810269999997, -23.485656399999982 ], [ -45.098438299999941, -23.485965 ], [ -45.098482, -23.48598839999994 ], [ -45.098526399999969, -23.485994399999981 ], [ -45.09856549999995, -23.485988799999973 ], [ -45.098976499999935, -23.485873 ], [ -45.099060599999973, -23.485842199999979 ], [ -45.09915559999996, -23.485826499999973 ], [ -45.099227399999961, -23.48582829999998 ], [ -45.099365099999943, -23.485851899999943 ], [ -45.099675699999977, -23.485905699999932 ], [ -45.09972879999998, -23.485948899999983 ], [ -45.099796099999935, -23.486041799999953 ], [ -45.099845899999934, -23.486159099999952 ], [ -45.09994, -23.486558 ], [ -45.09997009999995, -23.486783799999955 ], [ -45.099966399999971, -23.486851399999978 ], [ -45.099947499999985, -23.487201599999935 ], [ -45.099909899999943, -23.487502599999971 ], [ -45.099853399999972, -23.48790159999993 ], [ -45.09989859999996, -23.488266599999974 ], [ -45.099969099999953, -23.488642199999958 ], [ -45.099974399999951, -23.48867869999998 ], [ -45.099972, -23.488781099999983 ], [ -45.099987, -23.488829299999963 ], [ -45.100064599999939, -23.49089129999993 ], [ -45.100440499999934, -23.490718199999947 ], [ -45.100508399999967, -23.490673299999969 ], [ -45.100583399999948, -23.490579 ], [ -45.10062679999993, -23.490438099999949 ], [ -45.100688099999957, -23.490215499999977 ], [ -45.100745099999983, -23.490136599999971 ], [ -45.10080819999996, -23.490091799999959 ], [ -45.101486499999965, -23.489913699999931 ], [ -45.101750199999969, -23.489926299999979 ], [ -45.102280399999984, -23.489808699999969 ], [ -45.102382199999965, -23.489794199999949 ], [ -45.102968099999941, -23.489964399999963 ], [ -45.103322099999957, -23.489731899999981 ], [ -45.103730799999937, -23.489492599999949 ], [ -45.104134599999952, -23.489253499999961 ], [ -45.104564499999981, -23.489072499999963 ], [ -45.104941399999973, -23.488931599999944 ], [ -45.105423, -23.488823899999943 ], [ -45.105961399999956, -23.488794899999959 ], [ -45.106108199999937, -23.488742499999944 ], [ -45.106240799999966, -23.48878609999997 ], [ -45.106449699999985, -23.488782499999957 ], [ -45.10662149999996, -23.488742399999978 ], [ -45.106793499999981, -23.488693699999942 ], [ -45.106850099999974, -23.488758 ], [ -45.106831399999976, -23.488841899999954 ], [ -45.106911, -23.488993199999982 ], [ -45.106916799999965, -23.48917 ], [ -45.106878499999937, -23.489436599999976 ], [ -45.106917799999962, -23.489736599999958 ], [ -45.107029399999931, -23.49010409999994 ], [ -45.107075299999963, -23.490360199999941 ], [ -45.107126299999948, -23.490536399999939 ], [ -45.10709339999994, -23.490716199999952 ], [ -45.107002499999965, -23.490872599999932 ], [ -45.106778599999984, -23.491040899999973 ], [ -45.106778099999985, -23.491413 ], [ -45.106872399999986, -23.491782299999954 ], [ -45.107072799999969, -23.492009699999983 ], [ -45.10721929999994, -23.492386899999929 ], [ -45.107268399999953, -23.492700199999945 ], [ -45.107598799999948, -23.493103499999961 ], [ -45.107885899999985, -23.493321799999933 ], [ -45.108102699999961, -23.493650599999967 ], [ -45.10839029999994, -23.493819899999949 ], [ -45.10872, -23.493908099999942 ], [ -45.108750799999939, -23.49396889999997 ], [ -45.108758399999942, -23.494018799999935 ], [ -45.108703899999966, -23.494104599999957 ], [ -45.108731399999954, -23.494119499999954 ], [ -45.10880839999993, -23.494117 ], [ -45.108868899999948, -23.494184699999948 ], [ -45.109003, -23.494234499999948 ], [ -45.109149199999933, -23.494230799999968 ], [ -45.109407699999963, -23.494297599999982 ], [ -45.10949, -23.494404499999973 ], [ -45.10951369999998, -23.494499799999971 ], [ -45.109652299999937, -23.49461 ], [ -45.109892799999955, -23.494888299999957 ], [ -45.109982699999932, -23.495047199999931 ], [ -45.110068899999931, -23.495124299999929 ], [ -45.110078699999974, -23.495127899999943 ], [ -45.110090099999979, -23.495136299999956 ], [ -45.110132399999941, -23.495181099999968 ], [ -45.110136, -23.495186 ], [ -45.110109899999941, -23.495235699999967 ], [ -45.110146399999962, -23.495308799999975 ], [ -45.110150099999942, -23.49531369999994 ], [ -45.110220399999946, -23.49539859999993 ], [ -45.110263599999939, -23.495412 ], [ -45.110280099999954, -23.495438599999943 ], [ -45.110273599999971, -23.495488399999942 ], [ -45.110284399999955, -23.495521699999983 ], [ -45.110481499999935, -23.495638699999972 ], [ -45.110563599999978, -23.495633599999962 ], [ -45.110617199999979, -23.495598799999982 ], [ -45.110683699999981, -23.495598499999971 ], [ -45.110806699999955, -23.495655099999965 ], [ -45.110989899999936, -23.495756399999948 ], [ -45.111106, -23.495831799999962 ], [ -45.111362199999974, -23.49592389999998 ], [ -45.111443799999961, -23.495978699999966 ], [ -45.111532099999977, -23.496008499999959 ], [ -45.111641599999984, -23.496089599999948 ], [ -45.111783599999967, -23.496241399999974 ], [ -45.111977, -23.496310299999948 ], [ -45.112123899999972, -23.496481899999935 ], [ -45.112439799999947, -23.496698299999935 ], [ -45.112588799999969, -23.496757 ], [ -45.11311459999996, -23.496843599999977 ], [ -45.113605799999959, -23.496888699999943 ], [ -45.114020899999957, -23.49696339999997 ], [ -45.114339899999948, -23.497050299999955 ], [ -45.114561699999967, -23.497215899999958 ], [ -45.114825499999938, -23.497261899999955 ], [ -45.115149899999949, -23.497369799999944 ], [ -45.115412, -23.497405599999979 ], [ -45.115623699999958, -23.497485299999937 ], [ -45.115761899999939, -23.497581699999955 ], [ -45.115853299999969, -23.497665199999972 ], [ -45.115967, -23.497764699999948 ], [ -45.116092299999934, -23.497942599999931 ], [ -45.116174, -23.498051 ], [ -45.116140399999949, -23.498088399999972 ], [ -45.116140099999939, -23.498134499999935 ], [ -45.116209399999946, -23.498148799999967 ], [ -45.116303799999969, -23.498120099999937 ], [ -45.116471299999944, -23.498104599999976 ], [ -45.116535, -23.498157 ], [ -45.11671, -23.498208 ], [ -45.116951699999959, -23.498322 ], [ -45.117123899999967, -23.498455299999932 ], [ -45.11722709999998, -23.498538899999971 ], [ -45.117325, -23.498644099999979 ], [ -45.117341599999975, -23.498661799999979 ], [ -45.117373399999963, -23.498698299999944 ], [ -45.11738239999994, -23.498708599999929 ], [ -45.11759, -23.498333199999934 ], [ -45.11770219999994, -23.498326599999928 ], [ -45.117784499999971, -23.498305 ], [ -45.117852099999936, -23.498276199999964 ], [ -45.117885899999976, -23.498249899999962 ], [ -45.117944199999954, -23.498191299999974 ], [ -45.117957, -23.498082599999975 ], [ -45.117974199999935, -23.497968899999933 ], [ -45.118025799999941, -23.497629699999948 ], [ -45.118475899999964, -23.494731099999967 ], [ -45.118506099999934, -23.494515 ], [ -45.118168899999944, -23.494296099999929 ], [ -45.117655899999932, -23.494080099999962 ], [ -45.117349899999965, -23.493935099999931 ], [ -45.116978899999935, -23.493649099999971 ], [ -45.116106899999977, -23.49310909999997 ], [ -45.115579899999943, -23.492732099999955 ], [ -45.115053899999964, -23.492404099999931 ], [ -45.114536899999962, -23.492006099999969 ], [ -45.113809899999978, -23.491506099999981 ], [ -45.112878899999941, -23.490751099999954 ], [ -45.11239089999998, -23.490255099999956 ], [ -45.111940899999979, -23.489752099999976 ], [ -45.111649899999975, -23.48925509999998 ], [ -45.111465899999985, -23.488789099999963 ], [ -45.111238899999933, -23.488177099999973 ], [ -45.111193899999932, -23.487746099999981 ], [ -45.111228899999958, -23.487285099999951 ], [ -45.111392899999942, -23.486931099999936 ], [ -45.111726499999975, -23.486268499999937 ], [ -45.112063899999953, -23.485810099999981 ], [ -45.112321899999984, -23.48546209999995 ], [ -45.112655899999936, -23.485046099999977 ], [ -45.112930899999981, -23.484695099999954 ], [ -45.113169899999946, -23.484394099999975 ], [ -45.112983899999961, -23.484260099999972 ], [ -45.112674899999945, -23.484125099999972 ], [ -45.112409899999932, -23.484060099999965 ], [ -45.112075899999979, -23.483951099999956 ], [ -45.111783899999978, -23.483799099999942 ], [ -45.111405899999966, -23.483570099999952 ], [ -45.110962899999947, -23.48318409999996 ], [ -45.110702899999978, -23.483011099999942 ], [ -45.110430899999983, -23.48276409999994 ], [ -45.110281899999961, -23.482649099999946 ], [ -45.11008389999995, -23.482525099999975 ], [ -45.109833899999956, -23.482436099999973 ], [ -45.109609899999953, -23.482464099999959 ], [ -45.109373199999936, -23.482405699999958 ], [ -45.109050299999979, -23.48254 ], [ -45.10853359999993, -23.482945699999959 ], [ -45.107876799999985, -23.48329339999998 ], [ -45.107485599999961, -23.483254799999941 ], [ -45.107291399999951, -23.483001099999967 ], [ -45.107077899999979, -23.48263309999993 ], [ -45.10714489999998, -23.482427099999938 ], [ -45.107137899999941, -23.482287099999951 ], [ -45.107226899999944, -23.482179099999939 ], [ -45.107330899999965, -23.482166099999972 ], [ -45.107545899999934, -23.482046099999934 ], [ -45.108062899999936, -23.481864099999939 ], [ -45.108174899999938, -23.48184109999994 ], [ -45.10843269999998, -23.48053729999998 ], [ -45.108466699999951, -23.480428299999971 ], [ -45.108473699999934, -23.480337299999974 ], [ -45.108377699999949, -23.480228299999965 ], [ -45.10826469999995, -23.480109299999981 ], [ -45.108138699999984, -23.479985299999953 ], [ -45.10798269999998, -23.479881299999931 ], [ -45.10795429999996, -23.47986039999995 ], [ -45.107755699999984, -23.479714299999955 ], [ -45.10765669999995, -23.479653299999939 ], [ -45.107534699999974, -23.479587299999935 ], [ -45.107368699999938, -23.479402299999947 ], [ -45.107087699999965, -23.479123299999969 ], [ -45.106665699999951, -23.478663299999937 ], [ -45.106521699999973, -23.478430299999957 ], [ -45.106379699999934, -23.478231299999948 ], [ -45.106291699999986, -23.478124299999934 ], [ -45.10613369999993, -23.478168299999936 ], [ -45.105588699999942, -23.478343299999949 ], [ -45.105053799999951, -23.478488699999957 ], [ -45.104959799999961, -23.478509699999961 ], [ -45.104826799999955, -23.478578699999957 ], [ -45.104715799999951, -23.478795699999978 ], [ -45.10442379999995, -23.479093699999964 ], [ -45.103988799999968, -23.479351699999938 ], [ -45.103456799999947, -23.47954169999997 ], [ -45.103304299999934, -23.47958639999996 ] ] ] } },
{ "type": "Feature", "properties": { "id": "3555406035", "cd_bairro": "3555406035", "bairro": "Sertão do Perequê-Mirim", "cd_mun": "3555406", "municipio": "Ubatuba", "cd_dist": "355540605", "distrito": "Ubatuba" }, "geometry": { "type": "Polygon", "coordinates": [ [ [ -45.10795429999996, -23.47986039999995 ], [ -45.10798269999998, -23.479881299999931 ], [ -45.108138699999984, -23.479985299999953 ], [ -45.10826469999995, -23.480109299999981 ], [ -45.108377699999949, -23.480228299999965 ], [ -45.108473699999934, -23.480337299999974 ], [ -45.108466699999951, -23.480428299999971 ], [ -45.10843269999998, -23.48053729999998 ], [ -45.108174899999938, -23.48184109999994 ], [ -45.108062899999936, -23.481864099999939 ], [ -45.107545899999934, -23.482046099999934 ], [ -45.107330899999965, -23.482166099999972 ], [ -45.107226899999944, -23.482179099999939 ], [ -45.107137899999941, -23.482287099999951 ], [ -45.10714489999998, -23.482427099999938 ], [ -45.107077899999979, -23.48263309999993 ], [ -45.107291399999951, -23.483001099999967 ], [ -45.107485599999961, -23.483254799999941 ], [ -45.107876799999985, -23.48329339999998 ], [ -45.10853359999993, -23.482945699999959 ], [ -45.109050299999979, -23.48254 ], [ -45.109373199999936, -23.482405699999958 ], [ -45.109609899999953, -23.482464099999959 ], [ -45.109833899999956, -23.482436099999973 ], [ -45.11008389999995, -23.482525099999975 ], [ -45.110281899999961, -23.482649099999946 ], [ -45.110430899999983, -23.48276409999994 ], [ -45.110702899999978, -23.483011099999942 ], [ -45.110962899999947, -23.48318409999996 ], [ -45.111405899999966, -23.483570099999952 ], [ -45.111783899999978, -23.483799099999942 ], [ -45.112075899999979, -23.483951099999956 ], [ -45.112409899999932, -23.484060099999965 ], [ -45.112674899999945, -23.484125099999972 ], [ -45.112983899999961, -23.484260099999972 ], [ -45.113169899999946, -23.484394099999975 ], [ -45.113927499999932, -23.484395799999959 ], [ -45.114707099999976, -23.484410699999955 ], [ -45.115229, -23.484401899999966 ], [ -45.115772099999958, -23.484443599999963 ], [ -45.116303799999969, -23.484516499999927 ], [ -45.116878799999938, -23.484505499999955 ], [ -45.117542799999967, -23.48445849999996 ], [ -45.117972799999961, -23.484393499999953 ], [ -45.11856279999995, -23.484336499999984 ], [ -45.118980799999974, -23.484281499999952 ], [ -45.119109799999933, -23.484262499999943 ], [ -45.11976379999993, -23.484188499999959 ], [ -45.120160799999951, -23.484164499999963 ], [ -45.120632799999953, -23.484069499999976 ], [ -45.121044799999936, -23.48394449999995 ], [ -45.121542799999986, -23.483880499999941 ], [ -45.122086799999977, -23.483806499999957 ], [ -45.122573799999941, -23.483781499999964 ], [ -45.123002799999938, -23.483796499999983 ], [ -45.123409799999934, -23.483849499999963 ], [ -45.123922799999946, -23.483905499999935 ], [ -45.124235799999951, -23.483986499999958 ], [ -45.124599799999942, -23.484090499999979 ], [ -45.124822799999947, -23.484164499999963 ], [ -45.124896799999931, -23.484062499999936 ], [ -45.124819799999955, -23.483923499999946 ], [ -45.124557799999934, -23.483649499999956 ], [ -45.124358799999982, -23.483405499999947 ], [ -45.124055799999951, -23.483002499999941 ], [ -45.123897799999952, -23.482763499999976 ], [ -45.123780799999963, -23.482489499999929 ], [ -45.123783799999956, -23.482212499999946 ], [ -45.123880799999938, -23.481960499999957 ], [ -45.124102799999946, -23.481538499999942 ], [ -45.124472799999978, -23.481116499999928 ], [ -45.124963799999932, -23.480676499999959 ], [ -45.125478799999939, -23.480308499999978 ], [ -45.125958799999978, -23.47991849999994 ], [ -45.126301799999965, -23.479656499999976 ], [ -45.126652799999931, -23.479323499999964 ], [ -45.126804799999945, -23.47908949999993 ], [ -45.126607799999931, -23.478943499999957 ], [ -45.126117799999975, -23.47897949999998 ], [ -45.125668799999971, -23.479127499999947 ], [ -45.125154799999962, -23.479381499999931 ], [ -45.124650799999984, -23.479577499999948 ], [ -45.124153799999931, -23.479719499999931 ], [ -45.123689799999966, -23.479848499999946 ], [ -45.12314379999998, -23.479968499999927 ], [ -45.122630799999968, -23.479971499999976 ], [ -45.122100799999942, -23.479862499999967 ], [ -45.121555799999953, -23.479572499999961 ], [ -45.121162799999979, -23.479288499999939 ], [ -45.120910799999933, -23.478936499999975 ], [ -45.12083279999996, -23.47856349999995 ], [ -45.120904799999948, -23.478279499999928 ], [ -45.121109799999942, -23.478133499999956 ], [ -45.121297799999979, -23.478075499999932 ], [ -45.121786799999938, -23.478140499999938 ], [ -45.122466799999984, -23.478262499999971 ], [ -45.122843799999941, -23.478403499999956 ], [ -45.123230799999931, -23.478499499999941 ], [ -45.123611799999935, -23.478544499999941 ], [ -45.123811799999942, -23.478536499999962 ], [ -45.123912799999971, -23.478488499999969 ], [ -45.123819799999978, -23.478386499999942 ], [ -45.123486799999966, -23.478166499999929 ], [ -45.12296079999993, -23.477930499999957 ], [ -45.122350799999936, -23.47762849999998 ], [ -45.121765799999935, -23.477359499999977 ], [ -45.121224799999936, -23.477091499999972 ], [ -45.120737399999939, -23.476814899999965 ], [ -45.120388399999968, -23.476629899999978 ], [ -45.120125399999949, -23.476383899999973 ], [ -45.119849399999964, -23.47606989999997 ], [ -45.119715399999961, -23.475742899999943 ], [ -45.11978739999995, -23.475328899999965 ], [ -45.119942399999957, -23.475049899999931 ], [ -45.120105399999943, -23.474805899999978 ], [ -45.120375399999944, -23.474617899999942 ], [ -45.120775399999957, -23.474376899999982 ], [ -45.121127399999978, -23.474166899999943 ], [ -45.121537399999966, -23.473920899999939 ], [ -45.121867399999985, -23.47366889999995 ], [ -45.122138399999983, -23.473440899999957 ], [ -45.12224939999993, -23.473266899999942 ], [ -45.122360399999934, -23.473092899999983 ], [ -45.12238439999993, -23.472975899999938 ], [ -45.122360399999934, -23.472768899999949 ], [ -45.122221399999944, -23.472488899999973 ], [ -45.121943399999964, -23.47213389999996 ], [ -45.12164439999998, -23.471854899999983 ], [ -45.121348399999931, -23.471617899999956 ], [ -45.120902399999977, -23.471382899999981 ], [ -45.120416399999954, -23.47125189999997 ], [ -45.119969399999945, -23.471084899999937 ], [ -45.119602399999962, -23.470944899999949 ], [ -45.119246399999952, -23.470722899999942 ], [ -45.118900399999973, -23.470461899999975 ], [ -45.118652399999974, -23.470315899999946 ], [ -45.118278399999951, -23.470264899999961 ], [ -45.117797399999972, -23.470366899999931 ], [ -45.117413399999975, -23.470576899999969 ], [ -45.117114399999934, -23.470803899999964 ], [ -45.116879399999959, -23.471021899999982 ], [ -45.116629399999965, -23.471153899999933 ], [ -45.116372399999932, -23.471291899999983 ], [ -45.115863399999967, -23.471343899999965 ], [ -45.115313399999934, -23.471343899999965 ], [ -45.114862399999936, -23.471305899999948 ], [ -45.114573899999982, -23.471294299999954 ], [ -45.114340399999946, -23.471284899999944 ], [ -45.113925399999971, -23.471301899999958 ], [ -45.11351639999998, -23.471419899999944 ], [ -45.113221399999929, -23.471556899999939 ], [ -45.112908399999981, -23.471866899999952 ], [ -45.112745399999937, -23.472028899999941 ], [ -45.11247039999995, -23.472335899999962 ], [ -45.112156399999947, -23.472664899999927 ], [ -45.111931399999946, -23.472954899999934 ], [ -45.111645399999929, -23.473220899999944 ], [ -45.111321399999952, -23.473348899999962 ], [ -45.110600399999953, -23.473421899999948 ], [ -45.110224399999936, -23.473477899999978 ], [ -45.109867399999985, -23.473514899999941 ], [ -45.109594399999935, -23.473599899999954 ], [ -45.109251899999947, -23.473677899999927 ], [ -45.108797699999968, -23.473831899999936 ], [ -45.108445599999982, -23.47401119999995 ], [ -45.107870699999978, -23.474487699999941 ], [ -45.10779169999995, -23.47478069999994 ], [ -45.107670699999971, -23.475199699999962 ], [ -45.107568699999945, -23.475497699999949 ], [ -45.107482699999935, -23.475743699999953 ], [ -45.107371699999931, -23.475995699999942 ], [ -45.107206699999949, -23.476239699999951 ], [ -45.106892699999946, -23.476476699999978 ], [ -45.106663699999956, -23.476603399999931 ], [ -45.106414799999982, -23.476751699999966 ], [ -45.106111699999985, -23.477007699999945 ], [ -45.105967699999951, -23.477168699999936 ], [ -45.105529499999932, -23.477429699999959 ], [ -45.105718799999977, -23.477579499999933 ], [ -45.105831499999965, -23.477699599999937 ], [ -45.105974099999969, -23.477848799999947 ], [ -45.106158199999982, -23.477980599999967 ], [ -45.106291699999986, -23.478124299999934 ], [ -45.106379699999934, -23.478231299999948 ], [ -45.106521699999973, -23.478430299999957 ], [ -45.106665699999951, -23.478663299999937 ], [ -45.107087699999965, -23.479123299999969 ], [ -45.107368699999938, -23.479402299999947 ], [ -45.107534699999974, -23.479587299999935 ], [ -45.10765669999995, -23.479653299999939 ], [ -45.107755699999984, -23.479714299999955 ], [ -45.10795429999996, -23.47986039999995 ] ] ] } },
{ "type": "Feature", "properties": { "id": "3555406036", "cd_bairro": "3555406036", "bairro": "Flamengo/Praias: Ribeira e Sete Fortes", "cd_mun": "3555406", "municipio": "Ubatuba", "cd_dist": "355540605", "distrito": "Ubatuba" }, "geometry": { "type": "Polygon", "coordinates": [ [ [ -45.123812899999962, -23.515028 ], [ -45.121566299999984, -23.511952299999962 ], [ -45.118854699999986, -23.508864899999935 ], [ -45.121320199999957, -23.505327899999941 ], [ -45.121481, -23.505060899999933 ], [ -45.121606, -23.504867499999932 ], [ -45.121490299999948, -23.504856 ], [ -45.121411899999941, -23.504797699999983 ], [ -45.121292099999948, -23.504827299999931 ], [ -45.121125099999972, -23.504770199999939 ], [ -45.120880099999965, -23.504697599999929 ], [ -45.120784199999946, -23.504709399999967 ], [ -45.120545299999947, -23.504784599999937 ], [ -45.120164799999941, -23.504830399999946 ], [ -45.119901, -23.504881699999942 ], [ -45.119685, -23.505000099999961 ], [ -45.119610099999932, -23.504995799999961 ], [ -45.119544399999938, -23.504992 ], [ -45.119330499999933, -23.505050299999937 ], [ -45.119158499999969, -23.50502419999998 ], [ -45.119034299999953, -23.505078099999935 ], [ -45.118843399999946, -23.505063399999983 ], [ -45.118693, -23.505106499999954 ], [ -45.118457399999954, -23.504983299999935 ], [ -45.118243799999959, -23.504949899999929 ], [ -45.117910799999947, -23.505080499999963 ], [ -45.117698399999938, -23.505254499999978 ], [ -45.117632699999945, -23.505203199999983 ], [ -45.117539, -23.505200799999955 ], [ -45.117390399999977, -23.505100099999936 ], [ -45.117277299999955, -23.505050199999971 ], [ -45.117045099999984, -23.505027299999938 ], [ -45.116965599999958, -23.504980199999977 ], [ -45.116746599999942, -23.505003299999942 ], [ -45.116625299999953, -23.505026399999963 ], [ -45.116595599999982, -23.505093299999942 ], [ -45.116582799999946, -23.505269599999963 ], [ -45.116519, -23.505329299999971 ], [ -45.116443599999968, -23.505283099999929 ], [ -45.116363599999943, -23.505334199999936 ], [ -45.116318399999955, -23.505415699999958 ], [ -45.116364699999963, -23.505484599999932 ], [ -45.116347, -23.505520199999978 ], [ -45.116270399999962, -23.505519199999981 ], [ -45.116236299999969, -23.505575199999953 ], [ -45.116237, -23.50565649999993 ], [ -45.116111299999943, -23.505817599999943 ], [ -45.115977099999952, -23.505927099999951 ], [ -45.115823099999943, -23.506119499999954 ], [ -45.115483, -23.506473 ], [ -45.115277, -23.506648499999983 ], [ -45.115040299999976, -23.506853 ], [ -45.114707199999941, -23.507037099999934 ], [ -45.114305399999978, -23.507185899999968 ], [ -45.114142, -23.507317199999932 ], [ -45.113957899999946, -23.507477699999981 ], [ -45.11375019999997, -23.507599599999935 ], [ -45.113546199999973, -23.507753199999968 ], [ -45.11338539999997, -23.507775299999935 ], [ -45.113082, -23.507837399999971 ], [ -45.11274009999994, -23.50794929999995 ], [ -45.11239409999996, -23.507994799999949 ], [ -45.112052199999937, -23.50802989999994 ], [ -45.111892299999965, -23.507957899999951 ], [ -45.111847499999953, -23.507794399999966 ], [ -45.111906399999953, -23.507546399999967 ], [ -45.111903899999959, -23.507202699999937 ], [ -45.111782199999936, -23.506966299999931 ], [ -45.111553499999957, -23.506866399999979 ], [ -45.111275899999953, -23.506924499999968 ], [ -45.111030599999935, -23.507266299999969 ], [ -45.110740899999939, -23.507208699999978 ], [ -45.110489099999938, -23.507239 ], [ -45.110337699999945, -23.507394899999952 ], [ -45.109422799999948, -23.507429 ], [ -45.108789299999955, -23.507398599999931 ], [ -45.108352699999955, -23.507349399999953 ], [ -45.107863, -23.507472 ], [ -45.107807099999945, -23.507738699999948 ], [ -45.107663799999955, -23.507840499999929 ], [ -45.10753219999998, -23.507906399999968 ], [ -45.107578499999931, -23.508169099999975 ], [ -45.107587799999976, -23.508433699999955 ], [ -45.107448099999942, -23.508702199999959 ], [ -45.107259399999975, -23.508933299999967 ], [ -45.1071, -23.509206899999981 ], [ -45.107083399999965, -23.50948 ], [ -45.107204, -23.509870399999954 ], [ -45.107460499999945, -23.510172299999965 ], [ -45.107824899999969, -23.510382499999935 ], [ -45.108180499999946, -23.510378699999933 ], [ -45.108489099999986, -23.510532299999966 ], [ -45.10874739999997, -23.510733 ], [ -45.108894499999963, -23.510872599999971 ], [ -45.109029499999963, -23.51103779999994 ], [ -45.109248299999933, -23.511177399999951 ], [ -45.109388399999943, -23.511150499999928 ], [ -45.109634, -23.511143299999958 ], [ -45.109873199999981, -23.51111979999996 ], [ -45.11001959999993, -23.511180099999933 ], [ -45.110144299999945, -23.511282899999969 ], [ -45.110282299999938, -23.511478199999942 ], [ -45.11032419999998, -23.511660599999971 ], [ -45.110443699999962, -23.512003799999945 ], [ -45.110517199999947, -23.512281299999927 ], [ -45.110551699999974, -23.512531099999933 ], [ -45.110546099999965, -23.512835699999982 ], [ -45.110474799999963, -23.513149 ], [ -45.110350599999947, -23.513516899999956 ], [ -45.110210399999971, -23.5139 ], [ -45.110097799999949, -23.514170199999967 ], [ -45.109975, -23.514361799999961 ], [ -45.109752, -23.514579899999944 ], [ -45.109593799999971, -23.514715599999931 ], [ -45.109275599999933, -23.514613 ], [ -45.109044599999947, -23.514473299999963 ], [ -45.10893539999995, -23.514353099999937 ], [ -45.108695699999942, -23.51429319999994 ], [ -45.108330899999942, -23.514101199999971 ], [ -45.107938699999977, -23.513870599999962 ], [ -45.107733099999962, -23.513747299999977 ], [ -45.107598199999984, -23.513793699999951 ], [ -45.107516099999941, -23.513908799999967 ], [ -45.107500899999934, -23.514107699999954 ], [ -45.107272799999976, -23.51426129999993 ], [ -45.107102399999974, -23.514335599999981 ], [ -45.106996, -23.514347599999951 ], [ -45.106921799999952, -23.51434329999995 ], [ -45.106895499999951, -23.51445259999997 ], [ -45.10690939999995, -23.51456589999998 ], [ -45.106868499999962, -23.514743499999952 ], [ -45.106817799999931, -23.514833099999976 ], [ -45.106743799999947, -23.514845699999967 ], [ -45.106723199999976, -23.514878 ], [ -45.106741499999941, -23.514926599999967 ], [ -45.106964699999935, -23.514985699999954 ], [ -45.107022599999937, -23.515001799999936 ], [ -45.107027199999948, -23.515098399999943 ], [ -45.107098199999939, -23.515141699999958 ], [ -45.107173299999943, -23.515379799999948 ], [ -45.107304099999965, -23.515468699999929 ], [ -45.107474399999944, -23.515532399999927 ], [ -45.10768429999996, -23.515686699999947 ], [ -45.108172399999944, -23.515920899999969 ], [ -45.108436799999936, -23.516163399999982 ], [ -45.108771799999943, -23.516538 ], [ -45.108856299999957, -23.51678469999996 ], [ -45.108861699999977, -23.517018 ], [ -45.108825099999933, -23.517169799999976 ], [ -45.108746699999983, -23.517268599999966 ], [ -45.108660599999951, -23.517298199999971 ], [ -45.108450199999936, -23.517252499999927 ], [ -45.108213599999942, -23.517175099999974 ], [ -45.107877499999972, -23.517248 ], [ -45.107466899999963, -23.517468899999983 ], [ -45.107434399999931, -23.517674099999965 ], [ -45.10736449999996, -23.518033899999978 ], [ -45.107317399999943, -23.51839149999995 ], [ -45.107319, -23.518721199999959 ], [ -45.107361799999978, -23.519104699999957 ], [ -45.107500399999935, -23.51942889999998 ], [ -45.107571099999973, -23.519736 ], [ -45.10755649999993, -23.520037199999933 ], [ -45.107434799999965, -23.520286799999951 ], [ -45.107259299999953, -23.520617299999969 ], [ -45.10709259999993, -23.520958399999927 ], [ -45.107095199999947, -23.521384299999966 ], [ -45.107058699999982, -23.521421399999952 ], [ -45.106919699999935, -23.521717599999931 ], [ -45.106685499999969, -23.522194599999978 ], [ -45.106559799999957, -23.52268179999993 ], [ -45.106215299999974, -23.522923899999967 ], [ -45.105916199999967, -23.522971299999938 ], [ -45.105869, -23.523176499999977 ], [ -45.105844799999943, -23.523398399999962 ], [ -45.105802099999948, -23.523531699999978 ], [ -45.105717399999946, -23.523646 ], [ -45.105768599999976, -23.523757399999965 ], [ -45.105914499999983, -23.523828099999946 ], [ -45.105950099999973, -23.524025 ], [ -45.106101699999954, -23.524254199999973 ], [ -45.106337099999962, -23.524353299999973 ], [ -45.106522499999983, -23.524398399999939 ], [ -45.106695599999966, -23.524523 ], [ -45.106921899999975, -23.524530699999957 ], [ -45.107126199999982, -23.524492 ], [ -45.107290599999942, -23.524484799999982 ], [ -45.107466699999975, -23.524603599999978 ], [ -45.107731599999966, -23.524790099999962 ], [ -45.107962499999985, -23.524915299999975 ], [ -45.108064199999944, -23.524949099999958 ], [ -45.10819209999994, -23.52492 ], [ -45.108214, -23.524857499999939 ], [ -45.108257, -23.524792899999966 ], [ -45.108365499999934, -23.524802099999931 ], [ -45.10841819999996, -23.524866599999939 ], [ -45.108506599999941, -23.524931799999933 ], [ -45.108546099999955, -23.524985199999946 ], [ -45.108612299999947, -23.524951099999953 ], [ -45.108606699999939, -23.524842899999953 ], [ -45.108648, -23.524828 ], [ -45.108712599999933, -23.524911399999951 ], [ -45.108801, -23.524961399999938 ], [ -45.108824699999957, -23.525039599999957 ], [ -45.108905099999959, -23.525128299999949 ], [ -45.109012099999973, -23.52510929999994 ], [ -45.109050099999934, -23.525043399999959 ], [ -45.109021, -23.524953399999958 ], [ -45.109042199999976, -23.524846899999943 ], [ -45.109158899999954, -23.52485919999998 ], [ -45.10930929999995, -23.525060199999928 ], [ -45.109554099999968, -23.525185699999952 ], [ -45.109619199999941, -23.525274 ], [ -45.109735599999965, -23.525378099999955 ], [ -45.110079699999972, -23.52557969999998 ], [ -45.110408199999938, -23.525634599999933 ], [ -45.110690899999952, -23.52561419999995 ], [ -45.111006299999985, -23.525764099999947 ], [ -45.111188299999981, -23.525890199999935 ], [ -45.111332899999979, -23.526009199999976 ], [ -45.111566599999946, -23.526143 ], [ -45.11180719999993, -23.526208699999927 ], [ -45.112009799999953, -23.526286699999957 ], [ -45.112314599999934, -23.52639 ], [ -45.112663099999963, -23.526443299999983 ], [ -45.113001899999972, -23.526371099999949 ], [ -45.11328709999998, -23.526227099999971 ], [ -45.113488299999972, -23.525958299999957 ], [ -45.113586699999985, -23.525491199999976 ], [ -45.113521499999933, -23.524998799999935 ], [ -45.113412199999971, -23.524750399999959 ], [ -45.113464499999964, -23.524607799999956 ], [ -45.113425899999982, -23.524441099999933 ], [ -45.113284299999975, -23.524206699999979 ], [ -45.113278099999945, -23.523929899999928 ], [ -45.113151399999936, -23.523717799999929 ], [ -45.113206199999979, -23.523438699999929 ], [ -45.113189499999976, -23.523149 ], [ -45.113274, -23.523071399999935 ], [ -45.113280799999984, -23.522986599999967 ], [ -45.11319089999995, -23.52289049999996 ], [ -45.113088799999957, -23.522536799999955 ], [ -45.112968799999976, -23.522239399999933 ], [ -45.112864699999932, -23.522070699999972 ], [ -45.112788499999965, -23.521815299999957 ], [ -45.112740699999961, -23.521474699999942 ], [ -45.112346499999944, -23.520887099999982 ], [ -45.112280399999975, -23.52064009999998 ], [ -45.112327299999947, -23.520460399999934 ], [ -45.112442, -23.520223699999974 ], [ -45.112724799999967, -23.519945799999959 ], [ -45.112924799999973, -23.51977409999995 ], [ -45.113169, -23.519620699999962 ], [ -45.113280299999985, -23.519598799999983 ], [ -45.113408899999968, -23.519560299999966 ], [ -45.113580799999966, -23.519469 ], [ -45.113792699999976, -23.519385799999952 ], [ -45.113893899999937, -23.519306099999937 ], [ -45.113998099999947, -23.519257699999969 ], [ -45.114113599999939, -23.519155599999976 ], [ -45.114228899999944, -23.519093199999929 ], [ -45.114536699999974, -23.51910659999993 ], [ -45.114643099999967, -23.519060299999978 ], [ -45.114711899999975, -23.519045899999981 ], [ -45.114865099999975, -23.519034099999942 ], [ -45.115017399999942, -23.519033599999943 ], [ -45.115270899999985, -23.518967199999963 ], [ -45.115485099999944, -23.519025699999929 ], [ -45.115597199999968, -23.519097299999942 ], [ -45.115837599999963, -23.519041699999946 ], [ -45.116098399999942, -23.519011299999931 ], [ -45.11642779999994, -23.519112 ], [ -45.116790099999946, -23.519246299999963 ], [ -45.117176799999982, -23.519450799999959 ], [ -45.117594899999972, -23.519738399999937 ], [ -45.117893799999933, -23.519908599999951 ], [ -45.118204899999967, -23.520077799999967 ], [ -45.118573899999944, -23.520242199999927 ], [ -45.118786199999931, -23.520475899999951 ], [ -45.119092199999955, -23.520750199999952 ], [ -45.119349099999965, -23.520952499999964 ], [ -45.11950539999998, -23.52103029999995 ], [ -45.119650199999967, -23.521261199999969 ], [ -45.119892799999946, -23.521375499999976 ], [ -45.120029299999942, -23.521313 ], [ -45.120237499999973, -23.521349199999975 ], [ -45.120410499999934, -23.521378699999957 ], [ -45.120473199999935, -23.521275 ], [ -45.120670699999948, -23.521089099999983 ], [ -45.120950499999935, -23.52099759999993 ], [ -45.121111799999937, -23.521062399999948 ], [ -45.121222799999941, -23.520977799999969 ], [ -45.12118959999998, -23.520825199999933 ], [ -45.121297899999945, -23.520520499999975 ], [ -45.121371499999952, -23.520285199999933 ], [ -45.121618399999932, -23.52003579999996 ], [ -45.12178549999993, -23.519767299999955 ], [ -45.121783199999982, -23.519598599999938 ], [ -45.121655399999952, -23.519353499999966 ], [ -45.121579199999985, -23.519128399999943 ], [ -45.121531899999979, -23.518878499999971 ], [ -45.121397899999977, -23.518547599999977 ], [ -45.121275599999933, -23.518236599999966 ], [ -45.121206699999959, -23.517867499999966 ], [ -45.12108429999995, -23.517675499999939 ], [ -45.121166, -23.517418099999929 ], [ -45.121301, -23.517244699999935 ], [ -45.12140329999994, -23.517013299999974 ], [ -45.121387199999958, -23.51701259999993 ], [ -45.121587799999929, -23.516788 ], [ -45.121675399999958, -23.516634899999929 ], [ -45.121748399999944, -23.516514299999983 ], [ -45.121706, -23.516326699999979 ], [ -45.121967, -23.516179899999941 ], [ -45.122149799999931, -23.516105799999934 ], [ -45.12239969999996, -23.516029 ], [ -45.122829199999956, -23.515823399999931 ], [ -45.12298629999998, -23.515653199999974 ], [ -45.123126799999966, -23.515427 ], [ -45.123365299999932, -23.515173399999981 ], [ -45.123812899999962, -23.515028 ] ] ] } },
{ "type": "Feature", "properties": { "id": "3555406037", "cd_bairro": "3555406037", "bairro": "Saco da Ribeira (Praia do Lambert)", "cd_mun": "3555406", "municipio": "Ubatuba", "cd_dist": "355540605", "distrito": "Ubatuba" }, "geometry": { "type": "Polygon", "coordinates": [ [ [ -45.129050399999983, -23.507892099999935 ], [ -45.128851, -23.50755879999997 ], [ -45.128744199999971, -23.507181699999933 ], [ -45.12874359999995, -23.507141699999977 ], [ -45.128646499999945, -23.506317 ], [ -45.129436299999952, -23.506239099999959 ], [ -45.129330899999957, -23.50491059999996 ], [ -45.129251899999986, -23.504331099999945 ], [ -45.129255599999965, -23.504214399999967 ], [ -45.129246899999941, -23.50378459999996 ], [ -45.129221799999982, -23.503450399999963 ], [ -45.129176599999937, -23.502814399999977 ], [ -45.129084199999966, -23.502244499999961 ], [ -45.129082399999959, -23.502233299999943 ], [ -45.129081099999951, -23.502183599999967 ], [ -45.12901439999996, -23.502003199999933 ], [ -45.129003499999953, -23.501964699999974 ], [ -45.128989299999944, -23.501927199999955 ], [ -45.128983099999971, -23.501773799999967 ], [ -45.128886299999976, -23.500499 ], [ -45.128626699999984, -23.497081899999955 ], [ -45.128543699999966, -23.496560899999963 ], [ -45.128326699999946, -23.496786899999961 ], [ -45.127762699999948, -23.497098899999969 ], [ -45.127334699999949, -23.497196899999949 ], [ -45.127026699999931, -23.497191899999962 ], [ -45.126642699999934, -23.497074899999973 ], [ -45.126265699999976, -23.496887899999933 ], [ -45.125907699999971, -23.496721899999955 ], [ -45.125490699999943, -23.496643899999981 ], [ -45.125204699999983, -23.496728899999937 ], [ -45.124764699999957, -23.496887899999933 ], [ -45.124327699999981, -23.496962899999971 ], [ -45.124045699999954, -23.496967899999959 ], [ -45.123528699999952, -23.496842899999933 ], [ -45.12324069999994, -23.496687899999984 ], [ -45.122917699999959, -23.496470899999963 ], [ -45.122486699999968, -23.496099899999933 ], [ -45.122113699999943, -23.495831899999928 ], [ -45.121616699999947, -23.495542899999975 ], [ -45.121067699999969, -23.495249899999976 ], [ -45.120665699999961, -23.495020899999929 ], [ -45.120284699999957, -23.494902899999943 ], [ -45.119625699999972, -23.49479789999998 ], [ -45.119200699999965, -23.494728899999927 ], [ -45.118866699999955, -23.49466689999997 ], [ -45.118506099999934, -23.494515 ], [ -45.118475899999964, -23.494731099999967 ], [ -45.118025799999941, -23.497629699999948 ], [ -45.117974199999935, -23.497968899999933 ], [ -45.117957, -23.498082599999975 ], [ -45.117944199999954, -23.498191299999974 ], [ -45.117885899999976, -23.498249899999962 ], [ -45.117852099999936, -23.498276199999964 ], [ -45.117784499999971, -23.498305 ], [ -45.11770219999994, -23.498326599999928 ], [ -45.11759, -23.498333199999934 ], [ -45.11738239999994, -23.498708599999929 ], [ -45.117399399999954, -23.498728099999937 ], [ -45.117544899999984, -23.49894089999998 ], [ -45.117735099999948, -23.499157099999934 ], [ -45.117921699999954, -23.49930379999995 ], [ -45.118117699999971, -23.499556499999983 ], [ -45.118279899999948, -23.499783199999968 ], [ -45.118327699999952, -23.499875299999928 ], [ -45.118360399999972, -23.500059499999963 ], [ -45.118441899999937, -23.500178799999958 ], [ -45.118587499999933, -23.500283799999977 ], [ -45.118669, -23.500382499999944 ], [ -45.11875589999994, -23.500509199999954 ], [ -45.118816299999935, -23.500684599999943 ], [ -45.118907, -23.500906499999928 ], [ -45.119022599999937, -23.501111299999934 ], [ -45.11917, -23.501238399999977 ], [ -45.11939, -23.501271299999928 ], [ -45.119630399999949, -23.501257199999941 ], [ -45.119819899999982, -23.50116259999993 ], [ -45.119898699999965, -23.501102299999957 ], [ -45.119991899999945, -23.500947 ], [ -45.120054699999969, -23.500781299999971 ], [ -45.120226499999944, -23.500621599999931 ], [ -45.120556099999931, -23.500497399999972 ], [ -45.120857399999977, -23.50049649999994 ], [ -45.12119789999997, -23.500603099999978 ], [ -45.121564799999931, -23.500722199999927 ], [ -45.121856199999968, -23.500824899999941 ], [ -45.121870699999931, -23.50083 ], [ -45.122047699999939, -23.500885399999959 ], [ -45.122242399999948, -23.500946299999953 ], [ -45.122284199999967, -23.50096259999998 ], [ -45.122599399999956, -23.501085299999943 ], [ -45.122713099999942, -23.50121 ], [ -45.122807, -23.501331299999947 ], [ -45.122877099999982, -23.501482 ], [ -45.122946199999944, -23.501597 ], [ -45.122982399999955, -23.501710599999967 ], [ -45.123035699999946, -23.501795099999981 ], [ -45.123134299999947, -23.501858 ], [ -45.123253599999941, -23.502034399999957 ], [ -45.123263299999962, -23.50219119999997 ], [ -45.12327229999994, -23.502260599999943 ], [ -45.123320699999965, -23.502334899999937 ], [ -45.123446299999955, -23.50242129999998 ], [ -45.12406679999998, -23.502879499999949 ], [ -45.124112499999967, -23.503002299999935 ], [ -45.124160899999936, -23.503138699999965 ], [ -45.124244399999952, -23.503304599999979 ], [ -45.124344399999984, -23.50336539999995 ], [ -45.124334799999986, -23.503415699999948 ], [ -45.124244899999951, -23.503363899999954 ], [ -45.124169699999982, -23.503291399999966 ], [ -45.124128599999949, -23.503218 ], [ -45.124066499999969, -23.503217599999971 ], [ -45.124159599999984, -23.503427299999942 ], [ -45.12415059999995, -23.503529199999946 ], [ -45.123906499999975, -23.503840799999978 ], [ -45.123757599999976, -23.503731 ], [ -45.123253299999931, -23.503607899999963 ], [ -45.123170499999958, -23.503592499999968 ], [ -45.122631099999978, -23.503454599999941 ], [ -45.122599699999967, -23.503539499999931 ], [ -45.122430599999973, -23.503498299999933 ], [ -45.122403199999951, -23.503574 ], [ -45.123055199999953, -23.503731599999981 ], [ -45.123014499999954, -23.503906899999947 ], [ -45.122973599999966, -23.50406739999994 ], [ -45.123284799999965, -23.504166599999962 ], [ -45.123221699999931, -23.504311 ], [ -45.123150899999985, -23.50444159999995 ], [ -45.123069599999951, -23.504526899999973 ], [ -45.122892499999978, -23.504441799999938 ], [ -45.122801699999968, -23.504390899999976 ], [ -45.122718899999938, -23.504338 ], [ -45.122634199999936, -23.504288899999949 ], [ -45.122568599999965, -23.504245099999935 ], [ -45.122507499999983, -23.504268499999966 ], [ -45.122474799999964, -23.504329 ], [ -45.122419399999956, -23.504387699999938 ], [ -45.122258199999976, -23.50424959999998 ], [ -45.122198899999944, -23.504302699999982 ], [ -45.122069299999964, -23.504228399999931 ], [ -45.121979199999942, -23.504404699999952 ], [ -45.122164699999985, -23.504517599999929 ], [ -45.122373599999946, -23.504656899999929 ], [ -45.122473, -23.504818499999942 ], [ -45.122566799999959, -23.504979899999967 ], [ -45.122608399999933, -23.505065299999956 ], [ -45.122432499999945, -23.505199699999935 ], [ -45.122332699999959, -23.505240499999957 ], [ -45.122239399999955, -23.505196199999943 ], [ -45.122091499999954, -23.50514759999993 ], [ -45.121921199999974, -23.505098099999941 ], [ -45.12177209999993, -23.505021399999976 ], [ -45.121606, -23.504867499999932 ], [ -45.121481, -23.505060899999933 ], [ -45.121320199999957, -23.505327899999941 ], [ -45.118854699999986, -23.508864899999935 ], [ -45.121566299999984, -23.511952299999962 ], [ -45.125394699999958, -23.511223899999948 ], [ -45.128562699999975, -23.508335899999963 ], [ -45.129050399999983, -23.507892099999935 ] ] ] } },
{ "type": "Feature", "properties": { "id": "3555406038", "cd_bairro": "3555406038", "bairro": "Lázaro (Domingas Dias)", "cd_mun": "3555406", "municipio": "Ubatuba", "cd_dist": "355540605", "distrito": "Ubatuba" }, "geometry": { "type": "Polygon", "coordinates": [ [ [ -45.131847799999946, -23.510000499999933 ], [ -45.132049099999961, -23.509680699999933 ], [ -45.132440599999939, -23.509419299999934 ], [ -45.132924899999978, -23.509181199999944 ], [ -45.133397299999956, -23.509019599999931 ], [ -45.133614399999942, -23.509039599999937 ], [ -45.133865899999932, -23.50918809999996 ], [ -45.134067399999935, -23.509329 ], [ -45.13443, -23.509588699999938 ], [ -45.134690299999932, -23.509742899999935 ], [ -45.134900399999935, -23.509831899999938 ], [ -45.13508719999993, -23.510017799999957 ], [ -45.135253499999976, -23.510010299999976 ], [ -45.135467699999936, -23.51016489999995 ], [ -45.135593699999959, -23.51031949999998 ], [ -45.135894099999973, -23.510781099999974 ], [ -45.136193699999978, -23.510845899999936 ], [ -45.136417899999969, -23.510930599999938 ], [ -45.136616599999968, -23.510923099999957 ], [ -45.136810799999978, -23.510948 ], [ -45.136743699999954, -23.511129899999958 ], [ -45.136764899999946, -23.511263199999973 ], [ -45.136944699999958, -23.511358 ], [ -45.13724179999997, -23.511354499999982 ], [ -45.137516199999936, -23.511540099999934 ], [ -45.137588599999958, -23.511743599999932 ], [ -45.137816, -23.511803699999973 ], [ -45.137898799999959, -23.511670699999968 ], [ -45.13821889999997, -23.511269599999935 ], [ -45.138409499999966, -23.51074669999997 ], [ -45.138522099999932, -23.510908399999948 ], [ -45.138725699999952, -23.51093149999997 ], [ -45.138749099999984, -23.510683399999948 ], [ -45.138454899999942, -23.510168499999963 ], [ -45.138473099999942, -23.509849899999949 ], [ -45.138531199999932, -23.509453599999972 ], [ -45.138626199999976, -23.509407099999976 ], [ -45.138675399999954, -23.509253399999977 ], [ -45.13868709999997, -23.509099799999944 ], [ -45.138584699999967, -23.509090599999979 ], [ -45.138399199999981, -23.509149 ], [ -45.138144199999942, -23.508912099999975 ], [ -45.138045299999931, -23.508739 ], [ -45.137756099999933, -23.508589699999959 ], [ -45.137247799999955, -23.508535499999937 ], [ -45.13692919999994, -23.508627399999966 ], [ -45.136486399999967, -23.508695099999954 ], [ -45.136151699999971, -23.508622899999978 ], [ -45.135937599999977, -23.508533499999942 ], [ -45.135733199999947, -23.508365399999946 ], [ -45.135401899999977, -23.508260499999949 ], [ -45.135088899999971, -23.508268099999952 ], [ -45.134928499999944, -23.508238099999971 ], [ -45.134846599999946, -23.508097699999951 ], [ -45.134747199999936, -23.507766799999956 ], [ -45.134639799999945, -23.507216099999937 ], [ -45.134577199999967, -23.506746 ], [ -45.134562099999982, -23.506632399999944 ], [ -45.134577599999943, -23.505833299999949 ], [ -45.134705099999962, -23.505110699999932 ], [ -45.13482769999996, -23.504854699999953 ], [ -45.134948599999973, -23.504602199999965 ], [ -45.135303499999964, -23.503976799999975 ], [ -45.135885099999939, -23.503124499999956 ], [ -45.136677199999951, -23.502327899999955 ], [ -45.137263399999938, -23.501881 ], [ -45.137220899999932, -23.501359499999978 ], [ -45.136657099999979, -23.501421599999958 ], [ -45.136499899999933, -23.50146559999996 ], [ -45.136456599999974, -23.501530199999934 ], [ -45.136444299999937, -23.501590699999952 ], [ -45.136281299999951, -23.501675599999942 ], [ -45.136059299999943, -23.501742599999943 ], [ -45.135885299999984, -23.501800599999967 ], [ -45.13567809999995, -23.501943199999971 ], [ -45.135497699999974, -23.501931499999955 ], [ -45.135271399999965, -23.50184059999998 ], [ -45.13523269999996, -23.501834299999928 ], [ -45.135305699999947, -23.501597499999946 ], [ -45.135316899999964, -23.501516699999968 ], [ -45.135312699999986, -23.501442699999927 ], [ -45.135286399999984, -23.501352199999928 ], [ -45.135207899999955, -23.501240799999948 ], [ -45.135106899999982, -23.501078599999971 ], [ -45.134996699999931, -23.500739 ], [ -45.134700799999962, -23.49989 ], [ -45.13465739999998, -23.499712799999941 ], [ -45.134585499999957, -23.499181 ], [ -45.134561399999939, -23.499076 ], [ -45.134528, -23.498983799999962 ], [ -45.134416499999929, -23.498809399999971 ], [ -45.134362599999974, -23.498727 ], [ -45.134231399999976, -23.498524 ], [ -45.13415219999996, -23.498401399999977 ], [ -45.134037, -23.498223099999962 ], [ -45.13483709999997, -23.497809699999948 ], [ -45.134822499999984, -23.497761 ], [ -45.134681699999931, -23.497308399999952 ], [ -45.13421459999995, -23.496640699999944 ], [ -45.13379139999995, -23.496171899999979 ], [ -45.133420599999965, -23.496037299999955 ], [ -45.132987599999979, -23.496010199999944 ], [ -45.130861699999969, -23.491527599999984 ], [ -45.130209699999966, -23.491437599999983 ], [ -45.129611699999941, -23.491425599999957 ], [ -45.129299699999933, -23.491437599999983 ], [ -45.129243699999961, -23.491590599999938 ], [ -45.128845699999943, -23.493209599999943 ], [ -45.128704699999957, -23.493876599999965 ], [ -45.128669699999932, -23.494394599999964 ], [ -45.128757699999937, -23.494770599999981 ], [ -45.128959699999939, -23.495289599999978 ], [ -45.129036699999972, -23.495651599999974 ], [ -45.128959699999939, -23.496114599999942 ], [ -45.12866269999995, -23.496465599999965 ], [ -45.128543699999966, -23.496560899999963 ], [ -45.128626699999984, -23.497081899999955 ], [ -45.128886299999976, -23.500499 ], [ -45.128983099999971, -23.501773799999967 ], [ -45.128989299999944, -23.501927199999955 ], [ -45.129003499999953, -23.501964699999974 ], [ -45.12901439999996, -23.502003199999933 ], [ -45.129081099999951, -23.502183599999967 ], [ -45.129082399999959, -23.502233299999943 ], [ -45.129084199999966, -23.502244499999961 ], [ -45.129176599999937, -23.502814399999977 ], [ -45.129221799999982, -23.503450399999963 ], [ -45.129246899999941, -23.50378459999996 ], [ -45.129255599999965, -23.504214399999967 ], [ -45.129251899999986, -23.504331099999945 ], [ -45.129330899999957, -23.50491059999996 ], [ -45.129436299999952, -23.506239099999959 ], [ -45.128646499999945, -23.506317 ], [ -45.12874359999995, -23.507141699999977 ], [ -45.128744199999971, -23.507181699999933 ], [ -45.128851, -23.50755879999997 ], [ -45.129050399999983, -23.507892099999935 ], [ -45.128562699999975, -23.508335899999963 ], [ -45.125394699999958, -23.511223899999948 ], [ -45.121566299999984, -23.511952299999962 ], [ -45.123812899999962, -23.515028 ], [ -45.124019899999951, -23.515086499999938 ], [ -45.12434559999997, -23.515169799999967 ], [ -45.124635299999966, -23.515224799999942 ], [ -45.124882199999945, -23.51518 ], [ -45.125020499999948, -23.515184699999963 ], [ -45.125146499999971, -23.515215599999976 ], [ -45.125364599999955, -23.51513609999995 ], [ -45.125658699999974, -23.51511469999997 ], [ -45.125929599999949, -23.515060199999937 ], [ -45.126264899999967, -23.515122199999951 ], [ -45.126537299999939, -23.515212099999928 ], [ -45.127087299999971, -23.515128699999934 ], [ -45.127230699999984, -23.515011799999968 ], [ -45.127178199999946, -23.514803499999971 ], [ -45.127352199999962, -23.514601399999947 ], [ -45.127569599999958, -23.51446969999995 ], [ -45.12810369999994, -23.514239299999929 ], [ -45.12849929999993, -23.514047699999935 ], [ -45.12878939999996, -23.51373719999998 ], [ -45.128975299999979, -23.513474299999928 ], [ -45.129131399999949, -23.51311579999998 ], [ -45.129389099999969, -23.512911299999928 ], [ -45.129505, -23.512581199999943 ], [ -45.129653399999938, -23.512164799999937 ], [ -45.129762899999946, -23.511867699999982 ], [ -45.129932099999962, -23.51183229999998 ], [ -45.130164099999945, -23.51180869999996 ], [ -45.130450499999938, -23.511623799999938 ], [ -45.130734899999936, -23.511550099999965 ], [ -45.13096319999994, -23.511522399999933 ], [ -45.131156099999941, -23.511556799999937 ], [ -45.131303199999934, -23.511461399999973 ], [ -45.131403299999931, -23.511291599999936 ], [ -45.131558499999983, -23.511216 ], [ -45.131688799999949, -23.511109099999942 ], [ -45.131804599999953, -23.510918799999956 ], [ -45.131807599999945, -23.51064649999995 ], [ -45.131789099999935, -23.510382899999968 ], [ -45.131847799999946, -23.510000499999933 ] ] ] } },
{ "type": "Feature", "properties": { "id": "3555406039", "cd_bairro": "3555406039", "bairro": "Pedra Verde (Domingas Dias)", "cd_mun": "3555406", "municipio": "Ubatuba", "cd_dist": "355540605", "distrito": "Ubatuba" }, "geometry": { "type": "Polygon", "coordinates": [ [ [ -45.13483709999997, -23.497809699999948 ], [ -45.134037, -23.498223099999962 ], [ -45.13415219999996, -23.498401399999977 ], [ -45.134231399999976, -23.498524 ], [ -45.134362599999974, -23.498727 ], [ -45.134416499999929, -23.498809399999971 ], [ -45.134528, -23.498983799999962 ], [ -45.134561399999939, -23.499076 ], [ -45.134585499999957, -23.499181 ], [ -45.13465739999998, -23.499712799999941 ], [ -45.134700799999962, -23.49989 ], [ -45.134996699999931, -23.500739 ], [ -45.135106899999982, -23.501078599999971 ], [ -45.135207899999955, -23.501240799999948 ], [ -45.135286399999984, -23.501352199999928 ], [ -45.135312699999986, -23.501442699999927 ], [ -45.135316899999964, -23.501516699999968 ], [ -45.135305699999947, -23.501597499999946 ], [ -45.13523269999996, -23.501834299999928 ], [ -45.135271399999965, -23.50184059999998 ], [ -45.135497699999974, -23.501931499999955 ], [ -45.13567809999995, -23.501943199999971 ], [ -45.135885299999984, -23.501800599999967 ], [ -45.136059299999943, -23.501742599999943 ], [ -45.136281299999951, -23.501675599999942 ], [ -45.136444299999937, -23.501590699999952 ], [ -45.136456599999974, -23.501530199999934 ], [ -45.136499899999933, -23.50146559999996 ], [ -45.136657099999979, -23.501421599999958 ], [ -45.137220899999932, -23.501359499999978 ], [ -45.137263399999938, -23.501881 ], [ -45.137798399999951, -23.501516 ], [ -45.138454899999942, -23.501189899999929 ], [ -45.139204699999937, -23.500884499999927 ], [ -45.139469799999972, -23.500790199999983 ], [ -45.139769599999966, -23.500683599999945 ], [ -45.14020679999993, -23.500585199999932 ], [ -45.140686199999948, -23.500472499999944 ], [ -45.141256899999973, -23.500355399999933 ], [ -45.14185249999997, -23.500272499999937 ], [ -45.142205499999932, -23.500242899999932 ], [ -45.142633, -23.500307199999952 ], [ -45.14274649999993, -23.500473199999931 ], [ -45.142749299999934, -23.500725799999941 ], [ -45.14290909999994, -23.501134 ], [ -45.143222799999933, -23.501407599999936 ], [ -45.143800299999953, -23.501668699999982 ], [ -45.144217799999979, -23.501858699999957 ], [ -45.144606899999985, -23.501970099999937 ], [ -45.14501139999993, -23.502031099999954 ], [ -45.145239499999946, -23.502091299999961 ], [ -45.14548179999997, -23.50204569999994 ], [ -45.145742699999971, -23.50192119999997 ], [ -45.145834099999945, -23.501739399999963 ], [ -45.145942899999966, -23.501618199999939 ], [ -45.145881499999973, -23.501535699999977 ], [ -45.145784899999967, -23.501391399999932 ], [ -45.145853699999975, -23.501276299999972 ], [ -45.145778299999961, -23.501212799999962 ], [ -45.14562449999994, -23.50124859999994 ], [ -45.145503599999984, -23.501201899999955 ], [ -45.145378699999981, -23.501010299999962 ], [ -45.145024199999966, -23.500791299999946 ], [ -45.145030399999939, -23.500671799999964 ], [ -45.144912199999965, -23.500664799999981 ], [ -45.144842099999948, -23.500762399999928 ], [ -45.144603199999949, -23.500615499999981 ], [ -45.144273099999964, -23.500407099999961 ], [ -45.144045, -23.500206299999945 ], [ -45.143749899999932, -23.49992229999998 ], [ -45.143781299999944, -23.499756799999943 ], [ -45.143847699999981, -23.499427699999956 ], [ -45.143968899999948, -23.499037499999929 ], [ -45.144154, -23.498553199999947 ], [ -45.144487399999946, -23.498070799999937 ], [ -45.14486549999998, -23.497623399999952 ], [ -45.145218, -23.497362599999974 ], [ -45.145585299999937, -23.497119299999952 ], [ -45.145892199999935, -23.496895399999971 ], [ -45.146163299999955, -23.496746099999939 ], [ -45.146344299999953, -23.496646299999952 ], [ -45.146621399999958, -23.49659209999993 ], [ -45.146896899999945, -23.496702499999969 ], [ -45.14704729999994, -23.496875 ], [ -45.147307799999965, -23.497160799999961 ], [ -45.147779599999978, -23.497558 ], [ -45.148207699999944, -23.497622899999953 ], [ -45.148428499999966, -23.497580599999935 ], [ -45.14863459999998, -23.497576 ], [ -45.148794599999974, -23.497451299999966 ], [ -45.14902619999998, -23.497318899999982 ], [ -45.149304, -23.497401199999956 ], [ -45.14949619999993, -23.497561299999973 ], [ -45.149746799999946, -23.497667499999977 ], [ -45.150031799999965, -23.497775399999966 ], [ -45.150234299999966, -23.497971 ], [ -45.150414799999965, -23.498089399999969 ], [ -45.150592399999937, -23.498157799999944 ], [ -45.150757699999986, -23.498139099999946 ], [ -45.150918199999978, -23.498224 ], [ -45.151153399999941, -23.498437499999966 ], [ -45.151427799999965, -23.498668599999974 ], [ -45.151857, -23.49901129999995 ], [ -45.152179399999966, -23.499062199999969 ], [ -45.152397699999938, -23.498892599999976 ], [ -45.152562899999964, -23.498958499999958 ], [ -45.152891799999963, -23.499201299999982 ], [ -45.153267799999981, -23.49936329999997 ], [ -45.153408299999967, -23.499393399999974 ], [ -45.153681399999982, -23.499322499999948 ], [ -45.153831, -23.499342699999943 ], [ -45.154138599999953, -23.499407399999939 ], [ -45.154333599999973, -23.498418199999946 ], [ -45.155721599999936, -23.491374599999972 ], [ -45.155252399999938, -23.491185399999949 ], [ -45.155056199999933, -23.491122699999949 ], [ -45.154897199999937, -23.491106299999956 ], [ -45.154718899999978, -23.491118099999937 ], [ -45.154527199999961, -23.491172799999958 ], [ -45.153916599999945, -23.491421 ], [ -45.153572799999949, -23.491523299999983 ], [ -45.153281199999981, -23.491575399999931 ], [ -45.152952, -23.491586899999959 ], [ -45.152101799999969, -23.491498799999931 ], [ -45.151817799999947, -23.491494599999953 ], [ -45.151722199999938, -23.491495199999974 ], [ -45.151563099999976, -23.491517099999953 ], [ -45.151403399999936, -23.491555199999937 ], [ -45.151071199999933, -23.491660599999932 ], [ -45.14988459999995, -23.491991299999938 ], [ -45.149371299999984, -23.492159899999933 ], [ -45.148974499999952, -23.492352899999958 ], [ -45.148768599999983, -23.49251849999996 ], [ -45.148706599999969, -23.492578599999945 ], [ -45.148658699999942, -23.492563899999936 ], [ -45.144269899999983, -23.49151089999998 ], [ -45.143954199999939, -23.491084499999943 ], [ -45.143474199999957, -23.490812499999947 ], [ -45.143073199999947, -23.490373499999976 ], [ -45.142661199999964, -23.489836499999967 ], [ -45.142177199999935, -23.489337499999976 ], [ -45.141736199999968, -23.488952499999982 ], [ -45.141333199999963, -23.488740499999949 ], [ -45.140997199999958, -23.488696499999946 ], [ -45.140778199999943, -23.488959499999964 ], [ -45.140725199999963, -23.48950149999996 ], [ -45.140709199999947, -23.490123499999982 ], [ -45.140695199999982, -23.490632499999947 ], [ -45.140586199999973, -23.491252499999973 ], [ -45.140348199999949, -23.491784499999937 ], [ -45.139858199999935, -23.492237499999931 ], [ -45.139333199999953, -23.492528499999935 ], [ -45.138785199999973, -23.492648499999973 ], [ -45.137453199999982, -23.492429499999957 ], [ -45.13668819999998, -23.492305499999929 ], [ -45.135866199999953, -23.49219949999997 ], [ -45.133871, -23.491228 ], [ -45.133130299999948, -23.491128 ], [ -45.132463, -23.491204399999958 ], [ -45.131969199999958, -23.491276199999959 ], [ -45.131626299999937, -23.491399599999966 ], [ -45.131269399999951, -23.49150979999996 ], [ -45.130861699999969, -23.491527599999984 ], [ -45.132987599999979, -23.496010199999944 ], [ -45.133420599999965, -23.496037299999955 ], [ -45.13379139999995, -23.496171899999979 ], [ -45.13421459999995, -23.496640699999944 ], [ -45.134681699999931, -23.497308399999952 ], [ -45.134822499999984, -23.497761 ], [ -45.13483709999997, -23.497809699999948 ] ] ] } },
{ "type": "Feature", "properties": { "id": "3555406040", "cd_bairro": "3555406040", "bairro": "Praia Dura", "cd_mun": "3555406", "municipio": "Ubatuba", "cd_dist": "355540605", "distrito": "Ubatuba" }, "geometry": { "type": "Polygon", "coordinates": [ [ [ -45.168290399999933, -23.486929599999939 ], [ -45.168053399999962, -23.487114599999927 ], [ -45.168130399999939, -23.487214599999959 ], [ -45.168194399999948, -23.487361599999929 ], [ -45.16822639999998, -23.487464599999953 ], [ -45.168419399999948, -23.487539599999934 ], [ -45.168525399999965, -23.487576599999954 ], [ -45.16861339999997, -23.487783599999943 ], [ -45.168487399999947, -23.488011599999936 ], [ -45.16827939999996, -23.488174599999979 ], [ -45.167999399999985, -23.488289599999973 ], [ -45.167592399999933, -23.488315599999964 ], [ -45.167289399999959, -23.488202599999966 ], [ -45.166944399999977, -23.488115599999958 ], [ -45.166726399999959, -23.488186599999949 ], [ -45.16653539999993, -23.488462599999934 ], [ -45.166325399999948, -23.488651599999969 ], [ -45.165980399999967, -23.48877159999995 ], [ -45.165791399999932, -23.488819599999943 ], [ -45.165444399999956, -23.488945599999965 ], [ -45.164680399999952, -23.489245599999947 ], [ -45.164319399999954, -23.489407599999936 ], [ -45.164198399999975, -23.489500599999928 ], [ -45.164040199999931, -23.489686499999948 ], [ -45.163827499999968, -23.489923499999975 ], [ -45.163750799999946, -23.490110199999947 ], [ -45.163765, -23.490321299999948 ], [ -45.163774099999955, -23.490513799999974 ], [ -45.163854699999945, -23.490873699999952 ], [ -45.163922699999944, -23.491281699999945 ], [ -45.163931099999957, -23.491320799999983 ], [ -45.163008499999933, -23.491517499999929 ], [ -45.162792599999932, -23.491573199999948 ], [ -45.16252419999995, -23.491679899999951 ], [ -45.16228, -23.491848899999979 ], [ -45.16185269999994, -23.492165199999931 ], [ -45.161703299999942, -23.492278099999965 ], [ -45.16156, -23.492374599999948 ], [ -45.161392899999953, -23.492463899999962 ], [ -45.161184399999968, -23.492527199999927 ], [ -45.160783599999945, -23.49256749999995 ], [ -45.160121599999968, -23.492572199999927 ], [ -45.159436699999958, -23.492559599999936 ], [ -45.159125299999971, -23.492537599999935 ], [ -45.158878899999934, -23.492499 ], [ -45.158177399999943, -23.492315499999961 ], [ -45.156472399999984, -23.491668699999934 ], [ -45.156107, -23.491530099999977 ], [ -45.155721599999936, -23.491374599999972 ], [ -45.154333599999973, -23.498418199999946 ], [ -45.154138599999953, -23.499407399999939 ], [ -45.154191, -23.499418399999968 ], [ -45.154415699999959, -23.499391599999967 ], [ -45.154535099999976, -23.499180099999933 ], [ -45.154417899999942, -23.498941099999968 ], [ -45.154456, -23.498773699999958 ], [ -45.154612699999973, -23.498744699999975 ], [ -45.154651299999955, -23.498602199999937 ], [ -45.154494599999964, -23.498347399999943 ], [ -45.154512099999977, -23.49805589999994 ], [ -45.154510899999934, -23.497828399999946 ], [ -45.154534299999966, -23.497728199999983 ], [ -45.154744299999948, -23.497611399999982 ], [ -45.154949899999963, -23.497569099999964 ], [ -45.155129799999941, -23.497611799999959 ], [ -45.15540939999994, -23.497735099999943 ], [ -45.155538899999954, -23.497573099999954 ], [ -45.155616399999985, -23.497383599999978 ], [ -45.155806, -23.497273199999938 ], [ -45.156111399999929, -23.497261 ], [ -45.156658399999969, -23.497321499999941 ], [ -45.157094099999938, -23.497419499999978 ], [ -45.157327, -23.497375299999931 ], [ -45.157502199999954, -23.497470399999941 ], [ -45.157639699999947, -23.497778299999936 ], [ -45.15775119999995, -23.498198699999932 ], [ -45.157721599999945, -23.498519899999962 ], [ -45.157842899999935, -23.498788199999979 ], [ -45.158212499999934, -23.499190099999964 ], [ -45.158596799999941, -23.49945 ], [ -45.158899899999938, -23.499623499999927 ], [ -45.159250399999962, -23.499683 ], [ -45.159538699999985, -23.499834899999939 ], [ -45.159847199999945, -23.500014699999952 ], [ -45.160007, -23.500064099999975 ], [ -45.160215899999969, -23.500027199999977 ], [ -45.160374899999965, -23.499884799999961 ], [ -45.160590399999933, -23.499722599999927 ], [ -45.16097869999993, -23.499578099999951 ], [ -45.161393499999974, -23.499582099999941 ], [ -45.161715399999935, -23.499382399999945 ], [ -45.162027799999976, -23.499274899999932 ], [ -45.162214699999936, -23.499076499999944 ], [ -45.162454, -23.498964299999955 ], [ -45.162616699999944, -23.498675699999978 ], [ -45.162767599999938, -23.498389299999928 ], [ -45.162864699999943, -23.498177899999973 ], [ -45.163096899999971, -23.498155699999927 ], [ -45.163255699999979, -23.498031499999968 ], [ -45.163497099999972, -23.497734099999946 ], [ -45.163715099999933, -23.497605199999953 ], [ -45.163980399999957, -23.497655299999963 ], [ -45.164247099999955, -23.497499699999935 ], [ -45.164352799999961, -23.497243199999957 ], [ -45.164332, -23.49693659999997 ], [ -45.164490799999953, -23.49673729999995 ], [ -45.164599299999963, -23.496438 ], [ -45.164628499999935, -23.49606579999994 ], [ -45.164679799999931, -23.495634499999937 ], [ -45.164685099999986, -23.495362499999942 ], [ -45.164963299999954, -23.495114299999955 ], [ -45.165085599999941, -23.494906599999979 ], [ -45.165081799999939, -23.494676099999936 ], [ -45.164966299999946, -23.494489499999929 ], [ -45.164788, -23.494328699999983 ], [ -45.164606, -23.49413919999995 ], [ -45.164609799999937, -23.493934299999978 ], [ -45.164825099999973, -23.493750699999964 ], [ -45.164988299999948, -23.493551199999956 ], [ -45.165020699999957, -23.493399599999975 ], [ -45.165151599999945, -23.493203499999936 ], [ -45.165503, -23.492898699999955 ], [ -45.165977899999973, -23.49266549999993 ], [ -45.166650199999935, -23.492568 ], [ -45.167088199999966, -23.492534099999943 ], [ -45.167557, -23.492541199999948 ], [ -45.168101099999944, -23.492577099999949 ], [ -45.168610299999955, -23.492668899999956 ], [ -45.169081699999936, -23.492789199999947 ], [ -45.16963839999994, -23.492994899999928 ], [ -45.169933399999934, -23.49315219999994 ], [ -45.170394699999974, -23.493384799999944 ], [ -45.170948199999941, -23.49373989999998 ], [ -45.171386599999948, -23.494089899999949 ], [ -45.17172439999996, -23.49438559999993 ], [ -45.172218599999951, -23.494822499999941 ], [ -45.172526199999936, -23.495100099999945 ], [ -45.172913, -23.495412399999964 ], [ -45.173187499999983, -23.495667899999944 ], [ -45.173517899999979, -23.49596 ], [ -45.173885199999972, -23.496323199999949 ], [ -45.174213399999985, -23.496784 ], [ -45.174582799999939, -23.497545899999977 ], [ -45.174771699999951, -23.498162299999933 ], [ -45.174836899999946, -23.498458399999947 ], [ -45.174949799999979, -23.499239199999977 ], [ -45.174974299999974, -23.500034099999937 ], [ -45.174899799999935, -23.500659299999938 ], [ -45.174709599999971, -23.501163799999972 ], [ -45.174473, -23.501508 ], [ -45.174361699999963, -23.501618399999927 ], [ -45.174234299999966, -23.501712599999962 ], [ -45.174002599999938, -23.501624 ], [ -45.173968499999944, -23.501574299999959 ], [ -45.173855699999933, -23.501537599999949 ], [ -45.173797699999966, -23.501571199999944 ], [ -45.173719799999958, -23.50154809999998 ], [ -45.17363649999993, -23.501467799999944 ], [ -45.173521899999969, -23.501430499999969 ], [ -45.173428299999955, -23.501431199999956 ], [ -45.173377099999982, -23.501517399999955 ], [ -45.173309599999982, -23.501517899999953 ], [ -45.173269, -23.50160859999994 ], [ -45.173057099999937, -23.501609199999962 ], [ -45.172800299999949, -23.501539099999945 ], [ -45.172672599999942, -23.501513299999942 ], [ -45.172599499999933, -23.501585699999964 ], [ -45.172680499999956, -23.501742599999943 ], [ -45.172692299999937, -23.501944399999957 ], [ -45.172637, -23.502116199999932 ], [ -45.172505699999931, -23.50235559999993 ], [ -45.172389399999986, -23.50241989999995 ], [ -45.172263399999963, -23.502421599999934 ], [ -45.172150099999953, -23.502381 ], [ -45.17205139999993, -23.502275899999972 ], [ -45.171963299999959, -23.502259599999945 ], [ -45.171896599999968, -23.502290799999969 ], [ -45.171845099999985, -23.50224019999996 ], [ -45.171753099999933, -23.502216199999964 ], [ -45.171647099999973, -23.502217099999939 ], [ -45.171592899999951, -23.502232399999968 ], [ -45.171601799999962, -23.502302499999928 ], [ -45.171599799999967, -23.502377499999966 ], [ -45.171592299999929, -23.502442499999972 ], [ -45.171560399999976, -23.502504899999963 ], [ -45.171470799999952, -23.502520199999935 ], [ -45.171394799999973, -23.502542799999958 ], [ -45.171294099999955, -23.502558099999931 ], [ -45.171217799999965, -23.502565899999979 ], [ -45.17115519999993, -23.502591099999961 ], [ -45.171133699999984, -23.502636099999961 ], [ -45.171158599999956, -23.502665899999954 ], [ -45.171229799999935, -23.502688 ], [ -45.171279, -23.502702699999929 ], [ -45.171320499999979, -23.502762299999972 ], [ -45.171293899999966, -23.502834699999937 ], [ -45.171212399999945, -23.50286019999993 ], [ -45.171131199999934, -23.502905699999928 ], [ -45.171079799999973, -23.502935899999954 ], [ -45.171064399999977, -23.503015799999957 ], [ -45.172954299999958, -23.502672399999938 ], [ -45.173089399999981, -23.502647899999943 ], [ -45.173179599999969, -23.5027 ], [ -45.173261899999943, -23.502735599999937 ], [ -45.173367199999973, -23.502802899999949 ], [ -45.173556299999973, -23.502979 ], [ -45.173815399999967, -23.503220599999963 ], [ -45.174071, -23.503584599999954 ], [ -45.174183899999946, -23.503680599999939 ], [ -45.174380299999939, -23.503778899999929 ], [ -45.174479699999949, -23.503879499999982 ], [ -45.174538799999937, -23.50397049999998 ], [ -45.174576099999967, -23.504070399999932 ], [ -45.174605499999984, -23.504190199999982 ], [ -45.182633499999952, -23.504941699999961 ], [ -45.18276149999997, -23.503986699999928 ], [ -45.182874499999969, -23.503256699999952 ], [ -45.183000199999981, -23.502660099999957 ], [ -45.183020499999941, -23.502563699999939 ], [ -45.183160499999985, -23.502073699999983 ], [ -45.18339949999995, -23.50151569999997 ], [ -45.183732499999962, -23.500803699999949 ], [ -45.183737199999939, -23.500703299999941 ], [ -45.183753399999944, -23.500647199999946 ], [ -45.18376939999996, -23.500604499999952 ], [ -45.183931799999982, -23.500173699999948 ], [ -45.184590799999967, -23.498738699999933 ], [ -45.184723799999972, -23.498383699999977 ], [ -45.184437799999955, -23.498317699999973 ], [ -45.184240799999941, -23.498252699999966 ], [ -45.183982799999967, -23.498120699999959 ], [ -45.183722799999941, -23.497867699999972 ], [ -45.183452799999941, -23.49745669999993 ], [ -45.183345799999984, -23.497049699999934 ], [ -45.183251799999937, -23.496643699999936 ], [ -45.183207799999934, -23.496219699999983 ], [ -45.183128799999963, -23.495957699999963 ], [ -45.18290079999997, -23.495748699999979 ], [ -45.182654799999966, -23.495642699999962 ], [ -45.182254799999953, -23.49559869999996 ], [ -45.181868799999961, -23.495561699999939 ], [ -45.181559799999945, -23.495476699999983 ], [ -45.18124679999994, -23.495364699999982 ], [ -45.18092379999996, -23.495181699999932 ], [ -45.180515799999966, -23.494930699999941 ], [ -45.18017679999997, -23.494606699999963 ], [ -45.179848799999945, -23.49425169999995 ], [ -45.179473799999982, -23.493767699999978 ], [ -45.179079799999954, -23.493343699999969 ], [ -45.178774799999985, -23.492930699999931 ], [ -45.178434799999934, -23.492600699999969 ], [ -45.178121799999985, -23.492361699999947 ], [ -45.177838799999961, -23.492227699999944 ], [ -45.177552799999944, -23.492088599999931 ], [ -45.17726579999993, -23.491822699999943 ], [ -45.177127799999937, -23.491555699999935 ], [ -45.177011899999968, -23.491237699999942 ], [ -45.176946, -23.491047399999957 ], [ -45.176984799999957, -23.49076969999993 ], [ -45.172496499999966, -23.49178459999996 ], [ -45.17246, -23.491810699999974 ], [ -45.172401199999968, -23.491420199999936 ], [ -45.172277, -23.490975099999957 ], [ -45.172089399999948, -23.490625699999953 ], [ -45.171455299999934, -23.489813699999956 ], [ -45.171376699999939, -23.489707099999976 ], [ -45.17129019999993, -23.489581699999974 ], [ -45.171248399999968, -23.489425199999971 ], [ -45.17124819999998, -23.489295699999957 ], [ -45.171266299999957, -23.48914149999996 ], [ -45.171322599999939, -23.489012 ], [ -45.171407699999975, -23.488878299999953 ], [ -45.171508299999971, -23.488765599999965 ], [ -45.171591699999965, -23.488541 ], [ -45.171770699999968, -23.48829429999995 ], [ -45.171802299999968, -23.488264499999957 ], [ -45.171755399999938, -23.488253799999939 ], [ -45.171741399999974, -23.488250599999958 ], [ -45.171565299999941, -23.48817889999998 ], [ -45.171409399999959, -23.488109099999974 ], [ -45.171225499999935, -23.488058299999977 ], [ -45.170865599999956, -23.48790159999993 ], [ -45.17057079999995, -23.487692799999934 ], [ -45.170270399999936, -23.487441599999954 ], [ -45.169889399999931, -23.48719959999994 ], [ -45.169513399999971, -23.487049599999978 ], [ -45.169212399999935, -23.486977599999932 ], [ -45.16871539999994, -23.486886599999934 ], [ -45.168290399999933, -23.486929599999939 ] ] ] } },
{ "type": "Feature", "properties": { "id": "3555406041", "cd_bairro": "3555406041", "bairro": "Rio Escuro", "cd_mun": "3555406", "municipio": "Ubatuba", "cd_dist": "355540605", "distrito": "Ubatuba" }, "geometry": { "type": "Polygon", "coordinates": [ [ [ -45.154527199999961, -23.491172799999958 ], [ -45.154718899999978, -23.491118099999937 ], [ -45.154897199999937, -23.491106299999956 ], [ -45.155056199999933, -23.491122699999949 ], [ -45.155252399999938, -23.491185399999949 ], [ -45.155721599999936, -23.491374599999972 ], [ -45.156107, -23.491530099999977 ], [ -45.156472399999984, -23.491668699999934 ], [ -45.158177399999943, -23.492315499999961 ], [ -45.158878899999934, -23.492499 ], [ -45.159125299999971, -23.492537599999935 ], [ -45.159436699999958, -23.492559599999936 ], [ -45.160121599999968, -23.492572199999927 ], [ -45.160783599999945, -23.49256749999995 ], [ -45.161184399999968, -23.492527199999927 ], [ -45.161392899999953, -23.492463899999962 ], [ -45.16156, -23.492374599999948 ], [ -45.161703299999942, -23.492278099999965 ], [ -45.16185269999994, -23.492165199999931 ], [ -45.16228, -23.491848899999979 ], [ -45.16252419999995, -23.491679899999951 ], [ -45.162792599999932, -23.491573199999948 ], [ -45.163008499999933, -23.491517499999929 ], [ -45.163931099999957, -23.491320799999983 ], [ -45.163922699999944, -23.491281699999945 ], [ -45.163854699999945, -23.490873699999952 ], [ -45.16337539999995, -23.490595599999949 ], [ -45.162854299999935, -23.49082059999995 ], [ -45.162291699999969, -23.491312099999959 ], [ -45.161723199999983, -23.491504499999962 ], [ -45.161178499999949, -23.491149199999938 ], [ -45.161119199999973, -23.490776199999971 ], [ -45.161261399999944, -23.490101099999947 ], [ -45.160941599999944, -23.489929399999937 ], [ -45.160345899999982, -23.490042099999982 ], [ -45.160005899999931, -23.49037809999993 ], [ -45.159869799999967, -23.490841299999943 ], [ -45.159718799999951, -23.49136539999995 ], [ -45.159277599999939, -23.491534099999967 ], [ -45.158691399999952, -23.491374299999961 ], [ -45.157980799999962, -23.49104269999998 ], [ -45.157738, -23.490841299999943 ], [ -45.157832799999937, -23.490521499999943 ], [ -45.158117, -23.490545199999929 ], [ -45.158542399999931, -23.49050909999994 ], [ -45.159011199999952, -23.490243199999952 ], [ -45.158907899999974, -23.489797399999929 ], [ -45.158602599999938, -23.489627399999961 ], [ -45.158336099999985, -23.489295799999979 ], [ -45.158263399999953, -23.48899339999997 ], [ -45.158472299999971, -23.48869179999997 ], [ -45.158897199999956, -23.488694299999963 ], [ -45.159336799999949, -23.488893099999927 ], [ -45.159775, -23.488869399999942 ], [ -45.159952699999963, -23.488466799999969 ], [ -45.160071099999982, -23.487732499999936 ], [ -45.160367199999939, -23.487270599999931 ], [ -45.160236899999973, -23.486761299999955 ], [ -45.159775, -23.486808699999983 ], [ -45.159692099999972, -23.487246899999946 ], [ -45.159431599999948, -23.487246899999946 ], [ -45.159313199999985, -23.486915299999964 ], [ -45.15955, -23.486465299999963 ], [ -45.159372399999938, -23.485920499999963 ], [ -45.158934199999976, -23.485612499999945 ], [ -45.158389399999976, -23.486086299999954 ], [ -45.158128799999986, -23.486204699999973 ], [ -45.157746, -23.486249699999973 ], [ -45.157596799999965, -23.486146699999949 ], [ -45.15759769999994, -23.485994499999947 ], [ -45.157748699999956, -23.485922099999982 ], [ -45.157831, -23.485891 ], [ -45.157914799999958, -23.485874099999933 ], [ -45.15806, -23.485823599999947 ], [ -45.158165, -23.485741399999938 ], [ -45.15826919999995, -23.485604099999932 ], [ -45.158325099999956, -23.485481899999968 ], [ -45.158404899999937, -23.485328699999968 ], [ -45.158472599999982, -23.485169199999973 ], [ -45.158524899999975, -23.485037499999976 ], [ -45.158687699999973, -23.484847599999966 ], [ -45.158810099999982, -23.484636699999953 ], [ -45.158789799999965, -23.484520199999963 ], [ -45.158728599999961, -23.484421199999929 ], [ -45.158641199999977, -23.484359599999948 ], [ -45.158537899999942, -23.48438219999997 ], [ -45.158428299999969, -23.484408199999962 ], [ -45.158324499999935, -23.484463799999958 ], [ -45.158218, -23.484572799999967 ], [ -45.158148099999948, -23.484736099999964 ], [ -45.158098, -23.484841499999959 ], [ -45.157984799999952, -23.484879299999932 ], [ -45.157783, -23.48486209999993 ], [ -45.15759689999993, -23.484842399999934 ], [ -45.157492699999978, -23.484821499999953 ], [ -45.157357899999965, -23.48467439999996 ], [ -45.157261499999947, -23.484527399999934 ], [ -45.157133699999974, -23.48446569999993 ], [ -45.156969599999968, -23.48422979999998 ], [ -45.156917899999939, -23.484136199999966 ], [ -45.156986099999983, -23.48402539999995 ], [ -45.157271, -23.483721799999955 ], [ -45.157345299999974, -23.483644199999958 ], [ -45.157355399999972, -23.483576899999946 ], [ -45.15732289999994, -23.483520899999974 ], [ -45.157259499999952, -23.483502 ], [ -45.157183799999984, -23.483507299999928 ], [ -45.157208399999945, -23.483429 ], [ -45.157228499999974, -23.483333699999946 ], [ -45.157241, -23.483142499999929 ], [ -45.157293, -23.483026499999937 ], [ -45.157389599999931, -23.482887499999947 ], [ -45.157511599999964, -23.482759099999953 ], [ -45.157539199999974, -23.482641599999965 ], [ -45.157545599999935, -23.482520399999942 ], [ -45.157536299999947, -23.482473599999935 ], [ -45.157448099999954, -23.482443299999943 ], [ -45.157369199999948, -23.482443399999966 ], [ -45.15723689999993, -23.482454599999983 ], [ -45.15711, -23.482469599999945 ], [ -45.157019099999957, -23.482489699999974 ], [ -45.156923399999982, -23.482548099999974 ], [ -45.156816599999956, -23.482602799999938 ], [ -45.156658199999981, -23.482566099999929 ], [ -45.156516899999986, -23.482507599999963 ], [ -45.156282799999985, -23.482369199999937 ], [ -45.156074299999943, -23.48236129999998 ], [ -45.15587869999996, -23.482357199999967 ], [ -45.155865499999948, -23.481803099999979 ], [ -45.156395499999974, -23.481764 ], [ -45.156323399999962, -23.48078309999994 ], [ -45.156263399999943, -23.479526199999952 ], [ -45.155881799999975, -23.464142 ], [ -45.153371299999947, -23.462755499999957 ], [ -45.153016, -23.461926499999947 ], [ -45.151239499999974, -23.460671099999956 ], [ -45.150292099999945, -23.459913099999937 ], [ -45.149818299999936, -23.460244799999941 ], [ -45.149723599999959, -23.461287 ], [ -45.148634, -23.461737 ], [ -45.147733899999935, -23.460694799999942 ], [ -45.14813659999993, -23.459913099999937 ], [ -45.148586599999931, -23.459297299999946 ], [ -45.147781299999963, -23.45872879999996 ], [ -45.145981099999972, -23.456668099999945 ], [ -45.145625799999948, -23.455649599999958 ], [ -45.143304599999965, -23.458492 ], [ -45.141220199999964, -23.458041899999955 ], [ -45.140841199999954, -23.458870899999965 ], [ -45.141480699999931, -23.45965259999997 ], [ -45.142286, -23.46019739999997 ], [ -45.14318609999998, -23.460268399999961 ], [ -45.143896699999971, -23.461476399999981 ], [ -45.14264129999998, -23.462021199999981 ], [ -45.141504399999974, -23.461879099999976 ], [ -45.14022529999994, -23.461168499999928 ], [ -45.139799, -23.460268399999961 ], [ -45.139254199999982, -23.460931699999946 ], [ -45.138519899999949, -23.460410599999932 ], [ -45.138543599999934, -23.460931699999946 ], [ -45.13868569999994, -23.461405399999933 ], [ -45.137222599999973, -23.461495499999955 ], [ -45.135653799999943, -23.461665899999957 ], [ -45.134635299999957, -23.462637099999938 ], [ -45.132171199999959, -23.462695499999938 ], [ -45.132244399999934, -23.463238699999977 ], [ -45.132689299999981, -23.463680199999942 ], [ -45.133485499999949, -23.464001899999971 ], [ -45.133328699999936, -23.464426899999978 ], [ -45.133314799999937, -23.46446439999994 ], [ -45.133301, -23.464502 ], [ -45.133048299999984, -23.46518709999998 ], [ -45.133809, -23.465656199999955 ], [ -45.134157899999934, -23.466154099999983 ], [ -45.134639, -23.467033799999967 ], [ -45.135626899999977, -23.468049699999938 ], [ -45.135938499999952, -23.468278099999964 ], [ -45.135989399999971, -23.468315399999938 ], [ -45.136007699999936, -23.468386299999963 ], [ -45.136035499999934, -23.46849409999993 ], [ -45.136121199999934, -23.468656599999974 ], [ -45.136681799999963, -23.468987099999936 ], [ -45.136681899999985, -23.469033699999954 ], [ -45.136683699999935, -23.469615099999942 ], [ -45.135697099999959, -23.47004069999997 ], [ -45.135121099999935, -23.470514699999967 ], [ -45.134080099999949, -23.471388699999977 ], [ -45.133620099999973, -23.471833699999934 ], [ -45.133078099999977, -23.472395699999936 ], [ -45.132294099999967, -23.47342969999994 ], [ -45.132194099999936, -23.473632699999939 ], [ -45.132000099999971, -23.473962699999959 ], [ -45.131855099999939, -23.474410699999964 ], [ -45.131834099999935, -23.474794699999961 ], [ -45.131917099999953, -23.475392699999929 ], [ -45.132226099999968, -23.475771699999939 ], [ -45.132496099999969, -23.476059699999951 ], [ -45.132799099999943, -23.476457699999969 ], [ -45.132843099999945, -23.476714699999945 ], [ -45.132855099999972, -23.47700969999994 ], [ -45.132888099999946, -23.477310699999975 ], [ -45.133146099999976, -23.477725699999951 ], [ -45.133677099999943, -23.477731699999936 ], [ -45.134311099999934, -23.477562699999964 ], [ -45.134887099999958, -23.477355699999976 ], [ -45.135464099999979, -23.47717369999998 ], [ -45.136032099999966, -23.477068699999961 ], [ -45.136346099999969, -23.477000699999962 ], [ -45.137225099999966, -23.476775699999962 ], [ -45.137419099999931, -23.476828699999942 ], [ -45.137837099999956, -23.476928699999974 ], [ -45.138179099999945, -23.47705869999993 ], [ -45.138600099999962, -23.477285699999982 ], [ -45.138933099999974, -23.47750069999995 ], [ -45.139238099999943, -23.477707699999939 ], [ -45.139507099999946, -23.477934699999935 ], [ -45.139715099999933, -23.478217699999959 ], [ -45.139936099999943, -23.47861869999997 ], [ -45.140116099999943, -23.479058699999939 ], [ -45.140157099999954, -23.479290699999979 ], [ -45.140168099999983, -23.479739699999982 ], [ -45.140050099999939, -23.480182699999943 ], [ -45.139819099999954, -23.480675699999949 ], [ -45.13956509999997, -23.481173699999943 ], [ -45.139342099999965, -23.481632699999977 ], [ -45.139194099999941, -23.482090699999958 ], [ -45.139197099999933, -23.482572699999935 ], [ -45.139195099999938, -23.483146699999963 ], [ -45.13887109999996, -23.483412699999974 ], [ -45.13855609999996, -23.483507699999961 ], [ -45.138527099999976, -23.48381969999997 ], [ -45.138915099999963, -23.48436769999995 ], [ -45.139765099999977, -23.484921699999973 ], [ -45.140368099999932, -23.485201699999948 ], [ -45.140897099999961, -23.485432699999933 ], [ -45.14133309999994, -23.485641699999974 ], [ -45.141664099999957, -23.485770699999932 ], [ -45.142087099999969, -23.48585369999995 ], [ -45.142613099999949, -23.485934699999973 ], [ -45.143063099999949, -23.485967699999946 ], [ -45.143551099999968, -23.485958699999969 ], [ -45.144085099999984, -23.485823699999969 ], [ -45.144573099999945, -23.485638699999981 ], [ -45.14495409999995, -23.485559699999953 ], [ -45.145435099999986, -23.485564699999941 ], [ -45.14569309999996, -23.485625699999957 ], [ -45.145887099999982, -23.485831699999949 ], [ -45.146005099999968, -23.486174699999935 ], [ -45.146022099999982, -23.486536699999931 ], [ -45.146058099999948, -23.486842699999954 ], [ -45.146215099999949, -23.487231699999938 ], [ -45.146492099999932, -23.487479699999938 ], [ -45.146703099999968, -23.487946699999952 ], [ -45.146716099999935, -23.488326699999959 ], [ -45.146565099999975, -23.488663699999961 ], [ -45.146317099999976, -23.488798699999961 ], [ -45.14582009999998, -23.488867699999957 ], [ -45.14513809999994, -23.488950699999975 ], [ -45.144818099999952, -23.489034699999934 ], [ -45.144536099999982, -23.489217699999983 ], [ -45.144385099999965, -23.48952369999995 ], [ -45.144361099999969, -23.489913699999931 ], [ -45.144413099999952, -23.490354699999955 ], [ -45.144469099999981, -23.490699699999936 ], [ -45.14443609999995, -23.490982699999961 ], [ -45.144269899999983, -23.49151089999998 ], [ -45.148658699999942, -23.492563899999936 ], [ -45.148706599999969, -23.492578599999945 ], [ -45.148768599999983, -23.49251849999996 ], [ -45.148974499999952, -23.492352899999958 ], [ -45.149371299999984, -23.492159899999933 ], [ -45.14988459999995, -23.491991299999938 ], [ -45.151071199999933, -23.491660599999932 ], [ -45.151403399999936, -23.491555199999937 ], [ -45.151563099999976, -23.491517099999953 ], [ -45.151722199999938, -23.491495199999974 ], [ -45.151817799999947, -23.491494599999953 ], [ -45.152101799999969, -23.491498799999931 ], [ -45.152952, -23.491586899999959 ], [ -45.153281199999981, -23.491575399999931 ], [ -45.153572799999949, -23.491523299999983 ], [ -45.153916599999945, -23.491421 ], [ -45.154527199999961, -23.491172799999958 ] ] ] } },
{ "type": "Feature", "properties": { "id": "3555406042", "cd_bairro": "3555406042", "bairro": "Folha Seca", "cd_mun": "3555406", "municipio": "Ubatuba", "cd_dist": "355540605", "distrito": "Ubatuba" }, "geometry": { "type": "Polygon", "coordinates": [ [ [ -45.168290399999933, -23.486929599999939 ], [ -45.16871539999994, -23.486886599999934 ], [ -45.169212399999935, -23.486977599999932 ], [ -45.169513399999971, -23.487049599999978 ], [ -45.169889399999931, -23.48719959999994 ], [ -45.170270399999936, -23.487441599999954 ], [ -45.17057079999995, -23.487692799999934 ], [ -45.170865599999956, -23.48790159999993 ], [ -45.171225499999935, -23.488058299999977 ], [ -45.171409399999959, -23.488109099999974 ], [ -45.171565299999941, -23.48817889999998 ], [ -45.171741399999974, -23.488250599999958 ], [ -45.171755399999938, -23.488253799999939 ], [ -45.171802299999968, -23.488264499999957 ], [ -45.171849299999963, -23.488275199999975 ], [ -45.171956399999942, -23.488299599999948 ], [ -45.172481599999969, -23.488144399999953 ], [ -45.172918299999935, -23.48815129999997 ], [ -45.173965399999986, -23.487739599999941 ], [ -45.174083399999972, -23.487355599999944 ], [ -45.174183399999947, -23.487073599999974 ], [ -45.174377199999981, -23.487080499999934 ], [ -45.174689099999966, -23.486921099999961 ], [ -45.175007899999969, -23.486782399999981 ], [ -45.175091099999975, -23.486463599999979 ], [ -45.175164799999948, -23.485929899999974 ], [ -45.175070299999959, -23.485326899999961 ], [ -45.175047399999983, -23.48492559999994 ], [ -45.175017399999945, -23.484588599999938 ], [ -45.174860399999943, -23.484392599999978 ], [ -45.174555099999964, -23.484556 ], [ -45.174236599999972, -23.484516199999973 ], [ -45.173825199999953, -23.484230899999943 ], [ -45.173831899999982, -23.483952199999976 ], [ -45.174278399999935, -23.483872599999927 ], [ -45.17428039999993, -23.483523599999955 ], [ -45.174241399999971, -23.483268599999974 ], [ -45.174301399999933, -23.482939599999952 ], [ -45.174495, -23.48287339999996 ], [ -45.174723799999981, -23.482783299999937 ], [ -45.175132699999949, -23.48265159999994 ], [ -45.175409899999977, -23.482526899999982 ], [ -45.175832699999944, -23.482173399999965 ], [ -45.176033699999948, -23.481979299999978 ], [ -45.176095399999951, -23.481708599999934 ], [ -45.176256399999943, -23.481545599999947 ], [ -45.176297399999953, -23.481359599999962 ], [ -45.176406399999962, -23.481101599999931 ], [ -45.176409399999955, -23.480875599999933 ], [ -45.176332399999978, -23.480684599999961 ], [ -45.176221399999974, -23.480489599999942 ], [ -45.176222399999972, -23.480392599999959 ], [ -45.176281399999937, -23.480270599999983 ], [ -45.176367399999947, -23.480085599999938 ], [ -45.176328399999932, -23.479785599999957 ], [ -45.176286399999981, -23.479526599999929 ], [ -45.176199399999973, -23.479256599999928 ], [ -45.176173399999982, -23.479027599999938 ], [ -45.176231399999949, -23.478876599999978 ], [ -45.176366399999949, -23.478675599999974 ], [ -45.176470399999971, -23.478499599999964 ], [ -45.176656399999956, -23.477982599999962 ], [ -45.176743399999964, -23.477623599999959 ], [ -45.176827399999979, -23.477368599999977 ], [ -45.176978399999939, -23.477173599999958 ], [ -45.177249399999937, -23.476752599999941 ], [ -45.177352399999961, -23.476508599999931 ], [ -45.177511399999958, -23.476289599999973 ], [ -45.17756739999993, -23.476092599999959 ], [ -45.17764139999997, -23.475801599999954 ], [ -45.177736399999958, -23.475426599999935 ], [ -45.177766399999939, -23.474966599999959 ], [ -45.177751399999977, -23.474563599999954 ], [ -45.17765339999994, -23.474236599999983 ], [ -45.177462399999968, -23.47379959999995 ], [ -45.177238399999965, -23.473466599999938 ], [ -45.17808679999996, -23.470266899999956 ], [ -45.17755509999995, -23.469695599999966 ], [ -45.177034, -23.469269299999951 ], [ -45.177413, -23.468511299999932 ], [ -45.177365599999973, -23.468061299999931 ], [ -45.177057699999978, -23.468179699999951 ], [ -45.176133899999968, -23.468535 ], [ -45.174997, -23.468653399999937 ], [ -45.173931099999947, -23.467540199999974 ], [ -45.173433699999975, -23.467255899999941 ], [ -45.172723099999985, -23.466284799999983 ], [ -45.171823, -23.465668899999969 ], [ -45.171704599999941, -23.464911 ], [ -45.171491399999979, -23.464934699999958 ], [ -45.171254499999975, -23.465953199999944 ], [ -45.170851899999946, -23.46619 ], [ -45.169667499999946, -23.466119 ], [ -45.169288599999959, -23.46664009999995 ], [ -45.168625299999974, -23.466734799999983 ], [ -45.168601699999954, -23.467066399999965 ], [ -45.167512099999954, -23.467303299999969 ], [ -45.166659399999958, -23.467279599999983 ], [ -45.165735599999948, -23.467658599999936 ], [ -45.165664499999934, -23.468345499999941 ], [ -45.163793299999952, -23.468132299999979 ], [ -45.162247099999945, -23.467891099999974 ], [ -45.161193699999956, -23.467670399999975 ], [ -45.160201799999982, -23.467493499999932 ], [ -45.158383599999979, -23.467212299999971 ], [ -45.158919799999978, -23.46637359999994 ], [ -45.160278699999935, -23.46562 ], [ -45.159628299999952, -23.464932899999951 ], [ -45.159782199999938, -23.463742899999943 ], [ -45.160956, -23.463299099999972 ], [ -45.160524599999974, -23.462447599999962 ], [ -45.160974599999975, -23.461654099999976 ], [ -45.161685199999965, -23.460884299999975 ], [ -45.161590499999932, -23.460623699999928 ], [ -45.161022, -23.460457899999938 ], [ -45.160737799999936, -23.459747299999947 ], [ -45.160311399999955, -23.459463099999937 ], [ -45.160287699999969, -23.45898939999995 ], [ -45.159695599999964, -23.459178899999984 ], [ -45.158724399999983, -23.45936839999996 ], [ -45.15787169999993, -23.460552699999937 ], [ -45.157232199999953, -23.461713299999928 ], [ -45.156687399999953, -23.462447599999962 ], [ -45.156308399999944, -23.462826599999971 ], [ -45.156392699999969, -23.463638399999979 ], [ -45.155881799999975, -23.464142 ], [ -45.156263399999943, -23.479526199999952 ], [ -45.156323399999962, -23.48078309999994 ], [ -45.156395499999974, -23.481764 ], [ -45.155865499999948, -23.481803099999979 ], [ -45.15587869999996, -23.482357199999967 ], [ -45.156074299999943, -23.48236129999998 ], [ -45.156282799999985, -23.482369199999937 ], [ -45.156516899999986, -23.482507599999963 ], [ -45.156658199999981, -23.482566099999929 ], [ -45.156816599999956, -23.482602799999938 ], [ -45.156923399999982, -23.482548099999974 ], [ -45.157019099999957, -23.482489699999974 ], [ -45.15711, -23.482469599999945 ], [ -45.15723689999993, -23.482454599999983 ], [ -45.157369199999948, -23.482443399999966 ], [ -45.157448099999954, -23.482443299999943 ], [ -45.157536299999947, -23.482473599999935 ], [ -45.157545599999935, -23.482520399999942 ], [ -45.157539199999974, -23.482641599999965 ], [ -45.157511599999964, -23.482759099999953 ], [ -45.157389599999931, -23.482887499999947 ], [ -45.157293, -23.483026499999937 ], [ -45.157241, -23.483142499999929 ], [ -45.157228499999974, -23.483333699999946 ], [ -45.157208399999945, -23.483429 ], [ -45.157183799999984, -23.483507299999928 ], [ -45.157259499999952, -23.483502 ], [ -45.15732289999994, -23.483520899999974 ], [ -45.157355399999972, -23.483576899999946 ], [ -45.157345299999974, -23.483644199999958 ], [ -45.157271, -23.483721799999955 ], [ -45.156986099999983, -23.48402539999995 ], [ -45.156917899999939, -23.484136199999966 ], [ -45.156969599999968, -23.48422979999998 ], [ -45.157133699999974, -23.48446569999993 ], [ -45.157261499999947, -23.484527399999934 ], [ -45.157357899999965, -23.48467439999996 ], [ -45.157492699999978, -23.484821499999953 ], [ -45.15759689999993, -23.484842399999934 ], [ -45.157783, -23.48486209999993 ], [ -45.157984799999952, -23.484879299999932 ], [ -45.158098, -23.484841499999959 ], [ -45.158148099999948, -23.484736099999964 ], [ -45.158218, -23.484572799999967 ], [ -45.158324499999935, -23.484463799999958 ], [ -45.158428299999969, -23.484408199999962 ], [ -45.158537899999942, -23.48438219999997 ], [ -45.158641199999977, -23.484359599999948 ], [ -45.158728599999961, -23.484421199999929 ], [ -45.158789799999965, -23.484520199999963 ], [ -45.158810099999982, -23.484636699999953 ], [ -45.158687699999973, -23.484847599999966 ], [ -45.158524899999975, -23.485037499999976 ], [ -45.158472599999982, -23.485169199999973 ], [ -45.158404899999937, -23.485328699999968 ], [ -45.158325099999956, -23.485481899999968 ], [ -45.15826919999995, -23.485604099999932 ], [ -45.158165, -23.485741399999938 ], [ -45.15806, -23.485823599999947 ], [ -45.157914799999958, -23.485874099999933 ], [ -45.157831, -23.485891 ], [ -45.157748699999956, -23.485922099999982 ], [ -45.15759769999994, -23.485994499999947 ], [ -45.157596799999965, -23.486146699999949 ], [ -45.157746, -23.486249699999973 ], [ -45.158128799999986, -23.486204699999973 ], [ -45.158389399999976, -23.486086299999954 ], [ -45.158934199999976, -23.485612499999945 ], [ -45.159372399999938, -23.485920499999963 ], [ -45.15955, -23.486465299999963 ], [ -45.159313199999985, -23.486915299999964 ], [ -45.159431599999948, -23.487246899999946 ], [ -45.159692099999972, -23.487246899999946 ], [ -45.159775, -23.486808699999983 ], [ -45.160236899999973, -23.486761299999955 ], [ -45.160367199999939, -23.487270599999931 ], [ -45.160071099999982, -23.487732499999936 ], [ -45.159952699999963, -23.488466799999969 ], [ -45.159775, -23.488869399999942 ], [ -45.159336799999949, -23.488893099999927 ], [ -45.158897199999956, -23.488694299999963 ], [ -45.158472299999971, -23.48869179999997 ], [ -45.158263399999953, -23.48899339999997 ], [ -45.158336099999985, -23.489295799999979 ], [ -45.158602599999938, -23.489627399999961 ], [ -45.158907899999974, -23.489797399999929 ], [ -45.159011199999952, -23.490243199999952 ], [ -45.158542399999931, -23.49050909999994 ], [ -45.158117, -23.490545199999929 ], [ -45.157832799999937, -23.490521499999943 ], [ -45.157738, -23.490841299999943 ], [ -45.157980799999962, -23.49104269999998 ], [ -45.158691399999952, -23.491374299999961 ], [ -45.159277599999939, -23.491534099999967 ], [ -45.159718799999951, -23.49136539999995 ], [ -45.159869799999967, -23.490841299999943 ], [ -45.160005899999931, -23.49037809999993 ], [ -45.160345899999982, -23.490042099999982 ], [ -45.160941599999944, -23.489929399999937 ], [ -45.161261399999944, -23.490101099999947 ], [ -45.161119199999973, -23.490776199999971 ], [ -45.161178499999949, -23.491149199999938 ], [ -45.161723199999983, -23.491504499999962 ], [ -45.162291699999969, -23.491312099999959 ], [ -45.162854299999935, -23.49082059999995 ], [ -45.16337539999995, -23.490595599999949 ], [ -45.163854699999945, -23.490873699999952 ], [ -45.163774099999955, -23.490513799999974 ], [ -45.163765, -23.490321299999948 ], [ -45.163750799999946, -23.490110199999947 ], [ -45.163827499999968, -23.489923499999975 ], [ -45.164040199999931, -23.489686499999948 ], [ -45.164198399999975, -23.489500599999928 ], [ -45.164319399999954, -23.489407599999936 ], [ -45.164680399999952, -23.489245599999947 ], [ -45.165444399999956, -23.488945599999965 ], [ -45.165791399999932, -23.488819599999943 ], [ -45.165980399999967, -23.48877159999995 ], [ -45.166325399999948, -23.488651599999969 ], [ -45.16653539999993, -23.488462599999934 ], [ -45.166726399999959, -23.488186599999949 ], [ -45.166944399999977, -23.488115599999958 ], [ -45.167289399999959, -23.488202599999966 ], [ -45.167592399999933, -23.488315599999964 ], [ -45.167999399999985, -23.488289599999973 ], [ -45.16827939999996, -23.488174599999979 ], [ -45.168487399999947, -23.488011599999936 ], [ -45.16861339999997, -23.487783599999943 ], [ -45.168525399999965, -23.487576599999954 ], [ -45.168419399999948, -23.487539599999934 ], [ -45.16822639999998, -23.487464599999953 ], [ -45.168194399999948, -23.487361599999929 ], [ -45.168130399999939, -23.487214599999959 ], [ -45.168053399999962, -23.487114599999927 ], [ -45.168290399999933, -23.486929599999939 ] ] ] } },
{ "type": "Feature", "properties": { "id": "3555406043", "cd_bairro": "3555406043", "bairro": "Praia da Fortaleza", "cd_mun": "3555406", "municipio": "Ubatuba", "cd_dist": "355540605", "distrito": "Ubatuba" }, "geometry": { "type": "MultiPolygon", "coordinates": [ [ [ [ -45.154198, -23.534164499999974 ], [ -45.154296699999975, -23.534129899999982 ], [ -45.154390599999942, -23.534055799999976 ], [ -45.154390599999942, -23.533957099999952 ], [ -45.154365899999959, -23.533868199999972 ], [ -45.154222699999934, -23.533734899999956 ], [ -45.154109099999971, -23.533670699999959 ], [ -45.154020199999934, -23.533596599999953 ], [ -45.153985599999942, -23.533562 ], [ -45.153911599999958, -23.533502799999951 ], [ -45.153827599999943, -23.53351269999996 ], [ -45.153862199999935, -23.533586699999944 ], [ -45.153911599999958, -23.533700299999964 ], [ -45.154010299999982, -23.533823699999971 ], [ -45.154059699999948, -23.53392249999996 ], [ -45.154084399999931, -23.534046 ], [ -45.154198, -23.534164499999974 ] ] ], [ [ [ -45.173499199999981, -23.527144299999975 ], [ -45.172805199999971, -23.526492299999973 ], [ -45.17198129999997, -23.525804199999982 ], [ -45.171942299999955, -23.525539199999969 ], [ -45.171869299999969, -23.525297199999955 ], [ -45.171925299999941, -23.525111199999969 ], [ -45.171932699999957, -23.525087599999949 ], [ -45.172265299999935, -23.524987199999941 ], [ -45.172473299999979, -23.524966199999938 ], [ -45.17274029999993, -23.524793199999976 ], [ -45.173072299999944, -23.524610199999927 ], [ -45.173452299999951, -23.524525199999971 ], [ -45.173915299999976, -23.524545199999977 ], [ -45.174352299999953, -23.524617199999966 ], [ -45.174694099999954, -23.524839099999951 ], [ -45.17507889999996, -23.524967099999969 ], [ -45.175539299999969, -23.52496119999995 ], [ -45.175956299999939, -23.524897199999941 ], [ -45.176287299999956, -23.524762199999941 ], [ -45.176511299999959, -23.524617199999966 ], [ -45.176694299999951, -23.524366199999974 ], [ -45.176765299999943, -23.52394819999995 ], [ -45.176857299999938, -23.523650199999963 ], [ -45.176983299999961, -23.523319199999946 ], [ -45.177074299999958, -23.522978199999955 ], [ -45.177166299999953, -23.522715199999936 ], [ -45.177361299999973, -23.522504199999958 ], [ -45.177544299999965, -23.522422199999937 ], [ -45.177684299999953, -23.522215199999948 ], [ -45.177679299999966, -23.521721199999945 ], [ -45.177606299999979, -23.52144119999997 ], [ -45.177453299999968, -23.520970199999965 ], [ -45.177368299999955, -23.520679199999961 ], [ -45.17728429999994, -23.520428199999969 ], [ -45.177217299999938, -23.520112199999971 ], [ -45.177170299999943, -23.519801199999961 ], [ -45.177183299999967, -23.519534199999953 ], [ -45.177181299999972, -23.519284199999959 ], [ -45.177101299999947, -23.519012199999963 ], [ -45.176897299999951, -23.518484199999932 ], [ -45.17662729999995, -23.517855199999929 ], [ -45.176456099999939, -23.517331799999965 ], [ -45.171794099999943, -23.517502799999932 ], [ -45.16455609999997, -23.517824799999971 ], [ -45.164169299999969, -23.517839599999945 ], [ -45.164100699999949, -23.517842199999961 ], [ -45.164031799999975, -23.517844799999978 ], [ -45.162911899999983, -23.517897399999981 ], [ -45.163012199999969, -23.518230499999959 ], [ -45.163231, -23.518746699999951 ], [ -45.163680299999953, -23.519235699999967 ], [ -45.164109899999971, -23.519487099999935 ], [ -45.164688599999977, -23.519473499999947 ], [ -45.164995899999951, -23.519411799999943 ], [ -45.165221799999983, -23.519253799999944 ], [ -45.165402, -23.519219 ], [ -45.165640699999983, -23.519267199999945 ], [ -45.165760599999942, -23.519368199999974 ], [ -45.165894699999967, -23.519389899999965 ], [ -45.166076799999985, -23.519630699999936 ], [ -45.166181199999983, -23.519901299999958 ], [ -45.166400599999974, -23.520499599999937 ], [ -45.166505299999983, -23.520765299999937 ], [ -45.166663299999982, -23.521285699999964 ], [ -45.166661399999953, -23.521591399999977 ], [ -45.166581699999938, -23.521773899999971 ], [ -45.166307199999949, -23.521938499999976 ], [ -45.166326799999979, -23.522222799999952 ], [ -45.166567499999985, -23.522699099999954 ], [ -45.166699499999936, -23.52342219999997 ], [ -45.166662199999962, -23.523886799999957 ], [ -45.166591, -23.524143699999968 ], [ -45.166899199999932, -23.524441 ], [ -45.167139099999986, -23.524803499999962 ], [ -45.167133, -23.525309599999957 ], [ -45.167095, -23.525955899999929 ], [ -45.167043, -23.526473599999974 ], [ -45.166890299999977, -23.527180299999941 ], [ -45.166634399999964, -23.52813679999997 ], [ -45.16634369999997, -23.528785299999981 ], [ -45.166024399999969, -23.529330899999934 ], [ -45.16551579999998, -23.530033499999945 ], [ -45.165226899999936, -23.530270499999972 ], [ -45.16427079999994, -23.531129899999939 ], [ -45.163530799999933, -23.531653099999971 ], [ -45.162918599999955, -23.531732899999952 ], [ -45.162344499999961, -23.531988499999954 ], [ -45.162015499999939, -23.532046599999944 ], [ -45.161805899999933, -23.531929499999933 ], [ -45.16150829999998, -23.531589499999939 ], [ -45.161069199999986, -23.531182199999932 ], [ -45.160500299999967, -23.53085729999998 ], [ -45.15990069999998, -23.530626299999938 ], [ -45.159496, -23.530610699999954 ], [ -45.159156399999972, -23.530299499999956 ], [ -45.158920699999953, -23.530076299999962 ], [ -45.158369899999968, -23.529519 ], [ -45.158046199999944, -23.529254299999934 ], [ -45.15788329999998, -23.529292299999952 ], [ -45.157655899999952, -23.529435499999977 ], [ -45.157629699999973, -23.529626399999927 ], [ -45.157803499999943, -23.529833399999973 ], [ -45.158121499999936, -23.530193399999973 ], [ -45.158487599999944, -23.530480399999931 ], [ -45.158859299999961, -23.530790699999955 ], [ -45.159222799999952, -23.531155899999931 ], [ -45.159494399999971, -23.531427399999927 ], [ -45.159537199999932, -23.531749399999967 ], [ -45.159531199999947, -23.532236099999977 ], [ -45.15958859999995, -23.532696 ], [ -45.15975659999998, -23.533134699999948 ], [ -45.159740899999974, -23.533603099999937 ], [ -45.159577599999977, -23.534132199999931 ], [ -45.159185099999945, -23.534340899999961 ], [ -45.158907699999986, -23.53430039999995 ], [ -45.158571499999937, -23.53407569999996 ], [ -45.15832649999993, -23.533968199999947 ], [ -45.158179599999983, -23.534113199999979 ], [ -45.157936099999972, -23.53448949999995 ], [ -45.157799299999965, -23.534916899999928 ], [ -45.157881, -23.535236899999973 ], [ -45.158088199999952, -23.535674899999947 ], [ -45.158289, -23.536174199999948 ], [ -45.15851159999994, -23.53658 ], [ -45.158671799999979, -23.536925599999961 ], [ -45.158767199999943, -23.537170099999969 ], [ -45.15879579999995, -23.53742 ], [ -45.15887639999994, -23.537796499999956 ], [ -45.158994299999961, -23.538159199999939 ], [ -45.159163399999954, -23.538523199999929 ], [ -45.15943939999994, -23.538748299999952 ], [ -45.15977479999998, -23.538962399999946 ], [ -45.159879099999955, -23.53899709999996 ], [ -45.159882699999969, -23.538838799999951 ], [ -45.160001099999931, -23.538757399999952 ], [ -45.16004, -23.538870599999939 ], [ -45.160224699999958, -23.53892639999998 ], [ -45.160327199999983, -23.538849599999935 ], [ -45.16061609999997, -23.538850299999979 ], [ -45.16087049999993, -23.53885669999994 ], [ -45.161079599999937, -23.539080299999966 ], [ -45.161231699999973, -23.539235599999927 ], [ -45.161282399999948, -23.539318799999933 ], [ -45.16120559999996, -23.539375399999983 ], [ -45.161091399999975, -23.53946209999998 ], [ -45.161119699999972, -23.539669899999978 ], [ -45.161284599999931, -23.539884599999937 ], [ -45.161519399999975, -23.540054399999974 ], [ -45.161711199999957, -23.540269599999931 ], [ -45.16190169999993, -23.540341599999977 ], [ -45.162034, -23.540546699999936 ], [ -45.162031899999931, -23.540693099999942 ], [ -45.16201929999994, -23.540973299999962 ], [ -45.162023099999942, -23.541318499999932 ], [ -45.162013899999977, -23.541510599999981 ], [ -45.165104299999939, -23.539148199999943 ], [ -45.164902299999937, -23.53914919999994 ], [ -45.164639299999976, -23.539091199999973 ], [ -45.164284, -23.538974699999983 ], [ -45.163712299999986, -23.53865019999995 ], [ -45.16340329999997, -23.538339199999939 ], [ -45.163221299999975, -23.538076199999978 ], [ -45.163122299999941, -23.537959199999932 ], [ -45.162943299999938, -23.537583199999972 ], [ -45.16285229999994, -23.53720119999997 ], [ -45.162871299999949, -23.536941199999944 ], [ -45.162970299999984, -23.536694199999943 ], [ -45.163155299999971, -23.53651919999993 ], [ -45.163564299999962, -23.536379199999942 ], [ -45.163955299999941, -23.536328199999957 ], [ -45.164331299999958, -23.536263199999951 ], [ -45.164597299999969, -23.536255199999971 ], [ -45.16494629999994, -23.536258199999963 ], [ -45.165307299999938, -23.536281199999962 ], [ -45.165653299999974, -23.536297199999979 ], [ -45.165979299999947, -23.536177199999941 ], [ -45.166348299999981, -23.535983199999976 ], [ -45.166894299999967, -23.535739199999966 ], [ -45.167384299999981, -23.535434199999941 ], [ -45.167836299999976, -23.535124199999927 ], [ -45.168228299999953, -23.534714199999939 ], [ -45.168464299999982, -23.534336199999927 ], [ -45.168468299999972, -23.533997199999931 ], [ -45.168352299999981, -23.533654199999944 ], [ -45.168474299999957, -23.533444199999963 ], [ -45.168774299999939, -23.533226199999945 ], [ -45.168981899999949, -23.533057399999961 ], [ -45.169012199999941, -23.533032799999944 ], [ -45.16904459999995, -23.533006499999942 ], [ -45.169164299999977, -23.532909199999949 ], [ -45.169373299999961, -23.53262019999994 ], [ -45.169456299999979, -23.532456199999956 ], [ -45.16945329999993, -23.532185199999958 ], [ -45.169440299999962, -23.531740199999945 ], [ -45.169360299999937, -23.53126519999995 ], [ -45.169271299999934, -23.530900199999962 ], [ -45.169130299999949, -23.530479199999945 ], [ -45.168988299999967, -23.530128199999979 ], [ -45.168977299999938, -23.529796199999964 ], [ -45.169944799999939, -23.530099199999938 ], [ -45.170733499999983, -23.530709199999933 ], [ -45.171900799999946, -23.530551399999979 ], [ -45.173047, -23.529520899999966 ], [ -45.173446599999977, -23.527869899999928 ], [ -45.173499199999981, -23.527144299999975 ] ] ] ] } },
{ "type": "Feature", "properties": { "id": "3555406044", "cd_bairro": "3555406044", "bairro": "Praia Grande do Bonete (Praia Deserto)", "cd_mun": "3555406", "municipio": "Ubatuba", "cd_dist": "355540605", "distrito": "Ubatuba" }, "geometry": { "type": "Polygon", "coordinates": [ [ [ -45.165104299999939, -23.539148199999943 ], [ -45.162013899999977, -23.541510599999981 ], [ -45.16187229999997, -23.541666 ], [ -45.162013199999933, -23.541894499999955 ], [ -45.162322599999982, -23.542088399999955 ], [ -45.162863199999947, -23.542037899999968 ], [ -45.163279299999942, -23.541931 ], [ -45.16350639999996, -23.541890799999976 ], [ -45.163803, -23.541815299999939 ], [ -45.16419609999997, -23.541687299999978 ], [ -45.16457029999998, -23.541698399999973 ], [ -45.165038099999947, -23.541764399999977 ], [ -45.165318399999933, -23.541822499999967 ], [ -45.165619099999958, -23.54172189999997 ], [ -45.165856099999985, -23.541463299999975 ], [ -45.165888699999982, -23.541261799999972 ], [ -45.165820599999961, -23.541008399999953 ], [ -45.165695, -23.540771499999948 ], [ -45.165786099999934, -23.540601199999969 ], [ -45.166023399999972, -23.540377799999931 ], [ -45.166529299999979, -23.540185699999938 ], [ -45.166849199999945, -23.540030099999967 ], [ -45.16723049999996, -23.539718799999946 ], [ -45.167599199999984, -23.539553499999954 ], [ -45.167810499999973, -23.539620299999967 ], [ -45.168062599999985, -23.539603899999975 ], [ -45.168299099999956, -23.539555599999971 ], [ -45.168570599999953, -23.539603299999953 ], [ -45.168789499999946, -23.539521699999966 ], [ -45.168929899999966, -23.53923889999993 ], [ -45.169211399999938, -23.539203799999939 ], [ -45.169483, -23.539261199999942 ], [ -45.169728199999952, -23.539428799999939 ], [ -45.169904499999973, -23.539417299999968 ], [ -45.170158, -23.539498399999957 ], [ -45.170503099999962, -23.539624299999957 ], [ -45.170925, -23.539820599999928 ], [ -45.171120299999984, -23.539973399999951 ], [ -45.17123909999998, -23.540113499999961 ], [ -45.171237099999985, -23.540382299999976 ], [ -45.171197599999971, -23.540628499999968 ], [ -45.17130659999998, -23.540774799999951 ], [ -45.17158, -23.54089369999997 ], [ -45.171752499999968, -23.54107259999995 ], [ -45.172131799999931, -23.541432599999951 ], [ -45.172585899999945, -23.541868499999964 ], [ -45.173007799999937, -23.542075899999929 ], [ -45.173239199999955, -23.542345 ], [ -45.173649, -23.542657899999938 ], [ -45.174132799999938, -23.542929499999957 ], [ -45.17442669999997, -23.54301849999996 ], [ -45.174776099999974, -23.542800599999964 ], [ -45.174899899999957, -23.542538699999966 ], [ -45.175316599999974, -23.542376399999966 ], [ -45.175699299999962, -23.542073599999981 ], [ -45.175960799999984, -23.541673599999967 ], [ -45.176120599999933, -23.541424699999936 ], [ -45.176186, -23.541004799999939 ], [ -45.176295799999934, -23.540496299999973 ], [ -45.176504799999975, -23.540411399999982 ], [ -45.176971199999969, -23.540256699999929 ], [ -45.17739, -23.540023699999949 ], [ -45.177495599999986, -23.53978879999994 ], [ -45.177253299999961, -23.539460499999961 ], [ -45.177038899999957, -23.53908 ], [ -45.17685119999993, -23.538724399999978 ], [ -45.176865699999951, -23.53851979999996 ], [ -45.177170099999955, -23.538296099999968 ], [ -45.177574099999958, -23.538062 ], [ -45.177834799999971, -23.537952699999948 ], [ -45.178338499999938, -23.537792099999933 ], [ -45.178933499999971, -23.537796 ], [ -45.179590799999971, -23.53785709999994 ], [ -45.180393899999956, -23.537975 ], [ -45.180962499999964, -23.538086399999941 ], [ -45.181575799999962, -23.538255 ], [ -45.182133599999986, -23.538407199999938 ], [ -45.182771099999968, -23.538607699999943 ], [ -45.183464099999981, -23.538907 ], [ -45.183969699999977, -23.539149899999927 ], [ -45.184459799999956, -23.539394399999935 ], [ -45.184776599999964, -23.539540699999975 ], [ -45.185022199999935, -23.539745299999936 ], [ -45.18516539999996, -23.540015 ], [ -45.185399099999984, -23.540356799999927 ], [ -45.185473899999977, -23.540584099999933 ], [ -45.185395699999958, -23.541025199999979 ], [ -45.185646099999985, -23.54107 ], [ -45.185889599999939, -23.540845699999977 ], [ -45.186239099999966, -23.540757799999938 ], [ -45.186522599999932, -23.540574499999934 ], [ -45.186647499999935, -23.54017349999998 ], [ -45.186741299999937, -23.539814399999955 ], [ -45.186707099999978, -23.539378499999941 ], [ -45.186641699999939, -23.538911799999937 ], [ -45.186667399999976, -23.538616099999956 ], [ -45.186636899999939, -23.53828939999994 ], [ -45.186416399999985, -23.53787669999997 ], [ -45.186371, -23.537593899999933 ], [ -45.18629969999995, -23.537272299999927 ], [ -45.186097699999948, -23.537050099999931 ], [ -45.185984699999949, -23.536796 ], [ -45.186226599999941, -23.536430899999971 ], [ -45.186729199999945, -23.535925499999962 ], [ -45.187318699999935, -23.535576899999967 ], [ -45.187724499999945, -23.53566189999998 ], [ -45.188038799999958, -23.535709099999963 ], [ -45.188320899999951, -23.535330099999953 ], [ -45.188618399999939, -23.534946299999945 ], [ -45.189137099999982, -23.534586099999956 ], [ -45.189571799999953, -23.534031899999945 ], [ -45.186218, -23.532187399999941 ], [ -45.18639079999997, -23.532485099999974 ], [ -45.186540299999933, -23.532662199999947 ], [ -45.186799299999961, -23.532952199999954 ], [ -45.18696529999994, -23.533136199999944 ], [ -45.187075299999947, -23.533366299999955 ], [ -45.18696529999994, -23.53349929999996 ], [ -45.186655599999938, -23.533571599999959 ], [ -45.186105299999952, -23.533574299999941 ], [ -45.185645299999976, -23.533611299999961 ], [ -45.185255299999938, -23.53353519999996 ], [ -45.184728299999961, -23.533484299999941 ], [ -45.184234299999957, -23.53340019999996 ], [ -45.183581299999958, -23.533245199999953 ], [ -45.183073299999933, -23.533173199999965 ], [ -45.182453299999963, -23.533131199999957 ], [ -45.182080299999939, -23.533111199999951 ], [ -45.181694299999947, -23.533136199999944 ], [ -45.181374299999959, -23.533214299999941 ], [ -45.181282299999964, -23.533347299999946 ], [ -45.181304299999965, -23.533530299999939 ], [ -45.181398299999955, -23.533681299999955 ], [ -45.181643299999962, -23.533917199999962 ], [ -45.181947299999933, -23.534172299999966 ], [ -45.182173299999931, -23.534412199999963 ], [ -45.182360299999971, -23.534626299999957 ], [ -45.182448299999976, -23.534778199999948 ], [ -45.182429299999967, -23.535045199999956 ], [ -45.182337299999972, -23.535197299999936 ], [ -45.182165299999951, -23.535329299999944 ], [ -45.181858299999931, -23.535254299999963 ], [ -45.18163629999998, -23.535044199999959 ], [ -45.181336299999941, -23.534847199999945 ], [ -45.181046299999934, -23.534759299999962 ], [ -45.180578299999979, -23.534758299999964 ], [ -45.180187299999943, -23.534754199999952 ], [ -45.17987729999993, -23.534677299999942 ], [ -45.179605299999935, -23.534659199999965 ], [ -45.179399299999943, -23.534446299999956 ], [ -45.17926929999993, -23.534199299999955 ], [ -45.179114299999981, -23.533970299999964 ], [ -45.178854299999955, -23.533798299999944 ], [ -45.178590299999939, -23.533930299999952 ], [ -45.178311299999962, -23.534084299999961 ], [ -45.178034299999979, -23.534082299999966 ], [ -45.177873299999931, -23.533952299999953 ], [ -45.177679299999966, -23.533932299999947 ], [ -45.17754629999996, -23.533978299999944 ], [ -45.177340299999969, -23.534089299999948 ], [ -45.177156299999979, -23.534210199999961 ], [ -45.176903299999935, -23.534373199999948 ], [ -45.176698299999941, -23.534434199999964 ], [ -45.176510299999961, -23.534470299999953 ], [ -45.176092299999937, -23.534523199999967 ], [ -45.175685299999941, -23.534495299999946 ], [ -45.175433299999952, -23.53450719999995 ], [ -45.175110299999972, -23.534571199999959 ], [ -45.174840299999971, -23.534684199999958 ], [ -45.174485299999958, -23.534766299999944 ], [ -45.174049299999979, -23.534942299999955 ], [ -45.173784299999966, -23.535037299999942 ], [ -45.173598299999981, -23.535148299999946 ], [ -45.173459299999934, -23.535288299999934 ], [ -45.17337329999998, -23.535454199999947 ], [ -45.173296299999947, -23.535697199999959 ], [ -45.17328729999997, -23.535846899999967 ], [ -45.173284499999966, -23.535892199999978 ], [ -45.17328079999993, -23.535936899999967 ], [ -45.173263299999974, -23.536139299999945 ], [ -45.173315299999956, -23.536494299999958 ], [ -45.173342299999945, -23.536764299999959 ], [ -45.173337299999957, -23.537001199999963 ], [ -45.173326299999985, -23.537362199999961 ], [ -45.173278299999936, -23.537708299999963 ], [ -45.173165299999937, -23.537959299999955 ], [ -45.173002299999951, -23.538048299999957 ], [ -45.172712299999944, -23.538027299999953 ], [ -45.172302299999956, -23.537745199999961 ], [ -45.17203029999996, -23.53756519999996 ], [ -45.171806299999957, -23.537396299999955 ], [ -45.171402299999954, -23.53725419999995 ], [ -45.170981299999937, -23.537084299999947 ], [ -45.170641299999943, -23.53701929999994 ], [ -45.170165299999951, -23.536988299999962 ], [ -45.169784299999947, -23.537006199999951 ], [ -45.169395299999962, -23.537081299999954 ], [ -45.168953299999941, -23.537242299999946 ], [ -45.168687299999931, -23.537359299999935 ], [ -45.168349299999932, -23.537610199999961 ], [ -45.168052299999943, -23.537793199999953 ], [ -45.167683299999965, -23.537960299999952 ], [ -45.167369299999962, -23.538076299999943 ], [ -45.167043299999932, -23.538224199999945 ], [ -45.166535299999964, -23.538440299999934 ], [ -45.166160299999945, -23.538628199999948 ], [ -45.16586529999995, -23.538832199999945 ], [ -45.165669299999934, -23.53897429999995 ], [ -45.165482299999951, -23.539097199999958 ], [ -45.16527629999996, -23.539147199999945 ], [ -45.165104299999939, -23.539148199999943 ] ] ] } },
{ "type": "Feature", "properties": { "id": "3555406045", "cd_bairro": "3555406045", "bairro": "Praia Vermelha", "cd_mun": "3555406", "municipio": "Ubatuba", "cd_dist": "355540605", "distrito": "Ubatuba" }, "geometry": { "type": "Polygon", "coordinates": [ [ [ -45.171064399999977, -23.503015799999957 ], [ -45.171111099999962, -23.50305039999995 ], [ -45.171222899999975, -23.503066899999965 ], [ -45.171350899999936, -23.503085899999974 ], [ -45.171411299999932, -23.503145099999983 ], [ -45.171466, -23.503179499999931 ], [ -45.171582599999965, -23.503178499999933 ], [ -45.17170729999998, -23.503167599999983 ], [ -45.171785199999931, -23.503097399999945 ], [ -45.171868399999937, -23.503012399999932 ], [ -45.17194109999997, -23.50298209999994 ], [ -45.172119699999939, -23.503005599999938 ], [ -45.17222019999997, -23.503018099999963 ], [ -45.172438299999953, -23.502988599999981 ], [ -45.172547799999961, -23.502963399999942 ], [ -45.172634699999946, -23.502987299999972 ], [ -45.172710699999982, -23.503085499999941 ], [ -45.172878599999933, -23.503306699999939 ], [ -45.173107199999947, -23.503641699999946 ], [ -45.173284099999933, -23.503996499999971 ], [ -45.173347199999967, -23.504278399999976 ], [ -45.173363699999982, -23.504588499999954 ], [ -45.173287399999936, -23.504805799999929 ], [ -45.173184099999958, -23.504896 ], [ -45.173078499999974, -23.504894899999954 ], [ -45.172931699999936, -23.50483829999996 ], [ -45.172862099999975, -23.504906299999959 ], [ -45.172719499999971, -23.504847 ], [ -45.172669499999984, -23.504882599999974 ], [ -45.172625599999947, -23.505069299999946 ], [ -45.172548699999936, -23.505135 ], [ -45.172478199999944, -23.505107299999963 ], [ -45.172413, -23.505130399999928 ], [ -45.172366599999975, -23.505212299999982 ], [ -45.172301599999969, -23.505200699999932 ], [ -45.17222, -23.50529819999997 ], [ -45.172296599999981, -23.505446199999938 ], [ -45.172294499999964, -23.50558239999998 ], [ -45.172274099999981, -23.505664199999956 ], [ -45.172310299999936, -23.505749399999956 ], [ -45.172267599999941, -23.505800199999953 ], [ -45.172201899999948, -23.505777599999931 ], [ -45.172121899999979, -23.505696599999965 ], [ -45.172002299999974, -23.505666299999973 ], [ -45.171931599999937, -23.505702099999951 ], [ -45.171976899999947, -23.505795499999977 ], [ -45.171924399999966, -23.505886099999941 ], [ -45.172021699999959, -23.506033699999932 ], [ -45.172118, -23.506165399999929 ], [ -45.172345399999983, -23.506415599999968 ], [ -45.172498, -23.506533299999944 ], [ -45.172658699999943, -23.506618799999956 ], [ -45.172830599999941, -23.506688799999949 ], [ -45.172967699999958, -23.50672 ], [ -45.173034099999938, -23.50690069999996 ], [ -45.173116299999947, -23.507294599999966 ], [ -45.173213799999985, -23.507681199999979 ], [ -45.173292799999956, -23.50810759999996 ], [ -45.173359, -23.508605699999976 ], [ -45.173384399999975, -23.509113199999945 ], [ -45.173374099999933, -23.509544399999982 ], [ -45.173328, -23.51000769999996 ], [ -45.173258799999985, -23.510489399999983 ], [ -45.17313009999998, -23.511123599999962 ], [ -45.172906599999976, -23.511528799999951 ], [ -45.172672199999965, -23.511861599999975 ], [ -45.17241729999995, -23.512147199999959 ], [ -45.172260699999981, -23.512209299999938 ], [ -45.172071399999936, -23.512274599999955 ], [ -45.171853, -23.512234 ], [ -45.17158059999997, -23.512186899999961 ], [ -45.171377599999971, -23.512195599999927 ], [ -45.171283499999959, -23.512129899999934 ], [ -45.171130399999981, -23.512094399999967 ], [ -45.171022199999982, -23.512007899999958 ], [ -45.170850399999949, -23.512057099999936 ], [ -45.17066479999994, -23.512150199999951 ], [ -45.170457399999975, -23.512148599999932 ], [ -45.170331699999963, -23.512244599999974 ], [ -45.17014359999996, -23.512281899999948 ], [ -45.169995399999948, -23.512264699999946 ], [ -45.169784399999969, -23.512496699999929 ], [ -45.169640099999981, -23.512563499999942 ], [ -45.169330399999978, -23.512761599999976 ], [ -45.16908669999998, -23.512872199999947 ], [ -45.16894979999995, -23.512918299999967 ], [ -45.168823199999963, -23.512942199999941 ], [ -45.168759899999941, -23.512907199999972 ], [ -45.168733699999962, -23.51282219999996 ], [ -45.16873819999995, -23.512727499999983 ], [ -45.168568199999982, -23.512703199999976 ], [ -45.168512, -23.51262689999993 ], [ -45.168406, -23.512581399999931 ], [ -45.168329899999947, -23.512502299999937 ], [ -45.168298499999935, -23.512435099999948 ], [ -45.168240899999944, -23.51238509999996 ], [ -45.168157099999974, -23.512396699999954 ], [ -45.168064499999957, -23.512392899999952 ], [ -45.167961899999966, -23.51237059999994 ], [ -45.167883099999983, -23.512377899999933 ], [ -45.167844399999979, -23.512417899999946 ], [ -45.167878299999984, -23.512474699999927 ], [ -45.167831499999977, -23.512537899999927 ], [ -45.167674, -23.512587699999983 ], [ -45.167425199999968, -23.512616499999979 ], [ -45.167271699999958, -23.512528699999962 ], [ -45.167119199999945, -23.512544099999957 ], [ -45.166988299999957, -23.51252779999993 ], [ -45.166824199999951, -23.51258 ], [ -45.166681599999947, -23.512639799999931 ], [ -45.16654989999995, -23.512673699999937 ], [ -45.166358399999979, -23.512657699999977 ], [ -45.166262499999959, -23.512604799999963 ], [ -45.166136299999948, -23.512662299999931 ], [ -45.166057, -23.512789399999974 ], [ -45.165985499999977, -23.512841599999945 ], [ -45.165905899999984, -23.512918099999979 ], [ -45.165882499999952, -23.513048699999956 ], [ -45.16599, -23.513070599999935 ], [ -45.166151699999944, -23.513202599999943 ], [ -45.166137699999979, -23.51343449999996 ], [ -45.166047299999946, -23.513631499999974 ], [ -45.165989199999956, -23.513804499999935 ], [ -45.165915299999938, -23.514039799999978 ], [ -45.165890399999967, -23.514244699999949 ], [ -45.165968499999963, -23.51436259999997 ], [ -45.166137299999946, -23.51453349999997 ], [ -45.166328899999939, -23.514784899999938 ], [ -45.166495899999973, -23.514918199999954 ], [ -45.166601899999932, -23.515057299999967 ], [ -45.166708799999981, -23.515144199999952 ], [ -45.166720099999964, -23.515253899999948 ], [ -45.166662799999983, -23.515473899999961 ], [ -45.166441899999938, -23.515801 ], [ -45.166187899999954, -23.516088099999934 ], [ -45.165847199999973, -23.516402599999935 ], [ -45.165442399999961, -23.516710799999942 ], [ -45.165258499999936, -23.516782399999954 ], [ -45.165111899999943, -23.516726499999947 ], [ -45.165007, -23.516695299999981 ], [ -45.164863399999945, -23.516677 ], [ -45.164725799999985, -23.516604899999948 ], [ -45.164609799999937, -23.516524799999956 ], [ -45.164213099999984, -23.516310499999975 ], [ -45.164030599999933, -23.51618689999998 ], [ -45.163920399999938, -23.516199399999948 ], [ -45.163883899999973, -23.516377099999943 ], [ -45.16352059999997, -23.51623189999998 ], [ -45.163304499999981, -23.516186 ], [ -45.163145399999962, -23.51627069999995 ], [ -45.16324, -23.516460099999961 ], [ -45.163185699999985, -23.516577899999959 ], [ -45.16292489999995, -23.516684599999962 ], [ -45.162692299999946, -23.516868899999963 ], [ -45.162662, -23.51713849999993 ], [ -45.162747199999956, -23.517303099999936 ], [ -45.162786899999958, -23.517588099999955 ], [ -45.162911899999983, -23.517897399999981 ], [ -45.164031799999975, -23.517844799999978 ], [ -45.164100699999949, -23.517842199999961 ], [ -45.164169299999969, -23.517839599999945 ], [ -45.16455609999997, -23.517824799999971 ], [ -45.171794099999943, -23.517502799999932 ], [ -45.176456099999939, -23.517331799999965 ], [ -45.176310099999966, -23.516891799999939 ], [ -45.175907099999961, -23.515877799999942 ], [ -45.175744099999974, -23.515409799999929 ], [ -45.17568209999996, -23.515047799999934 ], [ -45.175976099999957, -23.514824799999928 ], [ -45.176401099999964, -23.514828799999975 ], [ -45.176674099999957, -23.514881799999955 ], [ -45.177055699999983, -23.514880299999959 ], [ -45.177377099999944, -23.514813799999956 ], [ -45.177571099999966, -23.514725799999951 ], [ -45.177597099999957, -23.514490799999976 ], [ -45.17755509999995, -23.51413679999996 ], [ -45.177455499999951, -23.513568799999973 ], [ -45.177655299999969, -23.513341399999945 ], [ -45.17821349999997, -23.513458599999979 ], [ -45.178861299999937, -23.513830699999971 ], [ -45.179757099999961, -23.513892699999928 ], [ -45.18072879999994, -23.513858299999981 ], [ -45.181064099999958, -23.513785799999937 ], [ -45.182588199999941, -23.511324499999944 ], [ -45.182633499999952, -23.504941699999961 ], [ -45.174605499999984, -23.504190199999982 ], [ -45.174576099999967, -23.504070399999932 ], [ -45.174538799999937, -23.50397049999998 ], [ -45.174479699999949, -23.503879499999982 ], [ -45.174380299999939, -23.503778899999929 ], [ -45.174183899999946, -23.503680599999939 ], [ -45.174071, -23.503584599999954 ], [ -45.173815399999967, -23.503220599999963 ], [ -45.173556299999973, -23.502979 ], [ -45.173367199999973, -23.502802899999949 ], [ -45.173261899999943, -23.502735599999937 ], [ -45.173179599999969, -23.5027 ], [ -45.173089399999981, -23.502647899999943 ], [ -45.172954299999958, -23.502672399999938 ], [ -45.171064399999977, -23.503015799999957 ] ] ] } },
{ "type": "Feature", "properties": { "id": "3555406046", "cd_bairro": "3555406046", "bairro": "Lagoinha", "cd_mun": "3555406", "municipio": "Ubatuba", "cd_dist": "355540605", "distrito": "Ubatuba" }, "geometry": { "type": "Polygon", "coordinates": [ [ [ -45.190309699999943, -23.521790799999962 ], [ -45.190329599999984, -23.521706699999982 ], [ -45.190413299999932, -23.521619199999975 ], [ -45.190712099999985, -23.521449899999936 ], [ -45.191351499999939, -23.521133199999952 ], [ -45.192341299999953, -23.520800599999973 ], [ -45.193727199999955, -23.520452099999943 ], [ -45.194874699999957, -23.520311199999981 ], [ -45.196573099999966, -23.520215 ], [ -45.198161299999981, -23.520288299999947 ], [ -45.200822499999958, -23.520612599999936 ], [ -45.202225399999975, -23.520827899999972 ], [ -45.203395299999954, -23.521141499999942 ], [ -45.205250099999944, -23.521733499999982 ], [ -45.206958199999974, -23.522412299999928 ], [ -45.20831869999995, -23.523054599999966 ], [ -45.209666899999945, -23.523632699999951 ], [ -45.210812499999975, -23.52423639999995 ], [ -45.212192799999968, -23.524990099999968 ], [ -45.212974199999962, -23.525587899999948 ], [ -45.21379, -23.52641239999997 ], [ -45.214083699999946, -23.526743899999929 ], [ -45.21456429999995, -23.527329 ], [ -45.214902399999971, -23.527828099999965 ], [ -45.215565499999968, -23.526968 ], [ -45.215726899999936, -23.526769499999943 ], [ -45.215847199999985, -23.526573499999927 ], [ -45.216026299999953, -23.526307199999962 ], [ -45.216244199999949, -23.525936899999977 ], [ -45.216264699999954, -23.525902499999972 ], [ -45.215613299999973, -23.525556399999971 ], [ -45.215691799999945, -23.525283099999967 ], [ -45.21564, -23.524797899999953 ], [ -45.215549399999929, -23.524257599999942 ], [ -45.215620599999966, -23.523503799999958 ], [ -45.215689, -23.522865599999932 ], [ -45.215693499999929, -23.522506199999953 ], [ -45.215562499999976, -23.52233259999997 ], [ -45.215460599999972, -23.522129099999972 ], [ -45.215420799999947, -23.521945199999948 ], [ -45.215377, -23.521507199999974 ], [ -45.215382599999941, -23.521203499999956 ], [ -45.215406499999972, -23.52091489999998 ], [ -45.215461399999981, -23.52051629999994 ], [ -45.215061699999978, -23.520520599999941 ], [ -45.21476389999998, -23.520493199999976 ], [ -45.214443199999948, -23.520378099999959 ], [ -45.214163299999939, -23.520085699999981 ], [ -45.213945399999943, -23.519896399999936 ], [ -45.213802699999974, -23.519898699999942 ], [ -45.213612199999943, -23.520015699999931 ], [ -45.213447499999972, -23.52013009999996 ], [ -45.21310619999997, -23.520093399999951 ], [ -45.212833399999965, -23.519914699999958 ], [ -45.212579, -23.519661499999927 ], [ -45.212361399999963, -23.519509299999982 ], [ -45.212164, -23.519404599999973 ], [ -45.211934499999984, -23.519209399999966 ], [ -45.211802399999954, -23.519044099999974 ], [ -45.211728199999982, -23.518839 ], [ -45.21178, -23.518641 ], [ -45.211922799999968, -23.518454599999927 ], [ -45.211931199999981, -23.51829859999998 ], [ -45.211672299999975, -23.518091099999936 ], [ -45.211535499999968, -23.517824899999937 ], [ -45.211366399999974, -23.517531199999951 ], [ -45.211224, -23.517249499999934 ], [ -45.210971799999982, -23.51707829999998 ], [ -45.210829299999943, -23.517156499999942 ], [ -45.210569199999952, -23.517271699999981 ], [ -45.210088699999972, -23.517364799999939 ], [ -45.209678799999949, -23.517444199999943 ], [ -45.209362899999974, -23.517416599999933 ], [ -45.209019099999978, -23.517357699999934 ], [ -45.208482599999968, -23.517166699999962 ], [ -45.208166899999981, -23.516931799999952 ], [ -45.208004899999935, -23.516753 ], [ -45.207889799999975, -23.516510699999969 ], [ -45.207801299999971, -23.516300899999976 ], [ -45.207707, -23.515934799999968 ], [ -45.207662899999946, -23.515689 ], [ -45.207505, -23.515437799999972 ], [ -45.207360699999981, -23.515240299999959 ], [ -45.207355099999972, -23.515012599999977 ], [ -45.207345299999986, -23.514629499999955 ], [ -45.207104099999981, -23.514449799999966 ], [ -45.206827199999964, -23.514354899999944 ], [ -45.206545399999982, -23.514177099999984 ], [ -45.206343199999935, -23.513977199999943 ], [ -45.205900799999938, -23.513798299999962 ], [ -45.205553699999939, -23.513795499999958 ], [ -45.205352, -23.513676199999964 ], [ -45.205239899999981, -23.513541 ], [ -45.205073399999947, -23.51342139999997 ], [ -45.204927199999986, -23.513454 ], [ -45.204802, -23.513481799999965 ], [ -45.204546299999947, -23.513453299999981 ], [ -45.204205, -23.513510599999961 ], [ -45.203917099999956, -23.513617599999975 ], [ -45.203492399999959, -23.513713399999972 ], [ -45.203186899999935, -23.513628799999935 ], [ -45.203088899999955, -23.513467299999945 ], [ -45.203144099999975, -23.513285599999961 ], [ -45.203190899999981, -23.51311979999997 ], [ -45.203225299999986, -23.512934299999984 ], [ -45.203366199999948, -23.512673899999982 ], [ -45.203537099999949, -23.512555599999928 ], [ -45.203787299999931, -23.512429099999963 ], [ -45.204023199999938, -23.512331699999947 ], [ -45.204159499999946, -23.512170099999935 ], [ -45.204234, -23.511930199999938 ], [ -45.204330899999945, -23.511596099999963 ], [ -45.204516899999931, -23.511393099999964 ], [ -45.204786, -23.511248899999941 ], [ -45.20508719999998, -23.51125849999994 ], [ -45.205359099999953, -23.511274399999934 ], [ -45.205393199999946, -23.511064799999929 ], [ -45.205406399999958, -23.510793199999966 ], [ -45.205394699999943, -23.510547299999928 ], [ -45.20533359999996, -23.510287799999958 ], [ -45.205158499999982, -23.51007919999995 ], [ -45.205080199999941, -23.509904399999982 ], [ -45.205034299999966, -23.509658699999932 ], [ -45.20501969999998, -23.509423399999946 ], [ -45.20508609999996, -23.509204899999929 ], [ -45.20492379999996, -23.509052099999963 ], [ -45.204689799999983, -23.509027699999933 ], [ -45.204478799999947, -23.508893199999932 ], [ -45.204399799999976, -23.508735099999967 ], [ -45.204349699999966, -23.508540599999947 ], [ -45.204123, -23.508531799999957 ], [ -45.203935199999933, -23.50854279999993 ], [ -45.203676, -23.508637399999941 ], [ -45.203402499999982, -23.508684 ], [ -45.203211199999942, -23.50865749999997 ], [ -45.203014799999949, -23.508475 ], [ -45.202963, -23.50820479999993 ], [ -45.203177799999935, -23.507929399999966 ], [ -45.203445, -23.507797299999936 ], [ -45.203759599999955, -23.507623799999976 ], [ -45.204066499999954, -23.507496699999933 ], [ -45.204364899999973, -23.507386599999961 ], [ -45.204728399999965, -23.507412399999964 ], [ -45.204959699999961, -23.507347899999957 ], [ -45.205009399999938, -23.507121299999937 ], [ -45.205017399999974, -23.506913599999962 ], [ -45.205221799999947, -23.506746599999929 ], [ -45.205357699999979, -23.506585 ], [ -45.205172799999957, -23.506357499999979 ], [ -45.204819799999939, -23.506215899999972 ], [ -45.204378499999962, -23.506013799999948 ], [ -45.204139599999962, -23.505984099999978 ], [ -45.203947399999947, -23.505908099999942 ], [ -45.203745799999979, -23.505855799999949 ], [ -45.203508199999931, -23.505773099999942 ], [ -45.203397099999961, -23.505678099999955 ], [ -45.203287799999941, -23.505559 ], [ -45.19870149999997, -23.507669599999929 ], [ -45.198494699999969, -23.507604599999979 ], [ -45.198349699999937, -23.507722599999965 ], [ -45.198332499999935, -23.507934 ], [ -45.197442499999966, -23.50863709999993 ], [ -45.197449199999937, -23.508684799999969 ], [ -45.197170699999958, -23.50902519999994 ], [ -45.19319889999997, -23.510901299999944 ], [ -45.189893799999936, -23.51126249999993 ], [ -45.189854799999978, -23.511271099999931 ], [ -45.182588199999941, -23.511324499999944 ], [ -45.181064099999958, -23.513785799999937 ], [ -45.181341, -23.513942399999962 ], [ -45.181539, -23.514055399999961 ], [ -45.181891, -23.51436039999993 ], [ -45.182151, -23.514669399999946 ], [ -45.182453, -23.515088399999968 ], [ -45.182579, -23.515393399999937 ], [ -45.182868, -23.51598139999993 ], [ -45.183113, -23.51640139999995 ], [ -45.183418, -23.516882399999929 ], [ -45.183849, -23.51727539999996 ], [ -45.184258, -23.517601399999933 ], [ -45.184898, -23.518061399999965 ], [ -45.1855, -23.518511399999966 ], [ -45.186024799999984, -23.51914979999998 ], [ -45.186107099999958, -23.519395199999963 ], [ -45.186076299999968, -23.519635599999958 ], [ -45.186018499999932, -23.519883899999968 ], [ -45.185985, -23.52011159999995 ], [ -45.186107099999958, -23.520352299999956 ], [ -45.186447799999939, -23.520410899999945 ], [ -45.186758899999973, -23.520500399999946 ], [ -45.187126099999944, -23.520722499999977 ], [ -45.187366399999974, -23.520892499999945 ], [ -45.187650099999985, -23.521150899999952 ], [ -45.18794029999998, -23.52140559999998 ], [ -45.188156299999946, -23.52166909999994 ], [ -45.188434599999937, -23.521927699999935 ], [ -45.188629399999968, -23.522125399999936 ], [ -45.18890179999994, -23.522265399999981 ], [ -45.189099399999975, -23.522369799999979 ], [ -45.189280499999938, -23.522499099999948 ], [ -45.189438299999949, -23.522766099999956 ], [ -45.189595, -23.522933399999943 ], [ -45.189540099999931, -23.523383899999942 ], [ -45.189173, -23.52357939999996 ], [ -45.188821, -23.52384939999996 ], [ -45.188513, -23.524040399999933 ], [ -45.188266, -23.52417939999998 ], [ -45.18785, -23.524299399999961 ], [ -45.187369, -23.524407399999973 ], [ -45.186348, -23.524624399999936 ], [ -45.185937, -23.524718399999983 ], [ -45.185573, -23.524774399999956 ], [ -45.185246, -23.524841399999957 ], [ -45.184828, -23.524835399999972 ], [ -45.184488, -23.524771399999963 ], [ -45.1842, -23.524707399999954 ], [ -45.183837, -23.524748399999964 ], [ -45.18345, -23.524879399999975 ], [ -45.183069, -23.524950399999966 ], [ -45.182886, -23.525001399999951 ], [ -45.182626, -23.525137399999949 ], [ -45.182406, -23.52530239999993 ], [ -45.182271, -23.525502399999937 ], [ -45.182187, -23.525674399999957 ], [ -45.182183, -23.525893399999973 ], [ -45.182254, -23.526105399999949 ], [ -45.182391, -23.526394399999958 ], [ -45.182448, -23.52663339999998 ], [ -45.18244, -23.526838399999974 ], [ -45.182358, -23.52696839999993 ], [ -45.181939, -23.526972399999977 ], [ -45.181591, -23.527129399999978 ], [ -45.181478, -23.527438399999937 ], [ -45.181493, -23.527597399999934 ], [ -45.181645, -23.527900399999965 ], [ -45.181886, -23.528143399999976 ], [ -45.182258, -23.52849939999993 ], [ -45.182609, -23.528723399999933 ], [ -45.182971, -23.529036399999939 ], [ -45.183359, -23.529374399999938 ], [ -45.183717, -23.529771399999959 ], [ -45.184043, -23.530076399999928 ], [ -45.184383, -23.530374399999971 ], [ -45.184714, -23.53072439999994 ], [ -45.185091, -23.531053399999962 ], [ -45.185576, -23.53149639999998 ], [ -45.185922, -23.531870399999946 ], [ -45.186218, -23.532187399999941 ], [ -45.189571799999953, -23.534031899999945 ], [ -45.189604699999961, -23.533293199999946 ], [ -45.189078199999983, -23.532634799999983 ], [ -45.188583799999947, -23.532300799999973 ], [ -45.187987, -23.531695899999931 ], [ -45.187618399999963, -23.531074 ], [ -45.187213199999974, -23.530257 ], [ -45.186791399999947, -23.529377199999942 ], [ -45.186620499999947, -23.528872799999931 ], [ -45.186854899999958, -23.528312799999981 ], [ -45.187190899999962, -23.527633299999934 ], [ -45.187548299999946, -23.527038499999946 ], [ -45.188090899999963, -23.526582399999938 ], [ -45.188360299999943, -23.526125 ], [ -45.189028599999972, -23.525576199999932 ], [ -45.189725499999952, -23.525227399999949 ], [ -45.190179699999931, -23.524771599999951 ], [ -45.190561799999955, -23.524238 ], [ -45.190731599999935, -23.523552099999961 ], [ -45.190771699999971, -23.52314309999997 ], [ -45.190656299999944, -23.522548599999936 ], [ -45.190537, -23.522206 ], [ -45.190309699999943, -23.521790799999962 ] ] ] } },
{ "type": "Feature", "properties": { "id": "3555406047", "cd_bairro": "3555406047", "bairro": "Sertão do Engenho Velho", "cd_mun": "3555406", "municipio": "Ubatuba", "cd_dist": "355540605", "distrito": "Ubatuba" }, "geometry": { "type": "Polygon", "coordinates": [ [ [ -45.184723799999972, -23.498383699999977 ], [ -45.184590799999967, -23.498738699999933 ], [ -45.183931799999982, -23.500173699999948 ], [ -45.18376939999996, -23.500604499999952 ], [ -45.183753399999944, -23.500647199999946 ], [ -45.183737199999939, -23.500703299999941 ], [ -45.183732499999962, -23.500803699999949 ], [ -45.18339949999995, -23.50151569999997 ], [ -45.183160499999985, -23.502073699999983 ], [ -45.183020499999941, -23.502563699999939 ], [ -45.183000199999981, -23.502660099999957 ], [ -45.182874499999969, -23.503256699999952 ], [ -45.18276149999997, -23.503986699999928 ], [ -45.182633499999952, -23.504941699999961 ], [ -45.182588199999941, -23.511324499999944 ], [ -45.189854799999978, -23.511271099999931 ], [ -45.189893799999936, -23.51126249999993 ], [ -45.19319889999997, -23.510901299999944 ], [ -45.197170699999958, -23.50902519999994 ], [ -45.197449199999937, -23.508684799999969 ], [ -45.197442499999966, -23.50863709999993 ], [ -45.198332499999935, -23.507934 ], [ -45.198349699999937, -23.507722599999965 ], [ -45.198494699999969, -23.507604599999979 ], [ -45.19870149999997, -23.507669599999929 ], [ -45.203287799999941, -23.505559 ], [ -45.203069899999946, -23.50540849999993 ], [ -45.20287529999996, -23.505270399999972 ], [ -45.202804599999979, -23.505046 ], [ -45.20272209999996, -23.504791099999977 ], [ -45.202706399999954, -23.504542399999934 ], [ -45.20266289999995, -23.504276799999957 ], [ -45.202715, -23.50401039999997 ], [ -45.202771399999961, -23.503724699999964 ], [ -45.202831799999956, -23.503517599999952 ], [ -45.20268109999995, -23.503389799999979 ], [ -45.202369899999951, -23.503278799999975 ], [ -45.202184599999953, -23.503184899999951 ], [ -45.20194609999993, -23.503017299999954 ], [ -45.201786, -23.502755599999944 ], [ -45.201667099999952, -23.502574299999935 ], [ -45.201396399999965, -23.502457099999958 ], [ -45.201176499999974, -23.502342599999963 ], [ -45.200909499999966, -23.502283699999964 ], [ -45.20059219999996, -23.50232079999995 ], [ -45.200259399999936, -23.502353899999946 ], [ -45.20000639999995, -23.502396499999975 ], [ -45.199708299999941, -23.502536199999952 ], [ -45.199446199999954, -23.502530399999955 ], [ -45.199373899999955, -23.502326 ], [ -45.199371499999984, -23.502033 ], [ -45.199453, -23.501835899999946 ], [ -45.199611799999957, -23.501470899999958 ], [ -45.19969459999993, -23.501184599999931 ], [ -45.199750199999983, -23.500835499999937 ], [ -45.199773499999935, -23.50048419999996 ], [ -45.199836299999959, -23.500080799999978 ], [ -45.199913799999933, -23.499770799999965 ], [ -45.199882, -23.49956519999995 ], [ -45.199841, -23.499322699999937 ], [ -45.199692099999936, -23.49901049999994 ], [ -45.199595199999976, -23.498728099999937 ], [ -45.19947819999993, -23.498386899999957 ], [ -45.199234099999956, -23.498150099999975 ], [ -45.198993799999982, -23.498053 ], [ -45.198447899999962, -23.497979899999962 ], [ -45.198174699999981, -23.497869 ], [ -45.198059099999966, -23.497680499999944 ], [ -45.198017599999957, -23.497541499999954 ], [ -45.197847399999944, -23.497452299999964 ], [ -45.197531199999958, -23.497499299999959 ], [ -45.197148399999946, -23.497449499999959 ], [ -45.196827499999984, -23.497311299999978 ], [ -45.196645, -23.497123 ], [ -45.196330899999964, -23.497057699999971 ], [ -45.196127, -23.49701529999993 ], [ -45.195877699999983, -23.496796499999959 ], [ -45.195779199999947, -23.496524499999964 ], [ -45.195542799999942, -23.496364799999981 ], [ -45.195257199999958, -23.496144199999947 ], [ -45.195148899999936, -23.495864299999937 ], [ -45.195061099999975, -23.495533499999965 ], [ -45.194963499999972, -23.495236699999964 ], [ -45.194923499999959, -23.494944699999962 ], [ -45.194970499999954, -23.494535699999972 ], [ -45.195112499999937, -23.49415769999996 ], [ -45.195258499999966, -23.493833699999982 ], [ -45.19547149999994, -23.493423699999937 ], [ -45.19565149999994, -23.493050699999969 ], [ -45.195760499999949, -23.492639699999927 ], [ -45.195796499999972, -23.492203699999948 ], [ -45.195821499999965, -23.491893699999935 ], [ -45.195949499999983, -23.491559699999982 ], [ -45.196044499999971, -23.491196699999932 ], [ -45.196131499999979, -23.490781699999957 ], [ -45.196093499999961, -23.49045069999994 ], [ -45.195911499999966, -23.490061699999956 ], [ -45.195498499999985, -23.489841699999943 ], [ -45.19498649999997, -23.489742699999965 ], [ -45.194416499999932, -23.489468699999975 ], [ -45.193986499999937, -23.489139699999953 ], [ -45.193640499999958, -23.488684699999965 ], [ -45.193392499999959, -23.488275699999974 ], [ -45.193164499999966, -23.48784569999998 ], [ -45.192918499999962, -23.487552699999981 ], [ -45.19239349999998, -23.487313699999959 ], [ -45.191947499999969, -23.487136699999951 ], [ -45.191386499999965, -23.486742699999979 ], [ -45.19104249999998, -23.486354699999936 ], [ -45.190704499999981, -23.485940699999958 ], [ -45.190403499999945, -23.485689699999966 ], [ -45.190112499999941, -23.485566699999936 ], [ -45.189792499999953, -23.485630699999945 ], [ -45.189456499999949, -23.48598469999996 ], [ -45.18915149999998, -23.486355699999933 ], [ -45.188849499999947, -23.486613699999964 ], [ -45.188355499999943, -23.486807699999929 ], [ -45.187819499999932, -23.486861699999963 ], [ -45.187201499999958, -23.486937699999942 ], [ -45.186813499999971, -23.487074699999937 ], [ -45.186531499999944, -23.487211699999932 ], [ -45.186390499999959, -23.487530699999979 ], [ -45.186368499999958, -23.488087699999937 ], [ -45.18633449999993, -23.488604699999939 ], [ -45.186157499999979, -23.489011699999935 ], [ -45.185815499999933, -23.489505699999938 ], [ -45.185499499999935, -23.489817699999946 ], [ -45.185088499999949, -23.490025699999933 ], [ -45.18456249999997, -23.490154699999948 ], [ -45.184353499999986, -23.490264699999955 ], [ -45.184270499999968, -23.490538699999945 ], [ -45.184361499999966, -23.490801699999963 ], [ -45.184644499999933, -23.491118699999959 ], [ -45.185071499999935, -23.491396699999939 ], [ -45.185419499999966, -23.491442699999936 ], [ -45.185866499999975, -23.491386699999964 ], [ -45.186208499999964, -23.491233699999952 ], [ -45.186728499999958, -23.490983699999958 ], [ -45.187287499999968, -23.490853699999946 ], [ -45.187797499999931, -23.49085569999994 ], [ -45.188372499999957, -23.491057699999942 ], [ -45.188769499999978, -23.491331699999932 ], [ -45.189258499999937, -23.491852699999981 ], [ -45.189668499999982, -23.492355699999962 ], [ -45.18995149999995, -23.492750699999931 ], [ -45.190091299999949, -23.493241299999966 ], [ -45.19003749999996, -23.493515699999932 ], [ -45.189946499999962, -23.493860699999971 ], [ -45.18971149999993, -23.494205699999952 ], [ -45.189377499999978, -23.494549699999936 ], [ -45.189131499999974, -23.494774699999937 ], [ -45.188823499999955, -23.494933699999933 ], [ -45.188279499999965, -23.495149699999956 ], [ -45.18767749999995, -23.495332699999949 ], [ -45.187185499999941, -23.495384699999931 ], [ -45.186730499999953, -23.495380699999941 ], [ -45.186459499999955, -23.495445699999948 ], [ -45.186189499999955, -23.495571699999971 ], [ -45.186165499999959, -23.495844699999964 ], [ -45.186223499999983, -23.495994699999983 ], [ -45.186259499999949, -23.496152699999982 ], [ -45.186366499999963, -23.496551699999941 ], [ -45.186387499999967, -23.496923699999968 ], [ -45.186342499999967, -23.497344699999928 ], [ -45.186108499999932, -23.497786699999949 ], [ -45.185801499999968, -23.498096699999962 ], [ -45.18545249999994, -23.498276699999963 ], [ -45.185216499999967, -23.498374699999943 ], [ -45.184950499999957, -23.498392699999954 ], [ -45.184723799999972, -23.498383699999977 ] ] ] } },
{ "type": "Feature", "properties": { "id": "3555406048", "cd_bairro": "3555406048", "bairro": "Corcovado", "cd_mun": "3555406", "municipio": "Ubatuba", "cd_dist": "355540605", "distrito": "Ubatuba" }, "geometry": { "type": "Polygon", "coordinates": [ [ [ -45.19553529999996, -23.476715199999944 ], [ -45.195557399999984, -23.476691899999935 ], [ -45.195773899999949, -23.476562899999976 ], [ -45.196020399999952, -23.476684099999943 ], [ -45.196146, -23.476718499999947 ], [ -45.196220299999936, -23.475158699999952 ], [ -45.196277399999985, -23.473958599999946 ], [ -45.196405899999945, -23.471285899999941 ], [ -45.195910699999956, -23.47139089999996 ], [ -45.195338399999969, -23.471416899999952 ], [ -45.194971599999974, -23.471354699999949 ], [ -45.194505599999957, -23.471179699999936 ], [ -45.194037599999945, -23.471095699999978 ], [ -45.193522599999937, -23.471081699999957 ], [ -45.192933599999947, -23.47110669999995 ], [ -45.192253599999958, -23.47115969999993 ], [ -45.191355599999952, -23.471250699999928 ], [ -45.190501, -23.470906299999967 ], [ -45.190143499999976, -23.471121699999969 ], [ -45.189321599999971, -23.471289399999932 ], [ -45.188701, -23.471259099999941 ], [ -45.188134899999966, -23.471553099999937 ], [ -45.187797399999965, -23.471594099999948 ], [ -45.187577599999941, -23.471506699999964 ], [ -45.187313599999982, -23.471115699999928 ], [ -45.187028599999962, -23.470903699999951 ], [ -45.186619599999972, -23.470867699999928 ], [ -45.186292599999945, -23.470915699999978 ], [ -45.185981599999934, -23.471094699999981 ], [ -45.185399799999971, -23.471014099999934 ], [ -45.185067699999934, -23.470919799999933 ], [ -45.184717199999966, -23.470878599999935 ], [ -45.184412299999963, -23.470747299999971 ], [ -45.183936099999983, -23.470819399999982 ], [ -45.183617699999957, -23.470594199999937 ], [ -45.183268299999952, -23.470533899999964 ], [ -45.18299879999995, -23.470463199999983 ], [ -45.182778799999937, -23.4703 ], [ -45.182408799999962, -23.470300299999963 ], [ -45.181967899999961, -23.470327599999962 ], [ -45.181609699999967, -23.470302799999956 ], [ -45.18128, -23.469963099999973 ], [ -45.181012199999941, -23.46960409999997 ], [ -45.180903699999931, -23.469227299999943 ], [ -45.180575199999964, -23.469209299999932 ], [ -45.180170799999985, -23.469482 ], [ -45.179807699999969, -23.469983099999979 ], [ -45.179348699999935, -23.470475399999941 ], [ -45.178627799999958, -23.470634099999927 ], [ -45.178378299999963, -23.470514599999944 ], [ -45.17808679999996, -23.470266899999956 ], [ -45.177238399999965, -23.473466599999938 ], [ -45.177462399999968, -23.47379959999995 ], [ -45.17765339999994, -23.474236599999983 ], [ -45.177751399999977, -23.474563599999954 ], [ -45.177766399999939, -23.474966599999959 ], [ -45.177736399999958, -23.475426599999935 ], [ -45.17764139999997, -23.475801599999954 ], [ -45.17756739999993, -23.476092599999959 ], [ -45.177511399999958, -23.476289599999973 ], [ -45.177352399999961, -23.476508599999931 ], [ -45.177249399999937, -23.476752599999941 ], [ -45.176978399999939, -23.477173599999958 ], [ -45.176827399999979, -23.477368599999977 ], [ -45.176743399999964, -23.477623599999959 ], [ -45.176656399999956, -23.477982599999962 ], [ -45.176470399999971, -23.478499599999964 ], [ -45.176366399999949, -23.478675599999974 ], [ -45.176231399999949, -23.478876599999978 ], [ -45.176173399999982, -23.479027599999938 ], [ -45.176199399999973, -23.479256599999928 ], [ -45.176286399999981, -23.479526599999929 ], [ -45.176328399999932, -23.479785599999957 ], [ -45.176367399999947, -23.480085599999938 ], [ -45.176281399999937, -23.480270599999983 ], [ -45.176222399999972, -23.480392599999959 ], [ -45.176221399999974, -23.480489599999942 ], [ -45.176332399999978, -23.480684599999961 ], [ -45.176409399999955, -23.480875599999933 ], [ -45.176406399999962, -23.481101599999931 ], [ -45.176297399999953, -23.481359599999962 ], [ -45.176256399999943, -23.481545599999947 ], [ -45.176095399999951, -23.481708599999934 ], [ -45.176033699999948, -23.481979299999978 ], [ -45.175832699999944, -23.482173399999965 ], [ -45.175409899999977, -23.482526899999982 ], [ -45.175132699999949, -23.48265159999994 ], [ -45.174723799999981, -23.482783299999937 ], [ -45.174495, -23.48287339999996 ], [ -45.174301399999933, -23.482939599999952 ], [ -45.174241399999971, -23.483268599999974 ], [ -45.17428039999993, -23.483523599999955 ], [ -45.174278399999935, -23.483872599999927 ], [ -45.173831899999982, -23.483952199999976 ], [ -45.173825199999953, -23.484230899999943 ], [ -45.174236599999972, -23.484516199999973 ], [ -45.174555099999964, -23.484556 ], [ -45.174860399999943, -23.484392599999978 ], [ -45.175017399999945, -23.484588599999938 ], [ -45.175047399999983, -23.48492559999994 ], [ -45.175070299999959, -23.485326899999961 ], [ -45.175164799999948, -23.485929899999974 ], [ -45.175091099999975, -23.486463599999979 ], [ -45.175007899999969, -23.486782399999981 ], [ -45.174689099999966, -23.486921099999961 ], [ -45.174377199999981, -23.487080499999934 ], [ -45.174183399999947, -23.487073599999974 ], [ -45.174083399999972, -23.487355599999944 ], [ -45.173965399999986, -23.487739599999941 ], [ -45.172918299999935, -23.48815129999997 ], [ -45.172481599999969, -23.488144399999953 ], [ -45.171956399999942, -23.488299599999948 ], [ -45.171849299999963, -23.488275199999975 ], [ -45.171802299999968, -23.488264499999957 ], [ -45.171770699999968, -23.48829429999995 ], [ -45.171591699999965, -23.488541 ], [ -45.171508299999971, -23.488765599999965 ], [ -45.171407699999975, -23.488878299999953 ], [ -45.171322599999939, -23.489012 ], [ -45.171266299999957, -23.48914149999996 ], [ -45.17124819999998, -23.489295699999957 ], [ -45.171248399999968, -23.489425199999971 ], [ -45.17129019999993, -23.489581699999974 ], [ -45.171376699999939, -23.489707099999976 ], [ -45.171455299999934, -23.489813699999956 ], [ -45.172089399999948, -23.490625699999953 ], [ -45.172277, -23.490975099999957 ], [ -45.172401199999968, -23.491420199999936 ], [ -45.17246, -23.491810699999974 ], [ -45.172496499999966, -23.49178459999996 ], [ -45.176984799999957, -23.49076969999993 ], [ -45.177097099999969, -23.490429099999972 ], [ -45.177264699999967, -23.490146299999935 ], [ -45.177452899999935, -23.489761499999929 ], [ -45.177699899999936, -23.489463799999953 ], [ -45.177885699999933, -23.48921839999997 ], [ -45.178148599999986, -23.488943699999936 ], [ -45.178346599999941, -23.488729699999965 ], [ -45.178621599999985, -23.488449699999933 ], [ -45.178850599999976, -23.488177699999937 ], [ -45.179148599999962, -23.487868699999979 ], [ -45.179489599999954, -23.487682699999937 ], [ -45.179788599999938, -23.487579699999969 ], [ -45.180159599999968, -23.487472699999955 ], [ -45.180846599999938, -23.487236699999983 ], [ -45.181533599999966, -23.486977699999954 ], [ -45.181816599999934, -23.486826699999938 ], [ -45.182003599999973, -23.486646699999937 ], [ -45.182303399999967, -23.486337 ], [ -45.18257959999994, -23.486046699999974 ], [ -45.182834599999978, -23.48576769999994 ], [ -45.183345599999939, -23.48529469999994 ], [ -45.183668599999976, -23.485190699999976 ], [ -45.184129599999949, -23.48510669999996 ], [ -45.184964599999944, -23.484951699999954 ], [ -45.185429599999964, -23.484838699999955 ], [ -45.185748599999954, -23.48469769999997 ], [ -45.186126599999966, -23.484449699999971 ], [ -45.187371199999973, -23.483901199999934 ], [ -45.191601599999956, -23.482036699999981 ], [ -45.191956599999969, -23.482361699999956 ], [ -45.192403599999977, -23.482759699999974 ], [ -45.192835599999967, -23.48312569999996 ], [ -45.193212599999981, -23.483451699999932 ], [ -45.193725599999937, -23.48367769999993 ], [ -45.194240599999944, -23.483776699999964 ], [ -45.194691599999942, -23.483776699999964 ], [ -45.195113599999956, -23.483614699999976 ], [ -45.195156899999972, -23.481534799999963 ], [ -45.195369, -23.480464299999937 ], [ -45.195519, -23.479570299999978 ], [ -45.195352299999968, -23.479475799999932 ], [ -45.195484499999964, -23.479410199999961 ], [ -45.195530899999937, -23.479235399999936 ], [ -45.19553529999996, -23.479088899999965 ], [ -45.195524299999931, -23.478964399999938 ], [ -45.195491499999946, -23.478849899999943 ], [ -45.195430199999976, -23.478633099999968 ], [ -45.195088, -23.477512799999943 ], [ -45.195186, -23.477226099999939 ], [ -45.195363399999962, -23.476936 ], [ -45.195461799999975, -23.476792699999976 ], [ -45.19553529999996, -23.476715199999944 ] ] ] } },
{ "type": "Feature", "properties": { "id": "3555406049", "cd_bairro": "3555406049", "bairro": "Praia do Sapê", "cd_mun": "3555406", "municipio": "Ubatuba", "cd_dist": "355540605", "distrito": "Ubatuba" }, "geometry": { "type": "Polygon", "coordinates": [ [ [ -45.228022199999941, -23.536062499999957 ], [ -45.228133499999956, -23.536379099999976 ], [ -45.228437499999984, -23.536283199999957 ], [ -45.229592899999943, -23.535919399999955 ], [ -45.229898299999945, -23.53582229999995 ], [ -45.230198499999972, -23.53571089999997 ], [ -45.231165499999975, -23.535172499999931 ], [ -45.231762099999969, -23.534802199999945 ], [ -45.232249499999966, -23.534586299999944 ], [ -45.232071899999937, -23.534285899999929 ], [ -45.232126599999958, -23.533944399999939 ], [ -45.23254309999993, -23.534074199999964 ], [ -45.23283669999995, -23.534026399999959 ], [ -45.232734299999947, -23.533766899999932 ], [ -45.232331399999964, -23.533405 ], [ -45.232454299999972, -23.533104499999979 ], [ -45.23283669999995, -23.532927 ], [ -45.233178199999941, -23.533070399999929 ], [ -45.233533299999976, -23.533002099999976 ], [ -45.233615199999974, -23.532838199999958 ], [ -45.23349909999996, -23.532551399999932 ], [ -45.23356739999997, -23.532373899999982 ], [ -45.233858199999986, -23.532211099999927 ], [ -45.234044899999958, -23.532201099999952 ], [ -45.234488699999986, -23.532194199999935 ], [ -45.234945499999981, -23.532312399999967 ], [ -45.235478899999976, -23.532563 ], [ -45.236073, -23.532726899999943 ], [ -45.237041099999942, -23.532493 ], [ -45.237034599999959, -23.532222799999943 ], [ -45.237073799999962, -23.532183199999963 ], [ -45.237292899999943, -23.531959099999938 ], [ -45.238730299999986, -23.530057699999929 ], [ -45.240102099999945, -23.528847299999939 ], [ -45.242174699999964, -23.526473299999964 ], [ -45.241963399999975, -23.52642579999997 ], [ -45.241782299999954, -23.526311199999952 ], [ -45.241661499999964, -23.52612929999998 ], [ -45.241480399999944, -23.525967199999968 ], [ -45.241295, -23.525876299999936 ], [ -45.241167399999938, -23.52585739999995 ], [ -45.241058099999975, -23.525864899999931 ], [ -45.240871199999958, -23.525938699999983 ], [ -45.240636499999937, -23.526063099999931 ], [ -45.240159099999971, -23.526257299999941 ], [ -45.240124499999979, -23.526258599999949 ], [ -45.240108299999974, -23.526248799999962 ], [ -45.240101599999946, -23.526233799999943 ], [ -45.240111199999944, -23.526206599999966 ], [ -45.239816499999961, -23.526423499999964 ], [ -45.239695499999982, -23.526495099999977 ], [ -45.239585099999942, -23.526537099999928 ], [ -45.239447199999972, -23.526546099999962 ], [ -45.239354499999934, -23.526544499999943 ], [ -45.23919879999994, -23.526568399999974 ], [ -45.239134899999954, -23.526592899999969 ], [ -45.239073399999938, -23.526627899999937 ], [ -45.238976699999967, -23.526730699999973 ], [ -45.238843299999985, -23.526904499999944 ], [ -45.238768899999968, -23.527061499999945 ], [ -45.23866849999996, -23.527411899999947 ], [ -45.238632, -23.527394199999947 ], [ -45.236127499999952, -23.525497599999937 ], [ -45.234657899999945, -23.526489 ], [ -45.23381889999996, -23.525346599999978 ], [ -45.23364179999993, -23.52509079999993 ], [ -45.234310599999958, -23.524741899999981 ], [ -45.23413869999996, -23.523935399999971 ], [ -45.232917799999939, -23.523003099999983 ], [ -45.232630299999983, -23.522565399999962 ], [ -45.232585599999936, -23.522524799999928 ], [ -45.232561899999951, -23.522485399999937 ], [ -45.23128289999994, -23.521592599999963 ], [ -45.230602, -23.521105599999942 ], [ -45.228839099999959, -23.519843799999933 ], [ -45.228022099999976, -23.520826 ], [ -45.227765499999975, -23.521158199999945 ], [ -45.227380699999969, -23.521473399999934 ], [ -45.227000399999952, -23.521657599999969 ], [ -45.226738399999931, -23.521800399999961 ], [ -45.226550199999963, -23.521931499999937 ], [ -45.22635809999997, -23.522046799999941 ], [ -45.226015699999948, -23.522317599999951 ], [ -45.225690099999952, -23.522575099999983 ], [ -45.225333299999932, -23.522646399999928 ], [ -45.225130199999967, -23.522422 ], [ -45.22502129999998, -23.522137 ], [ -45.224688, -23.52189519999996 ], [ -45.224485099999981, -23.521748099999968 ], [ -45.22430259999993, -23.521443499999975 ], [ -45.224101299999973, -23.521107399999948 ], [ -45.223638699999981, -23.521216099999947 ], [ -45.223139199999935, -23.521154399999944 ], [ -45.222917299999949, -23.521653 ], [ -45.222673499999985, -23.52196749999996 ], [ -45.22225519999995, -23.522270599999956 ], [ -45.221944, -23.522328199999947 ], [ -45.221719899999982, -23.522379499999943 ], [ -45.221679799999947, -23.522622099999978 ], [ -45.221588299999951, -23.522868399999936 ], [ -45.221402399999931, -23.523050399999931 ], [ -45.221029499999986, -23.523172199999976 ], [ -45.220785799999931, -23.523068699999953 ], [ -45.220596499999942, -23.522850699999935 ], [ -45.220371, -23.522688499999958 ], [ -45.220172599999955, -23.52245929999998 ], [ -45.220041599999945, -23.52226909999996 ], [ -45.219975, -23.522020599999962 ], [ -45.219805299999962, -23.521638499999938 ], [ -45.219677, -23.521173799999929 ], [ -45.219372699999951, -23.521121099999959 ], [ -45.21935389999993, -23.521119699999929 ], [ -45.218965699999956, -23.521099 ], [ -45.218442, -23.520989 ], [ -45.218098399999974, -23.520901899999956 ], [ -45.217662399999938, -23.520787499999983 ], [ -45.217179699999974, -23.52069629999994 ], [ -45.21692829999995, -23.520648799999947 ], [ -45.216670799999974, -23.520600099999967 ], [ -45.216337499999952, -23.520537099999956 ], [ -45.215974399999936, -23.520525299999974 ], [ -45.215461399999981, -23.52051629999994 ], [ -45.215406499999972, -23.52091489999998 ], [ -45.215382599999941, -23.521203499999956 ], [ -45.215377, -23.521507199999974 ], [ -45.215420799999947, -23.521945199999948 ], [ -45.215460599999972, -23.522129099999972 ], [ -45.215562499999976, -23.52233259999997 ], [ -45.215693499999929, -23.522506199999953 ], [ -45.215689, -23.522865599999932 ], [ -45.215620599999966, -23.523503799999958 ], [ -45.215549399999929, -23.524257599999942 ], [ -45.21564, -23.524797899999953 ], [ -45.215691799999945, -23.525283099999967 ], [ -45.215613299999973, -23.525556399999971 ], [ -45.216264699999954, -23.525902499999972 ], [ -45.216244199999949, -23.525936899999977 ], [ -45.216026299999953, -23.526307199999962 ], [ -45.215847199999985, -23.526573499999927 ], [ -45.215726899999936, -23.526769499999943 ], [ -45.215565499999968, -23.526968 ], [ -45.214902399999971, -23.527828099999965 ], [ -45.215258499999948, -23.528245499999969 ], [ -45.215512399999966, -23.52840939999993 ], [ -45.215895699999976, -23.528483399999971 ], [ -45.216341399999976, -23.528520699999945 ], [ -45.216836299999954, -23.528496799999971 ], [ -45.217371199999945, -23.528485199999977 ], [ -45.21835729999998, -23.528584399999943 ], [ -45.219352099999981, -23.528915599999948 ], [ -45.220088799999985, -23.529335899999978 ], [ -45.220716099999947, -23.52976 ], [ -45.221283399999948, -23.530179699999962 ], [ -45.221759, -23.530496299999982 ], [ -45.221950899999968, -23.530624099999955 ], [ -45.222414699999945, -23.531024499999944 ], [ -45.222947399999953, -23.531435099999953 ], [ -45.223611399999982, -23.531998399999964 ], [ -45.224292299999945, -23.532624599999963 ], [ -45.224887, -23.533284399999957 ], [ -45.225398499999983, -23.533861299999955 ], [ -45.225686099999962, -23.534258299999976 ], [ -45.226007799999934, -23.534642 ], [ -45.226309899999933, -23.535110799999927 ], [ -45.226681, -23.535716499999978 ], [ -45.227217699999983, -23.536630499999944 ], [ -45.227574799999957, -23.536299099999951 ], [ -45.227936099999965, -23.536073199999976 ], [ -45.228022199999941, -23.536062499999957 ] ] ] } },
{ "type": "Feature", "properties": { "id": "3555406050", "cd_bairro": "3555406050", "bairro": "Sertão do Ingá", "cd_mun": "3555406", "municipio": "Ubatuba", "cd_dist": "355540605", "distrito": "Ubatuba" }, "geometry": { "type": "Polygon", "coordinates": [ [ [ -45.228839099999959, -23.519843799999933 ], [ -45.230602, -23.521105599999942 ], [ -45.23128289999994, -23.521592599999963 ], [ -45.232561899999951, -23.522485399999937 ], [ -45.232585599999936, -23.522524799999928 ], [ -45.232630299999983, -23.522565399999962 ], [ -45.232917799999939, -23.523003099999983 ], [ -45.23413869999996, -23.523935399999971 ], [ -45.234310599999958, -23.524741899999981 ], [ -45.23364179999993, -23.52509079999993 ], [ -45.23381889999996, -23.525346599999978 ], [ -45.234657899999945, -23.526489 ], [ -45.236127499999952, -23.525497599999937 ], [ -45.238632, -23.527394199999947 ], [ -45.23866849999996, -23.527411899999947 ], [ -45.238768899999968, -23.527061499999945 ], [ -45.238843299999985, -23.526904499999944 ], [ -45.238976699999967, -23.526730699999973 ], [ -45.239073399999938, -23.526627899999937 ], [ -45.239134899999954, -23.526592899999969 ], [ -45.23919879999994, -23.526568399999974 ], [ -45.239354499999934, -23.526544499999943 ], [ -45.239447199999972, -23.526546099999962 ], [ -45.239585099999942, -23.526537099999928 ], [ -45.239695499999982, -23.526495099999977 ], [ -45.239816499999961, -23.526423499999964 ], [ -45.240111199999944, -23.526206599999966 ], [ -45.240101599999946, -23.526233799999943 ], [ -45.240108299999974, -23.526248799999962 ], [ -45.240124499999979, -23.526258599999949 ], [ -45.240159099999971, -23.526257299999941 ], [ -45.240636499999937, -23.526063099999931 ], [ -45.240871199999958, -23.525938699999983 ], [ -45.241058099999975, -23.525864899999931 ], [ -45.241167399999938, -23.52585739999995 ], [ -45.241295, -23.525876299999936 ], [ -45.241480399999944, -23.525967199999968 ], [ -45.241661499999964, -23.52612929999998 ], [ -45.241782299999954, -23.526311199999952 ], [ -45.241963399999975, -23.52642579999997 ], [ -45.242174699999964, -23.526473299999964 ], [ -45.242186599999968, -23.526441499999976 ], [ -45.242994099999976, -23.524267799999961 ], [ -45.242764199999954, -23.524267399999928 ], [ -45.242530399999964, -23.524124599999936 ], [ -45.24217479999993, -23.523989699999959 ], [ -45.241879499999982, -23.523982899999965 ], [ -45.241756599999974, -23.523806299999933 ], [ -45.24183869999996, -23.52342 ], [ -45.241897299999948, -23.523130699999967 ], [ -45.241758199999936, -23.522917699999937 ], [ -45.241586499999983, -23.522704699999963 ], [ -45.241387799999984, -23.522303299999976 ], [ -45.241223399999967, -23.521858599999973 ], [ -45.241083699999933, -23.521532399999955 ], [ -45.240913099999943, -23.521283299999936 ], [ -45.240655799999956, -23.520971 ], [ -45.240385899999978, -23.520781299999953 ], [ -45.240142799999944, -23.520890699999939 ], [ -45.239964699999973, -23.521078499999931 ], [ -45.239768399999946, -23.52117839999994 ], [ -45.239614, -23.521160699999939 ], [ -45.239396099999965, -23.521097599999962 ], [ -45.239143699999943, -23.520999699999948 ], [ -45.238901899999973, -23.520896299999947 ], [ -45.238692499999956, -23.520858899999951 ], [ -45.238497499999937, -23.52085059999996 ], [ -45.238294, -23.520931499999961 ], [ -45.238072, -23.521047199999941 ], [ -45.237928699999941, -23.521295299999963 ], [ -45.237812599999984, -23.521523099999968 ], [ -45.237651099999937, -23.521707799999945 ], [ -45.237334699999963, -23.521739499999967 ], [ -45.237076399999978, -23.521607 ], [ -45.236887899999942, -23.521358299999974 ], [ -45.236723199999972, -23.521149899999955 ], [ -45.236460799999975, -23.520939899999973 ], [ -45.236145799999974, -23.520834399999956 ], [ -45.235902499999952, -23.520717199999979 ], [ -45.235734199999968, -23.520581499999935 ], [ -45.23561049999995, -23.520485 ], [ -45.235428699999943, -23.520421699999929 ], [ -45.235238399999957, -23.520347399999935 ], [ -45.235124799999937, -23.520278399999938 ], [ -45.234998399999938, -23.520096299999977 ], [ -45.234874499999933, -23.51991049999998 ], [ -45.234725399999945, -23.519733299999928 ], [ -45.23447989999994, -23.51964479999998 ], [ -45.234298299999978, -23.519589899999971 ], [ -45.234095299999979, -23.519518 ], [ -45.233913799999982, -23.519442799999979 ], [ -45.233788899999979, -23.519234599999947 ], [ -45.233606899999984, -23.518798799999956 ], [ -45.233512599999983, -23.518442 ], [ -45.23329659999996, -23.518092199999955 ], [ -45.233096299999943, -23.517790899999966 ], [ -45.232957499999941, -23.517501399999958 ], [ -45.232946399999946, -23.517211699999962 ], [ -45.232760399999961, -23.517070499999932 ], [ -45.232592, -23.517154099999971 ], [ -45.232424599999945, -23.51726119999995 ], [ -45.232363599999985, -23.517328299999974 ], [ -45.232268499999975, -23.517317599999956 ], [ -45.232027799999969, -23.517657499999927 ], [ -45.231916099999978, -23.517817099999945 ], [ -45.231836599999951, -23.517892 ], [ -45.23177, -23.51796289999993 ], [ -45.231704499999978, -23.517992399999969 ], [ -45.231614499999978, -23.518033 ], [ -45.231375899999932, -23.517921299999955 ], [ -45.231205799999941, -23.517721499999936 ], [ -45.231068199999982, -23.517473399999972 ], [ -45.230967799999974, -23.517292199999929 ], [ -45.230852099999936, -23.517083499999956 ], [ -45.230729399999973, -23.517018399999927 ], [ -45.230605899999944, -23.517034799999976 ], [ -45.230495, -23.51705359999994 ], [ -45.230363399999931, -23.517074199999968 ], [ -45.230238699999973, -23.517051199999969 ], [ -45.230110299999978, -23.516985199999965 ], [ -45.229920399999969, -23.516908299999955 ], [ -45.229682199999957, -23.516821099999959 ], [ -45.229418099999975, -23.516788599999927 ], [ -45.229180699999972, -23.516781699999967 ], [ -45.228916199999958, -23.516758299999935 ], [ -45.228612399999975, -23.516764099999932 ], [ -45.228533699999957, -23.516931 ], [ -45.228603299999975, -23.517064699999935 ], [ -45.228646, -23.51721109999994 ], [ -45.228691699999956, -23.517409799999939 ], [ -45.228737099999933, -23.51767 ], [ -45.228770399999974, -23.517861299999936 ], [ -45.228826699999956, -23.518184099999928 ], [ -45.228831199999945, -23.518311499999982 ], [ -45.228843599999948, -23.518718199999967 ], [ -45.22890689999997, -23.519100099999946 ], [ -45.228899799999965, -23.519450599999971 ], [ -45.228837299999952, -23.519637299999943 ], [ -45.228839099999959, -23.519843799999933 ] ] ] } },
{ "type": "Feature", "properties": { "id": "3555406051", "cd_bairro": "3555406051", "bairro": "Sertão do Meio", "cd_mun": "3555406", "municipio": "Ubatuba", "cd_dist": "355540605", "distrito": "Ubatuba" }, "geometry": { "type": "Polygon", "coordinates": [ [ [ -45.243311399999982, -23.523063899999954 ], [ -45.244420899999966, -23.522334899999976 ], [ -45.244444899999962, -23.522299699999962 ], [ -45.244744399999945, -23.521781099999941 ], [ -45.244841699999938, -23.52163239999993 ], [ -45.246007799999973, -23.520543399999951 ], [ -45.247511799999984, -23.519276399999967 ], [ -45.248022899999967, -23.51893819999998 ], [ -45.248920699999985, -23.518400199999974 ], [ -45.24961, -23.517848599999979 ], [ -45.249021899999946, -23.518171199999983 ], [ -45.248772, -23.518221 ], [ -45.248549499999967, -23.518263899999965 ], [ -45.24834809999993, -23.518162299999972 ], [ -45.248199399999976, -23.517920599999968 ], [ -45.248242499999947, -23.517658299999937 ], [ -45.248457099999939, -23.517331799999965 ], [ -45.248531, -23.517112199999929 ], [ -45.248585699999978, -23.516818099999966 ], [ -45.248723799999937, -23.516519399999936 ], [ -45.249069199999951, -23.516094599999974 ], [ -45.24930269999993, -23.515847699999938 ], [ -45.249421, -23.515533699999935 ], [ -45.249473699999953, -23.515100199999949 ], [ -45.24936219999995, -23.514869 ], [ -45.249124399999971, -23.515058499999952 ], [ -45.248873499999945, -23.515296899999953 ], [ -45.248610599999949, -23.515384299999937 ], [ -45.2483, -23.515527099999929 ], [ -45.248111499999936, -23.515692099999967 ], [ -45.247969099999978, -23.515904899999953 ], [ -45.247793599999966, -23.516091299999971 ], [ -45.247567499999946, -23.516149799999937 ], [ -45.247332, -23.516073099999971 ], [ -45.247180199999946, -23.515971399999955 ], [ -45.247028799999953, -23.515919099999962 ], [ -45.246919099999957, -23.515777799999967 ], [ -45.246794199999954, -23.515650299999947 ], [ -45.246602099999961, -23.515577499999949 ], [ -45.246471099999951, -23.515463299999965 ], [ -45.246379399999967, -23.515379799999948 ], [ -45.246349399999986, -23.515176099999962 ], [ -45.246402399999965, -23.51492449999995 ], [ -45.246440099999973, -23.514717499999961 ], [ -45.246489099999962, -23.514498 ], [ -45.246566899999948, -23.514258699999971 ], [ -45.24667089999997, -23.514047 ], [ -45.246691599999963, -23.513843099999974 ], [ -45.246731599999976, -23.513646 ], [ -45.24688059999994, -23.513401299999941 ], [ -45.246943299999941, -23.513215099999968 ], [ -45.247036199999968, -23.513029199999949 ], [ -45.247060899999951, -23.512851699999942 ], [ -45.247102599999948, -23.512624399999936 ], [ -45.247129699999959, -23.512292699999932 ], [ -45.247091799999964, -23.51210459999993 ], [ -45.247174199999961, -23.511795399999983 ], [ -45.247272199999941, -23.511534299999937 ], [ -45.247346299999947, -23.51125989999997 ], [ -45.247366, -23.510992499999929 ], [ -45.247323, -23.510806399999979 ], [ -45.24714819999997, -23.510791299999937 ], [ -45.246977, -23.510882699999968 ], [ -45.24678369999998, -23.511036399999966 ], [ -45.24656669999996, -23.511140299999965 ], [ -45.246319799999981, -23.511417399999971 ], [ -45.24613839999995, -23.511591299999964 ], [ -45.245962099999986, -23.511703199999943 ], [ -45.245806499999958, -23.511874499999976 ], [ -45.245653799999957, -23.512069299999951 ], [ -45.24548939999994, -23.512250399999971 ], [ -45.245349699999963, -23.512496 ], [ -45.245199399999933, -23.512754599999937 ], [ -45.245049799999947, -23.512987299999963 ], [ -45.244834, -23.513074 ], [ -45.244533599999954, -23.513130199999978 ], [ -45.244307799999945, -23.51297859999994 ], [ -45.244031, -23.51279059999996 ], [ -45.243749299999934, -23.512538099999972 ], [ -45.243543299999942, -23.512320399999965 ], [ -45.243336199999931, -23.512105299999973 ], [ -45.243162, -23.511866399999974 ], [ -45.243005399999959, -23.511633899999936 ], [ -45.242824399999961, -23.511403899999948 ], [ -45.242644699999971, -23.511120699999935 ], [ -45.242481099999964, -23.510933 ], [ -45.242290199999957, -23.510768 ], [ -45.242101499999933, -23.510632799999939 ], [ -45.24191, -23.510495699999979 ], [ -45.241767399999958, -23.510633799999937 ], [ -45.241729, -23.510893499999952 ], [ -45.241724399999953, -23.511213099999964 ], [ -45.241612299999986, -23.511360199999956 ], [ -45.241432699999962, -23.511453699999947 ], [ -45.241222799999946, -23.511429899999939 ], [ -45.241010599999981, -23.511368 ], [ -45.240796099999955, -23.511372699999981 ], [ -45.240665399999955, -23.511521799999969 ], [ -45.240367699999979, -23.51163159999993 ], [ -45.24024309999993, -23.511643599999957 ], [ -45.240203199999939, -23.511647499999981 ], [ -45.240153299999974, -23.511652399999946 ], [ -45.240083599999934, -23.511659099999974 ], [ -45.240125899999953, -23.511889399999973 ], [ -45.24015449999996, -23.512051499999927 ], [ -45.240223899999933, -23.512241599999982 ], [ -45.240227699999934, -23.512381 ], [ -45.240274399999976, -23.512547799999936 ], [ -45.240317199999936, -23.512734199999954 ], [ -45.240354399999944, -23.512963 ], [ -45.240362, -23.513173699999982 ], [ -45.240363, -23.513436599999977 ], [ -45.240383099999974, -23.513723299999981 ], [ -45.240382599999975, -23.513991799999928 ], [ -45.240405299999964, -23.514266099999929 ], [ -45.240490099999931, -23.514543199999935 ], [ -45.240615299999945, -23.5149 ], [ -45.240768699999933, -23.515173599999969 ], [ -45.240888599999948, -23.515415899999937 ], [ -45.240857199999937, -23.515667299999961 ], [ -45.240847099999939, -23.515882799999929 ], [ -45.24089, -23.516085099999941 ], [ -45.241015299999958, -23.516208399999982 ], [ -45.241172699999936, -23.516349699999978 ], [ -45.241252899999949, -23.516568599999971 ], [ -45.241252, -23.516787199999953 ], [ -45.24127569999996, -23.51692689999993 ], [ -45.241302299999973, -23.517116499999929 ], [ -45.241379499999937, -23.517358499999943 ], [ -45.241453499999977, -23.517586199999982 ], [ -45.241493199999979, -23.517808299999956 ], [ -45.241471299999944, -23.518084899999963 ], [ -45.241461299999969, -23.518348899999978 ], [ -45.241588899999954, -23.518641799999955 ], [ -45.241752, -23.518909399999927 ], [ -45.241856, -23.519184399999972 ], [ -45.241809899999964, -23.519380599999977 ], [ -45.24174869999996, -23.519630699999936 ], [ -45.241688699999941, -23.519872599999928 ], [ -45.24160859999995, -23.52009709999993 ], [ -45.241658, -23.52030689999998 ], [ -45.241806899999972, -23.520478599999933 ], [ -45.242005899999981, -23.520554299999958 ], [ -45.242238099999952, -23.520642599999974 ], [ -45.242558699999961, -23.52076459999995 ], [ -45.242751799999951, -23.520897799999943 ], [ -45.242989, -23.521011199999975 ], [ -45.243199499999946, -23.52124079999993 ], [ -45.243264899999986, -23.521475599999974 ], [ -45.243294399999968, -23.521723899999927 ], [ -45.243302399999948, -23.522096899999951 ], [ -45.243235199999958, -23.522480399999949 ], [ -45.243252299999938, -23.522797299999979 ], [ -45.243311399999982, -23.523063899999954 ] ] ] } },
{ "type": "Feature", "properties": { "id": "3555406052", "cd_bairro": "3555406052", "bairro": "Maranduba", "cd_mun": "3555406", "municipio": "Ubatuba", "cd_dist": "355540605", "distrito": "Ubatuba" }, "geometry": { "type": "Polygon", "coordinates": [ [ [ -45.238748199999975, -23.547204 ], [ -45.239515899999958, -23.547364899999934 ], [ -45.241621299999963, -23.547808599999939 ], [ -45.24200929999995, -23.547890299999949 ], [ -45.242051199999935, -23.547899 ], [ -45.242025099999978, -23.547847499999932 ], [ -45.242136599999981, -23.54734069999995 ], [ -45.241456099999937, -23.545793099999969 ], [ -45.241544199999964, -23.545031699999981 ], [ -45.240344899999968, -23.542390499999954 ], [ -45.243951299999935, -23.540116399999931 ], [ -45.244687499999941, -23.53932489999994 ], [ -45.244154399999957, -23.539008599999931 ], [ -45.243268, -23.538458799999944 ], [ -45.242862199999934, -23.538020399999937 ], [ -45.242833599999983, -23.537988699999971 ], [ -45.242408399999931, -23.53773979999994 ], [ -45.237041099999942, -23.532493 ], [ -45.236073, -23.532726899999943 ], [ -45.235478899999976, -23.532563 ], [ -45.234945499999981, -23.532312399999967 ], [ -45.234488699999986, -23.532194199999935 ], [ -45.234044899999958, -23.532201099999952 ], [ -45.233858199999986, -23.532211099999927 ], [ -45.23356739999997, -23.532373899999982 ], [ -45.23349909999996, -23.532551399999932 ], [ -45.233615199999974, -23.532838199999958 ], [ -45.233533299999976, -23.533002099999976 ], [ -45.233178199999941, -23.533070399999929 ], [ -45.23283669999995, -23.532927 ], [ -45.232454299999972, -23.533104499999979 ], [ -45.232331399999964, -23.533405 ], [ -45.232734299999947, -23.533766899999932 ], [ -45.23283669999995, -23.534026399999959 ], [ -45.23254309999993, -23.534074199999964 ], [ -45.232126599999958, -23.533944399999939 ], [ -45.232071899999937, -23.534285899999929 ], [ -45.232249499999966, -23.534586299999944 ], [ -45.231762099999969, -23.534802199999945 ], [ -45.231165499999975, -23.535172499999931 ], [ -45.230198499999972, -23.53571089999997 ], [ -45.229898299999945, -23.53582229999995 ], [ -45.229592899999943, -23.535919399999955 ], [ -45.228437499999984, -23.536283199999957 ], [ -45.228133499999956, -23.536379099999976 ], [ -45.228022199999941, -23.536062499999957 ], [ -45.227936099999965, -23.536073199999976 ], [ -45.227574799999957, -23.536299099999951 ], [ -45.227217699999983, -23.536630499999944 ], [ -45.22749349999998, -23.537126299999954 ], [ -45.227756599999964, -23.53786539999993 ], [ -45.228011899999956, -23.53855509999994 ], [ -45.228149499999972, -23.539167599999928 ], [ -45.228335199999947, -23.53991579999996 ], [ -45.22848579999993, -23.540481 ], [ -45.228719099999978, -23.541370899999947 ], [ -45.228862799999945, -23.541797899999949 ], [ -45.228985299999977, -23.542375199999981 ], [ -45.229190399999936, -23.543443799999977 ], [ -45.229360299999939, -23.54421229999997 ], [ -45.229553599999974, -23.544732799999963 ], [ -45.22977039999995, -23.545167599999957 ], [ -45.229908899999941, -23.545446099999936 ], [ -45.230077899999969, -23.545871699999964 ], [ -45.23045929999995, -23.546721299999945 ], [ -45.230614799999955, -23.547582099999943 ], [ -45.230635099999972, -23.548087599999974 ], [ -45.230584799999974, -23.548653599999966 ], [ -45.230462699999975, -23.549194299999954 ], [ -45.230337299999974, -23.549706399999934 ], [ -45.23026, -23.550145699999973 ], [ -45.230203099999983, -23.550337499999955 ], [ -45.229980399999931, -23.550694699999951 ], [ -45.229826299999957, -23.550934 ], [ -45.229654599999947, -23.551068799999939 ], [ -45.229555499999947, -23.551138199999968 ], [ -45.229467399999976, -23.55114169999996 ], [ -45.229261299999962, -23.551112299999943 ], [ -45.229004799999984, -23.551224699999977 ], [ -45.228843599999948, -23.551381299999946 ], [ -45.228713, -23.551510699999938 ], [ -45.228555599999936, -23.551612499999976 ], [ -45.228405199999941, -23.551653599999952 ], [ -45.228169499999979, -23.551773599999933 ], [ -45.227923299999929, -23.551797 ], [ -45.227707799999962, -23.551661399999944 ], [ -45.227519099999938, -23.55153729999995 ], [ -45.227386599999932, -23.551571399999943 ], [ -45.227171299999952, -23.551506199999949 ], [ -45.227016899999967, -23.551360699999975 ], [ -45.226792099999955, -23.551271799999938 ], [ -45.226564899999971, -23.551148699999942 ], [ -45.226271199999985, -23.551125299999967 ], [ -45.225862599999971, -23.551154099999962 ], [ -45.225599399999965, -23.551203799999939 ], [ -45.225393699999984, -23.551237899999933 ], [ -45.225215499999933, -23.551297699999964 ], [ -45.224871599999972, -23.551398199999937 ], [ -45.224555699999939, -23.551488599999971 ], [ -45.224500499999976, -23.551564299999939 ], [ -45.224441699999943, -23.551578799999959 ], [ -45.224301799999978, -23.551519399999961 ], [ -45.224175899999977, -23.551460799999973 ], [ -45.223902899999985, -23.551431899999955 ], [ -45.223794799999951, -23.55144759999996 ], [ -45.223716399999944, -23.551505499999962 ], [ -45.223723799999959, -23.551609799999937 ], [ -45.223662799999943, -23.551741899999968 ], [ -45.223601199999962, -23.551762499999938 ], [ -45.223446799999977, -23.551742899999965 ], [ -45.22334369999993, -23.551675099999954 ], [ -45.223192299999937, -23.551712599999973 ], [ -45.223147399999959, -23.551640599999928 ], [ -45.223087599999985, -23.55152529999998 ], [ -45.222829, -23.551470499999937 ], [ -45.222628799999939, -23.551620199999945 ], [ -45.222661899999935, -23.551855399999965 ], [ -45.222684799999968, -23.551966299999947 ], [ -45.222514199999978, -23.552294499999959 ], [ -45.223542299999963, -23.552785699999959 ], [ -45.223605, -23.552807399999949 ], [ -45.223572399999966, -23.552814699999942 ], [ -45.223479899999973, -23.552866699999981 ], [ -45.223377899999946, -23.552951699999937 ], [ -45.22329869999993, -23.553051799999935 ], [ -45.223222699999951, -23.553227399999969 ], [ -45.22315279999998, -23.55347009999997 ], [ -45.223125399999958, -23.553578799999968 ], [ -45.223054, -23.553734 ], [ -45.223181099999977, -23.553777199999956 ], [ -45.223266299999977, -23.553799399999946 ], [ -45.223351199999968, -23.553790599999957 ], [ -45.223446899999942, -23.553772899999956 ], [ -45.22360539999994, -23.553769899999963 ], [ -45.223742399999935, -23.553778899999941 ], [ -45.224017499999945, -23.553855899999974 ], [ -45.224201699999981, -23.553926499999932 ], [ -45.224434599999938, -23.554027499999961 ], [ -45.224572399999943, -23.554124699999932 ], [ -45.224626499999943, -23.55419059999997 ], [ -45.22466019999996, -23.554265799999939 ], [ -45.224756699999944, -23.554326399999979 ], [ -45.224926099999948, -23.55438 ], [ -45.225209799999959, -23.554464699999983 ], [ -45.225854099999935, -23.555366899999967 ], [ -45.226507599999934, -23.555889099999945 ], [ -45.226716099999976, -23.556055499999957 ], [ -45.226908099999946, -23.556237 ], [ -45.227038599999958, -23.556427699999972 ], [ -45.227090799999985, -23.556556599999965 ], [ -45.227092699999957, -23.556570199999953 ], [ -45.227103299999953, -23.556648199999927 ], [ -45.227102199999933, -23.556722599999944 ], [ -45.227112499999976, -23.556840299999976 ], [ -45.227149399999973, -23.556933399999934 ], [ -45.227224899999953, -23.557018099999937 ], [ -45.22731349999998, -23.557121 ], [ -45.22741579999996, -23.557232299999953 ], [ -45.227481799999964, -23.55739479999994 ], [ -45.22750149999996, -23.557532899999956 ], [ -45.227485599999966, -23.557642099999953 ], [ -45.22748329999996, -23.557751799999949 ], [ -45.227540699999963, -23.557823699999972 ], [ -45.227613899999938, -23.557915499999979 ], [ -45.227742299999932, -23.557964499999969 ], [ -45.227821499999948, -23.558052699999962 ], [ -45.227786299999934, -23.558170399999938 ], [ -45.227763399999958, -23.558306799999968 ], [ -45.227868299999955, -23.558438099999933 ], [ -45.227969199999961, -23.558606299999951 ], [ -45.228007, -23.558697299999949 ], [ -45.228107499999965, -23.558660699999962 ], [ -45.228487099999938, -23.558380199999931 ], [ -45.228750799999943, -23.55821549999996 ], [ -45.229414899999938, -23.558201799999949 ], [ -45.229822799999965, -23.558388099999945 ], [ -45.23014749999993, -23.558724199999972 ], [ -45.230637199999933, -23.559003799999971 ], [ -45.231143199999963, -23.559157399999947 ], [ -45.231787699999984, -23.559311799999932 ], [ -45.232346, -23.559223699999961 ], [ -45.232883899999933, -23.558860899999956 ], [ -45.232965099999944, -23.558588399999962 ], [ -45.23302, -23.558424899999977 ], [ -45.23431469999997, -23.558103699999947 ], [ -45.235212, -23.557864799999948 ], [ -45.235378099999934, -23.557493299999976 ], [ -45.235584199999948, -23.55701659999994 ], [ -45.236055399999941, -23.557086499999969 ], [ -45.236678199999972, -23.557266599999934 ], [ -45.236586699999975, -23.556543 ], [ -45.236887699999954, -23.556205499999976 ], [ -45.236835, -23.555683299999941 ], [ -45.236834699999974, -23.555680499999937 ], [ -45.236737099999971, -23.555262499999969 ], [ -45.236625699999934, -23.554939499999932 ], [ -45.236514299999953, -23.55456879999997 ], [ -45.236391699999956, -23.554223499999978 ], [ -45.236333899999977, -23.553837599999952 ], [ -45.236268099999961, -23.553419299999973 ], [ -45.236145599999929, -23.553185399999961 ], [ -45.23607869999995, -23.55302949999998 ], [ -45.235755799999936, -23.552344699999935 ], [ -45.236093199999971, -23.552403599999934 ], [ -45.236399799999958, -23.552262799999937 ], [ -45.236610599999949, -23.552292 ], [ -45.236885699999959, -23.552235799999949 ], [ -45.236994299999935, -23.551981299999966 ], [ -45.237021899999945, -23.551709399999936 ], [ -45.237021299999981, -23.551356599999963 ], [ -45.23708929999998, -23.551015599999971 ], [ -45.237127, -23.550695499999961 ], [ -45.237333499999977, -23.550582499999962 ], [ -45.237522199999944, -23.550508699999966 ], [ -45.237706399999979, -23.550486799999931 ], [ -45.237878299999977, -23.550518599999975 ], [ -45.238048, -23.550550099999953 ], [ -45.238508199999956, -23.550617099999954 ], [ -45.238748199999975, -23.547204 ] ] ] } },
{ "type": "Feature", "properties": { "id": "3555406053", "cd_bairro": "3555406053", "bairro": "Sertão da Quina", "cd_mun": "3555406", "municipio": "Ubatuba", "cd_dist": "355540605", "distrito": "Ubatuba" }, "geometry": { "type": "Polygon", "coordinates": [ [ [ -45.246450899999957, -23.535713 ], [ -45.24695509999998, -23.535562499999969 ], [ -45.247633, -23.53536 ], [ -45.248361599999953, -23.535142499999949 ], [ -45.248747799999933, -23.535027199999945 ], [ -45.249918899999955, -23.53467779999994 ], [ -45.25027149999994, -23.534616299999982 ], [ -45.250950899999964, -23.534250799999938 ], [ -45.251568799999973, -23.533814 ], [ -45.25166749999994, -23.533790599999975 ], [ -45.251714099999958, -23.533797599999957 ], [ -45.25175239999993, -23.533814 ], [ -45.251821499999949, -23.533865699999978 ], [ -45.251944099999946, -23.533887399999969 ], [ -45.252075699999978, -23.533888399999967 ], [ -45.252250499999946, -23.533851 ], [ -45.252442, -23.533821099999955 ], [ -45.252817799999946, -23.533827899999949 ], [ -45.252881799999955, -23.533829 ], [ -45.253156199999978, -23.533863899999972 ], [ -45.253265799999951, -23.533894799999928 ], [ -45.253350399999931, -23.533956199999977 ], [ -45.253459, -23.534111 ], [ -45.25362, -23.534242399999982 ], [ -45.253843299999971, -23.534318299999939 ], [ -45.253970799999934, -23.534330099999977 ], [ -45.254170399999964, -23.534352899999931 ], [ -45.254358199999956, -23.534401899999978 ], [ -45.254490299999929, -23.534457599999939 ], [ -45.254641, -23.534563599999956 ], [ -45.255271499999935, -23.535103099999958 ], [ -45.255426, -23.535252199999945 ], [ -45.255601699999943, -23.535424299999931 ], [ -45.255722299999945, -23.53571519999997 ], [ -45.256109399999957, -23.536490299999969 ], [ -45.257091899999978, -23.535505799999953 ], [ -45.257405, -23.534954099999936 ], [ -45.257720599999971, -23.534692199999938 ], [ -45.258001699999966, -23.534209199999964 ], [ -45.257956, -23.533685299999945 ], [ -45.257596, -23.533347299999946 ], [ -45.257252699999981, -23.53309889999997 ], [ -45.257098799999937, -23.532871 ], [ -45.257021099999974, -23.53250879999996 ], [ -45.256894799999941, -23.532212299999969 ], [ -45.256592099999978, -23.531978199999969 ], [ -45.256213699999932, -23.531813099999965 ], [ -45.256032299999958, -23.531618599999945 ], [ -45.256011899999976, -23.531353 ], [ -45.25623429999996, -23.531201499999952 ], [ -45.256627599999945, -23.531155699999942 ], [ -45.256881499999963, -23.53120789999997 ], [ -45.257209699999976, -23.531316599999968 ], [ -45.257707099999948, -23.531458599999951 ], [ -45.25801869999998, -23.531585399999983 ], [ -45.258341899999948, -23.531638499999929 ], [ -45.258691899999974, -23.53156789999997 ], [ -45.258792599999936, -23.531285699999955 ], [ -45.258642699999939, -23.531090499999948 ], [ -45.258454899999947, -23.530874799999935 ], [ -45.258480299999974, -23.530619199999933 ], [ -45.258776199999943, -23.530349799999954 ], [ -45.25920009999993, -23.530055599999969 ], [ -45.259622099999945, -23.529664499999967 ], [ -45.259859199999937, -23.529461099999935 ], [ -45.260026299999936, -23.529216 ], [ -45.260181599999953, -23.528960799999936 ], [ -45.26029269999998, -23.528706099999965 ], [ -45.260321499999975, -23.528451699999948 ], [ -45.260113799999942, -23.528372099999956 ], [ -45.259963199999959, -23.528291199999956 ], [ -45.259924199999944, -23.528270199999952 ], [ -45.259800799999937, -23.528333399999951 ], [ -45.259469, -23.528503199999932 ], [ -45.259236899999962, -23.528658599999972 ], [ -45.258978199999945, -23.528780099999949 ], [ -45.258664199999942, -23.528909799999951 ], [ -45.258413399999938, -23.529032199999961 ], [ -45.258131099999957, -23.529105899999934 ], [ -45.257817799999941, -23.529077599999937 ], [ -45.257625099999984, -23.52894219999996 ], [ -45.257598199999961, -23.528647099999944 ], [ -45.257704299999943, -23.528286599999944 ], [ -45.257846399999949, -23.527929299999983 ], [ -45.257881699999984, -23.527692599999966 ], [ -45.257780699999955, -23.527384499999982 ], [ -45.257504, -23.52740289999997 ], [ -45.257270699999935, -23.527433499999972 ], [ -45.257088, -23.52757459999998 ], [ -45.256924899999945, -23.527694799999949 ], [ -45.256662899999981, -23.527825 ], [ -45.256472499999973, -23.527901899999961 ], [ -45.256196199999977, -23.528026699999941 ], [ -45.255930099999944, -23.528129899999954 ], [ -45.255669499999954, -23.528213699999981 ], [ -45.255483099999935, -23.528219899999954 ], [ -45.255213699999956, -23.52819919999996 ], [ -45.254943, -23.528191499999934 ], [ -45.254695499999968, -23.528176 ], [ -45.254552399999966, -23.528087299999981 ], [ -45.254309, -23.527938799999959 ], [ -45.254068899999936, -23.527827899999977 ], [ -45.253821899999934, -23.527720899999963 ], [ -45.25360059999997, -23.527708 ], [ -45.253393499999959, -23.527651699999979 ], [ -45.253176499999938, -23.527703499999973 ], [ -45.253048499999977, -23.527558599999963 ], [ -45.253137199999969, -23.527289599999961 ], [ -45.253318499999978, -23.527088 ], [ -45.253560199999981, -23.526906899999972 ], [ -45.253649899999971, -23.526685399999963 ], [ -45.253687799999966, -23.526535 ], [ -45.253790899999956, -23.526290699999947 ], [ -45.25388659999993, -23.526137 ], [ -45.254132199999958, -23.526116499999944 ], [ -45.254251799999963, -23.526276699999983 ], [ -45.254398, -23.526511599999935 ], [ -45.254534499999977, -23.526705 ], [ -45.254670699999963, -23.526816699999983 ], [ -45.254913599999952, -23.526911199999972 ], [ -45.255174899999986, -23.526924099999974 ], [ -45.255518, -23.526782099999934 ], [ -45.255738799999961, -23.526494599999978 ], [ -45.255800399999941, -23.526229599999965 ], [ -45.255823799999973, -23.52595679999996 ], [ -45.255737499999952, -23.525640399999929 ], [ -45.25558, -23.525366899999938 ], [ -45.255406599999958, -23.525161899999944 ], [ -45.255035799999973, -23.524901299999954 ], [ -45.254621799999939, -23.524758799999972 ], [ -45.254197899999951, -23.524635299999943 ], [ -45.253823099999977, -23.524442599999929 ], [ -45.253637499999968, -23.524194199999954 ], [ -45.253522099999941, -23.523931299999958 ], [ -45.25352909999998, -23.523693199999968 ], [ -45.253524699999957, -23.523457 ], [ -45.253397599999971, -23.523200299999928 ], [ -45.25324889999996, -23.523147 ], [ -45.253000899999961, -23.523247499999968 ], [ -45.252665599999943, -23.523314 ], [ -45.252299, -23.52332169999994 ], [ -45.251973799999973, -23.523207599999978 ], [ -45.251718599999947, -23.523081799999943 ], [ -45.251547, -23.522940199999937 ], [ -45.251371099999972, -23.522727499999974 ], [ -45.251268, -23.522446599999967 ], [ -45.251188499999955, -23.522186099999942 ], [ -45.251179499999978, -23.521915 ], [ -45.251088599999946, -23.521700899999928 ], [ -45.250976, -23.521547299999952 ], [ -45.250820499999975, -23.521398699999963 ], [ -45.250741099999971, -23.521217499999977 ], [ -45.250823, -23.52099579999998 ], [ -45.250901099999965, -23.520780199999933 ], [ -45.250748499999986, -23.520621899999981 ], [ -45.250498299999947, -23.520598699999937 ], [ -45.25027979999993, -23.520401399999969 ], [ -45.250080499999967, -23.520280399999933 ], [ -45.24981889999998, -23.520163399999944 ], [ -45.24977309999997, -23.519927099999961 ], [ -45.249940899999956, -23.519741 ], [ -45.25016439999996, -23.519723399999975 ], [ -45.250421199999948, -23.519618299999934 ], [ -45.250722499999938, -23.519567 ], [ -45.250968399999977, -23.519384299999956 ], [ -45.250795799999935, -23.51917549999996 ], [ -45.250604099999975, -23.519054799999935 ], [ -45.250360799999953, -23.518816199999947 ], [ -45.25008349999996, -23.518636499999957 ], [ -45.249834699999951, -23.518453299999976 ], [ -45.2497, -23.518237499999941 ], [ -45.249715599999945, -23.518092199999955 ], [ -45.249675199999956, -23.517934399999945 ], [ -45.24961, -23.517848599999979 ], [ -45.248920699999985, -23.518400199999974 ], [ -45.248022899999967, -23.51893819999998 ], [ -45.247511799999984, -23.519276399999967 ], [ -45.246007799999973, -23.520543399999951 ], [ -45.244841699999938, -23.52163239999993 ], [ -45.244744399999945, -23.521781099999941 ], [ -45.244444899999962, -23.522299699999962 ], [ -45.244420899999966, -23.522334899999976 ], [ -45.243311399999982, -23.523063899999954 ], [ -45.243310099999974, -23.523409399999935 ], [ -45.243163199999969, -23.523810099999935 ], [ -45.242994099999976, -23.524267799999961 ], [ -45.242186599999968, -23.526441499999976 ], [ -45.242174699999964, -23.526473299999964 ], [ -45.240102099999945, -23.528847299999939 ], [ -45.238730299999986, -23.530057699999929 ], [ -45.237292899999943, -23.531959099999938 ], [ -45.237073799999962, -23.532183199999963 ], [ -45.237034599999959, -23.532222799999943 ], [ -45.237041099999942, -23.532493 ], [ -45.242408399999931, -23.53773979999994 ], [ -45.242833599999983, -23.537988699999971 ], [ -45.242979199999979, -23.537811199999965 ], [ -45.243107299999963, -23.537688599999967 ], [ -45.24340019999994, -23.537408199999959 ], [ -45.244306699999981, -23.536705499999982 ], [ -45.244572299999959, -23.536511399999938 ], [ -45.245027499999935, -23.536178899999982 ], [ -45.245454499999937, -23.536030099999948 ], [ -45.246450899999957, -23.535713 ] ] ] } },
{ "type": "Feature", "properties": { "id": "3555406054", "cd_bairro": "3555406054", "bairro": "Sertão do Arariba", "cd_mun": "3555406", "municipio": "Ubatuba", "cd_dist": "355540605", "distrito": "Ubatuba" }, "geometry": { "type": "Polygon", "coordinates": [ [ [ -45.255426, -23.535252199999945 ], [ -45.255271499999935, -23.535103099999958 ], [ -45.254641, -23.534563599999956 ], [ -45.254490299999929, -23.534457599999939 ], [ -45.254358199999956, -23.534401899999978 ], [ -45.254170399999964, -23.534352899999931 ], [ -45.253970799999934, -23.534330099999977 ], [ -45.253843299999971, -23.534318299999939 ], [ -45.25362, -23.534242399999982 ], [ -45.253459, -23.534111 ], [ -45.253350399999931, -23.533956199999977 ], [ -45.253265799999951, -23.533894799999928 ], [ -45.253156199999978, -23.533863899999972 ], [ -45.252881799999955, -23.533829 ], [ -45.252817799999946, -23.533827899999949 ], [ -45.252442, -23.533821099999955 ], [ -45.252250499999946, -23.533851 ], [ -45.252075699999978, -23.533888399999967 ], [ -45.251944099999946, -23.533887399999969 ], [ -45.251821499999949, -23.533865699999978 ], [ -45.25175239999993, -23.533814 ], [ -45.251714099999958, -23.533797599999957 ], [ -45.25166749999994, -23.533790599999975 ], [ -45.251568799999973, -23.533814 ], [ -45.250950899999964, -23.534250799999938 ], [ -45.25027149999994, -23.534616299999982 ], [ -45.249918899999955, -23.53467779999994 ], [ -45.248747799999933, -23.535027199999945 ], [ -45.248361599999953, -23.535142499999949 ], [ -45.247633, -23.53536 ], [ -45.24695509999998, -23.535562499999969 ], [ -45.246450899999957, -23.535713 ], [ -45.245454499999937, -23.536030099999948 ], [ -45.245027499999935, -23.536178899999982 ], [ -45.244572299999959, -23.536511399999938 ], [ -45.244306699999981, -23.536705499999982 ], [ -45.24340019999994, -23.537408199999959 ], [ -45.243107299999963, -23.537688599999967 ], [ -45.242979199999979, -23.537811199999965 ], [ -45.242833599999983, -23.537988699999971 ], [ -45.242862199999934, -23.538020399999937 ], [ -45.243268, -23.538458799999944 ], [ -45.244154399999957, -23.539008599999931 ], [ -45.244687499999941, -23.53932489999994 ], [ -45.245762899999932, -23.539963 ], [ -45.247919799999977, -23.541209499999979 ], [ -45.250679899999966, -23.542847399999971 ], [ -45.255482099999938, -23.545697 ], [ -45.260423399999979, -23.548944199999937 ], [ -45.263437199999942, -23.55110609999997 ], [ -45.263253599999985, -23.550798499999928 ], [ -45.263285099999962, -23.550385499999948 ], [ -45.263452099999938, -23.550190599999951 ], [ -45.264192299999934, -23.549773099999982 ], [ -45.264332899999943, -23.549518499999976 ], [ -45.264303599999948, -23.549177399999962 ], [ -45.264163899999971, -23.548917899999935 ], [ -45.263588899999945, -23.54824 ], [ -45.263587499999971, -23.547907599999974 ], [ -45.263837399999943, -23.547587399999941 ], [ -45.264446699999951, -23.547234299999957 ], [ -45.265246099999956, -23.545470199999954 ], [ -45.265838899999949, -23.544597599999975 ], [ -45.265723, -23.544483399999933 ], [ -45.265512399999977, -23.544389399999943 ], [ -45.265052899999944, -23.544527399999936 ], [ -45.264434699999981, -23.544902299999933 ], [ -45.263712799999951, -23.545290399999942 ], [ -45.263323, -23.545558399999948 ], [ -45.262435499999981, -23.545701399999928 ], [ -45.262020699999937, -23.545847899999956 ], [ -45.261804199999972, -23.545897299999979 ], [ -45.261435799999958, -23.54595919999997 ], [ -45.261069099999986, -23.545750899999973 ], [ -45.260899499999937, -23.54518969999998 ], [ -45.260877599999958, -23.544897299999946 ], [ -45.260790199999974, -23.54457009999993 ], [ -45.260621799999967, -23.544273499999974 ], [ -45.260550399999943, -23.544004499999971 ], [ -45.260594499999968, -23.543755799999929 ], [ -45.260715, -23.543415599999946 ], [ -45.260983, -23.543113799999958 ], [ -45.261333199999967, -23.542931899999928 ], [ -45.261720199999957, -23.54283049999998 ], [ -45.262229899999966, -23.542839599999979 ], [ -45.262861099999952, -23.542838499999959 ], [ -45.263405899999952, -23.542754599999967 ], [ -45.263913399999979, -23.542501899999934 ], [ -45.264306499999975, -23.542355199999975 ], [ -45.264707099999953, -23.542349499999943 ], [ -45.265157, -23.542486699999927 ], [ -45.265588299999933, -23.54263409999993 ], [ -45.265931899999941, -23.542669599999954 ], [ -45.266165799999953, -23.542460299999959 ], [ -45.266401899999948, -23.542197 ], [ -45.266438799999946, -23.541900899999973 ], [ -45.266386499999953, -23.541706399999953 ], [ -45.266243199999963, -23.541378499999951 ], [ -45.265977799999973, -23.541079199999956 ], [ -45.265714699999933, -23.54091 ], [ -45.26542029999996, -23.540783899999951 ], [ -45.265169499999956, -23.54064539999996 ], [ -45.265029899999945, -23.540452399999936 ], [ -45.265097399999945, -23.540157399999941 ], [ -45.265406799999937, -23.539879199999973 ], [ -45.265949299999932, -23.539603099999965 ], [ -45.26615739999994, -23.539355399999977 ], [ -45.266093499999954, -23.539174899999978 ], [ -45.26593, -23.539116599999943 ], [ -45.265793699999961, -23.539067 ], [ -45.26558609999995, -23.538992399999927 ], [ -45.265321899999947, -23.538772399999971 ], [ -45.265081899999984, -23.538749699999983 ], [ -45.264815499999941, -23.538712699999962 ], [ -45.264634099999967, -23.538623899999948 ], [ -45.264467299999978, -23.538414399999965 ], [ -45.264196199999958, -23.538211399999966 ], [ -45.263872299999946, -23.538087699999949 ], [ -45.263601899999969, -23.538193199999967 ], [ -45.263329599999963, -23.538286 ], [ -45.263021799999933, -23.538536299999976 ], [ -45.26265849999993, -23.538398799999982 ], [ -45.262533899999937, -23.53823239999997 ], [ -45.262296299999946, -23.538146499999982 ], [ -45.262066899999979, -23.538181799999961 ], [ -45.261889899999971, -23.53824579999997 ], [ -45.261534899999958, -23.53834379999995 ], [ -45.260927899999956, -23.53834779999994 ], [ -45.260308899999984, -23.53830679999993 ], [ -45.259636499999942, -23.538180699999941 ], [ -45.259236099999953, -23.538066199999946 ], [ -45.258833899999956, -23.537866899999983 ], [ -45.258553, -23.537538799999936 ], [ -45.258385199999964, -23.537180599999942 ], [ -45.258285799999953, -23.536728299999936 ], [ -45.258122599999979, -23.536432499999933 ], [ -45.257904, -23.536145799999929 ], [ -45.257619899999952, -23.535998 ], [ -45.257265599999982, -23.535777899999971 ], [ -45.257091899999978, -23.535505799999953 ], [ -45.256109399999957, -23.536490299999969 ], [ -45.255722299999945, -23.53571519999997 ], [ -45.255601699999943, -23.535424299999931 ], [ -45.255426, -23.535252199999945 ] ] ] } },
{ "type": "Feature", "properties": { "id": "3555406055", "cd_bairro": "3555406055", "bairro": "Rio da Prata", "cd_mun": "3555406", "municipio": "Ubatuba", "cd_dist": "355540605", "distrito": "Ubatuba" }, "geometry": { "type": "Polygon", "coordinates": [ [ [ -45.257835199999931, -23.562082399999952 ], [ -45.25787459999998, -23.56206 ], [ -45.259305, -23.560856799999954 ], [ -45.259250799999961, -23.560653099999968 ], [ -45.259335399999941, -23.560473499999944 ], [ -45.25939139999997, -23.560354599999982 ], [ -45.260203599999954, -23.560346099999947 ], [ -45.260479, -23.560262 ], [ -45.260896699999932, -23.559884 ], [ -45.261218699999972, -23.55977919999998 ], [ -45.261495399999944, -23.55980889999995 ], [ -45.261909099999968, -23.560021899999981 ], [ -45.262226699999985, -23.559983199999976 ], [ -45.262886099999946, -23.559689299999945 ], [ -45.263410399999941, -23.559272399999941 ], [ -45.263998199999946, -23.559080299999948 ], [ -45.264257, -23.558747 ], [ -45.264744199999939, -23.558119499999975 ], [ -45.264763, -23.557983099999944 ], [ -45.264786099999981, -23.557815499999947 ], [ -45.264710199999968, -23.557289 ], [ -45.264494399999933, -23.556919599999958 ], [ -45.264150099999938, -23.556608399999959 ], [ -45.263540699999965, -23.555195799999979 ], [ -45.263536599999952, -23.554624099999955 ], [ -45.263743899999952, -23.554192199999932 ], [ -45.26367289999996, -23.553726 ], [ -45.263436899999931, -23.553557 ], [ -45.262831799999958, -23.553404099999966 ], [ -45.262527199999965, -23.553012699999954 ], [ -45.262622499999964, -23.552834399999938 ], [ -45.262957099999937, -23.552746499999955 ], [ -45.263101899999981, -23.552575399999967 ], [ -45.263091299999985, -23.552323 ], [ -45.262944899999979, -23.55205959999995 ], [ -45.262995699999976, -23.551842099999931 ], [ -45.263444799999945, -23.551508799999965 ], [ -45.263437199999942, -23.55110609999997 ], [ -45.260423399999979, -23.548944199999937 ], [ -45.255482099999938, -23.545697 ], [ -45.250679899999966, -23.542847399999971 ], [ -45.247919799999977, -23.541209499999979 ], [ -45.245762899999932, -23.539963 ], [ -45.244687499999941, -23.53932489999994 ], [ -45.243951299999935, -23.540116399999931 ], [ -45.240344899999968, -23.542390499999954 ], [ -45.241544199999964, -23.545031699999981 ], [ -45.241456099999937, -23.545793099999969 ], [ -45.242136599999981, -23.54734069999995 ], [ -45.242025099999978, -23.547847499999932 ], [ -45.242051199999935, -23.547899 ], [ -45.24200929999995, -23.547890299999949 ], [ -45.241621299999963, -23.547808599999939 ], [ -45.239515899999958, -23.547364899999934 ], [ -45.238748199999975, -23.547204 ], [ -45.238508199999956, -23.550617099999954 ], [ -45.238780499999962, -23.550727299999949 ], [ -45.239170499999943, -23.550828199999955 ], [ -45.239382599999942, -23.550690799999927 ], [ -45.239519399999949, -23.550286899999946 ], [ -45.239814399999943, -23.549982799999952 ], [ -45.240481099999954, -23.549919599999953 ], [ -45.241052699999955, -23.55017289999995 ], [ -45.24150869999994, -23.550420499999973 ], [ -45.241961, -23.550734499999976 ], [ -45.242435399999977, -23.550976699999978 ], [ -45.242916299999933, -23.551266399999975 ], [ -45.243304699999953, -23.551424599999962 ], [ -45.243647799999962, -23.551470699999982 ], [ -45.243930699999964, -23.551297899999952 ], [ -45.244246499999974, -23.551083 ], [ -45.244596799999954, -23.550975899999969 ], [ -45.244983299999944, -23.550977599999953 ], [ -45.245339399999978, -23.550968499999954 ], [ -45.245796699999971, -23.550758499999972 ], [ -45.245846599999936, -23.550766499999952 ], [ -45.246210899999937, -23.55082509999994 ], [ -45.246723699999961, -23.550907499999937 ], [ -45.247066299999972, -23.551202399999966 ], [ -45.247111, -23.551671099999965 ], [ -45.247114599999975, -23.552117899999928 ], [ -45.247289, -23.55257389999997 ], [ -45.247453899999982, -23.552861299999961 ], [ -45.247565899999984, -23.553328299999976 ], [ -45.247825399999954, -23.553946 ], [ -45.247667, -23.55427629999997 ], [ -45.247367299999951, -23.55482029999996 ], [ -45.247345299999949, -23.555244499999958 ], [ -45.247207899999978, -23.555536199999949 ], [ -45.247094, -23.555877799999962 ], [ -45.247125599999947, -23.556371199999944 ], [ -45.247264799999982, -23.556839299999979 ], [ -45.247562099999982, -23.557086 ], [ -45.247728699999982, -23.557207199999937 ], [ -45.247802299999933, -23.557662299999947 ], [ -45.247832499999959, -23.558010499999966 ], [ -45.247497899999985, -23.558332499999949 ], [ -45.247268499999961, -23.558554299999969 ], [ -45.247149499999978, -23.558878499999935 ], [ -45.247466299999985, -23.559233399999982 ], [ -45.247795499999938, -23.559646799999939 ], [ -45.24832269999996, -23.559792199999947 ], [ -45.248766199999977, -23.560023699999931 ], [ -45.248688099999981, -23.560389899999961 ], [ -45.248486199999945, -23.560717299999965 ], [ -45.248272099999951, -23.561048899999946 ], [ -45.248108399999978, -23.561444499999936 ], [ -45.247950199999934, -23.561826099999962 ], [ -45.24774089999994, -23.562248899999929 ], [ -45.24759679999994, -23.562535599999933 ], [ -45.247503499999937, -23.562979699999971 ], [ -45.247257899999966, -23.563337799999942 ], [ -45.247118299999954, -23.563765499999931 ], [ -45.24751, -23.56408 ], [ -45.247813699999938, -23.56454679999996 ], [ -45.248260899999934, -23.564787299999978 ], [ -45.248740099999964, -23.565007799999933 ], [ -45.249211, -23.565103099999931 ], [ -45.249673799999982, -23.565221599999973 ], [ -45.249994299999969, -23.565281399999947 ], [ -45.250180199999932, -23.565353099999982 ], [ -45.25034039999997, -23.565418 ], [ -45.250541, -23.565612 ], [ -45.250837799999942, -23.565863299999933 ], [ -45.251116799999977, -23.566063299999939 ], [ -45.251363899999944, -23.566187799999966 ], [ -45.25158719999996, -23.56617609999995 ], [ -45.251834799999983, -23.566134599999941 ], [ -45.252067299999965, -23.56611369999996 ], [ -45.252299199999982, -23.566146599999968 ], [ -45.252421599999934, -23.56629339999995 ], [ -45.252576899999951, -23.56637569999998 ], [ -45.252723299999957, -23.566473799999983 ], [ -45.252890099999945, -23.566392399999927 ], [ -45.253002699999968, -23.566236899999979 ], [ -45.253004699999963, -23.566093899999942 ], [ -45.253006399999947, -23.565982499999961 ], [ -45.253009599999984, -23.565810699999929 ], [ -45.253203399999961, -23.565726799999936 ], [ -45.253354699999932, -23.56579 ], [ -45.253516399999967, -23.565976 ], [ -45.255883799999935, -23.56380009999998 ], [ -45.257807, -23.562111899999934 ], [ -45.257835199999931, -23.562082399999952 ] ] ] } },
{ "type": "Feature", "properties": { "id": "3555406056", "cd_bairro": "3555406056", "bairro": "Praia da Caçandoca (Pulso e Raposa)", "cd_mun": "3555406", "municipio": "Ubatuba", "cd_dist": "355540605", "distrito": "Ubatuba" }, "geometry": { "type": "Polygon", "coordinates": [ [ [ -45.228007, -23.558697299999949 ], [ -45.227969199999961, -23.558606299999951 ], [ -45.227868299999955, -23.558438099999933 ], [ -45.227763399999958, -23.558306799999968 ], [ -45.227786299999934, -23.558170399999938 ], [ -45.227821499999948, -23.558052699999962 ], [ -45.227742299999932, -23.557964499999969 ], [ -45.227613899999938, -23.557915499999979 ], [ -45.227540699999963, -23.557823699999972 ], [ -45.22748329999996, -23.557751799999949 ], [ -45.227485599999966, -23.557642099999953 ], [ -45.22750149999996, -23.557532899999956 ], [ -45.227481799999964, -23.55739479999994 ], [ -45.22741579999996, -23.557232299999953 ], [ -45.22731349999998, -23.557121 ], [ -45.227224899999953, -23.557018099999937 ], [ -45.227149399999973, -23.556933399999934 ], [ -45.227112499999976, -23.556840299999976 ], [ -45.227102199999933, -23.556722599999944 ], [ -45.227103299999953, -23.556648199999927 ], [ -45.227092699999957, -23.556570199999953 ], [ -45.227090799999985, -23.556556599999965 ], [ -45.227038599999958, -23.556427699999972 ], [ -45.226908099999946, -23.556237 ], [ -45.226716099999976, -23.556055499999957 ], [ -45.226507599999934, -23.555889099999945 ], [ -45.225854099999935, -23.555366899999967 ], [ -45.225209799999959, -23.554464699999983 ], [ -45.224926099999948, -23.55438 ], [ -45.224756699999944, -23.554326399999979 ], [ -45.22466019999996, -23.554265799999939 ], [ -45.224626499999943, -23.55419059999997 ], [ -45.224572399999943, -23.554124699999932 ], [ -45.224434599999938, -23.554027499999961 ], [ -45.224201699999981, -23.553926499999932 ], [ -45.224017499999945, -23.553855899999974 ], [ -45.223742399999935, -23.553778899999941 ], [ -45.22360539999994, -23.553769899999963 ], [ -45.223446899999942, -23.553772899999956 ], [ -45.223351199999968, -23.553790599999957 ], [ -45.223266299999977, -23.553799399999946 ], [ -45.223181099999977, -23.553777199999956 ], [ -45.223054, -23.553734 ], [ -45.223125399999958, -23.553578799999968 ], [ -45.22315279999998, -23.55347009999997 ], [ -45.223222699999951, -23.553227399999969 ], [ -45.22329869999993, -23.553051799999935 ], [ -45.223377899999946, -23.552951699999937 ], [ -45.223479899999973, -23.552866699999981 ], [ -45.223572399999966, -23.552814699999942 ], [ -45.223605, -23.552807399999949 ], [ -45.223542299999963, -23.552785699999959 ], [ -45.222514199999978, -23.552294499999959 ], [ -45.22232269999995, -23.552533799999935 ], [ -45.222193599999969, -23.552655099999981 ], [ -45.222177399999964, -23.55278809999993 ], [ -45.222067199999969, -23.553017899999929 ], [ -45.22189839999993, -23.553125299999977 ], [ -45.221664299999929, -23.553200699999934 ], [ -45.22151759999997, -23.55332379999993 ], [ -45.221378399999935, -23.553405299999952 ], [ -45.221141199999977, -23.553669 ], [ -45.220982899999967, -23.553822399999945 ], [ -45.220798099999968, -23.554007799999965 ], [ -45.220622599999956, -23.554192599999965 ], [ -45.220424399999956, -23.554399799999942 ], [ -45.220324299999959, -23.554426499999977 ], [ -45.220222599999943, -23.554582399999958 ], [ -45.220208899999932, -23.554858199999956 ], [ -45.220328799999947, -23.555017799999973 ], [ -45.220515399999954, -23.555111099999976 ], [ -45.220706899999982, -23.555263 ], [ -45.220821899999976, -23.555414799999937 ], [ -45.22080219999998, -23.555600499999969 ], [ -45.220604199999968, -23.555984899999942 ], [ -45.220390899999984, -23.556300699999952 ], [ -45.220097899999985, -23.556657199999961 ], [ -45.219700599999953, -23.557032699999979 ], [ -45.219337, -23.55731069999996 ], [ -45.219112899999971, -23.557497099999978 ], [ -45.218886299999951, -23.557613299999957 ], [ -45.218730599999958, -23.557603399999948 ], [ -45.21857, -23.557509799999934 ], [ -45.218361099999981, -23.557372 ], [ -45.218222399999945, -23.557244099999934 ], [ -45.218053699999984, -23.557185 ], [ -45.217923, -23.55715859999998 ], [ -45.217660799999976, -23.556997099999933 ], [ -45.217366599999934, -23.556869899999981 ], [ -45.21701939999997, -23.556822099999977 ], [ -45.216751399999964, -23.556671599999959 ], [ -45.216477199999986, -23.556467699999928 ], [ -45.21609449999994, -23.556244899999967 ], [ -45.215850399999965, -23.556172199999935 ], [ -45.215639799999963, -23.556128199999932 ], [ -45.215202199999965, -23.556061 ], [ -45.214896, -23.55603659999997 ], [ -45.214575, -23.556015 ], [ -45.214378499999953, -23.556052099999931 ], [ -45.214342599999952, -23.556133099999954 ], [ -45.214378699999941, -23.556222499999933 ], [ -45.214510599999983, -23.55633679999994 ], [ -45.214626399999986, -23.556377599999962 ], [ -45.214718599999969, -23.556435699999952 ], [ -45.214765, -23.556494 ], [ -45.214784299999963, -23.556565199999966 ], [ -45.214835599999958, -23.556648699999982 ], [ -45.214951299999939, -23.556777699999941 ], [ -45.215164, -23.556775499999958 ], [ -45.215238299999953, -23.556747299999927 ], [ -45.215346699999941, -23.556852 ], [ -45.215505599999972, -23.556848799999955 ], [ -45.21560919999996, -23.556954599999983 ], [ -45.215764899999954, -23.55702279999997 ], [ -45.215903099999935, -23.557044799999971 ], [ -45.215975699999944, -23.557166199999983 ], [ -45.216154099999983, -23.557299299999954 ], [ -45.21633, -23.557350499999927 ], [ -45.216573899999958, -23.557416499999931 ], [ -45.216660599999955, -23.557487099999946 ], [ -45.21669849999995, -23.557581 ], [ -45.216851499999962, -23.557720399999937 ], [ -45.217069399999957, -23.557807899999943 ], [ -45.21724, -23.557845099999952 ], [ -45.217375599999968, -23.557934799999941 ], [ -45.217491099999961, -23.557993099999976 ], [ -45.217627199999981, -23.558113299999945 ], [ -45.217733099999975, -23.558218499999953 ], [ -45.217898399999967, -23.558321199999966 ], [ -45.218013499999984, -23.558431399999961 ], [ -45.218157599999984, -23.558479599999941 ], [ -45.218271399999935, -23.558573 ], [ -45.218355599999938, -23.558709599999929 ], [ -45.21837789999995, -23.558804099999975 ], [ -45.21843389999998, -23.558919 ], [ -45.218452099999979, -23.559066299999927 ], [ -45.218535499999973, -23.559232299999962 ], [ -45.218669499999976, -23.559309 ], [ -45.218774499999938, -23.559344899999928 ], [ -45.218902, -23.559340299999974 ], [ -45.218990899999937, -23.559365799999966 ], [ -45.219043399999975, -23.559545599999979 ], [ -45.219045199999982, -23.559911599999964 ], [ -45.218993399999931, -23.560119399999962 ], [ -45.218927, -23.560496099999966 ], [ -45.218837099999973, -23.560837799999945 ], [ -45.218730899999969, -23.561145199999942 ], [ -45.218587399999933, -23.561464599999965 ], [ -45.218366099999969, -23.561935799999958 ], [ -45.218016099999943, -23.562590299999954 ], [ -45.217791399999953, -23.56296889999993 ], [ -45.21747709999994, -23.563352599999973 ], [ -45.217132599999957, -23.563855099999955 ], [ -45.216998699999976, -23.564085299999931 ], [ -45.216814799999952, -23.564348399999972 ], [ -45.216747399999974, -23.564460299999951 ], [ -45.216578399999946, -23.564551299999948 ], [ -45.216225799999961, -23.564538499999969 ], [ -45.215894599999956, -23.564693899999952 ], [ -45.215852799999936, -23.564831099999935 ], [ -45.215862799999968, -23.564957699999979 ], [ -45.215720499999975, -23.565021199999933 ], [ -45.215618099999972, -23.565108699999939 ], [ -45.215478799999971, -23.565262599999983 ], [ -45.215106099999957, -23.565414399999952 ], [ -45.214818799999932, -23.56549629999995 ], [ -45.214592699999969, -23.565552399999945 ], [ -45.214409699999976, -23.565483299999983 ], [ -45.214215, -23.56546069999996 ], [ -45.214021299999956, -23.565485499999966 ], [ -45.213824599999953, -23.56550679999998 ], [ -45.213734399999964, -23.565453299999945 ], [ -45.213540399999943, -23.565279699999962 ], [ -45.21332, -23.565114599999959 ], [ -45.213206, -23.565096899999958 ], [ -45.213070399999935, -23.565094599999952 ], [ -45.213018899999952, -23.565020599999968 ], [ -45.212916899999982, -23.564929699999936 ], [ -45.212799299999972, -23.564853199999959 ], [ -45.212807899999973, -23.564789 ], [ -45.212768199999971, -23.564721499999962 ], [ -45.21263689999995, -23.564659699999936 ], [ -45.212472099999957, -23.56468289999998 ], [ -45.21234149999998, -23.564717799999983 ], [ -45.212230299999931, -23.564668199999971 ], [ -45.212026899999955, -23.564543899999933 ], [ -45.211882699999933, -23.56442409999994 ], [ -45.21193089999997, -23.564393299999949 ], [ -45.211934099999951, -23.564323599999966 ], [ -45.21185939999998, -23.56428829999993 ], [ -45.211705299999949, -23.564313099999936 ], [ -45.211302799999942, -23.564186099999972 ], [ -45.211018599999932, -23.564084199999968 ], [ -45.210971899999947, -23.564012699999978 ], [ -45.210888, -23.563960299999962 ], [ -45.21076469999997, -23.563943499999937 ], [ -45.210644699999932, -23.564032499999939 ], [ -45.210449499999982, -23.564029499999947 ], [ -45.21023809999997, -23.564084299999934 ], [ -45.21013, -23.564147099999957 ], [ -45.210070599999938, -23.56423 ], [ -45.210139499999968, -23.564362199999948 ], [ -45.210239399999978, -23.564438499999937 ], [ -45.210213499999952, -23.564473199999952 ], [ -45.210164099999986, -23.564464 ], [ -45.210067099999947, -23.564454 ], [ -45.210010699999941, -23.564459199999931 ], [ -45.209979799999985, -23.564579799999933 ], [ -45.209899199999938, -23.564625 ], [ -45.209780799999976, -23.564679 ], [ -45.209652499999947, -23.56469519999996 ], [ -45.209571799999935, -23.564757799999938 ], [ -45.209589599999958, -23.564838699999939 ], [ -45.209712599999932, -23.565005699999972 ], [ -45.209912199999962, -23.565148199999953 ], [ -45.210093899999947, -23.565176 ], [ -45.210200599999951, -23.565127 ], [ -45.210198899999966, -23.565075899999954 ], [ -45.210165, -23.564981699999976 ], [ -45.210238, -23.564870099999951 ], [ -45.2104, -23.564837199999943 ], [ -45.210492699999975, -23.564809899999943 ], [ -45.21063659999993, -23.564883499999951 ], [ -45.210813599999938, -23.564928099999975 ], [ -45.21102019999995, -23.564899 ], [ -45.211167099999955, -23.564941099999942 ], [ -45.211244699999952, -23.565028499999983 ], [ -45.211339599999974, -23.565007399999956 ], [ -45.211382399999934, -23.564932 ], [ -45.211447899999939, -23.564935099999957 ], [ -45.211514199999954, -23.56496379999993 ], [ -45.211586899999929, -23.565011899999945 ], [ -45.211722799999961, -23.565132 ], [ -45.211795099999961, -23.565207799999939 ], [ -45.211891799999933, -23.565253 ], [ -45.211964799999976, -23.565376299999969 ], [ -45.211991699999942, -23.565479599999946 ], [ -45.212103099999979, -23.565650799999958 ], [ -45.212314799999945, -23.566000499999973 ], [ -45.212460599999986, -23.566201199999966 ], [ -45.212675699999977, -23.566392199999939 ], [ -45.212819699999955, -23.566575199999932 ], [ -45.212995699999965, -23.566733399999976 ], [ -45.213198599999942, -23.566917599999954 ], [ -45.213448199999959, -23.567083299999979 ], [ -45.213757099999953, -23.56716339999997 ], [ -45.213926299999969, -23.567281099999946 ], [ -45.213994799999966, -23.567338799999959 ], [ -45.214031599999942, -23.567424299999971 ], [ -45.214122, -23.567455299999949 ], [ -45.214196499999957, -23.567535899999939 ], [ -45.214292499999942, -23.567615599999954 ], [ -45.214355099999977, -23.567741099999978 ], [ -45.21461249999993, -23.568022599999949 ], [ -45.214754399999947, -23.568106099999966 ], [ -45.21488869999996, -23.568117299999983 ], [ -45.215180399999952, -23.56834269999996 ], [ -45.215297599999985, -23.568452599999944 ], [ -45.215406799999982, -23.568620899999928 ], [ -45.215368499999954, -23.568738799999949 ], [ -45.21526979999993, -23.568887899999936 ], [ -45.215189299999963, -23.568886199999952 ], [ -45.215066399999955, -23.568920399999968 ], [ -45.214942899999983, -23.568911799999967 ], [ -45.21487419999994, -23.568943699999977 ], [ -45.214849799999968, -23.569030399999974 ], [ -45.214766099999963, -23.569111299999975 ], [ -45.214627699999937, -23.569249399999933 ], [ -45.214297199999976, -23.569428799999969 ], [ -45.21385209999994, -23.569678199999942 ], [ -45.213625499999978, -23.569740199999956 ], [ -45.213511199999971, -23.569667199999969 ], [ -45.213378599999942, -23.569685499999935 ], [ -45.213281199999983, -23.569794799999954 ], [ -45.213368099999968, -23.569943399999943 ], [ -45.213290099999938, -23.569997399999977 ], [ -45.213153399999953, -23.570044899999971 ], [ -45.212989099999959, -23.570006199999966 ], [ -45.212872899999979, -23.570102899999938 ], [ -45.212675599999955, -23.57024169999994 ], [ -45.21252, -23.570246599999962 ], [ -45.212331099999972, -23.570203699999979 ], [ -45.212060399999984, -23.570176299999957 ], [ -45.211771599999963, -23.570190199999956 ], [ -45.211555099999941, -23.570108499999947 ], [ -45.211402799999973, -23.570137599999953 ], [ -45.211137899999983, -23.570336299999951 ], [ -45.210929299999975, -23.570449399999973 ], [ -45.210723599999938, -23.570511599999975 ], [ -45.210572499999955, -23.570556 ], [ -45.210386699999958, -23.57056069999993 ], [ -45.210240599999963, -23.570601899999929 ], [ -45.210229799999979, -23.570602199999939 ], [ -45.210154199999977, -23.570696199999929 ], [ -45.210198299999945, -23.570896199999936 ], [ -45.210281299999963, -23.571226499999966 ], [ -45.210364799999979, -23.571349099999964 ], [ -45.210536799999943, -23.571512 ], [ -45.210556099999962, -23.571633099999929 ], [ -45.210662799999966, -23.571721299999979 ], [ -45.210910299999966, -23.571824899999967 ], [ -45.211163799999952, -23.571982799999944 ], [ -45.211346799999944, -23.572094799999945 ], [ -45.211326799999938, -23.572271899999976 ], [ -45.211158799999964, -23.572373299999981 ], [ -45.210986, -23.572504199999969 ], [ -45.210792499999968, -23.572734799999978 ], [ -45.210812899999951, -23.572911599999941 ], [ -45.210882, -23.573038199999928 ], [ -45.210984599999961, -23.573167099999978 ], [ -45.211043399999937, -23.573281899999927 ], [ -45.21104269999995, -23.573437199999944 ], [ -45.21100169999994, -23.573595099999977 ], [ -45.211007199999983, -23.573730199999943 ], [ -45.21089829999994, -23.573853099999951 ], [ -45.210700299999985, -23.573951299999976 ], [ -45.210484199999939, -23.574053099999958 ], [ -45.210272199999963, -23.574153199999955 ], [ -45.210306299999957, -23.57423689999996 ], [ -45.210220299999946, -23.574336499999959 ], [ -45.210094599999934, -23.574403 ], [ -45.209972, -23.574549099999956 ], [ -45.209885399999962, -23.574722 ], [ -45.20987839999998, -23.574725799999953 ], [ -45.209971, -23.574995099999967 ], [ -45.210080599999969, -23.575206699999967 ], [ -45.210232499999961, -23.57539509999998 ], [ -45.210263899999973, -23.575556699999936 ], [ -45.210206599999935, -23.57576389999997 ], [ -45.21025659999998, -23.575958599999979 ], [ -45.210286699999983, -23.57610829999993 ], [ -45.210235199999943, -23.576233399999978 ], [ -45.210122699999943, -23.576149599999951 ], [ -45.209914199999957, -23.576264799999933 ], [ -45.2097, -23.576373799999942 ], [ -45.209592899999961, -23.576553599999954 ], [ -45.209597699999961, -23.576794699999937 ], [ -45.209695499999953, -23.577104299999974 ], [ -45.209708499999977, -23.577308899999935 ], [ -45.209843699999965, -23.57751369999994 ], [ -45.20980979999996, -23.577676699999927 ], [ -45.209664499999974, -23.577856499999939 ], [ -45.209536399999934, -23.57806979999998 ], [ -45.209263299999975, -23.578222399999959 ], [ -45.208931699999937, -23.578194 ], [ -45.208700199999953, -23.578160199999957 ], [ -45.208491599999945, -23.578120899999931 ], [ -45.20832489999998, -23.578120599999977 ], [ -45.208054, -23.57812789999997 ], [ -45.207824899999935, -23.578242099999954 ], [ -45.207689799999969, -23.578298399999937 ], [ -45.20771, -23.578498599999932 ], [ -45.207867499999963, -23.578693499999929 ], [ -45.208028499999955, -23.578803299999947 ], [ -45.208263399999964, -23.578903199999957 ], [ -45.208497899999941, -23.579078 ], [ -45.208769099999984, -23.579177799999968 ], [ -45.208927199999948, -23.579112499999951 ], [ -45.20911609999996, -23.579247299999963 ], [ -45.209347699999967, -23.579373399999952 ], [ -45.209511299999974, -23.579578399999946 ], [ -45.209650299999964, -23.579639199999974 ], [ -45.209807, -23.579798799999935 ], [ -45.209819699999969, -23.58000629999998 ], [ -45.209835399999974, -23.580198199999927 ], [ -45.209812299999953, -23.580514299999948 ], [ -45.20984169999997, -23.580626799999948 ], [ -45.20993029999994, -23.580771199999958 ], [ -45.210002399999951, -23.580902699999967 ], [ -45.210089499999981, -23.58103669999997 ], [ -45.21005329999997, -23.581180399999937 ], [ -45.209963899999934, -23.581317499999955 ], [ -45.209942399999932, -23.581427899999937 ], [ -45.210017199999982, -23.581522699999937 ], [ -45.210102799999959, -23.581712099999947 ], [ -45.21023109999993, -23.581879599999979 ], [ -45.210323799999969, -23.582021399999974 ], [ -45.210360299999934, -23.582094 ], [ -45.210456799999974, -23.582183099999952 ], [ -45.210546399999942, -23.582289099999969 ], [ -45.210578, -23.582387099999949 ], [ -45.210690199999931, -23.582495899999969 ], [ -45.210802399999977, -23.582624799999962 ], [ -45.210962799999947, -23.582735 ], [ -45.211166799999944, -23.582831599999963 ], [ -45.211327299999937, -23.582876599999963 ], [ -45.211513599999932, -23.582920599999966 ], [ -45.211639399999967, -23.582959599999981 ], [ -45.211743, -23.582933499999967 ], [ -45.211822499999982, -23.582890599999928 ], [ -45.211823, -23.582830099999967 ], [ -45.211872299999982, -23.582805 ], [ -45.211931499999935, -23.582834099999957 ], [ -45.212009499999965, -23.58276909999995 ], [ -45.212012299999969, -23.582717699999932 ], [ -45.212058599999978, -23.582653199999982 ], [ -45.212174, -23.582673099999965 ], [ -45.212338799999941, -23.582658299999935 ], [ -45.212767099999951, -23.580380899999966 ], [ -45.212371099999984, -23.580516399999965 ], [ -45.211905599999966, -23.580406299999936 ], [ -45.21180529999998, -23.579990799999962 ], [ -45.211843699999974, -23.579469499999959 ], [ -45.212084599999969, -23.579048099999966 ], [ -45.212091099999952, -23.578686 ], [ -45.212111799999946, -23.578149799999949 ], [ -45.21230479999997, -23.577831099999969 ], [ -45.212476199999969, -23.577416099999937 ], [ -45.212526199999957, -23.57689929999998 ], [ -45.212451699999974, -23.576530399999967 ], [ -45.21230079999998, -23.576110799999981 ], [ -45.212235299999975, -23.575737599999968 ], [ -45.212318799999935, -23.575355899999977 ], [ -45.212533299999961, -23.575052899999946 ], [ -45.212823699999944, -23.574927 ], [ -45.213069699999949, -23.574692 ], [ -45.21327969999993, -23.574459 ], [ -45.213442499999985, -23.574317 ], [ -45.213832299999979, -23.574111799999969 ], [ -45.213893799999937, -23.573764299999937 ], [ -45.213649, -23.573535699999979 ], [ -45.213423499999976, -23.573224899999957 ], [ -45.213579699999968, -23.572834 ], [ -45.213879499999962, -23.572405699999933 ], [ -45.214154599999972, -23.572110299999963 ], [ -45.214457099999947, -23.571845499999938 ], [ -45.214762099999973, -23.571665899999971 ], [ -45.214936699999953, -23.571565499999963 ], [ -45.215290699999969, -23.571365499999956 ], [ -45.215590799999973, -23.571248799999978 ], [ -45.215837199999953, -23.571125299999949 ], [ -45.21627669999998, -23.571071699999948 ], [ -45.216799, -23.571045799999979 ], [ -45.217299699999955, -23.571021 ], [ -45.217480399999943, -23.570862 ], [ -45.217479, -23.57082459999998 ], [ -45.217422299999953, -23.570507599999928 ], [ -45.217455499999971, -23.570208799999932 ], [ -45.217555699999934, -23.570028699999966 ], [ -45.217697399999963, -23.569847799999934 ], [ -45.217908099999931, -23.56979819999998 ], [ -45.218161799999962, -23.569834799999967 ], [ -45.218491499999971, -23.569967799999972 ], [ -45.21888569999993, -23.570137 ], [ -45.219224599999961, -23.570163699999966 ], [ -45.219469699999934, -23.570041199999935 ], [ -45.219710299999974, -23.570004399999959 ], [ -45.220095799999967, -23.569914399999959 ], [ -45.220319399999937, -23.569790699999942 ], [ -45.220382899999947, -23.569613 ], [ -45.220213299999955, -23.569385499999953 ], [ -45.22001309999996, -23.56925549999994 ], [ -45.219806199999937, -23.569072799999958 ], [ -45.219572, -23.56884139999994 ], [ -45.219338899999968, -23.568528 ], [ -45.219155299999954, -23.568204199999968 ], [ -45.219062599999972, -23.567911299999935 ], [ -45.218963599999938, -23.567598399999952 ], [ -45.219028, -23.567283199999963 ], [ -45.219163899999955, -23.567036599999938 ], [ -45.219452899999965, -23.566922799999929 ], [ -45.219705399999953, -23.566908399999932 ], [ -45.220007499999952, -23.566964599999949 ], [ -45.220231499999954, -23.566999399999929 ], [ -45.220517, -23.567031199999974 ], [ -45.220822399999975, -23.567023899999981 ], [ -45.221184599999958, -23.566936 ], [ -45.221485399999949, -23.566824599999961 ], [ -45.221732299999985, -23.566831099999945 ], [ -45.221986, -23.566800799999953 ], [ -45.222218299999952, -23.566832799999929 ], [ -45.22248959999996, -23.56685589999995 ], [ -45.222822299999962, -23.566828699999974 ], [ -45.223159399999986, -23.566723199999956 ], [ -45.22342459999993, -23.566687199999933 ], [ -45.22375089999997, -23.566637699999944 ], [ -45.223987899999941, -23.566636499999959 ], [ -45.224285899999984, -23.566694 ], [ -45.224568, -23.566860799999972 ], [ -45.224740599999961, -23.566840499999955 ], [ -45.224931499999968, -23.56664909999995 ], [ -45.225074499999948, -23.566461199999935 ], [ -45.225258499999939, -23.566230599999983 ], [ -45.225389099999973, -23.565940799999964 ], [ -45.225451199999952, -23.565729899999951 ], [ -45.225583499999971, -23.565522399999963 ], [ -45.225759899999957, -23.565378099999975 ], [ -45.225972799999965, -23.56528469999995 ], [ -45.226219599999979, -23.56526219999995 ], [ -45.226428899999974, -23.565309599999978 ], [ -45.226648799999964, -23.565368499999977 ], [ -45.226825599999984, -23.565503599999943 ], [ -45.226958399999944, -23.56564549999996 ], [ -45.22712219999994, -23.565830699999935 ], [ -45.227307699999983, -23.565943399999981 ], [ -45.227476499999966, -23.565973 ], [ -45.227668799999947, -23.566033899999979 ], [ -45.2279, -23.566028899999935 ], [ -45.228148399999952, -23.56604109999995 ], [ -45.22833739999993, -23.56604429999993 ], [ -45.228612399999975, -23.566011899999978 ], [ -45.228805699999953, -23.565998699999966 ], [ -45.228994399999976, -23.565981499999964 ], [ -45.229189499999961, -23.565967399999977 ], [ -45.229414599999984, -23.566038899999967 ], [ -45.229580099999964, -23.566121899999928 ], [ -45.229681599999935, -23.566243499999928 ], [ -45.229849499999943, -23.56639679999995 ], [ -45.229931199999953, -23.566656899999941 ], [ -45.229994699999963, -23.566904799999975 ], [ -45.230036699999971, -23.567172099999937 ], [ -45.230112399999939, -23.56742 ], [ -45.230155, -23.567585099999974 ], [ -45.230153199999961, -23.567760799999974 ], [ -45.230233799999951, -23.567870099999936 ], [ -45.230409799999961, -23.567846499999973 ], [ -45.230650399999945, -23.56777349999993 ], [ -45.230960699999969, -23.567682599999955 ], [ -45.23120629999994, -23.567679699999928 ], [ -45.231413399999951, -23.56770819999997 ], [ -45.231623799999966, -23.567801699999961 ], [ -45.231858699999975, -23.56785919999993 ], [ -45.232158599999934, -23.567791099999965 ], [ -45.232406899999944, -23.567742299999964 ], [ -45.232684199999937, -23.567665299999931 ], [ -45.232931, -23.567706399999963 ], [ -45.233161099999961, -23.567766 ], [ -45.233463899999947, -23.567863199999977 ], [ -45.233677499999942, -23.567968699999938 ], [ -45.233879899999977, -23.568065399999966 ], [ -45.234037499999943, -23.567986599999983 ], [ -45.234126899999978, -23.567706399999963 ], [ -45.234101, -23.567409899999973 ], [ -45.234153299999946, -23.567175 ], [ -45.234293799999932, -23.566963199999975 ], [ -45.234461099999976, -23.566841899999929 ], [ -45.234670299999948, -23.566772599999979 ], [ -45.234925499999974, -23.566726399999936 ], [ -45.235199199999954, -23.566735 ], [ -45.235468899999944, -23.566807 ], [ -45.235697799999969, -23.566774099999975 ], [ -45.235840699999983, -23.566739699999971 ], [ -45.235951499999942, -23.566683099999977 ], [ -45.236125699999945, -23.566596899999979 ], [ -45.236259099999984, -23.56654489999994 ], [ -45.23639019999996, -23.566515899999956 ], [ -45.236508699999945, -23.566485599999965 ], [ -45.236618699999951, -23.56645629999997 ], [ -45.236788299999944, -23.566428099999939 ], [ -45.236945699999978, -23.566402 ], [ -45.237100699999985, -23.566387299999974 ], [ -45.237312199999963, -23.566285099999959 ], [ -45.237506899999971, -23.566164499999957 ], [ -45.237681799999962, -23.566056099999969 ], [ -45.237831899999946, -23.565939 ], [ -45.238024199999984, -23.565823099999932 ], [ -45.238179, -23.565725799999939 ], [ -45.238189099999943, -23.565595199999962 ], [ -45.237992399999939, -23.565484899999944 ], [ -45.237804399999959, -23.565396899999939 ], [ -45.237669499999981, -23.56524289999993 ], [ -45.237531599999954, -23.565085499999952 ], [ -45.237460499999941, -23.564946599999928 ], [ -45.237407299999973, -23.564749599999971 ], [ -45.237290799999982, -23.564626099999941 ], [ -45.237161299999968, -23.56462769999996 ], [ -45.236995599999943, -23.564673099999936 ], [ -45.23682169999995, -23.564720699999953 ], [ -45.236655399999961, -23.564734 ], [ -45.236527399999943, -23.56473989999995 ], [ -45.236459699999955, -23.564737699999966 ], [ -45.236337399999968, -23.564746899999932 ], [ -45.236170799999968, -23.564707299999952 ], [ -45.235944199999949, -23.56469809999993 ], [ -45.235699299999965, -23.564668899999958 ], [ -45.235480699999982, -23.564636499999949 ], [ -45.235251799999958, -23.564639099999965 ], [ -45.235040799999979, -23.564598 ], [ -45.234819499999958, -23.56460519999996 ], [ -45.234634099999937, -23.564563699999951 ], [ -45.234451899999954, -23.564538299999981 ], [ -45.234223799999938, -23.564437 ], [ -45.234003299999983, -23.564325699999983 ], [ -45.233840799999939, -23.56424549999997 ], [ -45.233646599999986, -23.564149499999928 ], [ -45.233421, -23.563999499999966 ], [ -45.233174299999973, -23.56389489999998 ], [ -45.232869199999982, -23.563765499999931 ], [ -45.232694699999968, -23.563656599999945 ], [ -45.232559799999933, -23.563521099999946 ], [ -45.232394899999974, -23.563386499999979 ], [ -45.232240099999956, -23.563181699999973 ], [ -45.232165399999985, -23.562944399999935 ], [ -45.232195199999978, -23.562752699999976 ], [ -45.232230299999969, -23.562581099999932 ], [ -45.232312099999945, -23.562443299999927 ], [ -45.232364099999984, -23.562268299999971 ], [ -45.232363599999985, -23.562102399999958 ], [ -45.232165699999939, -23.561972399999945 ], [ -45.231860499999982, -23.561872499999936 ], [ -45.231708799999979, -23.561835199999962 ], [ -45.231553399999939, -23.561760099999958 ], [ -45.231387499999983, -23.561692899999969 ], [ -45.231236699999954, -23.561614499999962 ], [ -45.231060499999955, -23.561528499999952 ], [ -45.230925499999955, -23.56143 ], [ -45.230826, -23.561318399999948 ], [ -45.230694899999946, -23.561197499999935 ], [ -45.230627599999934, -23.56109 ], [ -45.230464199999972, -23.561007299999972 ], [ -45.230172, -23.560862699999973 ], [ -45.229962899999975, -23.560717899999929 ], [ -45.229764299999943, -23.560524899999962 ], [ -45.229603699999984, -23.560276099999953 ], [ -45.229487199999937, -23.560051399999963 ], [ -45.229291499999931, -23.559800099999961 ], [ -45.229062899999974, -23.559603699999968 ], [ -45.228742399999931, -23.559542099999931 ], [ -45.228499299999953, -23.559540199999958 ], [ -45.22824739999993, -23.559615099999974 ], [ -45.22799, -23.559705699999938 ], [ -45.226620699999955, -23.560678399999972 ], [ -45.226142, -23.560417599999937 ], [ -45.225895099999946, -23.560364799999945 ], [ -45.225594399999977, -23.560358299999962 ], [ -45.225283899999965, -23.560571699999969 ], [ -45.224860699999965, -23.560779599999933 ], [ -45.224718, -23.560815599999955 ], [ -45.224627, -23.560840499999983 ], [ -45.224554599999976, -23.560844 ], [ -45.224495899999965, -23.560827899999936 ], [ -45.224444099999971, -23.560779399999944 ], [ -45.22437229999997, -23.560618199999965 ], [ -45.22426349999995, -23.56031059999998 ], [ -45.224248099999954, -23.560265199999947 ], [ -45.224256899999943, -23.560225599999967 ], [ -45.224276499999974, -23.560205799999949 ], [ -45.224316699999974, -23.560199499999953 ], [ -45.22434549999997, -23.560211599999946 ], [ -45.224385499999983, -23.560238699999957 ], [ -45.224437899999941, -23.560285 ], [ -45.224520599999948, -23.560332599999981 ], [ -45.224601899999982, -23.56035449999996 ], [ -45.224668799999961, -23.560360099999968 ], [ -45.224740099999963, -23.56034649999998 ], [ -45.224790699999971, -23.560306499999967 ], [ -45.224851699999931, -23.56024709999997 ], [ -45.225141599999972, -23.559974899999929 ], [ -45.226258499999972, -23.559437299999956 ], [ -45.226512899999932, -23.559437299999956 ], [ -45.22677589999995, -23.559468899999956 ], [ -45.227405499999975, -23.559132899999952 ], [ -45.227785, -23.558998499999973 ], [ -45.227890699999932, -23.558942899999977 ], [ -45.227960499999938, -23.558875899999975 ], [ -45.228017, -23.558721299999945 ], [ -45.228007, -23.558697299999949 ] ] ] } },
{ "type": "Feature", "properties": { "id": "3555406057", "cd_bairro": "3555406057", "bairro": "Praia do Frade (Saco das Bananas)", "cd_mun": "3555406", "municipio": "Ubatuba", "cd_dist": "355540605", "distrito": "Ubatuba" }, "geometry": { "type": "Polygon", "coordinates": [ [ [ -45.216266399999938, -23.579321499999935 ], [ -45.21613659999997, -23.579083099999934 ], [ -45.215922399999954, -23.578904399999942 ], [ -45.215598299999954, -23.578866399999981 ], [ -45.215472399999953, -23.57906429999997 ], [ -45.215386899999942, -23.579208299999948 ], [ -45.215038799999945, -23.579237499999977 ], [ -45.214723099999958, -23.579252599999961 ], [ -45.213911499999938, -23.579720699999939 ], [ -45.213682899999981, -23.579928799999948 ], [ -45.213274399999932, -23.580263899999977 ], [ -45.212767099999951, -23.580380899999966 ], [ -45.212338799999941, -23.582658299999935 ], [ -45.21247539999996, -23.582626599999969 ], [ -45.212588399999959, -23.582580499999949 ], [ -45.212702499999978, -23.582469299999957 ], [ -45.212816799999985, -23.582357899999977 ], [ -45.212912199999948, -23.582283399999938 ], [ -45.212953499999969, -23.582183699999973 ], [ -45.212957, -23.582132099999967 ], [ -45.212985199999935, -23.581997299999955 ], [ -45.213021, -23.581876299999976 ], [ -45.213019199999962, -23.581815 ], [ -45.21312469999998, -23.581716399999948 ], [ -45.21321759999995, -23.581699299999968 ], [ -45.213316599999985, -23.581736299999932 ], [ -45.213452199999949, -23.58177429999995 ], [ -45.213578799999937, -23.581765599999983 ], [ -45.213699099999985, -23.581753299999946 ], [ -45.213778099999956, -23.581723 ], [ -45.213866499999938, -23.581652599999927 ], [ -45.213951299999962, -23.581659699999932 ], [ -45.214116199999978, -23.581626299999982 ], [ -45.214205299999946, -23.581630899999936 ], [ -45.214256599999942, -23.581569399999978 ], [ -45.21421909999998, -23.58148 ], [ -45.214317599999958, -23.58139239999997 ], [ -45.214429, -23.581296899999927 ], [ -45.214380699999936, -23.581160299999965 ], [ -45.21443279999994, -23.581106499999976 ], [ -45.214542799999947, -23.58109769999993 ], [ -45.214656399999967, -23.581004699999937 ], [ -45.21481979999993, -23.580879899999957 ], [ -45.214968099999965, -23.580737399999975 ], [ -45.215046299999983, -23.580662199999949 ], [ -45.215131699999972, -23.580668399999979 ], [ -45.215270799999985, -23.580677499999979 ], [ -45.215330599999959, -23.580601199999933 ], [ -45.215451499999972, -23.580591799999979 ], [ -45.215565399999946, -23.580616 ], [ -45.215722399999947, -23.580641599999979 ], [ -45.215854899999954, -23.580599399999983 ], [ -45.215993499999968, -23.580548399999941 ], [ -45.216171199999962, -23.580619799999965 ], [ -45.216332199999954, -23.580686899999932 ], [ -45.216859499999941, -23.58099459999994 ], [ -45.217448, -23.581262199999969 ], [ -45.218002499999955, -23.581564799999967 ], [ -45.218524599999967, -23.581836399999929 ], [ -45.219014299999969, -23.582142699999963 ], [ -45.219520299999942, -23.582416 ], [ -45.22017169999998, -23.582642299999975 ], [ -45.220762199999967, -23.582686 ], [ -45.221362299999953, -23.582502699999964 ], [ -45.221607899999981, -23.582155899999975 ], [ -45.221595499999978, -23.58176409999993 ], [ -45.221719499999949, -23.581389699999932 ], [ -45.221958299999983, -23.581195399999956 ], [ -45.222199699999976, -23.58131659999998 ], [ -45.222446299999945, -23.581557699999962 ], [ -45.222685, -23.581799299999943 ], [ -45.22293639999998, -23.58206139999993 ], [ -45.222956099999976, -23.582268 ], [ -45.223161299999958, -23.582302599999935 ], [ -45.223382599999979, -23.582479299999932 ], [ -45.223402299999975, -23.58268709999993 ], [ -45.223776199999975, -23.583076799999958 ], [ -45.224250499999982, -23.583309399999962 ], [ -45.224619699999948, -23.58308459999995 ], [ -45.224976099999935, -23.582892799999968 ], [ -45.225133, -23.58297749999997 ], [ -45.225543799999969, -23.583212 ], [ -45.22614139999996, -23.583384199999955 ], [ -45.226651699999934, -23.58355 ], [ -45.226756699999953, -23.583711 ], [ -45.226957899999945, -23.583780299999944 ], [ -45.227339699999959, -23.583841899999982 ], [ -45.228010799999936, -23.58400649999993 ], [ -45.228650799999969, -23.58408339999994 ], [ -45.228678699999932, -23.58389649999998 ], [ -45.228596, -23.583615499999951 ], [ -45.228894199999957, -23.58340869999995 ], [ -45.228748699999983, -23.583031799999958 ], [ -45.22850649999998, -23.582833 ], [ -45.228135399999985, -23.582541399999968 ], [ -45.227970199999959, -23.582178799999951 ], [ -45.228146199999969, -23.581890299999941 ], [ -45.228455499999939, -23.581651199999953 ], [ -45.228726599999959, -23.581716099999937 ], [ -45.228974299999948, -23.581760499999973 ], [ -45.229136899999958, -23.58167839999993 ], [ -45.229619299999968, -23.58164869999996 ], [ -45.229893699999934, -23.581724899999983 ], [ -45.230557899999951, -23.581689199999971 ], [ -45.23093259999996, -23.581838199999936 ], [ -45.231178399999976, -23.582035299999973 ], [ -45.231376599999976, -23.582223599999963 ], [ -45.231875199999934, -23.582487699999945 ], [ -45.232195799999943, -23.582588099999953 ], [ -45.232460899999978, -23.582546699999966 ], [ -45.232614, -23.582503 ], [ -45.232836199999952, -23.582486199999948 ], [ -45.233119199999976, -23.582645699999944 ], [ -45.233467099999984, -23.582791499999928 ], [ -45.233736499999964, -23.582980499999962 ], [ -45.234005199999956, -23.582949599999949 ], [ -45.23413, -23.582858299999941 ], [ -45.234293699999967, -23.582859599999949 ], [ -45.234454099999937, -23.582935799999973 ], [ -45.234996, -23.583245799999929 ], [ -45.235687299999938, -23.583677699999953 ], [ -45.236639099999934, -23.584343299999944 ], [ -45.238027099999954, -23.585394899999983 ], [ -45.239796099999978, -23.586668499999973 ], [ -45.240265, -23.587063799999953 ], [ -45.240829, -23.587486 ], [ -45.241331, -23.587867599999981 ], [ -45.241455899999949, -23.588250599999981 ], [ -45.241587099999947, -23.588748299999963 ], [ -45.241801599999974, -23.589262199999951 ], [ -45.242152899999951, -23.589626199999941 ], [ -45.242455299999961, -23.590017499999931 ], [ -45.24271159999995, -23.590521299999978 ], [ -45.242890599999953, -23.591085 ], [ -45.243227599999955, -23.591600099999937 ], [ -45.243420699999945, -23.59206249999994 ], [ -45.243527, -23.59232789999993 ], [ -45.243412399999954, -23.592637099999934 ], [ -45.24368439999995, -23.593158199999948 ], [ -45.24396, -23.592468599999961 ], [ -45.244118299999968, -23.59206949999998 ], [ -45.244340699999952, -23.591596599999946 ], [ -45.244296799999972, -23.591408899999976 ], [ -45.244159799999977, -23.591190099999949 ], [ -45.244020499999976, -23.591016299999978 ], [ -45.243960799999968, -23.590718899999956 ], [ -45.243924399999969, -23.590401899999961 ], [ -45.24399029999995, -23.589902299999949 ], [ -45.243891099999985, -23.589357 ], [ -45.243846699999949, -23.588997799999959 ], [ -45.243833699999982, -23.588631499999963 ], [ -45.243837399999961, -23.58822779999997 ], [ -45.24396749999994, -23.587795299999982 ], [ -45.244026099999985, -23.587447199999929 ], [ -45.24401789999996, -23.587159399999962 ], [ -45.243727299999932, -23.586566 ], [ -45.243551499999967, -23.586083199999962 ], [ -45.243537, -23.585626099999956 ], [ -45.243490699999938, -23.585207099999934 ], [ -45.243282799999974, -23.584737799999971 ], [ -45.242733599999951, -23.583958799999948 ], [ -45.242504699999984, -23.583283499999936 ], [ -45.242335099999934, -23.582683499999973 ], [ -45.242087, -23.582626199999936 ], [ -45.241815499999973, -23.582714 ], [ -45.241471599999954, -23.582744699999978 ], [ -45.241106299999956, -23.582764499999939 ], [ -45.240614799999946, -23.582703699999968 ], [ -45.240243499999963, -23.582563199999981 ], [ -45.239888899999983, -23.582298 ], [ -45.239536599999951, -23.581892099999948 ], [ -45.239238399999977, -23.581581099999937 ], [ -45.238956199999961, -23.581394299999943 ], [ -45.238632, -23.581389599999966 ], [ -45.238163699999973, -23.581499299999962 ], [ -45.237749299999962, -23.581596399999967 ], [ -45.237234799999953, -23.58158149999997 ], [ -45.236971199999971, -23.581293 ], [ -45.236775299999977, -23.580911499999957 ], [ -45.236517599999956, -23.580657199999962 ], [ -45.236196299999961, -23.580441 ], [ -45.23584539999996, -23.580166 ], [ -45.23555, -23.57974669999993 ], [ -45.235309599999937, -23.579893 ], [ -45.234970699999963, -23.58008719999998 ], [ -45.23462909999995, -23.580258899999933 ], [ -45.234351499999946, -23.580429199999969 ], [ -45.233970899999974, -23.580657499999973 ], [ -45.233695199999943, -23.580909 ], [ -45.233379499999955, -23.581057299999941 ], [ -45.233014199999957, -23.581011499999931 ], [ -45.232827199999974, -23.580818499999964 ], [ -45.232737099999952, -23.580473899999959 ], [ -45.232563599999935, -23.58021569999994 ], [ -45.232332699999972, -23.580034599999976 ], [ -45.232115299999975, -23.579897499999959 ], [ -45.231921399999976, -23.579675099999974 ], [ -45.231779699999947, -23.57932569999997 ], [ -45.231703599999946, -23.579128499999968 ], [ -45.231313099999966, -23.579155399999934 ], [ -45.230881, -23.579085 ], [ -45.230387499999949, -23.578947699999958 ], [ -45.230121099999963, -23.578939299999945 ], [ -45.229787, -23.579049599999962 ], [ -45.229368799999975, -23.579021499999953 ], [ -45.228931199999977, -23.578927499999963 ], [ -45.228651499999955, -23.578918499999929 ], [ -45.228275, -23.578934299999958 ], [ -45.227960899999971, -23.579061399999944 ], [ -45.227667599999961, -23.579212199999972 ], [ -45.227504099999976, -23.579485 ], [ -45.227299699999946, -23.579728099999954 ], [ -45.227014899999972, -23.579798199999971 ], [ -45.226798199999962, -23.579927899999973 ], [ -45.226481, -23.580183 ], [ -45.2263, -23.580472899999961 ], [ -45.225756199999978, -23.580754699999943 ], [ -45.225411099999974, -23.580826299999956 ], [ -45.225168, -23.580763399999967 ], [ -45.224991399999965, -23.58050419999995 ], [ -45.224948099999949, -23.580271599999946 ], [ -45.224977199999955, -23.579651 ], [ -45.224996, -23.579329499999972 ], [ -45.224953899999946, -23.578728699999942 ], [ -45.224885299999983, -23.578315799999928 ], [ -45.224744399999963, -23.578018199999974 ], [ -45.224174699999935, -23.578026899999941 ], [ -45.223408099999972, -23.578143099999977 ], [ -45.222945, -23.578125799999953 ], [ -45.222559, -23.57796929999995 ], [ -45.222285699999929, -23.577818199999967 ], [ -45.221952199999976, -23.577704799999935 ], [ -45.221629299999961, -23.577631499999939 ], [ -45.221360199999936, -23.57761249999993 ], [ -45.221085, -23.577649199999939 ], [ -45.220721699999956, -23.577828699999941 ], [ -45.220555299999944, -23.577988699999935 ], [ -45.220335, -23.578218599999957 ], [ -45.219917299999963, -23.578428299999928 ], [ -45.219525699999963, -23.578515299999935 ], [ -45.219435, -23.578782099999955 ], [ -45.219565199999977, -23.579259199999967 ], [ -45.219506299999978, -23.579490699999951 ], [ -45.219457099999943, -23.579722 ], [ -45.219409499999983, -23.579916699999956 ], [ -45.219351099999983, -23.580089699999974 ], [ -45.219265399999983, -23.580226299999936 ], [ -45.21865269999995, -23.580217 ], [ -45.218337, -23.580087 ], [ -45.217988099999957, -23.580067 ], [ -45.217392399999937, -23.57977429999994 ], [ -45.216886199999976, -23.579697199999941 ], [ -45.216576, -23.579545 ], [ -45.216266399999938, -23.579321499999935 ] ] ] } },
{ "type": "Feature", "properties": { "id": "3555406058", "cd_bairro": "3555406058", "bairro": "Praia da Porta (Lag, Fig, Galheta)", "cd_mun": "3555406", "municipio": "Ubatuba", "cd_dist": "355540605", "distrito": "Ubatuba" }, "geometry": { "type": "Polygon", "coordinates": [ [ [ -45.240032699999972, -23.574064199999953 ], [ -45.243452, -23.578812699999958 ], [ -45.245343199999979, -23.581176199999959 ], [ -45.246288499999935, -23.582337799999948 ], [ -45.246239199999934, -23.582992099999956 ], [ -45.246246399999961, -23.583530399999972 ], [ -45.246430399999952, -23.584018399999934 ], [ -45.246572299999968, -23.584501599999953 ], [ -45.246883299999979, -23.584930699999973 ], [ -45.247111799999971, -23.585416899999927 ], [ -45.247366599999964, -23.58580829999994 ], [ -45.247483199999976, -23.586389699999927 ], [ -45.247577699999965, -23.586728099999959 ], [ -45.247422099999937, -23.587437399999942 ], [ -45.247419299999933, -23.587993899999958 ], [ -45.247623399999952, -23.588663 ], [ -45.248036, -23.589260399999944 ], [ -45.248450399999967, -23.589623099999983 ], [ -45.248953699999959, -23.590013599999963 ], [ -45.249356899999952, -23.590335399999958 ], [ -45.24969619999996, -23.590666699999929 ], [ -45.249900299999979, -23.590905099999929 ], [ -45.249974799999961, -23.59117939999993 ], [ -45.249944699999958, -23.591417 ], [ -45.249707399999977, -23.591630599999974 ], [ -45.24934049999996, -23.591774499999929 ], [ -45.249043499999971, -23.591747699999928 ], [ -45.24847479999994, -23.591770299999951 ], [ -45.248425699999984, -23.592415599999981 ], [ -45.249213199999986, -23.592510499999946 ], [ -45.24984939999996, -23.592558199999928 ], [ -45.250219299999969, -23.592799899999932 ], [ -45.250613199999975, -23.59317939999994 ], [ -45.251068299999986, -23.593474299999968 ], [ -45.251350599999967, -23.593743899999936 ], [ -45.25162279999995, -23.593965599999933 ], [ -45.252212699999973, -23.594260099999929 ], [ -45.252652, -23.594331499999953 ], [ -45.253018299999951, -23.594536199999936 ], [ -45.253263199999935, -23.594396699999947 ], [ -45.253476, -23.594228899999962 ], [ -45.253254399999946, -23.593851799999982 ], [ -45.253087599999958, -23.59347779999996 ], [ -45.252752899999962, -23.593093599999975 ], [ -45.25253, -23.592482099999927 ], [ -45.252378199999953, -23.592007099999933 ], [ -45.252777699999967, -23.591434699999979 ], [ -45.253201099999956, -23.591021499999954 ], [ -45.253712599999972, -23.590524199999948 ], [ -45.254157299999974, -23.590138599999932 ], [ -45.254505299999948, -23.589939699999945 ], [ -45.254958899999963, -23.589734499999963 ], [ -45.255468099999973, -23.589524899999958 ], [ -45.255971299999942, -23.589500899999962 ], [ -45.256483199999934, -23.589499899999964 ], [ -45.257260199999962, -23.589599699999951 ], [ -45.25771009999994, -23.589773899999955 ], [ -45.257933299999934, -23.589927499999931 ], [ -45.258067099999948, -23.590541599999938 ], [ -45.258422899999971, -23.591231799999946 ], [ -45.258861299999978, -23.591593699999976 ], [ -45.259594899999968, -23.592181 ], [ -45.259762899999942, -23.593105299999934 ], [ -45.25970609999996, -23.59392379999997 ], [ -45.260194, -23.594425 ], [ -45.261040299999934, -23.595612299999971 ], [ -45.26162949999997, -23.596401 ], [ -45.262497899999971, -23.596665199999961 ], [ -45.263263799999947, -23.596640099999945 ], [ -45.263186399999938, -23.59623629999993 ], [ -45.263043399999958, -23.595669499999929 ], [ -45.262764699999934, -23.595120299999962 ], [ -45.262520699999982, -23.59462689999998 ], [ -45.262073, -23.593666199999973 ], [ -45.261601, -23.593119 ], [ -45.261339299999975, -23.592432599999938 ], [ -45.261032799999953, -23.591876199999945 ], [ -45.26146179999995, -23.59138379999996 ], [ -45.262019799999962, -23.590992099999937 ], [ -45.262585599999966, -23.590597899999977 ], [ -45.26275389999995, -23.590071799999976 ], [ -45.263324199999943, -23.589283 ], [ -45.264015299999983, -23.588839199999939 ], [ -45.264795099999958, -23.588620799999944 ], [ -45.266359499999965, -23.58806 ], [ -45.268099799999959, -23.587807299999952 ], [ -45.268939399999965, -23.587798499999963 ], [ -45.269679399999973, -23.58829309999993 ], [ -45.270321, -23.588445 ], [ -45.270264399999974, -23.58887 ], [ -45.270439599999975, -23.589196899999934 ], [ -45.270776, -23.589079699999957 ], [ -45.271095699999933, -23.588629599999933 ], [ -45.271434399999976, -23.587702199999967 ], [ -45.271436299999948, -23.586872599999936 ], [ -45.271465899999953, -23.586811799999964 ], [ -45.271709299999941, -23.586656599999969 ], [ -45.272192599999983, -23.586478 ], [ -45.272653699999978, -23.586420899999951 ], [ -45.273179099999936, -23.586445 ], [ -45.273776399999974, -23.586570599999959 ], [ -45.27424469999994, -23.586662199999978 ], [ -45.274853, -23.586828299999979 ], [ -45.275413199999946, -23.587028099999941 ], [ -45.276112299999966, -23.58732109999994 ], [ -45.276205899999979, -23.587378299999955 ], [ -45.276303599999949, -23.587473099999954 ], [ -45.276388099999963, -23.587577199999942 ], [ -45.27641749999998, -23.58761759999993 ], [ -45.276488899999947, -23.587705099999937 ], [ -45.276553, -23.587781799999959 ], [ -45.27664249999998, -23.58783509999995 ], [ -45.276688299999932, -23.587921199999982 ], [ -45.276774199999977, -23.587983899999983 ], [ -45.276889199999971, -23.588057399999968 ], [ -45.276987899999938, -23.588150699999971 ], [ -45.277071499999977, -23.588227099999983 ], [ -45.277135699999974, -23.588324 ], [ -45.277193, -23.588380299999983 ], [ -45.277188899999942, -23.588432 ], [ -45.277245199999982, -23.58851379999993 ], [ -45.277361799999937, -23.588659599999971 ], [ -45.277464499999951, -23.588685399999974 ], [ -45.277443199999936, -23.588602299999934 ], [ -45.277504399999941, -23.588620299999945 ], [ -45.277577599999972, -23.588627199999962 ], [ -45.277621699999941, -23.588596499999937 ], [ -45.277635499999974, -23.588606 ], [ -45.277688199999943, -23.588617399999976 ], [ -45.277733399999931, -23.588607399999944 ], [ -45.277770199999964, -23.588593899999978 ], [ -45.277796099999932, -23.588579799999934 ], [ -45.277803899999981, -23.588562099999933 ], [ -45.277838899999949, -23.588555199999973 ], [ -45.27789249999995, -23.588531299999943 ], [ -45.277930599999934, -23.588580299999933 ], [ -45.277967699999977, -23.588606499999969 ], [ -45.27802, -23.588593499999945 ], [ -45.278032699999983, -23.588539099999934 ], [ -45.278092599999979, -23.588485399999968 ], [ -45.278128899999956, -23.58845789999998 ], [ -45.278170499999931, -23.588471499999969 ], [ -45.278200099999935, -23.588443 ], [ -45.278222599999935, -23.58837989999995 ], [ -45.27827039999994, -23.588335499999971 ], [ -45.278325099999961, -23.588283199999978 ], [ -45.278384, -23.588275599999974 ], [ -45.278421599999945, -23.588254399999983 ], [ -45.278420599999947, -23.588202199999955 ], [ -45.278452399999935, -23.588161399999933 ], [ -45.278479, -23.588149699999974 ], [ -45.278481399999976, -23.588112699999954 ], [ -45.27846489999996, -23.588089299999979 ], [ -45.278467499999977, -23.588081699999975 ], [ -45.278488899999957, -23.58808339999996 ], [ -45.278521099999978, -23.588067799999976 ], [ -45.278526499999941, -23.588043 ], [ -45.278504199999929, -23.588014799999939 ], [ -45.278535499999975, -23.587979799999971 ], [ -45.278574, -23.587982799999963 ], [ -45.278604499999972, -23.587975299999982 ], [ -45.278616299999953, -23.587945899999966 ], [ -45.278596399999969, -23.587916899999982 ], [ -45.278609099999983, -23.587894 ], [ -45.27862609999994, -23.587863499999969 ], [ -45.278619799999944, -23.587847 ], [ -45.27863259999998, -23.587815699999965 ], [ -45.27865369999995, -23.587806 ], [ -45.278664699999979, -23.587778 ], [ -45.278672599999936, -23.587744199999975 ], [ -45.278688399999965, -23.587736099999972 ], [ -45.27871209999995, -23.587733899999932 ], [ -45.278736799999933, -23.587707599999931 ], [ -45.278734399999962, -23.58767759999995 ], [ -45.278732499999933, -23.587648399999978 ], [ -45.278751199999931, -23.587629699999979 ], [ -45.27877159999997, -23.587588299999936 ], [ -45.278779099999952, -23.587555599999973 ], [ -45.278789099999983, -23.587551099999928 ], [ -45.278796399999976, -23.587563599999953 ], [ -45.278809399999943, -23.587570599999935 ], [ -45.278824199999974, -23.587549199999955 ], [ -45.278846899999962, -23.587516599999958 ], [ -45.278814099999977, -23.587509799999964 ], [ -45.278808199999958, -23.587485399999935 ], [ -45.278830399999947, -23.587463399999933 ], [ -45.27882969999996, -23.587442599999974 ], [ -45.278841599999964, -23.587445799999955 ], [ -45.278873399999952, -23.587443399999927 ], [ -45.278891099999953, -23.587426799999946 ], [ -45.278870599999948, -23.587402 ], [ -45.278864499999941, -23.587378399999977 ], [ -45.278888699999982, -23.587343899999951 ], [ -45.278908399999978, -23.587326499999961 ], [ -45.278930099999968, -23.587328099999979 ], [ -45.278967399999942, -23.587311399999976 ], [ -45.278979199999981, -23.587293199999976 ], [ -45.278972599999975, -23.58726919999998 ], [ -45.278954499999941, -23.587248699999975 ], [ -45.278966799999978, -23.587233599999934 ], [ -45.278988899999945, -23.58724 ], [ -45.279019, -23.587228699999969 ], [ -45.279037099999982, -23.587219399999981 ], [ -45.279047599999956, -23.587185599999941 ], [ -45.279066899999975, -23.587177199999928 ], [ -45.279061099999979, -23.587154 ], [ -45.279074299999934, -23.587146599999983 ], [ -45.279084699999942, -23.587123399999939 ], [ -45.279081899999937, -23.58710039999994 ], [ -45.279081, -23.587081599999976 ], [ -45.279089099999965, -23.587085599999966 ], [ -45.279122699999959, -23.587080899999933 ], [ -45.279133, -23.587068099999954 ], [ -45.279125799999974, -23.587065099999961 ], [ -45.279106499999955, -23.587058199999944 ], [ -45.279115599999955, -23.587037499999951 ], [ -45.279125599999929, -23.587041099999965 ], [ -45.279130699999939, -23.587030699999957 ], [ -45.279128399999934, -23.587009 ], [ -45.279138399999965, -23.587008699999956 ], [ -45.279152299999964, -23.586994199999936 ], [ -45.279148799999973, -23.58695339999997 ], [ -45.279193099999929, -23.586924799999963 ], [ -45.279223799999954, -23.586913199999969 ], [ -45.279245699999933, -23.586925099999974 ], [ -45.279253499999982, -23.586913199999969 ], [ -45.279251199999976, -23.586882499999945 ], [ -45.279272399999968, -23.58683949999994 ], [ -45.279267199999936, -23.586799699999972 ], [ -45.279249499999935, -23.586784499999965 ], [ -45.279243199999939, -23.58676719999994 ], [ -45.279263199999946, -23.586772 ], [ -45.27929, -23.586792899999978 ], [ -45.279325899999947, -23.586795799999948 ], [ -45.279337, -23.586752399999966 ], [ -45.279333699999938, -23.586698099999978 ], [ -45.279305199999953, -23.586663499999929 ], [ -45.279322599999944, -23.586628599999983 ], [ -45.27934, -23.586588499999948 ], [ -45.279342099999951, -23.586552199999971 ], [ -45.279361599999959, -23.586523399999976 ], [ -45.279382599999963, -23.586489399999948 ], [ -45.27937929999996, -23.586453699999936 ], [ -45.279405599999961, -23.586418399999957 ], [ -45.279433799999936, -23.586414799999943 ], [ -45.279426299999955, -23.586376899999948 ], [ -45.279458199999965, -23.586354099999937 ], [ -45.279515299999957, -23.586306699999966 ], [ -45.279498299999943, -23.58628589999995 ], [ -45.279524199999969, -23.586262699999963 ], [ -45.279566799999941, -23.586201899999935 ], [ -45.279615, -23.586157599999979 ], [ -45.279640499999971, -23.586132599999928 ], [ -45.279668699999945, -23.58610479999993 ], [ -45.279668499999957, -23.58606409999993 ], [ -45.279654099999959, -23.586001899999928 ], [ -45.279639799999984, -23.585921299999939 ], [ -45.279623199999946, -23.585860899999943 ], [ -45.279629399999976, -23.585819 ], [ -45.279643199999953, -23.58582709999996 ], [ -45.279656899999964, -23.585781399999973 ], [ -45.279657, -23.585733199999936 ], [ -45.279674099999966, -23.585722099999941 ], [ -45.279708099999937, -23.585682 ], [ -45.279719599999964, -23.585636799999975 ], [ -45.279727799999932, -23.585615099999927 ], [ -45.27974329999995, -23.585621 ], [ -45.27976689999997, -23.585592 ], [ -45.279769899999962, -23.585563299999933 ], [ -45.279794299999935, -23.585557599999959 ], [ -45.27983039999998, -23.585535 ], [ -45.279822199999956, -23.585491899999965 ], [ -45.279790799999944, -23.585463399999981 ], [ -45.279821799999979, -23.585429399999953 ], [ -45.279846499999962, -23.585403099999951 ], [ -45.279861099999948, -23.585358299999939 ], [ -45.279891799999973, -23.585290799999939 ], [ -45.279888899999946, -23.585221899999965 ], [ -45.279918, -23.585163199999954 ], [ -45.279965, -23.585103599999968 ], [ -45.279953, -23.585044499999981 ], [ -45.27996, -23.584948299999951 ], [ -45.279998299999932, -23.584902899999975 ], [ -45.280016699999976, -23.584844499999974 ], [ -45.279996599999947, -23.584757199999956 ], [ -45.280126799999948, -23.584649 ], [ -45.280118799999968, -23.584586499999943 ], [ -45.280130499999984, -23.584476199999983 ], [ -45.280100699999934, -23.584367399999962 ], [ -45.280100799999957, -23.58432739999995 ], [ -45.280072399999938, -23.584291299999961 ], [ -45.280037399999969, -23.584195499999964 ], [ -45.280003399999941, -23.584133099999974 ], [ -45.279989799999953, -23.584039799999971 ], [ -45.279887099999939, -23.583902699999953 ], [ -45.27982819999994, -23.583817899999929 ], [ -45.279808399999979, -23.583727799999963 ], [ -45.279737799999964, -23.583605199999965 ], [ -45.279628699999932, -23.583514099999945 ], [ -45.27953709999997, -23.583433599999978 ], [ -45.279419099999984, -23.583350799999948 ], [ -45.279315899999972, -23.58328819999997 ], [ -45.279192199999954, -23.583261199999981 ], [ -45.279038299999968, -23.583219299999939 ], [ -45.278810899999939, -23.583253399999933 ], [ -45.278673599999934, -23.583276399999932 ], [ -45.278629199999955, -23.58334549999995 ], [ -45.27853749999997, -23.583354799999938 ], [ -45.27839119999993, -23.583341399999938 ], [ -45.278267699999958, -23.583353299999942 ], [ -45.278260399999965, -23.583353599999953 ], [ -45.278166699999986, -23.583327299999951 ], [ -45.27813759999998, -23.583334699999966 ], [ -45.27798359999997, -23.583336499999973 ], [ -45.277812499999982, -23.583246799999984 ], [ -45.277673499999935, -23.583161899999936 ], [ -45.277591399999949, -23.583054599999969 ], [ -45.277534799999955, -23.582906199999968 ], [ -45.277484399999935, -23.58276879999994 ], [ -45.277426399999968, -23.582702199999972 ], [ -45.277408099999946, -23.582627199999934 ], [ -45.277411799999982, -23.582591799999932 ], [ -45.277416599999981, -23.58255029999998 ], [ -45.277416399999936, -23.582478199999969 ], [ -45.277402399999971, -23.582346099999938 ], [ -45.277362899999957, -23.582265499999949 ], [ -45.277339799999936, -23.582221199999935 ], [ -45.27732, -23.58218439999996 ], [ -45.277237099999979, -23.582117899999957 ], [ -45.277206799999931, -23.582041699999934 ], [ -45.277167799999972, -23.581990599999983 ], [ -45.277169099999981, -23.581913 ], [ -45.277172099999973, -23.581848599999944 ], [ -45.277168499999959, -23.581720899999937 ], [ -45.277167599999984, -23.581648899999948 ], [ -45.277159599999948, -23.581580199999962 ], [ -45.277169599999979, -23.581511499999976 ], [ -45.277201399999967, -23.581458899999973 ], [ -45.277223499999934, -23.581403399999942 ], [ -45.277226199999973, -23.581380799999977 ], [ -45.277219, -23.581333599999937 ], [ -45.277213099999983, -23.58128679999993 ], [ -45.277197, -23.581255499999941 ], [ -45.27719959999996, -23.581205299999965 ], [ -45.277189399999941, -23.581141499999944 ], [ -45.277180699999974, -23.581082599999945 ], [ -45.27723089999995, -23.581056599999954 ], [ -45.277224499999932, -23.581024099999979 ], [ -45.277254599999935, -23.580973699999959 ], [ -45.277263699999935, -23.580951899999945 ], [ -45.277272, -23.580911799999967 ], [ -45.27729949999997, -23.580894299999954 ], [ -45.277325599999983, -23.580893899999978 ], [ -45.277351299999964, -23.580876199999977 ], [ -45.277354199999934, -23.580826 ], [ -45.277312499999937, -23.580813099999943 ], [ -45.277321399999948, -23.58078009999997 ], [ -45.277330699999936, -23.580756799999961 ], [ -45.277348599999982, -23.580768299999932 ], [ -45.27737019999995, -23.580768499999976 ], [ -45.277358399999969, -23.580750599999931 ], [ -45.27734369999996, -23.580724399999951 ], [ -45.277345299999979, -23.580683 ], [ -45.277372799999966, -23.580652899999961 ], [ -45.277397199999939, -23.580633 ], [ -45.277411899999947, -23.580592599999932 ], [ -45.277396099999976, -23.580573299999969 ], [ -45.277369599999986, -23.58060039999998 ], [ -45.277338099999952, -23.580604499999936 ], [ -45.277310099999966, -23.580592499999966 ], [ -45.27728929999995, -23.580565899999954 ], [ -45.277289899999971, -23.58050609999998 ], [ -45.277320799999984, -23.58050819999994 ], [ -45.277326899999935, -23.580456399999946 ], [ -45.277346099999932, -23.580406 ], [ -45.277345699999955, -23.580356499999937 ], [ -45.277382499999931, -23.580312799999945 ], [ -45.27742139999998, -23.580308399999979 ], [ -45.277457799999979, -23.580319599999939 ], [ -45.277504799999974, -23.580334199999982 ], [ -45.277522099999942, -23.580305399999929 ], [ -45.277528299999972, -23.580265 ], [ -45.277493299999946, -23.580219899999975 ], [ -45.277501199999961, -23.580203299999937 ], [ -45.277474699999971, -23.580181399999958 ], [ -45.277438199999949, -23.580155899999966 ], [ -45.277413799999977, -23.580103899999983 ], [ -45.277424099999962, -23.580044599999951 ], [ -45.277452699999969, -23.579988299999968 ], [ -45.277474199999972, -23.579915 ], [ -45.277466199999935, -23.579847399999949 ], [ -45.277438599999982, -23.579752299999939 ], [ -45.277366299999983, -23.579631099999972 ], [ -45.277337199999977, -23.57958919999993 ], [ -45.277272399999958, -23.579494899999929 ], [ -45.277168599999982, -23.579388199999983 ], [ -45.277095, -23.5793 ], [ -45.277019399999972, -23.579220699999951 ], [ -45.276992099999973, -23.579144499999927 ], [ -45.276933299999939, -23.579109599999981 ], [ -45.276864099999955, -23.579028599999958 ], [ -45.276781, -23.578933899999981 ], [ -45.27672339999998, -23.578854299999932 ], [ -45.276705099999958, -23.578790499999968 ], [ -45.276684799999941, -23.57833729999993 ], [ -45.276681199999985, -23.578341899999941 ], [ -45.276678299999958, -23.578346799999963 ], [ -45.276443699999959, -23.578684 ], [ -45.276440899999955, -23.578684499999952 ], [ -45.276423499999964, -23.578723 ], [ -45.276170399999955, -23.578902599999935 ], [ -45.275316399999951, -23.579206299999953 ], [ -45.274266299999965, -23.579348599999946 ], [ -45.273393299999952, -23.579351799999984 ], [ -45.272627899999975, -23.578978499999948 ], [ -45.272418099999982, -23.578497699999957 ], [ -45.272379299999955, -23.57848649999994 ], [ -45.27234, -23.578475099999935 ], [ -45.272161199999971, -23.578423499999928 ], [ -45.271364199999937, -23.578091499999971 ], [ -45.270662199999947, -23.577867499999968 ], [ -45.269973199999981, -23.577571499999976 ], [ -45.269259199999965, -23.577289499999949 ], [ -45.26861619999994, -23.577029499999981 ], [ -45.268140199999948, -23.576757499999928 ], [ -45.26733459999997, -23.576407499999959 ], [ -45.266446499999972, -23.576050899999927 ], [ -45.265882199999965, -23.575875399999973 ], [ -45.265211699999952, -23.575673399999971 ], [ -45.260020599999962, -23.57400309999997 ], [ -45.260085499999946, -23.574081899999953 ], [ -45.260166599999934, -23.574234899999965 ], [ -45.260319699999968, -23.574503199999981 ], [ -45.260357699999986, -23.574748099999965 ], [ -45.260157, -23.575075599999934 ], [ -45.259706299999948, -23.575233699999956 ], [ -45.259391, -23.575210399999946 ], [ -45.259136, -23.57510039999994 ], [ -45.258903099999941, -23.57493489999996 ], [ -45.258690799999954, -23.574759399999948 ], [ -45.258429899999953, -23.574605899999938 ], [ -45.258189899999934, -23.574404199999947 ], [ -45.257966599999975, -23.574237899999957 ], [ -45.257779599999935, -23.574099199999978 ], [ -45.257499299999949, -23.57389569999998 ], [ -45.257221099999981, -23.573715899999968 ], [ -45.257073699999978, -23.573512799999946 ], [ -45.248570499999971, -23.573314899999957 ], [ -45.248237099999983, -23.573462399999983 ], [ -45.247698499999956, -23.57366479999996 ], [ -45.24664649999994, -23.573745199999962 ], [ -45.245878399999981, -23.573597699999937 ], [ -45.245301599999948, -23.573396 ], [ -45.244450299999983, -23.573203699999965 ], [ -45.244031699999937, -23.57314619999994 ], [ -45.243310699999938, -23.573082899999974 ], [ -45.242616299999952, -23.573132599999951 ], [ -45.242001099999982, -23.573239899999976 ], [ -45.241682099999935, -23.573312899999962 ], [ -45.241177799999946, -23.573489 ], [ -45.240265299999976, -23.57399659999993 ], [ -45.240032699999972, -23.574064199999953 ] ] ] } },
{ "type": "Feature", "properties": { "id": "3555406059", "cd_bairro": "3555406059", "bairro": "Tabatinga", "cd_mun": "3555406", "municipio": "Ubatuba", "cd_dist": "355540605", "distrito": "Ubatuba" }, "geometry": { "type": "Polygon", "coordinates": [ [ [ -45.257835199999931, -23.562082399999952 ], [ -45.257807, -23.562111899999934 ], [ -45.255883799999935, -23.56380009999998 ], [ -45.253516399999967, -23.565976 ], [ -45.249053, -23.569847099999947 ], [ -45.249352, -23.570457 ], [ -45.249643099999957, -23.570800299999974 ], [ -45.25006609999997, -23.571208199999944 ], [ -45.250291599999969, -23.571465299999943 ], [ -45.250385899999969, -23.571805299999937 ], [ -45.250121499999977, -23.572288499999956 ], [ -45.249844499999938, -23.572563099999968 ], [ -45.24928959999994, -23.572936399999946 ], [ -45.24870059999995, -23.573257399999932 ], [ -45.248570499999971, -23.573314899999957 ], [ -45.257073699999978, -23.573512799999946 ], [ -45.257221099999981, -23.573715899999968 ], [ -45.257499299999949, -23.57389569999998 ], [ -45.257779599999935, -23.574099199999978 ], [ -45.257966599999975, -23.574237899999957 ], [ -45.258189899999934, -23.574404199999947 ], [ -45.258429899999953, -23.574605899999938 ], [ -45.258690799999954, -23.574759399999948 ], [ -45.258903099999941, -23.57493489999996 ], [ -45.259136, -23.57510039999994 ], [ -45.259391, -23.575210399999946 ], [ -45.259706299999948, -23.575233699999956 ], [ -45.260157, -23.575075599999934 ], [ -45.260357699999986, -23.574748099999965 ], [ -45.260319699999968, -23.574503199999981 ], [ -45.260166599999934, -23.574234899999965 ], [ -45.260085499999946, -23.574081899999953 ], [ -45.260020599999962, -23.57400309999997 ], [ -45.265211699999952, -23.575673399999971 ], [ -45.265882199999965, -23.575875399999973 ], [ -45.266446499999972, -23.576050899999927 ], [ -45.26733459999997, -23.576407499999959 ], [ -45.268140199999948, -23.576757499999928 ], [ -45.26861619999994, -23.577029499999981 ], [ -45.269259199999965, -23.577289499999949 ], [ -45.269973199999981, -23.577571499999976 ], [ -45.270662199999947, -23.577867499999968 ], [ -45.271364199999937, -23.578091499999971 ], [ -45.272161199999971, -23.578423499999928 ], [ -45.27234, -23.578475099999935 ], [ -45.272379299999955, -23.57848649999994 ], [ -45.272418099999982, -23.578497699999957 ], [ -45.272627899999975, -23.578978499999948 ], [ -45.273393299999952, -23.579351799999984 ], [ -45.274266299999965, -23.579348599999946 ], [ -45.275316399999951, -23.579206299999953 ], [ -45.276170399999955, -23.578902599999935 ], [ -45.276423499999964, -23.578723 ], [ -45.276440899999955, -23.578684499999952 ], [ -45.276443699999959, -23.578684 ], [ -45.276678299999958, -23.578346799999963 ], [ -45.276681199999985, -23.578341899999941 ], [ -45.276684799999941, -23.57833729999993 ], [ -45.27667, -23.578341 ], [ -45.276662, -23.578342 ], [ -45.276655, -23.578344 ], [ -45.276647, -23.578346 ], [ -45.276639, -23.578348 ], [ -45.276632, -23.578349 ], [ -45.276624, -23.578351 ], [ -45.276616, -23.578352 ], [ -45.276609, -23.578353 ], [ -45.276601, -23.578354 ], [ -45.276594, -23.578354 ], [ -45.27659, -23.578354 ], [ -45.276586, -23.578354 ], [ -45.276579, -23.578354 ], [ -45.276572, -23.578353 ], [ -45.276564, -23.578352 ], [ -45.276557, -23.578352 ], [ -45.27655, -23.578351 ], [ -45.276542, -23.578351 ], [ -45.276535, -23.57835 ], [ -45.276528, -23.578349 ], [ -45.276521, -23.578348 ], [ -45.276513, -23.578348 ], [ -45.276506, -23.578347 ], [ -45.276498, -23.578346 ], [ -45.276489, -23.578345 ], [ -45.27648, -23.578343 ], [ -45.276471, -23.578342 ], [ -45.276461, -23.578341 ], [ -45.276451, -23.578339 ], [ -45.276441, -23.578338 ], [ -45.276431, -23.578337 ], [ -45.276421, -23.578335 ], [ -45.276411, -23.578334 ], [ -45.276401, -23.578333 ], [ -45.276391, -23.578332 ], [ -45.27638, -23.578331 ], [ -45.276371, -23.57833 ], [ -45.276361, -23.578329 ], [ -45.276351, -23.578327 ], [ -45.276342, -23.578325 ], [ -45.276334, -23.578322 ], [ -45.276326, -23.578319 ], [ -45.276318, -23.578315 ], [ -45.27631, -23.57831 ], [ -45.276303, -23.578306 ], [ -45.276296, -23.578301 ], [ -45.276288, -23.578297 ], [ -45.276281, -23.578292 ], [ -45.276273, -23.578287 ], [ -45.276266, -23.578283 ], [ -45.276259, -23.578278 ], [ -45.276251, -23.578273 ], [ -45.276243, -23.578268 ], [ -45.276235, -23.578262 ], [ -45.276227, -23.578256 ], [ -45.276218, -23.578249 ], [ -45.276209, -23.578242 ], [ -45.2762, -23.578234 ], [ -45.276191, -23.578227 ], [ -45.276181, -23.578219 ], [ -45.276172, -23.578211 ], [ -45.276162, -23.578203 ], [ -45.276153, -23.578195 ], [ -45.276143, -23.578187 ], [ -45.276134, -23.578179 ], [ -45.276124, -23.578171 ], [ -45.276114, -23.578163 ], [ -45.276105, -23.578155 ], [ -45.276096, -23.578148 ], [ -45.276087, -23.57814 ], [ -45.276079, -23.578134 ], [ -45.276071, -23.578127 ], [ -45.276063, -23.578121 ], [ -45.276055, -23.578114 ], [ -45.276047, -23.578108 ], [ -45.276039, -23.578102 ], [ -45.276031, -23.578096 ], [ -45.275855, -23.577972 ], [ -45.275667, -23.577867 ], [ -45.27563, -23.577855 ], [ -45.275553, -23.577861 ], [ -45.275486, -23.577883 ], [ -45.275443, -23.577909 ], [ -45.275292, -23.578021 ], [ -45.275192, -23.578098 ], [ -45.275071, -23.578176 ], [ -45.274822, -23.578249 ], [ -45.274726, -23.578256 ], [ -45.27463, -23.578263 ], [ -45.27454, -23.578242 ], [ -45.27445, -23.578221 ], [ -45.274307, -23.578136 ], [ -45.274095, -23.577975 ], [ -45.273606, -23.577365 ], [ -45.273855099999935, -23.577273799999944 ], [ -45.273877099999936, -23.577203899999972 ], [ -45.273935899999969, -23.577017599999976 ], [ -45.274234699999965, -23.576636299999961 ], [ -45.274336, -23.57650689999997 ], [ -45.274543, -23.575889599999982 ], [ -45.274698, -23.575725899999952 ], [ -45.274723499999936, -23.575699 ], [ -45.275076, -23.575637099999938 ], [ -45.275642199999936, -23.575949 ], [ -45.275938, -23.575942099999963 ], [ -45.276137499999948, -23.575835 ], [ -45.276240899999948, -23.575564799999938 ], [ -45.276019899999937, -23.575332199999934 ], [ -45.27545, -23.575312099999962 ], [ -45.275026799999978, -23.574946299999965 ], [ -45.274715199999946, -23.574969299999964 ], [ -45.274615099999949, -23.575098799999978 ], [ -45.274342099999956, -23.575451599999951 ], [ -45.274284499999965, -23.575526 ], [ -45.274208299999941, -23.575624599999969 ], [ -45.273963899999956, -23.575537499999939 ], [ -45.274255199999971, -23.574890799999935 ], [ -45.274148399999945, -23.574284699999964 ], [ -45.273729899999978, -23.573965799999939 ], [ -45.273536799999931, -23.57390369999996 ], [ -45.273491399999955, -23.573889099999974 ], [ -45.27275659999998, -23.573652699999968 ], [ -45.272649699999931, -23.573343099999931 ], [ -45.272746, -23.573119099999928 ], [ -45.273041899999953, -23.572964499999955 ], [ -45.273829099999944, -23.572874799999965 ], [ -45.273839199999941, -23.572722699999929 ], [ -45.273849799999937, -23.572563399999979 ], [ -45.273473899999942, -23.572313099999974 ], [ -45.273066299999982, -23.572392499999978 ], [ -45.272534099999973, -23.572779499999967 ], [ -45.272242699999936, -23.572764099999972 ], [ -45.272128799999962, -23.572587599999963 ], [ -45.272259399999939, -23.572307299999977 ], [ -45.273737, -23.571748299999967 ], [ -45.27418119999993, -23.571580299999937 ], [ -45.274106299999971, -23.571188199999938 ], [ -45.274206099999958, -23.570912499999963 ], [ -45.274086299999965, -23.570632599999954 ], [ -45.27416119999998, -23.570362699999976 ], [ -45.273874499999977, -23.570085099999972 ], [ -45.273869099999956, -23.569901199999947 ], [ -45.274110499999949, -23.569433799999956 ], [ -45.27426, -23.569144499999936 ], [ -45.274221799999964, -23.569042099999933 ], [ -45.274166699999967, -23.56889469999993 ], [ -45.27379609999997, -23.568901 ], [ -45.273389599999973, -23.568907899999942 ], [ -45.273196899999959, -23.568691199999932 ], [ -45.273184499999957, -23.568499199999962 ], [ -45.273160599999983, -23.56813109999996 ], [ -45.273237399999971, -23.567979099999945 ], [ -45.273248499999966, -23.567957 ], [ -45.273611099999982, -23.56723889999995 ], [ -45.273659099999975, -23.567143899999962 ], [ -45.273633, -23.566549399999928 ], [ -45.273533499999985, -23.566265899999962 ], [ -45.273528799999951, -23.566252499999962 ], [ -45.273509199999978, -23.566196699999978 ], [ -45.27333, -23.565988899999979 ], [ -45.27328609999995, -23.565938 ], [ -45.273226399999942, -23.565868699999953 ], [ -45.273137499999962, -23.565765699999929 ], [ -45.272308499999951, -23.565438299999983 ], [ -45.27203529999997, -23.565017299999965 ], [ -45.272066, -23.564496799999972 ], [ -45.271832299999971, -23.563909499999966 ], [ -45.271961, -23.563184799999931 ], [ -45.271852799999976, -23.562201499999958 ], [ -45.272133799999949, -23.561900899999955 ], [ -45.272826399999985, -23.561625 ], [ -45.272896099999969, -23.561520499999972 ], [ -45.272731799999974, -23.561202299999934 ], [ -45.272321899999952, -23.560874 ], [ -45.27184479999994, -23.559992899999941 ], [ -45.271615899999972, -23.559952399999929 ], [ -45.271283399999959, -23.560067299999957 ], [ -45.270970599999941, -23.560402899999929 ], [ -45.270633299999986, -23.560591 ], [ -45.269838199999981, -23.560756399999946 ], [ -45.26914249999993, -23.561316099999942 ], [ -45.268165599999975, -23.561632499999973 ], [ -45.267101799999978, -23.562575699999968 ], [ -45.266723199999944, -23.562749899999972 ], [ -45.265613599999938, -23.563025799999934 ], [ -45.265545399999951, -23.563091899999961 ], [ -45.264217199999962, -23.564379499999973 ], [ -45.263943599999948, -23.564553299999943 ], [ -45.26358149999993, -23.564597599999956 ], [ -45.26323739999998, -23.564519299999972 ], [ -45.26288859999994, -23.564128099999948 ], [ -45.262649, -23.56317329999996 ], [ -45.262426099999971, -23.562880499999949 ], [ -45.262077899999952, -23.562597699999969 ], [ -45.261084699999969, -23.562173299999927 ], [ -45.260721, -23.561843099999976 ], [ -45.260399099999972, -23.561710499999947 ], [ -45.259934399999963, -23.561159699999962 ], [ -45.259305, -23.560856799999954 ], [ -45.25787459999998, -23.56206 ], [ -45.257835199999931, -23.562082399999952 ] ] ] } },
{ "type": "Feature", "properties": { "id": "3555406060", "cd_bairro": "3555406060", "bairro": "Picinguaba", "cd_mun": "3555406", "municipio": "Ubatuba", "cd_dist": "355540610", "distrito": "Picinguaba" }, "geometry": { "type": "Polygon", "coordinates": [ [ [ -44.841328699999963, -23.380053299999929 ], [ -44.841198099999986, -23.380062299999963 ], [ -44.840993599999933, -23.38018969999996 ], [ -44.840820199999939, -23.380210099999942 ], [ -44.840718899999956, -23.380132 ], [ -44.840618199999938, -23.380116499999929 ], [ -44.840636899999936, -23.380052399999954 ], [ -44.840695299999936, -23.380018099999972 ], [ -44.840722699999958, -23.379905399999927 ], [ -44.84058, -23.379839199999935 ], [ -44.840599199999986, -23.379758399999957 ], [ -44.840515499999981, -23.379687899999965 ], [ -44.84034209999993, -23.37967029999993 ], [ -44.840189199999941, -23.379690699999969 ], [ -44.840083199999981, -23.379808 ], [ -44.839896599999975, -23.37981689999998 ], [ -44.839666299999976, -23.379782299999931 ], [ -44.839258199999961, -23.379757899999959 ], [ -44.83919949999995, -23.379742499999963 ], [ -44.839185499999985, -23.379675599999928 ], [ -44.839104299999974, -23.379626099999939 ], [ -44.839024399999971, -23.379578 ], [ -44.838973799999962, -23.379516199999955 ], [ -44.838897, -23.379477899999983 ], [ -44.838836899999933, -23.379466199999968 ], [ -44.838812099999984, -23.379526899999973 ], [ -44.838721199999952, -23.379553699999974 ], [ -44.838570499999946, -23.379399299999932 ], [ -44.83857729999994, -23.379218899999955 ], [ -44.838529899999969, -23.379080399999964 ], [ -44.838457699999935, -23.37903069999993 ], [ -44.838423199999966, -23.37898789999997 ], [ -44.838431399999934, -23.378951799999982 ], [ -44.838472699999954, -23.378899699999977 ], [ -44.838472899999942, -23.378838099999939 ], [ -44.83845539999993, -23.378762599999959 ], [ -44.838402299999984, -23.37872619999996 ], [ -44.838351699999976, -23.378726499999971 ], [ -44.838283599999954, -23.378731399999936 ], [ -44.838215799999944, -23.378645099999972 ], [ -44.838160199999948, -23.378402599999959 ], [ -44.838200699999959, -23.378080799999964 ], [ -44.838242099999945, -23.377758099999937 ], [ -44.838337699999954, -23.377388099999962 ], [ -44.838458199999934, -23.376924599999938 ], [ -44.838632299999972, -23.376571099999978 ], [ -44.838807299999985, -23.376298899999938 ], [ -44.839025599999957, -23.375960799999973 ], [ -44.839262199999951, -23.375641399999949 ], [ -44.839381399999979, -23.375403199999937 ], [ -44.839527099999941, -23.375285199999951 ], [ -44.839604099999974, -23.375238099999933 ], [ -44.839675299999953, -23.375214299999982 ], [ -44.839741899999979, -23.37521339999995 ], [ -44.83981689999996, -23.375226199999929 ], [ -44.839897399999984, -23.375211199999967 ], [ -44.839960299999973, -23.37522649999994 ], [ -44.840004699999952, -23.375172499999962 ], [ -44.839980399999945, -23.375089299999956 ], [ -44.839948399999969, -23.375013399999943 ], [ -44.83988549999998, -23.374980099999959 ], [ -44.839797199999964, -23.374993699999948 ], [ -44.83974829999994, -23.375017899999932 ], [ -44.839709399999947, -23.374972799999966 ], [ -44.83968079999994, -23.374913899999967 ], [ -44.839608699999985, -23.374833599999931 ], [ -44.839539799999955, -23.374730299999953 ], [ -44.839241299999969, -23.374773 ], [ -44.839122699999962, -23.374817199999939 ], [ -44.839052599999945, -23.374697099999935 ], [ -44.838958599999955, -23.374604199999965 ], [ -44.83832149999995, -23.374083499999983 ], [ -44.837854799999945, -23.373760399999981 ], [ -44.837662199999954, -23.373588199999972 ], [ -44.837566899999956, -23.373479499999974 ], [ -44.837484599999982, -23.373398599999973 ], [ -44.837355199999934, -23.373312699999929 ], [ -44.83728229999997, -23.373265899999979 ], [ -44.83722169999993, -23.373249 ], [ -44.837119299999983, -23.373245399999973 ], [ -44.836983699999962, -23.373238899999933 ], [ -44.836872299999982, -23.373216899999932 ], [ -44.83668369999998, -23.373147299999971 ], [ -44.836495099999979, -23.373115799999937 ], [ -44.836391699999979, -23.37307329999993 ], [ -44.836201499999959, -23.372973799999954 ], [ -44.836106899999947, -23.37288929999994 ], [ -44.836017599999934, -23.372762199999954 ], [ -44.83594869999996, -23.372651 ], [ -44.835924099999943, -23.372604 ], [ -44.835921799999937, -23.37257539999996 ], [ -44.835924599999942, -23.372557399999948 ], [ -44.835946299999932, -23.372541799999965 ], [ -44.83597009999994, -23.372533199999964 ], [ -44.835988099999952, -23.372518699999944 ], [ -44.83599739999994, -23.372495799999967 ], [ -44.83599449999997, -23.372471 ], [ -44.835981799999956, -23.372447 ], [ -44.835939, -23.372388899999976 ], [ -44.83586, -23.372324899999967 ], [ -44.83581369999996, -23.372231 ], [ -44.835718399999962, -23.371954199999948 ], [ -44.835508199999936, -23.37160229999995 ], [ -44.83542719999997, -23.371493199999975 ], [ -44.835306699999933, -23.371440499999949 ], [ -44.835163699999953, -23.371463099999971 ], [ -44.834463699999958, -23.371809299999939 ], [ -44.833938699999976, -23.372156899999936 ], [ -44.833557199999973, -23.372398199999964 ], [ -44.833224199999961, -23.372385299999962 ], [ -44.832933599999933, -23.372318 ], [ -44.832795499999975, -23.372080799999935 ], [ -44.832720399999971, -23.371976399999937 ], [ -44.832546599999944, -23.371843099999978 ], [ -44.832198099999971, -23.371730299999967 ], [ -44.831582799999978, -23.371515799999941 ], [ -44.830958, -23.371440499999949 ], [ -44.830383099999949, -23.371189099999981 ], [ -44.829926799999953, -23.371011499999952 ], [ -44.82975, -23.37098089999995 ], [ -44.829592599999955, -23.370940599999983 ], [ -44.829484899999954, -23.370858799999951 ], [ -44.829161899999974, -23.370715399999938 ], [ -44.828799599999968, -23.370668499999965 ], [ -44.828252599999985, -23.370719599999973 ], [ -44.828116099999932, -23.370751499999983 ], [ -44.827984899999933, -23.370804799999974 ], [ -44.827844899999945, -23.370939599999929 ], [ -44.827652499999942, -23.371090899999956 ], [ -44.827472399999976, -23.371197599999959 ], [ -44.827214699999956, -23.371122 ], [ -44.826980499999934, -23.37105 ], [ -44.826654499999961, -23.37092679999995 ], [ -44.826478399999985, -23.370909299999937 ], [ -44.826377899999954, -23.370902699999931 ], [ -44.826223099999936, -23.370879799999955 ], [ -44.826079799999945, -23.370802 ], [ -44.825886199999957, -23.370615 ], [ -44.825699499999985, -23.370483399999955 ], [ -44.825578, -23.370395899999949 ], [ -44.825404699999979, -23.370305599999938 ], [ -44.825230799999986, -23.37026579999997 ], [ -44.825035499999956, -23.370247599999971 ], [ -44.82454249999995, -23.370263699999953 ], [ -44.824233099999958, -23.37024 ], [ -44.824086899999941, -23.370232 ], [ -44.823790599999938, -23.37017179999998 ], [ -44.823612, -23.370153799999969 ], [ -44.823497799999984, -23.37015759999997 ], [ -44.823369899999932, -23.370174799999972 ], [ -44.823249399999952, -23.370211899999958 ], [ -44.823163299999976, -23.370249399999977 ], [ -44.823062, -23.370266799999968 ], [ -44.822974299999942, -23.370273899999972 ], [ -44.822869399999945, -23.370258199999967 ], [ -44.822793199999978, -23.370232099999953 ], [ -44.822734499999967, -23.370191199999965 ], [ -44.822622599999931, -23.370161899999971 ], [ -44.822480799999937, -23.370151499999963 ], [ -44.822328199999959, -23.370167799999933 ], [ -44.822242599999981, -23.370176099999981 ], [ -44.822127599999931, -23.370208499999933 ], [ -44.822023799999954, -23.370255 ], [ -44.821756199999982, -23.370488499999965 ], [ -44.821674, -23.370557399999939 ], [ -44.821625799999936, -23.37058769999993 ], [ -44.821572, -23.37060809999997 ], [ -44.821517599999936, -23.37061129999995 ], [ -44.82146309999996, -23.37058 ], [ -44.821372099999962, -23.370490399999937 ], [ -44.821303799999953, -23.370428 ], [ -44.821035499999937, -23.37025449999993 ], [ -44.82085589999997, -23.370195 ], [ -44.820737099999974, -23.370166799999936 ], [ -44.820620699999949, -23.370158299999957 ], [ -44.820542099999955, -23.370162099999959 ], [ -44.82046779999996, -23.370170599999938 ], [ -44.820389299999931, -23.370194 ], [ -44.820275699999968, -23.370248599999968 ], [ -44.820068799999945, -23.370348199999967 ], [ -44.819951399999979, -23.370393899999954 ], [ -44.819860199999937, -23.370422799999972 ], [ -44.819783299999983, -23.370440899999949 ], [ -44.819720599999982, -23.370447099999978 ], [ -44.819648099999938, -23.37045 ], [ -44.819571399999973, -23.370431099999962 ], [ -44.819468299999983, -23.370393099999944 ], [ -44.819398799999931, -23.370341399999973 ], [ -44.819227, -23.370185399999968 ], [ -44.819359599999984, -23.370359899999983 ], [ -44.821693099999948, -23.373430199999973 ], [ -44.822869899999944, -23.377280699999972 ], [ -44.821874299999934, -23.380201499999941 ], [ -44.819345399999975, -23.38129349999997 ], [ -44.819443699999965, -23.381332899999961 ], [ -44.819545299999959, -23.381423499999983 ], [ -44.819541499999957, -23.381569499999955 ], [ -44.819656799999962, -23.381784599999946 ], [ -44.819855399999938, -23.381897299999935 ], [ -44.820192399999939, -23.381956899999977 ], [ -44.821027399999934, -23.382337799999959 ], [ -44.821528899999976, -23.382471099999975 ], [ -44.821983699999976, -23.382607199999939 ], [ -44.822577799999976, -23.382762099999979 ], [ -44.822956799999986, -23.382760399999938 ], [ -44.823173099999963, -23.382920699999943 ], [ -44.823410299999978, -23.383082599999966 ], [ -44.823608299999933, -23.383174199999928 ], [ -44.823994299999981, -23.383356699999979 ], [ -44.824577399999953, -23.383431299999927 ], [ -44.82507279999993, -23.383495099999948 ], [ -44.825447299999951, -23.383594199999948 ], [ -44.825815099999943, -23.383729799999969 ], [ -44.826008099999967, -23.383892599999967 ], [ -44.826407, -23.383778799999959 ], [ -44.826696399999946, -23.383917199999928 ], [ -44.82684839999996, -23.384062599999936 ], [ -44.826903199999947, -23.384315599999979 ], [ -44.826957299999947, -23.384577799999931 ], [ -44.826931199999933, -23.384785 ], [ -44.826786699999957, -23.384903099999974 ], [ -44.826476699999944, -23.385042799999951 ], [ -44.826416499999937, -23.385186799999929 ], [ -44.826492, -23.38541749999996 ], [ -44.826339399999938, -23.385581499999944 ], [ -44.826039899999955, -23.38571479999996 ], [ -44.825772499999971, -23.385809799999947 ], [ -44.825596899999937, -23.386083599999949 ], [ -44.82566879999996, -23.386371799999949 ], [ -44.825899, -23.386662399999977 ], [ -44.825951499999974, -23.386963299999934 ], [ -44.826259599999958, -23.38717239999994 ], [ -44.826017599999943, -23.387335899999982 ], [ -44.826086699999962, -23.387463 ], [ -44.826440599999955, -23.387614699999972 ], [ -44.826714699999968, -23.387633 ], [ -44.826838199999941, -23.387564499999939 ], [ -44.827033799999981, -23.38772119999993 ], [ -44.827307099999985, -23.387719199999935 ], [ -44.827577699999949, -23.387697399999979 ], [ -44.827614399999959, -23.387602099999981 ], [ -44.827718499999946, -23.387534199999948 ], [ -44.828174099999956, -23.38757389999995 ], [ -44.828464899999972, -23.387477199999978 ], [ -44.828831499999978, -23.387507899999946 ], [ -44.829323699999975, -23.387647899999934 ], [ -44.829446399999938, -23.387553699999955 ], [ -44.829615099999955, -23.387591799999939 ], [ -44.829645599999935, -23.387512299999969 ], [ -44.829408699999931, -23.387224699999933 ], [ -44.829378099999985, -23.38682579999994 ], [ -44.829497799999956, -23.38646179999995 ], [ -44.829597599999943, -23.38625159999998 ], [ -44.829609199999936, -23.385928299999932 ], [ -44.829699699999935, -23.385516799999948 ], [ -44.829907099999957, -23.385378799999955 ], [ -44.830315399999961, -23.385403099999962 ], [ -44.830531699999938, -23.385416799999973 ], [ -44.830797399999938, -23.385349899999937 ], [ -44.831031899999971, -23.385404899999969 ], [ -44.831380199999955, -23.385329 ], [ -44.831555099999946, -23.385084199999937 ], [ -44.831744, -23.38509739999995 ], [ -44.831993499999953, -23.38494529999997 ], [ -44.83222539999997, -23.385153099999968 ], [ -44.832229299999938, -23.385494699999981 ], [ -44.832522, -23.38552889999994 ], [ -44.832616399999949, -23.385454699999968 ], [ -44.832881199999974, -23.385477299999934 ], [ -44.833217399999967, -23.385623199999941 ], [ -44.833572899999979, -23.385792299999935 ], [ -44.833668499999931, -23.386014299999943 ], [ -44.833816, -23.386225599999932 ], [ -44.834031899999957, -23.386426799999981 ], [ -44.833862499999952, -23.38662759999994 ], [ -44.834042599999975, -23.386757099999954 ], [ -44.834331899999938, -23.386774899999978 ], [ -44.834417099999939, -23.386830699999962 ], [ -44.834539799999959, -23.38697929999995 ], [ -44.834670699999947, -23.386924399999941 ], [ -44.83480359999993, -23.386784299999931 ], [ -44.835114699999963, -23.386757 ], [ -44.835462599999971, -23.386818099999971 ], [ -44.835527199999945, -23.386876499999971 ], [ -44.835518099999945, -23.386955299999954 ], [ -44.835404499999981, -23.387019 ], [ -44.835457499999961, -23.387092899999971 ], [ -44.835590199999956, -23.387225199999932 ], [ -44.835842899999932, -23.387349399999948 ], [ -44.836069399999985, -23.38741159999995 ], [ -44.836138699999935, -23.387377199999946 ], [ -44.836067699999944, -23.387278 ], [ -44.83604859999997, -23.387183199999981 ], [ -44.836171799999931, -23.387096699999972 ], [ -44.836369, -23.387092099999961 ], [ -44.836515399999939, -23.387096399999962 ], [ -44.836848599999939, -23.386960099999953 ], [ -44.836955099999955, -23.387005599999952 ], [ -44.837366, -23.387160499999936 ], [ -44.837467699999934, -23.387099299999932 ], [ -44.837502499999971, -23.386832899999945 ], [ -44.837624699999935, -23.38658769999995 ], [ -44.837842499999965, -23.386461399999973 ], [ -44.838098899999977, -23.38643449999995 ], [ -44.838306099999954, -23.386452499999962 ], [ -44.838573, -23.38645269999995 ], [ -44.838869, -23.386525699999936 ], [ -44.83911, -23.38669109999995 ], [ -44.839070199999981, -23.386870599999952 ], [ -44.839218699999947, -23.386971899999935 ], [ -44.83929059999997, -23.387146199999961 ], [ -44.839410199999975, -23.387329299999976 ], [ -44.839474499999938, -23.387447099999974 ], [ -44.839435399999957, -23.38763229999995 ], [ -44.839641299999982, -23.387816199999975 ], [ -44.839889399999947, -23.388008 ], [ -44.840161499999965, -23.388230599999929 ], [ -44.840269399999954, -23.388403599999947 ], [ -44.840413699999942, -23.388368299999968 ], [ -44.840513399999963, -23.388299299999971 ], [ -44.840506399999981, -23.38813719999996 ], [ -44.840638799999965, -23.388098399999933 ], [ -44.840828199999976, -23.388168599999972 ], [ -44.841187499999933, -23.388175 ], [ -44.841441499999974, -23.388102299999957 ], [ -44.841793, -23.388009499999953 ], [ -44.841843099999949, -23.388096099999927 ], [ -44.842010599999981, -23.388144799999964 ], [ -44.84215759999995, -23.388027199999954 ], [ -44.842097499999966, -23.387873299999967 ], [ -44.842260499999952, -23.38771 ], [ -44.842578799999956, -23.387491699999941 ], [ -44.842719099999954, -23.387586099999965 ], [ -44.84282369999994, -23.387603 ], [ -44.842988099999957, -23.387710799999979 ], [ -44.843230399999982, -23.387698399999977 ], [ -44.843308899999954, -23.387630099999967 ], [ -44.843430699999942, -23.387518499999942 ], [ -44.843470099999934, -23.387369499999977 ], [ -44.84350459999996, -23.387233099999946 ], [ -44.843618699999979, -23.387053099999946 ], [ -44.84386029999996, -23.386981699999978 ], [ -44.843916299999933, -23.387044499999945 ], [ -44.84392349999996, -23.387169799999981 ], [ -44.844050399999958, -23.38732159999995 ], [ -44.844180199999983, -23.387261599999931 ], [ -44.84414419999996, -23.387123499999973 ], [ -44.844233899999949, -23.387027399999965 ], [ -44.844164, -23.38675829999994 ], [ -44.844063799999958, -23.38672349999996 ], [ -44.844015699999943, -23.386543699999947 ], [ -44.844051499999978, -23.386347499999943 ], [ -44.844128299999966, -23.386223199999961 ], [ -44.844097599999941, -23.386088199999961 ], [ -44.843952699999932, -23.386002699999949 ], [ -44.843804599999942, -23.385841599999935 ], [ -44.843691199999967, -23.385792599999945 ], [ -44.843590699999936, -23.385858299999938 ], [ -44.843481699999984, -23.385854299999949 ], [ -44.843363699999941, -23.385590599999944 ], [ -44.843369299999949, -23.385266399999978 ], [ -44.843087899999944, -23.385017299999959 ], [ -44.843006199999934, -23.384805299999982 ], [ -44.843006699999933, -23.384655899999927 ], [ -44.843103199999973, -23.384522599999968 ], [ -44.843164099999967, -23.38443639999997 ], [ -44.843108799999982, -23.384351699999968 ], [ -44.843119599999966, -23.384272099999976 ], [ -44.84318849999994, -23.384165899999971 ], [ -44.843358, -23.384107299999982 ], [ -44.843549899999971, -23.384056699999974 ], [ -44.843568799999957, -23.383902 ], [ -44.843722099999979, -23.383689599999968 ], [ -44.843669199999965, -23.383432199999959 ], [ -44.843679099999974, -23.38306549999993 ], [ -44.843487099999948, -23.382726699999978 ], [ -44.843221099999937, -23.382435799999939 ], [ -44.843049, -23.382282 ], [ -44.842915799999957, -23.382005299999946 ], [ -44.84274419999997, -23.381568799999968 ], [ -44.842493199999979, -23.381228299999975 ], [ -44.842367299999978, -23.381134799999927 ], [ -44.842331199999933, -23.380946899999969 ], [ -44.842228499999976, -23.380697399999974 ], [ -44.841975499999933, -23.380567699999972 ], [ -44.841557899999941, -23.380218799999966 ], [ -44.841328699999963, -23.380053299999929 ] ] ] } },
{ "type": "Feature", "properties": { "id": "3555406061", "cd_bairro": "3555406061", "bairro": "Praia da Fazenda", "cd_mun": "3555406", "municipio": "Ubatuba", "cd_dist": "355540610", "distrito": "Picinguaba" }, "geometry": { "type": "Polygon", "coordinates": [ [ [ -44.877757199999962, -23.356190599999934 ], [ -44.878347899999937, -23.356737299999963 ], [ -44.879442899999958, -23.357576699999981 ], [ -44.879971499999954, -23.35798189999997 ], [ -44.880293599999959, -23.358110499999952 ], [ -44.880059699999947, -23.357919699999968 ], [ -44.879931299999953, -23.357781799999941 ], [ -44.879828099999941, -23.357592499999953 ], [ -44.879462599999954, -23.357060299999944 ], [ -44.879030799999953, -23.356608599999959 ], [ -44.879015099999947, -23.356448399999977 ], [ -44.879033699999979, -23.35624219999994 ], [ -44.87912769999997, -23.356104199999947 ], [ -44.879362899999933, -23.355991299999971 ], [ -44.880539599999963, -23.355821899999967 ], [ -44.881159599999933, -23.355628699999954 ], [ -44.881236599999966, -23.355581299999983 ], [ -44.881312599999944, -23.35551 ], [ -44.881327399999975, -23.355450099999928 ], [ -44.881298199999947, -23.355394299999944 ], [ -44.88122089999996, -23.355313399999943 ], [ -44.881107099999952, -23.355193699999973 ], [ -44.88128329999995, -23.355227299999967 ], [ -44.881483599999967, -23.355310399999951 ], [ -44.881735699999979, -23.355396199999973 ], [ -44.882046799999955, -23.355407299999968 ], [ -44.882295599999964, -23.355382399999939 ], [ -44.882500099999959, -23.355329199999971 ], [ -44.88270069999993, -23.355277099999967 ], [ -44.883005599999933, -23.355190599999958 ], [ -44.88318709999993, -23.355118 ], [ -44.883367, -23.355022799999972 ], [ -44.883566499999972, -23.354920899999968 ], [ -44.88373839999997, -23.354880899999955 ], [ -44.883930699999951, -23.354853699999978 ], [ -44.884024199999942, -23.35481649999997 ], [ -44.884060199999965, -23.354795399999944 ], [ -44.884177899999941, -23.354726399999947 ], [ -44.884279899999967, -23.354671499999938 ], [ -44.884392599999956, -23.354655699999967 ], [ -44.884539599999982, -23.354656499999976 ], [ -44.884642799999938, -23.354676299999937 ], [ -44.884746799999959, -23.354724399999952 ], [ -44.884848, -23.354784099999961 ], [ -44.88487989999993, -23.354815 ], [ -44.884957699999973, -23.354890299999965 ], [ -44.884922199999949, -23.354816 ], [ -44.88488689999997, -23.354741899999965 ], [ -44.884829099999934, -23.354665899999929 ], [ -44.884729899999968, -23.354557199999931 ], [ -44.884463399999959, -23.354331299999956 ], [ -44.884397799999931, -23.354169499999955 ], [ -44.884351899999956, -23.354061 ], [ -44.884268499999962, -23.353979299999935 ], [ -44.884201099999984, -23.353902599999969 ], [ -44.884200399999941, -23.35382489999995 ], [ -44.884208, -23.35375339999996 ], [ -44.884171399999957, -23.353670099999931 ], [ -44.884073899999976, -23.353593499999931 ], [ -44.883909899999935, -23.353503199999977 ], [ -44.883782799999949, -23.353507 ], [ -44.883750499999962, -23.353433 ], [ -44.883363699999961, -23.353546 ], [ -44.882555, -23.353872699999954 ], [ -44.881830399999956, -23.353777499999978 ], [ -44.880910099999937, -23.353289299999972 ], [ -44.879481799999951, -23.352958399999977 ], [ -44.878628099999958, -23.351999399999954 ], [ -44.877638399999967, -23.35097959999996 ], [ -44.877673799999968, -23.35043509999997 ], [ -44.877501799999948, -23.349480899999946 ], [ -44.877160499999945, -23.348971899999981 ], [ -44.876345399999934, -23.348409199999935 ], [ -44.875499899999966, -23.34763 ], [ -44.875371799999982, -23.347058499999946 ], [ -44.875215399999945, -23.346088699999939 ], [ -44.874660899999981, -23.342650499999934 ], [ -44.874652499999968, -23.342598299999963 ], [ -44.874441499999932, -23.342856899999958 ], [ -44.873893, -23.343403399999943 ], [ -44.873560399999974, -23.343749799999955 ], [ -44.87272669999993, -23.344650599999966 ], [ -44.871821399999931, -23.345614199999943 ], [ -44.870552499999974, -23.346923799999956 ], [ -44.870176699999945, -23.347311699999977 ], [ -44.870115899999973, -23.347374499999944 ], [ -44.869909, -23.347550699999942 ], [ -44.869689199999982, -23.347723599999938 ], [ -44.86949119999997, -23.347854899999959 ], [ -44.869336499999974, -23.347951499999965 ], [ -44.869320899999934, -23.347961199999929 ], [ -44.869152499999984, -23.348066499999959 ], [ -44.868925199999978, -23.348151399999949 ], [ -44.868626899999981, -23.348216299999933 ], [ -44.867983699999968, -23.348303099999953 ], [ -44.867469599999936, -23.348363899999981 ], [ -44.866314, -23.34847149999996 ], [ -44.865850499999965, -23.348554 ], [ -44.86539659999994, -23.348685899999964 ], [ -44.865111299999967, -23.348793399999977 ], [ -44.864785199999972, -23.348932399999967 ], [ -44.864447599999949, -23.349109799999951 ], [ -44.862257799999952, -23.350537799999927 ], [ -44.861788099999956, -23.350844099999961 ], [ -44.860709199999974, -23.351537199999939 ], [ -44.860174599999937, -23.351860299999942 ], [ -44.859932, -23.35197839999995 ], [ -44.859727699999951, -23.352070099999935 ], [ -44.85958009999996, -23.352110299999936 ], [ -44.859340699999962, -23.352162499999963 ], [ -44.859182, -23.352187799999967 ], [ -44.859029, -23.352201399999956 ], [ -44.85881349999994, -23.35222159999995 ], [ -44.858355699999947, -23.352230899999938 ], [ -44.85545819999993, -23.352277899999933 ], [ -44.854887799999972, -23.352314599999943 ], [ -44.854320899999948, -23.352383499999974 ], [ -44.853774399999963, -23.352515599999947 ], [ -44.853395399999954, -23.352614899999935 ], [ -44.853019899999936, -23.352737799999943 ], [ -44.852497599999936, -23.35292759999993 ], [ -44.850166799999954, -23.353709799999933 ], [ -44.840762299999938, -23.356928599999947 ], [ -44.840216199999929, -23.357129599999951 ], [ -44.839829799999961, -23.357267199999967 ], [ -44.83915769999993, -23.357506399999977 ], [ -44.836779099999944, -23.358306 ], [ -44.835298299999977, -23.358813699999928 ], [ -44.835058, -23.358902499999942 ], [ -44.834631799999954, -23.359060099999965 ], [ -44.833906899999931, -23.359410799999978 ], [ -44.833277399999986, -23.359775599999978 ], [ -44.832869599999981, -23.360045399999933 ], [ -44.832002, -23.360752499999933 ], [ -44.827145299999984, -23.364711099999965 ], [ -44.82586809999998, -23.365746799999954 ], [ -44.82403469999997, -23.367251 ], [ -44.82334469999995, -23.367817099999968 ], [ -44.821733699999982, -23.369138899999939 ], [ -44.82109319999995, -23.36954 ], [ -44.820486399999936, -23.369766699999957 ], [ -44.819533499999977, -23.369947299999978 ], [ -44.819133499999964, -23.370027299999947 ], [ -44.819158699999946, -23.370063099999982 ], [ -44.819214099999954, -23.370141899999965 ], [ -44.819227, -23.370185399999968 ], [ -44.819398799999931, -23.370341399999973 ], [ -44.819468299999983, -23.370393099999944 ], [ -44.819571399999973, -23.370431099999962 ], [ -44.819648099999938, -23.37045 ], [ -44.819720599999982, -23.370447099999978 ], [ -44.819783299999983, -23.370440899999949 ], [ -44.819860199999937, -23.370422799999972 ], [ -44.819951399999979, -23.370393899999954 ], [ -44.820068799999945, -23.370348199999967 ], [ -44.820275699999968, -23.370248599999968 ], [ -44.820389299999931, -23.370194 ], [ -44.82046779999996, -23.370170599999938 ], [ -44.820542099999955, -23.370162099999959 ], [ -44.820620699999949, -23.370158299999957 ], [ -44.820737099999974, -23.370166799999936 ], [ -44.82085589999997, -23.370195 ], [ -44.821035499999937, -23.37025449999993 ], [ -44.821303799999953, -23.370428 ], [ -44.821372099999962, -23.370490399999937 ], [ -44.82146309999996, -23.37058 ], [ -44.821517599999936, -23.37061129999995 ], [ -44.821572, -23.37060809999997 ], [ -44.821625799999936, -23.37058769999993 ], [ -44.821674, -23.370557399999939 ], [ -44.821756199999982, -23.370488499999965 ], [ -44.822023799999954, -23.370255 ], [ -44.822127599999931, -23.370208499999933 ], [ -44.822242599999981, -23.370176099999981 ], [ -44.822328199999959, -23.370167799999933 ], [ -44.822480799999937, -23.370151499999963 ], [ -44.822622599999931, -23.370161899999971 ], [ -44.822734499999967, -23.370191199999965 ], [ -44.822793199999978, -23.370232099999953 ], [ -44.822869399999945, -23.370258199999967 ], [ -44.822974299999942, -23.370273899999972 ], [ -44.823062, -23.370266799999968 ], [ -44.823163299999976, -23.370249399999977 ], [ -44.823249399999952, -23.370211899999958 ], [ -44.823369899999932, -23.370174799999972 ], [ -44.823497799999984, -23.37015759999997 ], [ -44.823612, -23.370153799999969 ], [ -44.823790599999938, -23.37017179999998 ], [ -44.824086899999941, -23.370232 ], [ -44.824233099999958, -23.37024 ], [ -44.82454249999995, -23.370263699999953 ], [ -44.825035499999956, -23.370247599999971 ], [ -44.825230799999986, -23.37026579999997 ], [ -44.825404699999979, -23.370305599999938 ], [ -44.825578, -23.370395899999949 ], [ -44.825699499999985, -23.370483399999955 ], [ -44.825886199999957, -23.370615 ], [ -44.826079799999945, -23.370802 ], [ -44.826223099999936, -23.370879799999955 ], [ -44.826377899999954, -23.370902699999931 ], [ -44.826478399999985, -23.370909299999937 ], [ -44.826654499999961, -23.37092679999995 ], [ -44.826980499999934, -23.37105 ], [ -44.827214699999956, -23.371122 ], [ -44.827472399999976, -23.371197599999959 ], [ -44.827652499999942, -23.371090899999956 ], [ -44.827844899999945, -23.370939599999929 ], [ -44.827984899999933, -23.370804799999974 ], [ -44.828116099999932, -23.370751499999983 ], [ -44.828252599999985, -23.370719599999973 ], [ -44.828799599999968, -23.370668499999965 ], [ -44.829161899999974, -23.370715399999938 ], [ -44.829484899999954, -23.370858799999951 ], [ -44.829592599999955, -23.370940599999983 ], [ -44.82975, -23.37098089999995 ], [ -44.829926799999953, -23.371011499999952 ], [ -44.830383099999949, -23.371189099999981 ], [ -44.830958, -23.371440499999949 ], [ -44.831582799999978, -23.371515799999941 ], [ -44.832198099999971, -23.371730299999967 ], [ -44.832546599999944, -23.371843099999978 ], [ -44.832720399999971, -23.371976399999937 ], [ -44.832795499999975, -23.372080799999935 ], [ -44.832933599999933, -23.372318 ], [ -44.833224199999961, -23.372385299999962 ], [ -44.833557199999973, -23.372398199999964 ], [ -44.833938699999976, -23.372156899999936 ], [ -44.834463699999958, -23.371809299999939 ], [ -44.835163699999953, -23.371463099999971 ], [ -44.835306699999933, -23.371440499999949 ], [ -44.83542719999997, -23.371493199999975 ], [ -44.835508199999936, -23.37160229999995 ], [ -44.835718399999962, -23.371954199999948 ], [ -44.83581369999996, -23.372231 ], [ -44.83586, -23.372324899999967 ], [ -44.835939, -23.372388899999976 ], [ -44.835981799999956, -23.372447 ], [ -44.83599449999997, -23.372471 ], [ -44.83599739999994, -23.372495799999967 ], [ -44.835988099999952, -23.372518699999944 ], [ -44.83597009999994, -23.372533199999964 ], [ -44.835946299999932, -23.372541799999965 ], [ -44.835924599999942, -23.372557399999948 ], [ -44.835921799999937, -23.37257539999996 ], [ -44.835924099999943, -23.372604 ], [ -44.83594869999996, -23.372651 ], [ -44.836017599999934, -23.372762199999954 ], [ -44.836106899999947, -23.37288929999994 ], [ -44.836201499999959, -23.372973799999954 ], [ -44.836391699999979, -23.37307329999993 ], [ -44.836495099999979, -23.373115799999937 ], [ -44.83668369999998, -23.373147299999971 ], [ -44.836872299999982, -23.373216899999932 ], [ -44.836983699999962, -23.373238899999933 ], [ -44.837119299999983, -23.373245399999973 ], [ -44.83722169999993, -23.373249 ], [ -44.83728229999997, -23.373265899999979 ], [ -44.837355199999934, -23.373312699999929 ], [ -44.837484599999982, -23.373398599999973 ], [ -44.837566899999956, -23.373479499999974 ], [ -44.837662199999954, -23.373588199999972 ], [ -44.837854799999945, -23.373760399999981 ], [ -44.83832149999995, -23.374083499999983 ], [ -44.838958599999955, -23.374604199999965 ], [ -44.839052599999945, -23.374697099999935 ], [ -44.839122699999962, -23.374817199999939 ], [ -44.839241299999969, -23.374773 ], [ -44.839539799999955, -23.374730299999953 ], [ -44.839444699999945, -23.374586699999952 ], [ -44.83913, -23.374227699999949 ], [ -44.838804699999969, -23.37388889999994 ], [ -44.838453099999981, -23.37358 ], [ -44.83829129999998, -23.373323599999935 ], [ -44.837885899999947, -23.372981899999957 ], [ -44.837522699999965, -23.372754799999939 ], [ -44.837256299999979, -23.372616499999936 ], [ -44.837042199999985, -23.372487 ], [ -44.836835399999984, -23.372293799999966 ], [ -44.836728499999936, -23.372049299999958 ], [ -44.836685099999954, -23.371619 ], [ -44.836889499999984, -23.371096799999975 ], [ -44.836829499999965, -23.370451299999957 ], [ -44.836815499999943, -23.37001349999997 ], [ -44.836865099999955, -23.36958809999993 ], [ -44.837020299999949, -23.369355 ], [ -44.837426799999946, -23.36907089999994 ], [ -44.837969899999962, -23.36861719999996 ], [ -44.83826339999996, -23.368324099999938 ], [ -44.838646399999959, -23.367881199999943 ], [ -44.839029399999959, -23.367438299999947 ], [ -44.839351799999974, -23.367143299999952 ], [ -44.839603499999953, -23.366949699999964 ], [ -44.839865499999974, -23.366719099999955 ], [ -44.840077099999974, -23.366488499999946 ], [ -44.840288499999986, -23.366285799999957 ], [ -44.840580699999975, -23.366036599999973 ], [ -44.840902799999981, -23.365769499999942 ], [ -44.84117329999998, -23.365558499999963 ], [ -44.841612899999973, -23.365204299999959 ], [ -44.842025099999944, -23.364872899999966 ], [ -44.84250609999998, -23.36446669999998 ], [ -44.842798099999982, -23.364208799999972 ], [ -44.843188099999963, -23.363924 ], [ -44.843714, -23.363593099999946 ], [ -44.84421679999997, -23.363288399999931 ], [ -44.844603199999938, -23.363071099999956 ], [ -44.844929199999967, -23.362912 ], [ -44.845430599999986, -23.362682399999983 ], [ -44.846002399999975, -23.362443399999961 ], [ -44.846374399999945, -23.362323799999956 ], [ -44.846912199999963, -23.362134799999978 ], [ -44.847401099999956, -23.361937199999943 ], [ -44.84777639999993, -23.361816099999942 ], [ -44.848223299999972, -23.361663299999975 ], [ -44.848803, -23.361468 ], [ -44.849357699999985, -23.361268699999982 ], [ -44.849870499999952, -23.361074699999961 ], [ -44.850271299999974, -23.36095819999997 ], [ -44.850734899999964, -23.360811099999978 ], [ -44.851242899999932, -23.36064719999996 ], [ -44.85181689999996, -23.360481499999935 ], [ -44.852449699999966, -23.360334799999976 ], [ -44.852791399999944, -23.360243 ], [ -44.853113099999973, -23.360169499999927 ], [ -44.853625499999964, -23.360001099999977 ], [ -44.854138499999976, -23.359900099999948 ], [ -44.854823299999964, -23.359687899999983 ], [ -44.855583399999944, -23.35948419999994 ], [ -44.856271399999969, -23.359319299999981 ], [ -44.856813699999975, -23.359144199999946 ], [ -44.857188399999984, -23.359049299999981 ], [ -44.857613599999979, -23.358942699999943 ], [ -44.858005899999966, -23.358868499999971 ], [ -44.858349099999941, -23.358768099999963 ], [ -44.858741499999951, -23.358674299999961 ], [ -44.85924069999993, -23.358553899999947 ], [ -44.859707699999944, -23.358446899999933 ], [ -44.860140899999976, -23.358320499999934 ], [ -44.860771399999976, -23.358172899999943 ], [ -44.861390799999981, -23.357998499999951 ], [ -44.861906799999986, -23.357840099999976 ], [ -44.862497299999973, -23.357685199999935 ], [ -44.862906399999986, -23.357548299999962 ], [ -44.86339769999995, -23.357386199999951 ], [ -44.863801499999965, -23.357259 ], [ -44.864340399999946, -23.357122599999968 ], [ -44.864781199999982, -23.357028299999968 ], [ -44.865167799999938, -23.356958799999973 ], [ -44.865504599999952, -23.357124599999963 ], [ -44.865759599999933, -23.357237 ], [ -44.866019799999947, -23.357415599999968 ], [ -44.866214699999944, -23.357648299999937 ], [ -44.866469099999961, -23.35784579999995 ], [ -44.866772899999944, -23.358047799999952 ], [ -44.867159, -23.358140799999944 ], [ -44.867376099999944, -23.358119699999975 ], [ -44.867694799999981, -23.358158699999933 ], [ -44.86793739999996, -23.358224199999938 ], [ -44.868169399999942, -23.358326699999964 ], [ -44.868519, -23.35836269999993 ], [ -44.868866699999955, -23.358420599999931 ], [ -44.869252899999935, -23.358471499999951 ], [ -44.86959109999998, -23.358544699999982 ], [ -44.86992239999995, -23.358573499999977 ], [ -44.870316199999934, -23.358683599999949 ], [ -44.870568499999933, -23.358734199999958 ], [ -44.870711799999981, -23.358941799999968 ], [ -44.870875099999978, -23.359140099999934 ], [ -44.870925, -23.359323199999949 ], [ -44.870758099999932, -23.359504199999947 ], [ -44.870682199999976, -23.359720599999946 ], [ -44.870574699999963, -23.360018299999979 ], [ -44.870672599999978, -23.360244399999942 ], [ -44.870875199999944, -23.360469699999953 ], [ -44.871061599999962, -23.36071759999993 ], [ -44.871313399999963, -23.360878599999978 ], [ -44.871631799999932, -23.360965499999963 ], [ -44.871955299999968, -23.361027099999944 ], [ -44.872219199999961, -23.361079099999927 ], [ -44.872458199999983, -23.361097099999938 ], [ -44.872733399999959, -23.361278199999958 ], [ -44.872878599999979, -23.361429199999975 ], [ -44.873087699999985, -23.361560899999972 ], [ -44.873123499999963, -23.361769 ], [ -44.873162899999954, -23.361971899999958 ], [ -44.873199499999942, -23.362132299999928 ], [ -44.873363299999937, -23.362190899999973 ], [ -44.873561199999983, -23.362256599999967 ], [ -44.873743, -23.362452799999971 ], [ -44.874009299999955, -23.362575499999934 ], [ -44.874192899999969, -23.362698099999932 ], [ -44.874311099999943, -23.362828299999933 ], [ -44.874438399999974, -23.362936099999956 ], [ -44.874201399999947, -23.363255599999945 ], [ -44.87414629999995, -23.363450099999966 ], [ -44.874229399999933, -23.363668699999948 ], [ -44.874097399999982, -23.363830599999972 ], [ -44.874057299999947, -23.363972899999965 ], [ -44.874225899999942, -23.364130699999976 ], [ -44.874416199999985, -23.36419049999995 ], [ -44.874574, -23.364319299999977 ], [ -44.874731099999963, -23.364411899999936 ], [ -44.874931699999934, -23.36443909999997 ], [ -44.876670899999965, -23.361548099999936 ], [ -44.877436399999965, -23.360509099999945 ], [ -44.877709799999934, -23.359360799999934 ], [ -44.877655199999936, -23.358321799999942 ], [ -44.877436399999965, -23.357720299999983 ], [ -44.877655199999936, -23.35651729999995 ], [ -44.877757199999962, -23.356190599999934 ] ] ] } },
{ "type": "Feature", "properties": { "id": "3555406062", "cd_bairro": "3555406062", "bairro": "Camburi", "cd_mun": "3555406", "municipio": "Ubatuba", "cd_dist": "355540610", "distrito": "Picinguaba" }, "geometry": { "type": "Polygon", "coordinates": [ [ [ -44.770711099999971, -23.370052199999975 ], [ -44.770382699999971, -23.370811599999968 ], [ -44.768237299999953, -23.36960339999996 ], [ -44.767582899999979, -23.36941749999994 ], [ -44.766601399999956, -23.369563299999982 ], [ -44.766007099999968, -23.369428299999981 ], [ -44.762061199999948, -23.367914299999939 ], [ -44.759364499999947, -23.366238799999962 ], [ -44.757351599999936, -23.366123799999968 ], [ -44.756362099999933, -23.365698099999975 ], [ -44.754222899999945, -23.364222499999983 ], [ -44.752542199999937, -23.363547799999935 ], [ -44.751475, -23.363322499999981 ], [ -44.750654299999951, -23.363411399999961 ], [ -44.748996, -23.364099099999976 ], [ -44.746964099999957, -23.364551099999971 ], [ -44.743759799999964, -23.364052899999933 ], [ -44.74088949999998, -23.364734 ], [ -44.739607299999932, -23.365172499999971 ], [ -44.738601299999971, -23.36566739999995 ], [ -44.736586699999975, -23.365787399999931 ], [ -44.735523099999966, -23.366111599999954 ], [ -44.734675899999957, -23.366510299999959 ], [ -44.733967599999971, -23.366477699999962 ], [ -44.733700299999953, -23.366361799999936 ], [ -44.732302199999936, -23.366354899999976 ], [ -44.731387199999972, -23.36675409999998 ], [ -44.730701799999963, -23.367318799999964 ], [ -44.730083499999978, -23.36760959999998 ], [ -44.729045199999973, -23.36840959999995 ], [ -44.728080899999952, -23.368932 ], [ -44.726864899999953, -23.36887269999994 ], [ -44.725949799999967, -23.368413 ], [ -44.724246299999947, -23.36755729999993 ], [ -44.724183399999959, -23.367525599999965 ], [ -44.724143899999945, -23.367541 ], [ -44.724108599999965, -23.367539699999952 ], [ -44.724059599999975, -23.36752869999998 ], [ -44.72399489999998, -23.367494299999976 ], [ -44.723942699999952, -23.367462 ], [ -44.72387619999995, -23.367420399999958 ], [ -44.723833, -23.367374799999936 ], [ -44.723774399999968, -23.367348199999981 ], [ -44.723749299999952, -23.367488899999955 ], [ -44.723764799999969, -23.367680199999938 ], [ -44.723793799999953, -23.367836499999953 ], [ -44.723842299999944, -23.36798129999994 ], [ -44.723834, -23.368078199999957 ], [ -44.723806, -23.36820419999998 ], [ -44.723809899999935, -23.368333599999971 ], [ -44.723849799999982, -23.368422399999929 ], [ -44.723987199999954, -23.368606899999975 ], [ -44.72412989999998, -23.368679699999973 ], [ -44.724200099999962, -23.368689599999982 ], [ -44.724308299999961, -23.368726599999945 ], [ -44.724361899999963, -23.368768599999953 ], [ -44.724389599999938, -23.368827899999928 ], [ -44.724445499999945, -23.368874499999947 ], [ -44.724565899999959, -23.368939599999976 ], [ -44.724748799999929, -23.368902599999956 ], [ -44.72485949999998, -23.36902 ], [ -44.725028899999984, -23.369130499999983 ], [ -44.725191, -23.369226099999935 ], [ -44.725342499999954, -23.369344099999978 ], [ -44.725519099999985, -23.36948579999995 ], [ -44.725658499999952, -23.369597799999951 ], [ -44.725877699999955, -23.369715299999939 ], [ -44.726031499999976, -23.369857799999977 ], [ -44.726232299999936, -23.369862699999942 ], [ -44.726468199999942, -23.369913299999951 ], [ -44.726641599999937, -23.369926199999952 ], [ -44.726771799999938, -23.369900099999938 ], [ -44.72690259999996, -23.369920899999954 ], [ -44.727052699999945, -23.369794499999955 ], [ -44.727187599999979, -23.369708 ], [ -44.727312599999948, -23.369759299999942 ], [ -44.727431599999932, -23.369857099999933 ], [ -44.727584199999967, -23.370017399999938 ], [ -44.727743, -23.37016129999995 ], [ -44.727961199999982, -23.370282199999963 ], [ -44.728123, -23.370277 ], [ -44.728174799999977, -23.370193399999948 ], [ -44.728109899999936, -23.370111599999973 ], [ -44.728188699999976, -23.370006799999942 ], [ -44.728471899999931, -23.370175699999947 ], [ -44.728580499999964, -23.370141799999942 ], [ -44.728547499999934, -23.370032 ], [ -44.728639699999974, -23.369996399999934 ], [ -44.728731499999981, -23.369967799999927 ], [ -44.728669399999944, -23.369789199999957 ], [ -44.728830599999981, -23.369809099999941 ], [ -44.729012699999942, -23.369865799999957 ], [ -44.729380399999968, -23.369886 ], [ -44.729791299999931, -23.36984579999995 ], [ -44.73013229999998, -23.369774499999949 ], [ -44.730141499999945, -23.369614699999943 ], [ -44.73032319999993, -23.36952789999998 ], [ -44.730600099999947, -23.36947269999996 ], [ -44.730839699999933, -23.369507399999975 ], [ -44.731216, -23.369511799999941 ], [ -44.731508499999961, -23.369495499999971 ], [ -44.731723, -23.369406399999946 ], [ -44.731911099999934, -23.369180599999936 ], [ -44.732010799999955, -23.369045299999982 ], [ -44.732204299999978, -23.369039899999962 ], [ -44.732429699999955, -23.369160799999975 ], [ -44.732562399999949, -23.36913839999994 ], [ -44.732630299999983, -23.369033299999955 ], [ -44.732893699999977, -23.369116599999927 ], [ -44.733072899999968, -23.36913919999995 ], [ -44.733213699999965, -23.369161799999972 ], [ -44.733446199999946, -23.36928329999995 ], [ -44.733654, -23.369298199999946 ], [ -44.733783099999982, -23.369229299999972 ], [ -44.734123199999942, -23.369281699999931 ], [ -44.734261899999979, -23.369393699999932 ], [ -44.734575099999972, -23.369537199999968 ], [ -44.734924599999943, -23.369598799999949 ], [ -44.735174399999948, -23.36954819999994 ], [ -44.735257799999943, -23.369411199999945 ], [ -44.735289799999975, -23.369295299999976 ], [ -44.73522509999998, -23.369151599999952 ], [ -44.735054599999955, -23.369030499999951 ], [ -44.734930299999974, -23.368881599999952 ], [ -44.734953599999983, -23.368721499999936 ], [ -44.735091099999977, -23.368693899999982 ], [ -44.735376799999983, -23.368853799999954 ], [ -44.735489599999937, -23.368796199999963 ], [ -44.735453499999949, -23.368672599999968 ], [ -44.735389599999962, -23.368559699999935 ], [ -44.73551619999995, -23.368437099999937 ], [ -44.735698499999955, -23.368257299999982 ], [ -44.735818299999949, -23.368100699999957 ], [ -44.736138799999935, -23.367869599999949 ], [ -44.736280199999953, -23.367797099999962 ], [ -44.736439, -23.367837 ], [ -44.736972699999967, -23.367679799999962 ], [ -44.73737559999995, -23.367403599999932 ], [ -44.737667099999953, -23.367418799999939 ], [ -44.738014699999951, -23.367448799999977 ], [ -44.738251499999933, -23.367537299999981 ], [ -44.738543899999968, -23.367508899999962 ], [ -44.738799099999937, -23.367377799999929 ], [ -44.739237299999957, -23.367188499999941 ], [ -44.739518399999952, -23.367029899999977 ], [ -44.739675499999976, -23.367116 ], [ -44.739771299999973, -23.36705029999996 ], [ -44.739772, -23.366942 ], [ -44.739994399999944, -23.366805499999941 ], [ -44.74020969999998, -23.366716199999928 ], [ -44.740532199999961, -23.366719899999964 ], [ -44.740685199999973, -23.366557899999975 ], [ -44.740776499999981, -23.366358 ], [ -44.740998399999967, -23.366145499999959 ], [ -44.741297499999973, -23.366068399999961 ], [ -44.741526299999975, -23.365957299999934 ], [ -44.74183869999996, -23.365880499999946 ], [ -44.742096599999968, -23.365867 ], [ -44.74235189999996, -23.365933 ], [ -44.742504899999972, -23.365926399999978 ], [ -44.742836, -23.366009899999938 ], [ -44.743127899999934, -23.366065 ], [ -44.743331099999978, -23.366267499999935 ], [ -44.743571199999963, -23.366348899999934 ], [ -44.743695199999934, -23.366301399999941 ], [ -44.744055199999934, -23.366450099999952 ], [ -44.744397799999945, -23.366575399999931 ], [ -44.744756, -23.366759 ], [ -44.74506649999995, -23.366971099999944 ], [ -44.745448899999985, -23.367125699999974 ], [ -44.745720699999936, -23.367243099999939 ], [ -44.746073799999976, -23.367426899999941 ], [ -44.746446299999945, -23.367486399999962 ], [ -44.746644599999968, -23.367347 ], [ -44.74686939999998, -23.367150199999969 ], [ -44.747041899999942, -23.367013699999973 ], [ -44.747291099999984, -23.366880099999946 ], [ -44.747541499999954, -23.366705199999956 ], [ -44.747739099999933, -23.366523199999961 ], [ -44.748010499999964, -23.366392499999961 ], [ -44.748175699999933, -23.366277499999967 ], [ -44.74841559999993, -23.366184499999974 ], [ -44.748698499999932, -23.366126299999962 ], [ -44.748856, -23.36614069999996 ], [ -44.749045299999977, -23.36615519999998 ], [ -44.74929039999995, -23.366176899999971 ], [ -44.749432899999931, -23.366253399999948 ], [ -44.749686899999972, -23.366256499999963 ], [ -44.749971499999958, -23.366128199999935 ], [ -44.750246599999969, -23.366057699999942 ], [ -44.750571799999932, -23.366038799999956 ], [ -44.750779399999942, -23.366143799999975 ], [ -44.751041099999952, -23.366238599999974 ], [ -44.751226799999984, -23.366354799999954 ], [ -44.751350299999956, -23.366456599999935 ], [ -44.75154329999998, -23.366581199999928 ], [ -44.751767299999983, -23.366713699999934 ], [ -44.752038699999957, -23.366861599999936 ], [ -44.752035399999954, -23.367019099999936 ], [ -44.752107, -23.367077799999947 ], [ -44.75229, -23.367209599999967 ], [ -44.752529199999969, -23.36745929999995 ], [ -44.752785299999971, -23.367540899999938 ], [ -44.753017, -23.367622099999949 ], [ -44.753390599999932, -23.367703399999982 ], [ -44.753734699999939, -23.36784339999997 ], [ -44.754029699999933, -23.367880499999956 ], [ -44.754268499999966, -23.367902799999968 ], [ -44.754505499999937, -23.36793 ], [ -44.754819199999986, -23.368046099999958 ], [ -44.755092199999979, -23.368105699999944 ], [ -44.755397899999934, -23.368224399999974 ], [ -44.755645799999968, -23.368320299999937 ], [ -44.755889599999932, -23.368444299999965 ], [ -44.756036299999948, -23.36844549999995 ], [ -44.756237099999964, -23.368427 ], [ -44.756450299999983, -23.36842269999994 ], [ -44.756680899999935, -23.368496299999947 ], [ -44.75689449999993, -23.368576599999983 ], [ -44.757017299999973, -23.368720899999971 ], [ -44.75713449999995, -23.36881539999996 ], [ -44.757404399999984, -23.368976299999929 ], [ -44.757714, -23.369137399999943 ], [ -44.75796779999996, -23.369254699999942 ], [ -44.75826189999998, -23.369430899999941 ], [ -44.758461599999976, -23.369564 ], [ -44.758662399999935, -23.369698 ], [ -44.758784899999966, -23.369870499999934 ], [ -44.758986199999981, -23.36993769999998 ], [ -44.759228, -23.370094 ], [ -44.75950789999996, -23.370226199999934 ], [ -44.759754399999963, -23.370232 ], [ -44.760054699999955, -23.370148799999981 ], [ -44.760320799999931, -23.370087599999977 ], [ -44.76051979999994, -23.370095099999958 ], [ -44.760662199999956, -23.370245 ], [ -44.76081789999995, -23.370184699999982 ], [ -44.760966499999938, -23.37014709999994 ], [ -44.761082599999952, -23.37010209999994 ], [ -44.76127159999993, -23.370109 ], [ -44.761428, -23.370213399999955 ], [ -44.761670599999945, -23.370328499999971 ], [ -44.761818299999959, -23.37041789999995 ], [ -44.761998299999959, -23.370507599999939 ], [ -44.762199599999974, -23.370522299999948 ], [ -44.762452799999949, -23.370557299999973 ], [ -44.762700399999972, -23.370638399999962 ], [ -44.762957, -23.370748 ], [ -44.763007499999958, -23.370702299999948 ], [ -44.763201299999935, -23.370744299999956 ], [ -44.76333539999996, -23.370869499999969 ], [ -44.763518599999941, -23.371000699999968 ], [ -44.763637499999959, -23.371103699999935 ], [ -44.763813, -23.371212 ], [ -44.763942799999938, -23.371292799999935 ], [ -44.764005499999939, -23.371384499999976 ], [ -44.764176199999952, -23.371433 ], [ -44.764367199999981, -23.371341 ], [ -44.76442789999993, -23.371486699999934 ], [ -44.764515599999982, -23.371645699999931 ], [ -44.764625399999943, -23.371768499999973 ], [ -44.764803799999981, -23.371891299999959 ], [ -44.76506569999998, -23.37200839999997 ], [ -44.765263199999936, -23.372130199999958 ], [ -44.765504899999939, -23.372306399999957 ], [ -44.765841199999954, -23.372454 ], [ -44.765972099999942, -23.37248429999994 ], [ -44.766039899999953, -23.372629199999949 ], [ -44.766145399999971, -23.372647699999959 ], [ -44.766245799999979, -23.372557099999938 ], [ -44.766461899999967, -23.372438 ], [ -44.766711199999975, -23.372425799999974 ], [ -44.766949599999975, -23.372478899999976 ], [ -44.767116099999953, -23.372467099999938 ], [ -44.767309699999942, -23.372437399999967 ], [ -44.767552099999932, -23.372509 ], [ -44.767731899999944, -23.372490899999946 ], [ -44.767976099999942, -23.372437199999979 ], [ -44.76814429999996, -23.372486 ], [ -44.768279799999959, -23.372528699999975 ], [ -44.768377599999951, -23.372457199999928 ], [ -44.768435699999941, -23.372326499999929 ], [ -44.768518399999948, -23.372273699999937 ], [ -44.768710799999951, -23.372234399999968 ], [ -44.768882899999937, -23.372230199999933 ], [ -44.769101099999943, -23.372255099999961 ], [ -44.769232, -23.372279299999946 ], [ -44.769389399999966, -23.372391499999935 ], [ -44.769498599999963, -23.372462699999971 ], [ -44.769707, -23.372528399999965 ], [ -44.769787399999984, -23.372576399999957 ], [ -44.770026299999984, -23.372595099999955 ], [ -44.77015339999997, -23.37271039999996 ], [ -44.770264399999974, -23.372856699999943 ], [ -44.770513499999936, -23.373022599999956 ], [ -44.770941599999958, -23.37315179999996 ], [ -44.771289199999956, -23.373243799999955 ], [ -44.771561899999938, -23.373311899999976 ], [ -44.771915399999955, -23.373355 ], [ -44.772155, -23.373454699999968 ], [ -44.772482099999934, -23.373510299999964 ], [ -44.77268179999993, -23.373491399999978 ], [ -44.772895399999982, -23.373559399999976 ], [ -44.773158399999943, -23.373575399999936 ], [ -44.773355799999933, -23.373623299999963 ], [ -44.773557, -23.373637299999928 ], [ -44.773726799999963, -23.373781599999973 ], [ -44.773942299999931, -23.37391539999993 ], [ -44.774153099999978, -23.374037399999963 ], [ -44.774516499999947, -23.374193399999967 ], [ -44.774534399999936, -23.374301199999934 ], [ -44.774699599999963, -23.37434849999994 ], [ -44.774798099999941, -23.374328399999968 ], [ -44.775191199999938, -23.374417499999936 ], [ -44.775433199999952, -23.374448299999983 ], [ -44.775609699999961, -23.374500399999931 ], [ -44.775815, -23.37463159999993 ], [ -44.776096399999972, -23.374770299999966 ], [ -44.776283499999977, -23.374862599999972 ], [ -44.776420599999938, -23.374906399999929 ], [ -44.776463599999943, -23.374804499999982 ], [ -44.776656799999955, -23.374700599999983 ], [ -44.776816899999972, -23.374685199999931 ], [ -44.776975099999959, -23.374693799999932 ], [ -44.777110599999958, -23.374783699999966 ], [ -44.777255899999943, -23.374874499999976 ], [ -44.777395199999944, -23.374936799999944 ], [ -44.777605799999947, -23.375037299999974 ], [ -44.77788959999998, -23.375160499999936 ], [ -44.778139, -23.375275699999975 ], [ -44.778313399999945, -23.375337099999967 ], [ -44.778671299999985, -23.375406599999963 ], [ -44.778947399999936, -23.375453099999959 ], [ -44.779299599999945, -23.375522899999964 ], [ -44.779558099999974, -23.375615299999936 ], [ -44.779799599999933, -23.375754 ], [ -44.77999189999997, -23.375909 ], [ -44.780193399999973, -23.376009799999963 ], [ -44.780437399999983, -23.376142 ], [ -44.78076509999994, -23.376289099999951 ], [ -44.781146799999931, -23.376539699999967 ], [ -44.781433, -23.376640599999973 ], [ -44.781596299999933, -23.376837499999965 ], [ -44.781816899999967, -23.377016699999956 ], [ -44.782207299999982, -23.377271299999961 ], [ -44.782430399999953, -23.377482799999939 ], [ -44.782695099999955, -23.377520899999979 ], [ -44.78293089999994, -23.37762239999995 ], [ -44.783231299999954, -23.377757699999961 ], [ -44.783500699999934, -23.377821899999958 ], [ -44.783731399999965, -23.377773899999966 ], [ -44.784044499999936, -23.377743799999962 ], [ -44.784278599999936, -23.377914299999929 ], [ -44.784457299999985, -23.37788379999995 ], [ -44.784754899999939, -23.377997299999947 ], [ -44.785062799999935, -23.378034199999945 ], [ -44.785253499999953, -23.377834599999971 ], [ -44.785161499999958, -23.377670199999955 ], [ -44.78506509999994, -23.377540899999929 ], [ -44.785173599999951, -23.377440499999977 ], [ -44.785229699999945, -23.377271 ], [ -44.785162499999956, -23.37713059999993 ], [ -44.785038399999962, -23.377054399999963 ], [ -44.784927799999934, -23.376844299999959 ], [ -44.784792, -23.376695199999972 ], [ -44.784597899999937, -23.376544899999942 ], [ -44.784408599999949, -23.37638 ], [ -44.784176899999977, -23.376227399999948 ], [ -44.783927299999959, -23.376131899999962 ], [ -44.783742599999982, -23.375989899999979 ], [ -44.78357, -23.37584709999993 ], [ -44.783397699999966, -23.375748599999952 ], [ -44.783196399999952, -23.375525099999948 ], [ -44.783072, -23.375327699999957 ], [ -44.782984499999941, -23.375097199999971 ], [ -44.782883099999935, -23.374893799999938 ], [ -44.782754599999976, -23.374709199999927 ], [ -44.782731499999954, -23.374514199999965 ], [ -44.782664, -23.374325099999965 ], [ -44.782756599999971, -23.374091 ], [ -44.782627899999966, -23.373920799999951 ], [ -44.78263759999993, -23.373755 ], [ -44.782871299999954, -23.373619899999937 ], [ -44.783169499999985, -23.373505399999942 ], [ -44.783393699999976, -23.373455099999944 ], [ -44.783629299999973, -23.373353099999974 ], [ -44.783817699999986, -23.373309199999937 ], [ -44.783993399999986, -23.373194 ], [ -44.784239699999944, -23.373147899999935 ], [ -44.784327699999949, -23.372990799999968 ], [ -44.784344199999964, -23.372798199999977 ], [ -44.784449199999983, -23.372498099999973 ], [ -44.784503299999983, -23.372113699999943 ], [ -44.784458599999937, -23.371844599999974 ], [ -44.784224199999983, -23.371700099999941 ], [ -44.784112499999935, -23.371567699999957 ], [ -44.783874599999933, -23.371472299999937 ], [ -44.783736399999952, -23.371449499999983 ], [ -44.783816599999966, -23.371308699999929 ], [ -44.783928, -23.371136899999954 ], [ -44.784102799999971, -23.370881699999927 ], [ -44.784305, -23.370681099999956 ], [ -44.784565699999973, -23.370466499999964 ], [ -44.78477909999998, -23.370301 ], [ -44.785112499999968, -23.370101599999941 ], [ -44.785199399999954, -23.370059799999979 ], [ -44.785410399999932, -23.369958499999939 ], [ -44.785663099999965, -23.369831599999941 ], [ -44.78593989999996, -23.369736199999977 ], [ -44.786274399999968, -23.369650499999977 ], [ -44.786619099999939, -23.369611199999952 ], [ -44.786876599999971, -23.369621099999961 ], [ -44.787108799999942, -23.369672899999955 ], [ -44.787326099999973, -23.369760799999938 ], [ -44.787539, -23.369890599999962 ], [ -44.78769559999995, -23.370085399999937 ], [ -44.787655599999937, -23.370210499999928 ], [ -44.78764579999995, -23.370241299999975 ], [ -44.787679499999967, -23.370352399999945 ], [ -44.787679499999967, -23.370461 ], [ -44.787561099999948, -23.370483099999944 ], [ -44.787517899999955, -23.370593499999927 ], [ -44.787552299999959, -23.370754499999975 ], [ -44.787657699999954, -23.371014399999979 ], [ -44.787822399999982, -23.371228499999972 ], [ -44.788086499999963, -23.371366299999977 ], [ -44.78830679999993, -23.371468399999969 ], [ -44.788582299999973, -23.371548799999971 ], [ -44.788834299999962, -23.371643399999982 ], [ -44.788985899999943, -23.371608599999945 ], [ -44.789136499999984, -23.371649299999945 ], [ -44.789276899999948, -23.371648099999959 ], [ -44.789372399999934, -23.371514899999966 ], [ -44.789398, -23.371305799999959 ], [ -44.789451499999984, -23.371041499999933 ], [ -44.789454599999942, -23.370809899999983 ], [ -44.789362399999959, -23.370541699999933 ], [ -44.78916049999998, -23.370362099999966 ], [ -44.789303199999949, -23.370128 ], [ -44.789435699999956, -23.370018899999934 ], [ -44.789594399999942, -23.369894299999942 ], [ -44.789804099999969, -23.369887 ], [ -44.789995599999941, -23.36991919999997 ], [ -44.790181799999971, -23.369760699999972 ], [ -44.790281499999935, -23.369639899999981 ], [ -44.79039819999997, -23.369561 ], [ -44.790456, -23.369543 ], [ -44.790518799999973, -23.369378799999936 ], [ -44.790664299999946, -23.369180299999982 ], [ -44.790887, -23.369078499999944 ], [ -44.791093699999976, -23.369070399999941 ], [ -44.79133539999998, -23.368923 ], [ -44.791521899999964, -23.368926899999963 ], [ -44.791629899999975, -23.36892279999995 ], [ -44.791825399999937, -23.368952199999967 ], [ -44.792006199999946, -23.369097199999942 ], [ -44.792116, -23.369287499999928 ], [ -44.792270099999939, -23.369466299999942 ], [ -44.792404499999975, -23.369588599999929 ], [ -44.792592199999945, -23.369731399999978 ], [ -44.792768399999943, -23.369840599999975 ], [ -44.793032099999948, -23.369910499999946 ], [ -44.793126099999938, -23.36994889999994 ], [ -44.793444099999931, -23.370126499999969 ], [ -44.793785799999966, -23.370241199999953 ], [ -44.794093399999952, -23.370336599999973 ], [ -44.794422499999939, -23.370346 ], [ -44.794681099999934, -23.370344699999976 ], [ -44.794875699999977, -23.370290499999953 ], [ -44.794969399999957, -23.370085899999935 ], [ -44.795121699999982, -23.369906399999934 ], [ -44.795229099999972, -23.369704299999967 ], [ -44.795406499999956, -23.36954309999993 ], [ -44.79555739999995, -23.369411599999978 ], [ -44.795742699999948, -23.369286 ], [ -44.795984099999941, -23.369162599999981 ], [ -44.796170299999972, -23.369048299999974 ], [ -44.796363299999939, -23.368965 ], [ -44.796592099999941, -23.368981199999951 ], [ -44.796837699999969, -23.369052299999964 ], [ -44.797109899999953, -23.369149899999968 ], [ -44.797307299999943, -23.369219299999941 ], [ -44.797509799999943, -23.369268399999953 ], [ -44.79773739999996, -23.369291499999974 ], [ -44.797996499999954, -23.369388599999979 ], [ -44.798190799999929, -23.369455899999934 ], [ -44.798409599999957, -23.369523299999969 ], [ -44.798578899999939, -23.369619899999975 ], [ -44.798740499999951, -23.369694399999958 ], [ -44.798909599999945, -23.369798299999957 ], [ -44.799199899999962, -23.369947 ], [ -44.799418299999957, -23.370058799999981 ], [ -44.79970979999996, -23.37019319999996 ], [ -44.799871499999938, -23.370312299999966 ], [ -44.800098, -23.370461299999931 ], [ -44.800340499999947, -23.370669799999973 ], [ -44.800526399999967, -23.370833299999958 ], [ -44.800631199999941, -23.371004299999981 ], [ -44.800792499999943, -23.37123459999998 ], [ -44.800935099999947, -23.371445699999981 ], [ -44.801123699999948, -23.371666199999936 ], [ -44.801309799999956, -23.371927199999959 ], [ -44.801535699999931, -23.372179699999947 ], [ -44.801704099999938, -23.372537 ], [ -44.801998899999944, -23.372884899999974 ], [ -44.802154599999938, -23.373127 ], [ -44.802245599999935, -23.373360299999945 ], [ -44.802262299999938, -23.373726199999965 ], [ -44.802203899999938, -23.373846799999967 ], [ -44.802025399999934, -23.373948199999973 ], [ -44.801718199999982, -23.374028399999929 ], [ -44.801348099999984, -23.374042199999963 ], [ -44.800947699999938, -23.374212299999954 ], [ -44.800908, -23.374434599999972 ], [ -44.800696099999982, -23.37460429999993 ], [ -44.800320199999931, -23.374820099999965 ], [ -44.799950699999954, -23.374983399999962 ], [ -44.799749599999984, -23.375106599999981 ], [ -44.799581199999977, -23.37508 ], [ -44.799478599999929, -23.375249199999928 ], [ -44.799560499999984, -23.375387299999943 ], [ -44.799673299999938, -23.375598399999944 ], [ -44.799918899999966, -23.375629099999969 ], [ -44.800174499999969, -23.375764499999946 ], [ -44.800357, -23.375885599999947 ], [ -44.80065819999993, -23.375974099999951 ], [ -44.800911, -23.375998699999968 ], [ -44.801137299999937, -23.376022399999954 ], [ -44.801385499999981, -23.376082 ], [ -44.801631699999973, -23.376177299999938 ], [ -44.801836199999968, -23.376293199999964 ], [ -44.802054899999973, -23.376435099999981 ], [ -44.802323799999954, -23.376634399999944 ], [ -44.802436499999942, -23.376684499999953 ], [ -44.802463599999953, -23.376876799999934 ], [ -44.802680699999939, -23.377001599999971 ], [ -44.802895799999931, -23.37707329999995 ], [ -44.803191899999945, -23.377255599999955 ], [ -44.803449199999932, -23.377485299999933 ], [ -44.803776299999981, -23.377677399999982 ], [ -44.804097499999955, -23.377864 ], [ -44.804536, -23.378066099999955 ], [ -44.804991799999982, -23.378397399999983 ], [ -44.805229, -23.378531799999962 ], [ -44.805505299999936, -23.378613299999927 ], [ -44.805675899999983, -23.3787 ], [ -44.805777199999966, -23.378893299999959 ], [ -44.806126099999972, -23.379176599999937 ], [ -44.806749699999955, -23.379383599999983 ], [ -44.807144599999958, -23.379486099999951 ], [ -44.80752259999997, -23.379450299999974 ], [ -44.807722099999978, -23.379367899999977 ], [ -44.807792699999936, -23.379220399999951 ], [ -44.807823699999972, -23.379046399999936 ], [ -44.807972, -23.378973899999949 ], [ -44.808169299999975, -23.37902889999998 ], [ -44.808436, -23.379011199999979 ], [ -44.808547699999963, -23.379058499999928 ], [ -44.80854979999998, -23.379182 ], [ -44.808649399999979, -23.379268099999933 ], [ -44.808899399999973, -23.379292 ], [ -44.809161499999959, -23.379393899999968 ], [ -44.809307, -23.379385199999945 ], [ -44.809457099999975, -23.379299299999957 ], [ -44.809655099999929, -23.379385199999945 ], [ -44.809798499999943, -23.37954579999996 ], [ -44.809942, -23.379726399999981 ], [ -44.810241499999961, -23.379891399999963 ], [ -44.810419099999933, -23.379858099999979 ], [ -44.810639399999957, -23.379893 ], [ -44.811023599999942, -23.379986199999962 ], [ -44.811320299999977, -23.380004099999951 ], [ -44.811534, -23.379983799999934 ], [ -44.811639699999944, -23.380115199999977 ], [ -44.811763699999972, -23.380150699999945 ], [ -44.811934199999939, -23.37994029999993 ], [ -44.812317099999973, -23.379910199999983 ], [ -44.812492099999986, -23.380010099999936 ], [ -44.812696199999948, -23.380172199999947 ], [ -44.812952799999948, -23.380345099999943 ], [ -44.813302599999986, -23.380492699999934 ], [ -44.813571, -23.380417299999976 ], [ -44.813957899999934, -23.380507899999941 ], [ -44.814270599999929, -23.380487699999946 ], [ -44.814675299999976, -23.380580499999951 ], [ -44.814653399999941, -23.380731399999945 ], [ -44.814826, -23.380799299999978 ], [ -44.815212, -23.380908599999941 ], [ -44.815508899999941, -23.38103579999995 ], [ -44.81590529999994, -23.381218 ], [ -44.816242799999941, -23.381318399999941 ], [ -44.816580299999941, -23.38141 ], [ -44.81674819999995, -23.381392699999935 ], [ -44.816997699999945, -23.381437699999935 ], [ -44.817285899999945, -23.381410799999969 ], [ -44.817597, -23.381474 ], [ -44.81771329999998, -23.381402199999968 ], [ -44.817858799999954, -23.381330699999978 ], [ -44.818119899999942, -23.381215299999951 ], [ -44.818426599999952, -23.381195499999933 ], [ -44.81870669999995, -23.381237699999929 ], [ -44.818847299999959, -23.381330799999944 ], [ -44.819066799999973, -23.381346399999927 ], [ -44.819117099999971, -23.38120669999995 ], [ -44.819279699999981, -23.38126589999996 ], [ -44.819345399999975, -23.38129349999997 ], [ -44.821874299999934, -23.380201499999941 ], [ -44.822869899999944, -23.377280699999972 ], [ -44.821693099999948, -23.373430199999973 ], [ -44.819359599999984, -23.370359899999983 ], [ -44.819227, -23.370185399999968 ], [ -44.819214099999954, -23.370141899999965 ], [ -44.819158699999946, -23.370063099999982 ], [ -44.819133499999964, -23.370027299999947 ], [ -44.818735099999969, -23.370107 ], [ -44.81822649999998, -23.37018 ], [ -44.817914799999983, -23.370230099999958 ], [ -44.817590299999949, -23.370253699999978 ], [ -44.817394899999954, -23.370239 ], [ -44.817116499999941, -23.370159399999977 ], [ -44.816818199999943, -23.36998559999995 ], [ -44.81650419999994, -23.369753199999934 ], [ -44.815690599999982, -23.369074199999943 ], [ -44.815371599999935, -23.368836099999953 ], [ -44.815017699999942, -23.36862119999995 ], [ -44.814632599999982, -23.368486899999937 ], [ -44.813135, -23.368070399999965 ], [ -44.81012549999997, -23.367233499999941 ], [ -44.809681599999976, -23.367134499999963 ], [ -44.80936209999993, -23.367093899999929 ], [ -44.808482799999979, -23.367049 ], [ -44.808085699999936, -23.367058099999952 ], [ -44.807661099999962, -23.367159 ], [ -44.807353299999932, -23.367268099999933 ], [ -44.80701739999995, -23.367450199999951 ], [ -44.806444699999986, -23.367760699999963 ], [ -44.805978899999957, -23.367890099999954 ], [ -44.804805399999964, -23.367837099999974 ], [ -44.803301, -23.367700199999945 ], [ -44.802827199999967, -23.367616599999963 ], [ -44.802450599999986, -23.367481099999964 ], [ -44.802103299999942, -23.367281899999966 ], [ -44.801760299999955, -23.366939 ], [ -44.801557099999968, -23.366666899999927 ], [ -44.801148099999978, -23.366009 ], [ -44.800985899999944, -23.365786499999956 ], [ -44.800790699999936, -23.365544599999964 ], [ -44.800559299999975, -23.365349199999969 ], [ -44.800328799999932, -23.365173399999946 ], [ -44.799862699999949, -23.364998499999956 ], [ -44.799357699999973, -23.364955099999975 ], [ -44.798889, -23.365006699999981 ], [ -44.798617799999931, -23.365095399999973 ], [ -44.798387799999944, -23.365187899999967 ], [ -44.797869799999944, -23.365405799999962 ], [ -44.797214699999984, -23.365760299999977 ], [ -44.797031799999957, -23.365840799999944 ], [ -44.796519499999931, -23.365936099999942 ], [ -44.796131299999956, -23.36587789999993 ], [ -44.795814499999949, -23.365784599999927 ], [ -44.793924699999934, -23.364956799999959 ], [ -44.793525699999975, -23.364821699999936 ], [ -44.79302569999993, -23.364708599999972 ], [ -44.791751, -23.364558 ], [ -44.791271599999959, -23.36446559999996 ], [ -44.790967499999965, -23.364383299999929 ], [ -44.790708099999961, -23.364270099999942 ], [ -44.789709199999947, -23.363642399999947 ], [ -44.78813, -23.362795699999936 ], [ -44.787926, -23.362666199999978 ], [ -44.78777249999996, -23.362534399999959 ], [ -44.787487399999975, -23.362227699999949 ], [ -44.78715619999997, -23.361831699999982 ], [ -44.786419599999931, -23.36087 ], [ -44.786156499999947, -23.360556799999983 ], [ -44.785997899999984, -23.36041739999996 ], [ -44.78567419999996, -23.360256 ], [ -44.785184799999968, -23.360098599999958 ], [ -44.784788899999967, -23.359973 ], [ -44.784209899999951, -23.359827099999961 ], [ -44.783996899999977, -23.359788599999945 ], [ -44.783703099999968, -23.35978369999998 ], [ -44.78343689999997, -23.359901899999954 ], [ -44.783254199999931, -23.36000729999995 ], [ -44.782951599999933, -23.360229499999946 ], [ -44.782793499999968, -23.360496499999954 ], [ -44.782655899999952, -23.36079239999998 ], [ -44.782595399999934, -23.361043299999949 ], [ -44.782517, -23.361356899999976 ], [ -44.782375899999977, -23.36175529999997 ], [ -44.782265299999949, -23.361974499999974 ], [ -44.78217669999998, -23.362076099999967 ], [ -44.782143099999985, -23.362114599999927 ], [ -44.781930899999963, -23.362310299999933 ], [ -44.781593099999952, -23.362459 ], [ -44.781337, -23.362507799999946 ], [ -44.781018899999935, -23.362529199999983 ], [ -44.780435599999976, -23.36247579999997 ], [ -44.779069499999935, -23.36228049999994 ], [ -44.778707199999985, -23.362092899999936 ], [ -44.778451099999984, -23.361849599999971 ], [ -44.77819, -23.361310699999933 ], [ -44.77794369999998, -23.360992899999928 ], [ -44.777628099999959, -23.360745799999961 ], [ -44.777303099999983, -23.360553 ], [ -44.776963399999943, -23.360421299999928 ], [ -44.773679899999934, -23.359880099999941 ], [ -44.773071699999946, -23.359550099999979 ], [ -44.772723099999951, -23.359141799999975 ], [ -44.772455099999945, -23.358766599999967 ], [ -44.771143699999982, -23.357277499999952 ], [ -44.770739699999979, -23.356779899999935 ], [ -44.770515899999964, -23.356515599999966 ], [ -44.770280799999966, -23.356298599999946 ], [ -44.769875, -23.356044699999927 ], [ -44.769688099999939, -23.355938599999945 ], [ -44.769801299999983, -23.356365 ], [ -44.769780799999978, -23.356787099999963 ], [ -44.770032399999934, -23.35705239999993 ], [ -44.770045299999936, -23.357257799999957 ], [ -44.770211299999971, -23.357569399999932 ], [ -44.770312899999965, -23.358128199999953 ], [ -44.770362, -23.358634699999982 ], [ -44.77044589999997, -23.358942399999933 ], [ -44.770754, -23.359676499999978 ], [ -44.770962099999963, -23.360172399999954 ], [ -44.771106199999963, -23.360689299999933 ], [ -44.771312599999931, -23.361048499999981 ], [ -44.771371199999976, -23.361249099999952 ], [ -44.771423699999957, -23.361428799999942 ], [ -44.771434399999976, -23.361616199999958 ], [ -44.771467, -23.361678299999937 ], [ -44.771649099999934, -23.36188089999996 ], [ -44.771779899999956, -23.362191199999927 ], [ -44.771762499999966, -23.362583799999982 ], [ -44.771716499999968, -23.363624099999981 ], [ -44.771682799999951, -23.364147699999933 ], [ -44.771677599999975, -23.364227899999946 ], [ -44.771878199999946, -23.364443399999971 ], [ -44.772623799999963, -23.364464399999974 ], [ -44.772958099999983, -23.364444899999967 ], [ -44.773294, -23.36452509999998 ], [ -44.773526899999979, -23.364580599999954 ], [ -44.77362949999997, -23.364635 ], [ -44.773858299999972, -23.364742199999966 ], [ -44.773945799999979, -23.364995299999975 ], [ -44.774119399999961, -23.365384099999972 ], [ -44.774407899999972, -23.365655599999968 ], [ -44.774729899999954, -23.366025499999978 ], [ -44.774940799999968, -23.366393699999946 ], [ -44.775104799999951, -23.367069399999934 ], [ -44.774898199999939, -23.367344699999933 ], [ -44.77512349999995, -23.367758199999969 ], [ -44.775258899999983, -23.368168 ], [ -44.775451499999974, -23.368367699999965 ], [ -44.775543099999936, -23.368521299999941 ], [ -44.775417699999934, -23.368473499999936 ], [ -44.774923499999943, -23.368483799999979 ], [ -44.774214799999982, -23.368116799999939 ], [ -44.773603299999934, -23.368032899999946 ], [ -44.773165499999948, -23.367843199999982 ], [ -44.772756399999935, -23.367475899999931 ], [ -44.771893499999976, -23.367224199999953 ], [ -44.771118, -23.367331499999977 ], [ -44.770768199999964, -23.36718819999993 ], [ -44.77049089999997, -23.367176799999982 ], [ -44.770326199999943, -23.36706 ], [ -44.769865099999947, -23.36768109999997 ], [ -44.769727199999977, -23.368041799999958 ], [ -44.769998099999953, -23.36871 ], [ -44.77079729999997, -23.369742899999949 ], [ -44.770711099999971, -23.370052199999975 ] ] ] } },
{ "type": "Feature", "properties": { "id": "3555406063", "cd_bairro": "3555406063", "bairro": "Almada", "cd_mun": "3555406", "municipio": "Ubatuba", "cd_dist": "355540610", "distrito": "Picinguaba" }, "geometry": { "type": "Polygon", "coordinates": [ [ [ -44.890099299999974, -23.37265309999998 ], [ -44.89043879999997, -23.372580899999946 ], [ -44.890683799999977, -23.372479599999963 ], [ -44.890905299999986, -23.372262199999966 ], [ -44.890941099999964, -23.37197649999996 ], [ -44.891208499999948, -23.371721299999933 ], [ -44.89151789999994, -23.371507699999938 ], [ -44.891765499999963, -23.371285399999977 ], [ -44.892052599999943, -23.371076499999958 ], [ -44.89216609999994, -23.370776499999977 ], [ -44.892217699999946, -23.370491099999981 ], [ -44.892323399999952, -23.370173899999941 ], [ -44.892170399999941, -23.369820399999981 ], [ -44.89202, -23.369569499999955 ], [ -44.891853599999934, -23.369388399999934 ], [ -44.891656599999976, -23.369233899999983 ], [ -44.891413199999931, -23.369107799999938 ], [ -44.891234099999963, -23.368957899999941 ], [ -44.891080599999952, -23.369021699999962 ], [ -44.890854199999978, -23.368985599999974 ], [ -44.890657099999942, -23.368951799999934 ], [ -44.890355399999976, -23.368840399999954 ], [ -44.890071199999966, -23.368811499999936 ], [ -44.889917299999979, -23.368612 ], [ -44.889798199999973, -23.368312499999945 ], [ -44.889703499999939, -23.36804049999995 ], [ -44.889646299999981, -23.36769709999993 ], [ -44.889592299999947, -23.36741619999998 ], [ -44.889462499999979, -23.367277399999978 ], [ -44.889286399999946, -23.367190299999947 ], [ -44.889177399999937, -23.367101499999933 ], [ -44.889052799999945, -23.366860599999939 ], [ -44.888894299999947, -23.366817399999945 ], [ -44.888872099999958, -23.366816099999937 ], [ -44.888686799999959, -23.366820699999948 ], [ -44.888512599999956, -23.366662599999927 ], [ -44.888412, -23.366411399999947 ], [ -44.888237599999968, -23.366198399999973 ], [ -44.888029, -23.366032299999972 ], [ -44.887923199999932, -23.365840299999945 ], [ -44.887757499999964, -23.365785599999981 ], [ -44.887608299999954, -23.365803899999946 ], [ -44.887488799999971, -23.365739899999937 ], [ -44.887390899999957, -23.365587199999936 ], [ -44.887316099999964, -23.365323399999966 ], [ -44.887306799999976, -23.364964 ], [ -44.887330299999974, -23.364684699999941 ], [ -44.88735829999996, -23.364287799999943 ], [ -44.887442499999963, -23.36391 ], [ -44.887617599999942, -23.363362299999949 ], [ -44.887812699999984, -23.362871299999938 ], [ -44.88792559999996, -23.362832199999957 ], [ -44.888054499999953, -23.362687799999946 ], [ -44.888005799999974, -23.362485199999981 ], [ -44.888021399999957, -23.36227249999996 ], [ -44.888085599999954, -23.362075599999969 ], [ -44.888207299999976, -23.361788699999977 ], [ -44.888330199999984, -23.361491 ], [ -44.888504699999942, -23.361041199999931 ], [ -44.888682499999959, -23.360653199999945 ], [ -44.888818199999946, -23.360346899999968 ], [ -44.888970099999938, -23.360051799999951 ], [ -44.88913969999993, -23.359666599999969 ], [ -44.889298699999983, -23.359542699999963 ], [ -44.889552899999956, -23.359538499999928 ], [ -44.889863299999945, -23.359523399999944 ], [ -44.890231599999936, -23.359568699999954 ], [ -44.890567399999952, -23.359459 ], [ -44.89075269999995, -23.359285799999952 ], [ -44.890743799999939, -23.359019099999955 ], [ -44.890632399999959, -23.358703899999966 ], [ -44.890423899999973, -23.358511199999953 ], [ -44.890271699999971, -23.358414499999981 ], [ -44.890007599999933, -23.35828639999994 ], [ -44.889768799999956, -23.358159 ], [ -44.88962609999993, -23.358055499999978 ], [ -44.889468199999953, -23.357887299999959 ], [ -44.889232199999981, -23.357624299999941 ], [ -44.889050299999951, -23.35732749999994 ], [ -44.888821499999949, -23.357037099999957 ], [ -44.888562699999966, -23.356761799999958 ], [ -44.888313, -23.356438899999944 ], [ -44.888116899999943, -23.356213 ], [ -44.888052099999982, -23.355991099999983 ], [ -44.887957899999947, -23.355773299999953 ], [ -44.887946299999953, -23.35554419999994 ], [ -44.887998899999957, -23.355269599999929 ], [ -44.887992299999951, -23.355002599999978 ], [ -44.884957699999973, -23.354890299999965 ], [ -44.88487989999993, -23.354815 ], [ -44.884848, -23.354784099999961 ], [ -44.884746799999959, -23.354724399999952 ], [ -44.884642799999938, -23.354676299999937 ], [ -44.884539599999982, -23.354656499999976 ], [ -44.884392599999956, -23.354655699999967 ], [ -44.884279899999967, -23.354671499999938 ], [ -44.884177899999941, -23.354726399999947 ], [ -44.884060199999965, -23.354795399999944 ], [ -44.884024199999942, -23.35481649999997 ], [ -44.883930699999951, -23.354853699999978 ], [ -44.88373839999997, -23.354880899999955 ], [ -44.883566499999972, -23.354920899999968 ], [ -44.883367, -23.355022799999972 ], [ -44.88318709999993, -23.355118 ], [ -44.883005599999933, -23.355190599999958 ], [ -44.88270069999993, -23.355277099999967 ], [ -44.882500099999959, -23.355329199999971 ], [ -44.882295599999964, -23.355382399999939 ], [ -44.882046799999955, -23.355407299999968 ], [ -44.881735699999979, -23.355396199999973 ], [ -44.881483599999967, -23.355310399999951 ], [ -44.88128329999995, -23.355227299999967 ], [ -44.881107099999952, -23.355193699999973 ], [ -44.88122089999996, -23.355313399999943 ], [ -44.881298199999947, -23.355394299999944 ], [ -44.881327399999975, -23.355450099999928 ], [ -44.881312599999944, -23.35551 ], [ -44.881236599999966, -23.355581299999983 ], [ -44.881159599999933, -23.355628699999954 ], [ -44.880539599999963, -23.355821899999967 ], [ -44.879362899999933, -23.355991299999971 ], [ -44.87912769999997, -23.356104199999947 ], [ -44.879033699999979, -23.35624219999994 ], [ -44.879015099999947, -23.356448399999977 ], [ -44.879030799999953, -23.356608599999959 ], [ -44.879462599999954, -23.357060299999944 ], [ -44.879828099999941, -23.357592499999953 ], [ -44.879931299999953, -23.357781799999941 ], [ -44.880059699999947, -23.357919699999968 ], [ -44.880293599999959, -23.358110499999952 ], [ -44.879971499999954, -23.35798189999997 ], [ -44.879442899999958, -23.357576699999981 ], [ -44.878347899999937, -23.356737299999963 ], [ -44.877757199999962, -23.356190599999934 ], [ -44.877655199999936, -23.35651729999995 ], [ -44.877436399999965, -23.357720299999983 ], [ -44.877655199999936, -23.358321799999942 ], [ -44.877709799999934, -23.359360799999934 ], [ -44.877436399999965, -23.360509099999945 ], [ -44.876670899999965, -23.361548099999936 ], [ -44.874931699999934, -23.36443909999997 ], [ -44.875090399999976, -23.364416499999948 ], [ -44.875297799999942, -23.364334799999938 ], [ -44.875490399999933, -23.364306 ], [ -44.87556369999993, -23.364171399999975 ], [ -44.875655, -23.363976599999944 ], [ -44.875793599999952, -23.363884699999971 ], [ -44.875882299999944, -23.36366929999997 ], [ -44.876026699999954, -23.363559799999962 ], [ -44.876203499999974, -23.36339769999995 ], [ -44.876288399999964, -23.363272499999937 ], [ -44.876306799999952, -23.363119199999971 ], [ -44.876283099999966, -23.362966299999982 ], [ -44.876463799999954, -23.362879699999951 ], [ -44.87675059999998, -23.362898199999961 ], [ -44.877085499999964, -23.362937099999954 ], [ -44.877494, -23.36301119999996 ], [ -44.877975699999979, -23.363064099999974 ], [ -44.878585099999952, -23.363080699999955 ], [ -44.879064699999958, -23.363059599999929 ], [ -44.87952, -23.363082799999972 ], [ -44.879907899999978, -23.363144899999952 ], [ -44.880406799999946, -23.363209299999937 ], [ -44.880826899999931, -23.363248899999974 ], [ -44.881491, -23.363266299999964 ], [ -44.881885099999977, -23.36328089999995 ], [ -44.882231099999956, -23.363316499999939 ], [ -44.882295699999986, -23.363395 ], [ -44.882341099999962, -23.363527599999941 ], [ -44.882399299999975, -23.36378209999998 ], [ -44.882525899999962, -23.363921 ], [ -44.882720599999971, -23.364089599999943 ], [ -44.882913799999983, -23.364403299999935 ], [ -44.883004899999946, -23.364732599999968 ], [ -44.883073599999932, -23.364953199999945 ], [ -44.883217299999956, -23.365157799999963 ], [ -44.883501399999943, -23.365386299999955 ], [ -44.883613799999978, -23.365631499999949 ], [ -44.883853899999963, -23.365857099999971 ], [ -44.884032, -23.366087899999968 ], [ -44.884323099999961, -23.366298099999938 ], [ -44.884567199999935, -23.366472199999976 ], [ -44.884711599999946, -23.366690499999947 ], [ -44.884936699999969, -23.366785399999969 ], [ -44.884924299999966, -23.366965799999946 ], [ -44.884896499999968, -23.367183199999943 ], [ -44.884766599999978, -23.367459399999973 ], [ -44.884670799999981, -23.367815499999949 ], [ -44.884708299999943, -23.368069199999979 ], [ -44.884618799999942, -23.368278199999963 ], [ -44.884505299999944, -23.36853119999995 ], [ -44.884486099999947, -23.368879 ], [ -44.884459899999968, -23.369082099999957 ], [ -44.884541299999967, -23.369301499999949 ], [ -44.884649099999933, -23.369577699999979 ], [ -44.884783399999947, -23.369752799999958 ], [ -44.885055499999964, -23.369993799999975 ], [ -44.885325299999977, -23.370190799999932 ], [ -44.885574499999962, -23.370395599999938 ], [ -44.88585269999993, -23.370490899999936 ], [ -44.886032899999975, -23.370453299999951 ], [ -44.886240499999985, -23.370525599999951 ], [ -44.886543399999937, -23.370690499999967 ], [ -44.886779799999942, -23.370846 ], [ -44.887004299999944, -23.371072099999935 ], [ -44.887155099999973, -23.371239099999968 ], [ -44.887289599999974, -23.371413099999927 ], [ -44.887557899999933, -23.37158919999996 ], [ -44.887861399999963, -23.37161679999997 ], [ -44.888117899999941, -23.371678499999973 ], [ -44.888334399999962, -23.371842799999968 ], [ -44.888509599999963, -23.372013799999934 ], [ -44.888754, -23.372235199999977 ], [ -44.888992299999984, -23.372435499999938 ], [ -44.889402699999948, -23.372601699999962 ], [ -44.889782299999979, -23.372696399999938 ], [ -44.890099299999974, -23.37265309999998 ] ] ] } },
{ "type": "Feature", "properties": { "id": "3555406064", "cd_bairro": "3555406064", "bairro": "Ubatumirim", "cd_mun": "3555406", "municipio": "Ubatuba", "cd_dist": "355540610", "distrito": "Picinguaba" }, "geometry": { "type": "Polygon", "coordinates": [ [ [ -44.883195, -23.345723599999928 ], [ -44.88337359999997, -23.34537 ], [ -44.883614799999975, -23.344891899999936 ], [ -44.883806799999945, -23.344522799999936 ], [ -44.883951399999944, -23.344261199999949 ], [ -44.884056099999952, -23.344017799999961 ], [ -44.884227099999976, -23.343688399999962 ], [ -44.884361899999931, -23.343450399999938 ], [ -44.884498699999938, -23.343192599999952 ], [ -44.884667699999966, -23.342890499999953 ], [ -44.884868899999958, -23.342603099999963 ], [ -44.885058199999946, -23.34237539999998 ], [ -44.885163, -23.342161399999952 ], [ -44.885323799999981, -23.341940499999964 ], [ -44.885516699999982, -23.341749 ], [ -44.885782, -23.341461699999968 ], [ -44.886079699999982, -23.341115299999956 ], [ -44.886400899999956, -23.340762199999972 ], [ -44.886706199999935, -23.340460299999961 ], [ -44.886930799999959, -23.340195799999947 ], [ -44.887081, -23.340036 ], [ -44.887193199999956, -23.339800599999933 ], [ -44.887265699999944, -23.339358499999946 ], [ -44.88721819999995, -23.339026799999942 ], [ -44.88764249999997, -23.33871709999994 ], [ -44.887851299999966, -23.33882049999994 ], [ -44.888277699999946, -23.338821399999972 ], [ -44.88879129999998, -23.338800899999967 ], [ -44.889255099999957, -23.338750399999981 ], [ -44.889852499999961, -23.33858349999997 ], [ -44.89025179999993, -23.338422599999944 ], [ -44.890653, -23.338231399999927 ], [ -44.89090269999997, -23.338120699999934 ], [ -44.891409799999963, -23.33781 ], [ -44.891778199999976, -23.337597199999948 ], [ -44.89223549999997, -23.337362 ], [ -44.892988599999967, -23.337082599999974 ], [ -44.893548299999964, -23.336898299999973 ], [ -44.894055899999955, -23.336732099999949 ], [ -44.894443499999966, -23.336583599999983 ], [ -44.894949299999951, -23.336432899999977 ], [ -44.895542, -23.336265399999945 ], [ -44.896103899999957, -23.33609759999996 ], [ -44.896839899999975, -23.335841799999969 ], [ -44.897512399999982, -23.335649 ], [ -44.898173299999939, -23.335484699999938 ], [ -44.898715299999935, -23.335358099999951 ], [ -44.899277099999949, -23.335223699999972 ], [ -44.899678899999969, -23.335122099999978 ], [ -44.900157799999931, -23.334990199999936 ], [ -44.900655899999947, -23.334863599999949 ], [ -44.900976899999932, -23.334798299999932 ], [ -44.901820899999962, -23.334632399999975 ], [ -44.902546799999982, -23.334533 ], [ -44.903109299999983, -23.334405 ], [ -44.90373, -23.334312399999931 ], [ -44.904950699999972, -23.334114299999953 ], [ -44.90566339999998, -23.334017099999983 ], [ -44.906374199999959, -23.334007799999938 ], [ -44.906999399999961, -23.334022299999958 ], [ -44.907504099999983, -23.334030199999972 ], [ -44.908010599999955, -23.334071599999959 ], [ -44.90815559999993, -23.334166299999936 ], [ -44.908228599999973, -23.334505099999944 ], [ -44.908360899999934, -23.334849099999929 ], [ -44.908532599999944, -23.335175599999957 ], [ -44.908696799999973, -23.33539589999998 ], [ -44.908924299999967, -23.335563199999967 ], [ -44.909121, -23.335663299999965 ], [ -44.909408299999939, -23.335666099999969 ], [ -44.909616, -23.335587099999941 ], [ -44.909808899999973, -23.335601499999939 ], [ -44.910036699999978, -23.335631199999966 ], [ -44.910288799999933, -23.335672399999964 ], [ -44.910505699999931, -23.335750699999949 ], [ -44.910728899999981, -23.335823799999957 ], [ -44.911017, -23.335943799999939 ], [ -44.911217499999964, -23.336033 ], [ -44.911383199999932, -23.33614369999998 ], [ -44.911566899999968, -23.336245 ], [ -44.91168, -23.336346599999956 ], [ -44.911798399999952, -23.33644959999998 ], [ -44.911934799999983, -23.336606399999937 ], [ -44.912035499999945, -23.336725299999955 ], [ -44.912165899999934, -23.336908899999969 ], [ -44.912347, -23.337173499999949 ], [ -44.912380399999961, -23.33735669999993 ], [ -44.912344, -23.337501799999927 ], [ -44.912256499999955, -23.337550499999963 ], [ -44.912153099999955, -23.337601 ], [ -44.912138399999947, -23.337748399999953 ], [ -44.912009699999942, -23.337902799999938 ], [ -44.911939599999982, -23.337998099999936 ], [ -44.911846899999944, -23.338077799999951 ], [ -44.911733, -23.338142699999935 ], [ -44.911669499999959, -23.338090799999975 ], [ -44.911526, -23.33808879999998 ], [ -44.911350099999936, -23.33816029999997 ], [ -44.91123, -23.338291099999935 ], [ -44.911068099999966, -23.338443599999948 ], [ -44.91096349999998, -23.33860459999994 ], [ -44.911105899999939, -23.338813699999946 ], [ -44.911146, -23.338987499999973 ], [ -44.911116, -23.339210199999968 ], [ -44.911221299999966, -23.339447499999949 ], [ -44.911369699999966, -23.33965829999994 ], [ -44.911498199999983, -23.339920399999983 ], [ -44.91152349999993, -23.340182299999981 ], [ -44.911654599999963, -23.340331699999979 ], [ -44.911813699999982, -23.340501399999937 ], [ -44.911866199999963, -23.340667799999949 ], [ -44.911880799999949, -23.34083069999997 ], [ -44.911915299999976, -23.340977199999941 ], [ -44.922114, -23.331768599999975 ], [ -44.921857099999954, -23.331676199999947 ], [ -44.91801659999993, -23.330330199999935 ], [ -44.917419799999948, -23.330121099999928 ], [ -44.917412699999943, -23.330118499999969 ], [ -44.916675199999986, -23.329847199999961 ], [ -44.916010599999936, -23.32958739999998 ], [ -44.915710099999956, -23.329463499999974 ], [ -44.915232499999945, -23.329266599999983 ], [ -44.914955199999952, -23.329152299999976 ], [ -44.914664499999958, -23.329036799999983 ], [ -44.914145299999973, -23.32873 ], [ -44.913343299999951, -23.328196899999966 ], [ -44.912871, -23.32785569999993 ], [ -44.912432799999976, -23.32748909999998 ], [ -44.911876599999971, -23.326982099999952 ], [ -44.911500399999966, -23.326558399999954 ], [ -44.911153599999977, -23.326199899999949 ], [ -44.910510199999976, -23.325382199999979 ], [ -44.909317, -23.323442099999966 ], [ -44.90912, -23.323072299999978 ], [ -44.909070199999974, -23.322978899999953 ], [ -44.908756199999971, -23.322459199999969 ], [ -44.908559, -23.322122299999933 ], [ -44.908316199999945, -23.321712 ], [ -44.908273399999985, -23.321642499999939 ], [ -44.907638, -23.32061269999997 ], [ -44.90720749999997, -23.320043699999928 ], [ -44.906955, -23.319733199999973 ], [ -44.906542299999956, -23.319342799999959 ], [ -44.906234199999972, -23.319105799999932 ], [ -44.905846899999972, -23.318846 ], [ -44.905480099999977, -23.31864719999993 ], [ -44.90496829999995, -23.318401799999947 ], [ -44.904314399999976, -23.318154899999968 ], [ -44.903444299999933, -23.317927599999962 ], [ -44.900967, -23.317460399999959 ], [ -44.899964399999931, -23.317468199999951 ], [ -44.898959399999967, -23.31748609999994 ], [ -44.897792799999934, -23.317573599999946 ], [ -44.897107299999959, -23.317642699999965 ], [ -44.896693499999969, -23.317674099999977 ], [ -44.895307499999944, -23.317779299999927 ], [ -44.894640099999947, -23.317869599999938 ], [ -44.893996499999957, -23.31800949999996 ], [ -44.893442599999958, -23.318158299999936 ], [ -44.892885399999955, -23.318371499999955 ], [ -44.892373699999951, -23.318608599999948 ], [ -44.892120399999953, -23.318742 ], [ -44.89174369999995, -23.318962 ], [ -44.891396199999974, -23.319165799999951 ], [ -44.890440499999954, -23.319754699999976 ], [ -44.889464499999974, -23.32035609999997 ], [ -44.888919499999986, -23.320739599999968 ], [ -44.888446, -23.321134299999983 ], [ -44.888279099999977, -23.321278899999982 ], [ -44.888136899999949, -23.321402099999943 ], [ -44.887698899999975, -23.32188089999994 ], [ -44.887373699999955, -23.322316899999976 ], [ -44.88711909999995, -23.322723699999983 ], [ -44.886899199999959, -23.323079499999949 ], [ -44.886604399999953, -23.323547699999949 ], [ -44.883981199999937, -23.327838199999974 ], [ -44.883718599999952, -23.32831479999993 ], [ -44.883564899999953, -23.32860119999998 ], [ -44.88319249999995, -23.329448799999966 ], [ -44.88285819999993, -23.330201399999964 ], [ -44.882236099999943, -23.331586099999981 ], [ -44.881951899999933, -23.332223599999963 ], [ -44.881757799999946, -23.332659099999944 ], [ -44.881646799999942, -23.332958 ], [ -44.881502199999943, -23.333238399999971 ], [ -44.88126079999995, -23.333577499999933 ], [ -44.881062499999985, -23.333823099999961 ], [ -44.88029, -23.334890899999948 ], [ -44.879308599999945, -23.336177499999962 ], [ -44.878561, -23.337204299999939 ], [ -44.875301599999943, -23.341750499999932 ], [ -44.874764499999969, -23.342459699999949 ], [ -44.874652499999968, -23.342598299999963 ], [ -44.874660899999981, -23.342650499999934 ], [ -44.875215399999945, -23.346088699999939 ], [ -44.875371799999982, -23.347058499999946 ], [ -44.875499899999966, -23.34763 ], [ -44.876345399999934, -23.348409199999935 ], [ -44.877160499999945, -23.348971899999981 ], [ -44.877501799999948, -23.349480899999946 ], [ -44.877673799999968, -23.35043509999997 ], [ -44.877638399999967, -23.35097959999996 ], [ -44.878628099999958, -23.351999399999954 ], [ -44.879481799999951, -23.352958399999977 ], [ -44.880910099999937, -23.353289299999972 ], [ -44.881830399999956, -23.353777499999978 ], [ -44.882555, -23.353872699999954 ], [ -44.883363699999961, -23.353546 ], [ -44.883750499999962, -23.353433 ], [ -44.883782799999949, -23.353507 ], [ -44.883909899999935, -23.353503199999977 ], [ -44.884073899999976, -23.353593499999931 ], [ -44.884171399999957, -23.353670099999931 ], [ -44.884208, -23.35375339999996 ], [ -44.884200399999941, -23.35382489999995 ], [ -44.884201099999984, -23.353902599999969 ], [ -44.884268499999962, -23.353979299999935 ], [ -44.884351899999956, -23.354061 ], [ -44.884397799999931, -23.354169499999955 ], [ -44.884463399999959, -23.354331299999956 ], [ -44.884729899999968, -23.354557199999931 ], [ -44.884829099999934, -23.354665899999929 ], [ -44.88488689999997, -23.354741899999965 ], [ -44.884922199999949, -23.354816 ], [ -44.884957699999973, -23.354890299999965 ], [ -44.887992299999951, -23.355002599999978 ], [ -44.887991099999965, -23.354948799999931 ], [ -44.887966399999982, -23.354649799999947 ], [ -44.887886399999957, -23.354417 ], [ -44.887768, -23.354243299999951 ], [ -44.887601899999936, -23.354025599999943 ], [ -44.88727, -23.353762299999971 ], [ -44.887087099999974, -23.353589599999964 ], [ -44.886729899999978, -23.353543799999954 ], [ -44.886524099999974, -23.353421799999978 ], [ -44.886233799999957, -23.35331919999993 ], [ -44.885933799999975, -23.353034099999945 ], [ -44.885655899999961, -23.352859899999942 ], [ -44.885494299999948, -23.352664399999981 ], [ -44.885269199999982, -23.352554099999963 ], [ -44.885117099999945, -23.352573 ], [ -44.885007799999983, -23.352394699999934 ], [ -44.884866299999942, -23.352214899999979 ], [ -44.884709, -23.35194869999998 ], [ -44.884606499999961, -23.351783 ], [ -44.884392499999933, -23.351545699999974 ], [ -44.884145199999978, -23.351386099999957 ], [ -44.884017299999982, -23.351305899999943 ], [ -44.883897399999967, -23.351291199999935 ], [ -44.883802099999969, -23.351436699999965 ], [ -44.883693499999936, -23.351650899999981 ], [ -44.883466699999985, -23.35183509999996 ], [ -44.883264299999951, -23.351839699999971 ], [ -44.883140899999944, -23.351923199999931 ], [ -44.882962499999962, -23.351995 ], [ -44.88284909999993, -23.351859399999967 ], [ -44.882631899999978, -23.351560399999983 ], [ -44.882370399999957, -23.351079299999981 ], [ -44.882192499999974, -23.350644399999965 ], [ -44.882106299999975, -23.350021499999968 ], [ -44.882101599999942, -23.349331399999983 ], [ -44.882165199999974, -23.348757599999942 ], [ -44.882238099999938, -23.348286199999961 ], [ -44.882309899999939, -23.347873799999945 ], [ -44.882441799999981, -23.347353599999963 ], [ -44.882582099999979, -23.34699379999995 ], [ -44.88272569999998, -23.34667589999998 ], [ -44.882841, -23.346394 ], [ -44.883018199999981, -23.346047699999929 ], [ -44.883195, -23.345723599999928 ] ] ] } },
{ "type": "Feature", "properties": { "id": "3555406065", "cd_bairro": "3555406065", "bairro": "Puruba", "cd_mun": "3555406", "municipio": "Ubatuba", "cd_dist": "355540610", "distrito": "Picinguaba" }, "geometry": { "type": "Polygon", "coordinates": [ [ [ -44.926616199999955, -23.351051699999971 ], [ -44.927630399999941, -23.351442599999928 ], [ -44.928563399999973, -23.351818899999955 ], [ -44.929502199999945, -23.352125799999953 ], [ -44.930995, -23.352562 ], [ -44.932073299999956, -23.352925699999957 ], [ -44.932915199999968, -23.352990499999976 ], [ -44.933646199999941, -23.352730799999961 ], [ -44.934508499999936, -23.352683699999943 ], [ -44.935269399999981, -23.352762 ], [ -44.935566899999969, -23.35305569999997 ], [ -44.935949199999982, -23.353492099999983 ], [ -44.936111499999981, -23.353919 ], [ -44.936413199999947, -23.354291799999942 ], [ -44.936931499999957, -23.354541099999949 ], [ -44.937683899999968, -23.354826299999957 ], [ -44.938074099999938, -23.354837599999939 ], [ -44.938423899999975, -23.354671 ], [ -44.938882099999944, -23.354475799999932 ], [ -44.939189299999953, -23.354337699999974 ], [ -44.939566899999932, -23.354236 ], [ -44.939847499999985, -23.354229299999929 ], [ -44.940132199999937, -23.35424919999997 ], [ -44.940443099999982, -23.354180199999973 ], [ -44.940754199999958, -23.354052899999942 ], [ -44.940971599999955, -23.353952499999934 ], [ -44.941296, -23.353991099999973 ], [ -44.941909299999963, -23.354197299999953 ], [ -44.942348799999934, -23.35424949999998 ], [ -44.942911899999956, -23.354162299999928 ], [ -44.943306099999973, -23.353951599999959 ], [ -44.943551, -23.353811299999961 ], [ -44.943838599999935, -23.353604699999948 ], [ -44.944208599999968, -23.353427699999941 ], [ -44.944797, -23.352988699999969 ], [ -44.945347399999946, -23.352802099999963 ], [ -44.945572599999934, -23.352742499999977 ], [ -44.945813499999986, -23.352713499999936 ], [ -44.945966799999951, -23.352704299999971 ], [ -44.946278599999971, -23.352653699999962 ], [ -44.946397499999932, -23.352557099999956 ], [ -44.946469399999955, -23.352392699999939 ], [ -44.946536, -23.352322 ], [ -44.946670299999937, -23.352227399999947 ], [ -44.946784899999955, -23.352203 ], [ -44.946890399999972, -23.352108699999974 ], [ -44.946988799999986, -23.351968799999952 ], [ -44.946984899999961, -23.351865199999963 ], [ -44.946983499999931, -23.351748099999952 ], [ -44.947049599999957, -23.351631 ], [ -44.947201, -23.351495099999966 ], [ -44.947276099999954, -23.351439499999969 ], [ -44.947329399999944, -23.35138059999997 ], [ -44.947353699999951, -23.351291099999969 ], [ -44.947327599999937, -23.351205899999968 ], [ -44.947298799999942, -23.351134799999954 ], [ -44.947268799999961, -23.351080199999956 ], [ -44.947198299999968, -23.351039699999944 ], [ -44.947107699999947, -23.351009199999964 ], [ -44.946992, -23.350967599999933 ], [ -44.946883899999932, -23.350974399999927 ], [ -44.946772399999929, -23.350970599999982 ], [ -44.946691599999951, -23.350817199999938 ], [ -44.946718699999963, -23.350737799999933 ], [ -44.946810399999947, -23.350644 ], [ -44.946951299999967, -23.350539699999956 ], [ -44.947016899999937, -23.35046449999993 ], [ -44.947038, -23.350368199999934 ], [ -44.947035599999936, -23.350254499999949 ], [ -44.947025499999938, -23.350165 ], [ -44.946949599999982, -23.350073299999963 ], [ -44.94683189999995, -23.350005 ], [ -44.946675499999969, -23.350035799999944 ], [ -44.946508799999947, -23.350084099999947 ], [ -44.946321599999976, -23.350121099999967 ], [ -44.946183799999972, -23.350069799999972 ], [ -44.946162, -23.349881099999948 ], [ -44.946212, -23.349683399999947 ], [ -44.946428099999935, -23.349443699999938 ], [ -44.946793199999945, -23.349126399999932 ], [ -44.946817199999941, -23.349094299999933 ], [ -44.944880599999976, -23.347634399999947 ], [ -44.944159199999945, -23.347054799999967 ], [ -44.943368199999952, -23.346448099999975 ], [ -44.941829899999959, -23.345268 ], [ -44.93856379999994, -23.342709099999979 ], [ -44.937594799999943, -23.341951299999948 ], [ -44.936650099999952, -23.340877199999966 ], [ -44.934075, -23.337241 ], [ -44.933246799999949, -23.336257499999931 ], [ -44.931642199999942, -23.335196399999973 ], [ -44.928226, -23.333928299999968 ], [ -44.92313269999994, -23.332128499999953 ], [ -44.922114, -23.331768599999975 ], [ -44.911915299999976, -23.340977199999941 ], [ -44.912065, -23.34113629999996 ], [ -44.912287899999967, -23.341282699999965 ], [ -44.912524599999983, -23.341431299999954 ], [ -44.91274489999995, -23.341542499999946 ], [ -44.912948799999981, -23.341656399999977 ], [ -44.913174899999945, -23.341828899999939 ], [ -44.913288699999953, -23.342035499999952 ], [ -44.913320599999963, -23.342259399999932 ], [ -44.913157099999978, -23.342415699999947 ], [ -44.913031099999955, -23.342547599999932 ], [ -44.91288179999998, -23.342667499999948 ], [ -44.912895799999944, -23.342857 ], [ -44.913003899999978, -23.342919099999961 ], [ -44.913199, -23.342914499999949 ], [ -44.913290299999971, -23.342992 ], [ -44.913351699999964, -23.343117199999938 ], [ -44.913473599999975, -23.343263299999933 ], [ -44.913588399999981, -23.34342909999998 ], [ -44.91377, -23.343547099999967 ], [ -44.913804399999947, -23.343711799999937 ], [ -44.913751699999978, -23.343818099999964 ], [ -44.913796899999966, -23.343948299999965 ], [ -44.913914699999964, -23.344115899999963 ], [ -44.913960499999973, -23.344224799999949 ], [ -44.914168299999972, -23.344423099999972 ], [ -44.91439209999993, -23.344516299999952 ], [ -44.914598699999942, -23.344590099999948 ], [ -44.914776099999983, -23.344684799999982 ], [ -44.914928599999939, -23.344870799999967 ], [ -44.915007, -23.34500259999993 ], [ -44.915134599999931, -23.345091399999944 ], [ -44.915314699999954, -23.345221 ], [ -44.915552599999955, -23.34534919999993 ], [ -44.915795799999955, -23.345496799999978 ], [ -44.916007799999932, -23.345616399999983 ], [ -44.91601739999993, -23.345751599999971 ], [ -44.916092499999934, -23.345896799999935 ], [ -44.916166199999964, -23.346132699999941 ], [ -44.916234, -23.346262299999978 ], [ -44.916372099999933, -23.34636809999995 ], [ -44.916401599999972, -23.346517499999948 ], [ -44.916400499999952, -23.346694299999967 ], [ -44.916524799999934, -23.346785099999977 ], [ -44.916684799999985, -23.346810499999947 ], [ -44.91675349999997, -23.346914399999946 ], [ -44.916814699999975, -23.347072699999956 ], [ -44.916886899999952, -23.347185 ], [ -44.916987899999981, -23.34739019999995 ], [ -44.917101099999968, -23.347515299999941 ], [ -44.917252399999938, -23.347697599999947 ], [ -44.917467, -23.347868699999935 ], [ -44.917531099999962, -23.34802389999993 ], [ -44.917650499999979, -23.348185 ], [ -44.917786, -23.348309599999936 ], [ -44.917961899999966, -23.348509499999977 ], [ -44.918198099999984, -23.348637499999938 ], [ -44.918390299999942, -23.348757699999965 ], [ -44.918557599999986, -23.348961299999928 ], [ -44.91880679999997, -23.349084 ], [ -44.91897309999996, -23.349204799999939 ], [ -44.919224299999939, -23.349304099999983 ], [ -44.919440099999974, -23.349355199999934 ], [ -44.919609499999979, -23.349405299999944 ], [ -44.919765699999971, -23.349524899999949 ], [ -44.919886199999951, -23.349636199999964 ], [ -44.919961099999966, -23.349794799999927 ], [ -44.920163799999955, -23.349859599999945 ], [ -44.920303, -23.349971399999959 ], [ -44.920448599999986, -23.350138899999934 ], [ -44.920666099999949, -23.350314799999978 ], [ -44.920698899999934, -23.350459699999931 ], [ -44.920829499999968, -23.350588499999958 ], [ -44.920951899999977, -23.350660699999935 ], [ -44.921004, -23.350774 ], [ -44.921029899999951, -23.350919599999941 ], [ -44.921292699999981, -23.35102379999995 ], [ -44.921622899999932, -23.351099199999965 ], [ -44.921891799999969, -23.351177899999982 ], [ -44.922117599999979, -23.351225599999964 ], [ -44.922336299999984, -23.351347099999941 ], [ -44.922501599999975, -23.351427099999967 ], [ -44.922701899999936, -23.351480599999945 ], [ -44.92298, -23.351675 ], [ -44.923273699999982, -23.351788599999963 ], [ -44.92357, -23.351926299999946 ], [ -44.923783799999967, -23.352051299999971 ], [ -44.92401979999994, -23.352192399999979 ], [ -44.924265299999945, -23.35231159999995 ], [ -44.924557799999945, -23.352487 ], [ -44.924810299999933, -23.352668699999981 ], [ -44.925027099999966, -23.352898899999957 ], [ -44.925165099999958, -23.353084699999954 ], [ -44.925415399999963, -23.353228399999978 ], [ -44.925678, -23.353245 ], [ -44.925934099999949, -23.353156099999978 ], [ -44.926049299999931, -23.352910799999961 ], [ -44.926162899999952, -23.352858499999968 ], [ -44.926182099999949, -23.352807599999949 ], [ -44.926137299999937, -23.352512299999944 ], [ -44.926511799999957, -23.352309299999945 ], [ -44.926323599999932, -23.351833699999929 ], [ -44.926279, -23.351207699999975 ], [ -44.926616199999955, -23.351051699999971 ] ] ] } }
]
}
