{
"type": "FeatureCollection",
"name": "sao-sebastiao-bairros-ibge",
"crs": { "type": "name", "properties": { "name": "urn:ogc:def:crs:OGC:1.3:CRS84" } },
"features": [
{ "type": "Feature", "properties": { "id": "3550704001", "cd_bairro": "3550704001", "bairro": "Enseada", "cd_mun": "3550704", "municipio": "São Sebastião", "cd_dist": "355070415", "distrito": "São Francisco da Praia" }, "geometry": { "type": "Polygon", "coordinates": [ [ [ -45.420963899999947, -23.729380099999958 ], [ -45.42110189999994, -23.729257 ], [ -45.421432, -23.729111599999953 ], [ -45.421565599999951, -23.729115599999943 ], [ -45.421742499999937, -23.729088 ], [ -45.422302, -23.729065 ], [ -45.422516, -23.728806 ], [ -45.42255, -23.728764 ], [ -45.422572, -23.728737 ], [ -45.42263319999995, -23.728670899999941 ], [ -45.423202299999957, -23.728292499999952 ], [ -45.423396099999934, -23.728118699999982 ], [ -45.42353049999997, -23.727994899999942 ], [ -45.423774, -23.727669 ], [ -45.425200899999936, -23.728313799999967 ], [ -45.425774, -23.728547 ], [ -45.425856, -23.728583 ], [ -45.425892, -23.72858 ], [ -45.426310899999976, -23.728524799999946 ], [ -45.426476399999956, -23.728494099999978 ], [ -45.42704329999998, -23.728199399999937 ], [ -45.427727, -23.727811499999973 ], [ -45.42803, -23.727615499999956 ], [ -45.428312099999971, -23.727350399999978 ], [ -45.428569299999936, -23.726903399999969 ], [ -45.428689599999984, -23.726797399999953 ], [ -45.428787799999952, -23.726756 ], [ -45.428962699999943, -23.726720599999965 ], [ -45.429138899999941, -23.726702 ], [ -45.429412399999933, -23.726668299999972 ], [ -45.429477399999939, -23.726464299999975 ], [ -45.429539599999941, -23.726183499999934 ], [ -45.429372399999977, -23.725940099999946 ], [ -45.429303499999946, -23.725731499999938 ], [ -45.429100099999971, -23.725444299999936 ], [ -45.429295699999955, -23.725014 ], [ -45.429424399999959, -23.72473969999993 ], [ -45.429680299999973, -23.724182799999937 ], [ -45.429549, -23.724161399999957 ], [ -45.429241499999932, -23.72411859999994 ], [ -45.428606, -23.723981 ], [ -45.428015, -23.723853 ], [ -45.428308, -23.723235 ], [ -45.428427599999964, -23.722965 ], [ -45.428529699999956, -23.722937499999944 ], [ -45.428659399999958, -23.722957099999974 ], [ -45.429209699999944, -23.72313 ], [ -45.429689099999962, -23.72325189999998 ], [ -45.430013799999983, -23.723314199999948 ], [ -45.430024, -23.723150799999928 ], [ -45.430287299999975, -23.72254049999998 ], [ -45.430299899999966, -23.722507899999982 ], [ -45.430687099999943, -23.721546199999977 ], [ -45.430488, -23.721465 ], [ -45.430338899999981, -23.721774899999957 ], [ -45.425448399999937, -23.719842399999948 ], [ -45.425398899999948, -23.719821599999932 ], [ -45.425321899999972, -23.719787899999972 ], [ -45.42310729999997, -23.718847199999971 ], [ -45.423011199999962, -23.719093199999975 ], [ -45.422904299999971, -23.719327399999941 ], [ -45.422805499999981, -23.719531299999971 ], [ -45.422698499999967, -23.719720199999983 ], [ -45.422616299999959, -23.719909 ], [ -45.422542199999953, -23.720082699999978 ], [ -45.422416, -23.720223899999951 ], [ -45.422289699999965, -23.720260099999962 ], [ -45.422179399999948, -23.720553099999961 ], [ -45.422116299999971, -23.720647099999951 ], [ -45.422084899999959, -23.720748399999934 ], [ -45.422014499999932, -23.720891299999948 ], [ -45.421956899999941, -23.72113319999994 ], [ -45.421874599999967, -23.721367599999951 ], [ -45.421784, -23.721602099999927 ], [ -45.421759499999951, -23.721806199999946 ], [ -45.421701799999937, -23.721942299999967 ], [ -45.421669, -23.722131299999944 ], [ -45.421446299999957, -23.722381 ], [ -45.421281399999941, -23.722555 ], [ -45.421248699999978, -23.722849799999949 ], [ -45.421125099999983, -23.723099399999967 ], [ -45.421026199999972, -23.723280899999963 ], [ -45.420960299999933, -23.723454799999956 ], [ -45.420860399999981, -23.723710199999971 ], [ -45.42068729999994, -23.724005199999965 ], [ -45.420547299999953, -23.724315199999978 ], [ -45.420407199999943, -23.724617699999953 ], [ -45.420242299999984, -23.72485219999993 ], [ -45.420102199999974, -23.725048899999933 ], [ -45.419995, -23.725215299999945 ], [ -45.419896199999982, -23.725472399999944 ], [ -45.419797299999971, -23.725661399999979 ], [ -45.419657099999938, -23.725858099999982 ], [ -45.419475699999964, -23.726039699999944 ], [ -45.419294199999968, -23.726160799999946 ], [ -45.419096, -23.726138299999946 ], [ -45.418988499999955, -23.726017399999932 ], [ -45.418749, -23.725964699999963 ], [ -45.418542299999956, -23.725798499999939 ], [ -45.418253199999981, -23.725708 ], [ -45.417947599999934, -23.725647699999968 ], [ -45.417691699999978, -23.725655499999959 ], [ -45.417336699999964, -23.725678499999958 ], [ -45.416965299999958, -23.72576179999993 ], [ -45.416684799999985, -23.725928099999976 ], [ -45.416503399999954, -23.726026299999944 ], [ -45.416156699999931, -23.726094899999964 ], [ -45.41589259999995, -23.72614029999994 ], [ -45.415595499999938, -23.726072399999964 ], [ -45.415430299999969, -23.725981899999965 ], [ -45.415199599999937, -23.725958799999944 ], [ -45.41496049999995, -23.725822699999981 ], [ -45.414803599999971, -23.725581 ], [ -45.414728899999943, -23.725301699999932 ], [ -45.414621499999953, -23.725029799999959 ], [ -45.414456199999961, -23.724826 ], [ -45.414258599999982, -23.724652099999957 ], [ -45.414018399999975, -23.724411 ], [ -45.41380369999996, -23.724237399999936 ], [ -45.413556099999937, -23.724026099999946 ], [ -45.413406799999962, -23.723777 ], [ -45.413145699999973, -23.723601299999928 ], [ -45.413070699999935, -23.723569 ], [ -45.412928799999975, -23.723522799999955 ], [ -45.412789199999963, -23.723485399999959 ], [ -45.412700299999983, -23.723511799999983 ], [ -45.412678799999981, -23.723604299999977 ], [ -45.412590199999954, -23.723683699999981 ], [ -45.412508599999967, -23.723736599999938 ], [ -45.412425599999949, -23.723844 ], [ -45.412353099999962, -23.723926499999948 ], [ -45.412306499999943, -23.724087399999974 ], [ -45.412225399999954, -23.724271699999974 ], [ -45.412148699999932, -23.724412899999948 ], [ -45.412034099999971, -23.724538399999972 ], [ -45.411940899999934, -23.724644199999943 ], [ -45.411856599999965, -23.724777199999949 ], [ -45.411794, -23.724882699999966 ], [ -45.411699, -23.72495669999995 ], [ -45.411600699999951, -23.724941099999967 ], [ -45.411387, -23.72489829999995 ], [ -45.411122199999966, -23.724863299999981 ], [ -45.410938299999941, -23.724808699999983 ], [ -45.410712, -23.724785399999973 ], [ -45.410527899999977, -23.724715099999969 ], [ -45.410373599999957, -23.724644699999942 ], [ -45.410264699999971, -23.72444059999998 ], [ -45.410207599999978, -23.724295 ], [ -45.410168499999941, -23.724138 ], [ -45.410198199999968, -23.724079 ], [ -45.410095299999966, -23.724024099999951 ], [ -45.409906899999953, -23.724016499999948 ], [ -45.409736, -23.724473 ], [ -45.409621, -23.724936299999968 ], [ -45.409498, -23.725435 ], [ -45.409229799999935, -23.726549299999931 ], [ -45.409052799999984, -23.727533599999958 ], [ -45.409172699999942, -23.727502399999935 ], [ -45.409300199999961, -23.727422 ], [ -45.409328799999969, -23.727359099999944 ], [ -45.409344799999985, -23.727189899999928 ], [ -45.409288799999956, -23.726604599999973 ], [ -45.409312199999931, -23.726439899999946 ], [ -45.409347899999943, -23.726333799999964 ], [ -45.40942, -23.726234799999929 ], [ -45.409613399999955, -23.726104299999975 ], [ -45.409798299999977, -23.726045699999929 ], [ -45.410164099999974, -23.726035699999954 ], [ -45.41048539999997, -23.726083099999983 ], [ -45.410822399999972, -23.726175 ], [ -45.411444899999935, -23.726400599999977 ], [ -45.412014499999941, -23.726669699999945 ], [ -45.412428599999942, -23.726916399999936 ], [ -45.41295359999998, -23.727155499999981 ], [ -45.41318229999996, -23.727365599999928 ], [ -45.413332899999943, -23.727544699999953 ], [ -45.413421399999947, -23.727569099999982 ], [ -45.413497099999972, -23.727550299999962 ], [ -45.413620599999945, -23.727387799999974 ], [ -45.413723499999946, -23.727119199999947 ], [ -45.41378439999994, -23.727027499999963 ], [ -45.413894099999936, -23.726977099999942 ], [ -45.414022199999977, -23.726955 ], [ -45.414137199999971, -23.726962199999946 ], [ -45.414283099999977, -23.727014699999927 ], [ -45.414557399999978, -23.72718569999995 ], [ -45.414665299999967, -23.727228699999955 ], [ -45.414862899999946, -23.727342399999941 ], [ -45.415071499999954, -23.727495399999952 ], [ -45.415283399999964, -23.727702699999952 ], [ -45.415551199999982, -23.728047699999934 ], [ -45.416162399999962, -23.72863289999998 ], [ -45.416327, -23.728836199999932 ], [ -45.416359799999952, -23.72893739999995 ], [ -45.416321799999935, -23.729075499999965 ], [ -45.416257499999972, -23.729145399999936 ], [ -45.41616879999998, -23.729194599999971 ], [ -45.416038499999956, -23.729233699999952 ], [ -45.415503299999955, -23.729285899999979 ], [ -45.415147899999965, -23.729361 ], [ -45.415069099999982, -23.72939139999994 ], [ -45.414981, -23.729454199999964 ], [ -45.414943799999946, -23.729555199999936 ], [ -45.414967699999977, -23.729642899999931 ], [ -45.415057, -23.729725099999939 ], [ -45.415516299999979, -23.730019299999981 ], [ -45.415715899999952, -23.730203499999959 ], [ -45.415862, -23.73040629999997 ], [ -45.415963199999965, -23.730690099999947 ], [ -45.416045199999985, -23.730790699999943 ], [ -45.416205199999979, -23.730785899999944 ], [ -45.416514599999971, -23.730678499999954 ], [ -45.416637599999945, -23.730678799999964 ], [ -45.417219799999941, -23.730910299999948 ], [ -45.417686799999956, -23.731078099999934 ], [ -45.418142599999953, -23.731336899999974 ], [ -45.418598299999985, -23.731535699999938 ], [ -45.418937799999981, -23.731815399999959 ], [ -45.419081699999936, -23.731962399999929 ], [ -45.419332099999963, -23.732316399999945 ], [ -45.419007399999941, -23.73261679999996 ], [ -45.41903439999993, -23.732814899999937 ], [ -45.419043199999976, -23.733136599999966 ], [ -45.41899879999994, -23.733365 ], [ -45.419218699999931, -23.733550099999945 ], [ -45.419531799999959, -23.733687599999939 ], [ -45.41991969999998, -23.734075399999938 ], [ -45.420062599999937, -23.734157699999969 ], [ -45.420176499999968, -23.734189799999967 ], [ -45.420271799999966, -23.734281599999974 ], [ -45.420582199999956, -23.734448099999952 ], [ -45.420799899999963, -23.734657799999979 ], [ -45.421217, -23.734727299999975 ], [ -45.42204849999996, -23.734720699999968 ], [ -45.422276099999976, -23.734762099999955 ], [ -45.422484099999963, -23.734903199999962 ], [ -45.423151899999937, -23.735025699999937 ], [ -45.423282, -23.735064899999941 ], [ -45.423469799999964, -23.735666299999934 ], [ -45.423854499999948, -23.736024099999952 ], [ -45.424071499999968, -23.736203 ], [ -45.424194499999942, -23.736391099999935 ], [ -45.42431229999994, -23.736514299999953 ], [ -45.424379399999964, -23.736652899999967 ], [ -45.424683499999958, -23.735666299999934 ], [ -45.424671499999931, -23.735584599999981 ], [ -45.424667199999931, -23.735333899999944 ], [ -45.424698, -23.73527 ], [ -45.424698, -23.735194 ], [ -45.424716699999976, -23.735122399999966 ], [ -45.424709099999973, -23.735055699999975 ], [ -45.42469269999998, -23.735018199999956 ], [ -45.424677599999939, -23.734978499999954 ], [ -45.424675, -23.73491439999998 ], [ -45.424671399999966, -23.734806799999944 ], [ -45.424792199999956, -23.73425 ], [ -45.424771199999952, -23.733992699999931 ], [ -45.424792499999967, -23.733866 ], [ -45.424783699999978, -23.733790699999929 ], [ -45.424831599999948, -23.73363089999998 ], [ -45.42487049999994, -23.733572399999957 ], [ -45.424846299999956, -23.733353 ], [ -45.424816799999974, -23.733226299999956 ], [ -45.424760099999958, -23.73314709999994 ], [ -45.42464949999993, -23.733056199999965 ], [ -45.424525499999959, -23.732980199999929 ], [ -45.424324, -23.732834 ], [ -45.424054, -23.732676 ], [ -45.423736, -23.732492 ], [ -45.423660499999983, -23.732445499999983 ], [ -45.423479699999973, -23.732339199999956 ], [ -45.423376899999937, -23.732314699999961 ], [ -45.423244, -23.732341 ], [ -45.422988, -23.732297 ], [ -45.422732, -23.73217 ], [ -45.422587, -23.732056 ], [ -45.4224, -23.731923 ], [ -45.422254, -23.731726 ], [ -45.422156, -23.731465 ], [ -45.422094, -23.7313 ], [ -45.42195879999997, -23.731134 ], [ -45.421868699999948, -23.731039299999964 ], [ -45.421573899999942, -23.730823899999962 ], [ -45.421399199999939, -23.730716799999982 ], [ -45.421328399999936, -23.73065889999998 ], [ -45.421268099999963, -23.730582799999979 ], [ -45.421231399999954, -23.730484299999944 ], [ -45.421218899999985, -23.730325899999968 ], [ -45.42122349999994, -23.730149199999971 ], [ -45.421258, -23.730052 ], [ -45.421181399999966, -23.729866499999957 ], [ -45.420997199999931, -23.72942009999997 ], [ -45.420963899999947, -23.729380099999958 ] ] ] } },
{ "type": "Feature", "properties": { "id": "3550704002", "cd_bairro": "3550704002", "bairro": "Jaraguá", "cd_mun": "3550704", "municipio": "São Sebastião", "cd_dist": "355070415", "distrito": "São Francisco da Praia" }, "geometry": { "type": "Polygon", "coordinates": [ [ [ -45.438761199999931, -23.723255499999937 ], [ -45.436411299999975, -23.722315099999946 ], [ -45.434882799999968, -23.721726899999965 ], [ -45.434636, -23.721868 ], [ -45.433788, -23.721534 ], [ -45.433333, -23.721354 ], [ -45.433159199999977, -23.721285399999942 ], [ -45.43139709999997, -23.720589599999983 ], [ -45.431155099999955, -23.720494099999939 ], [ -45.430916299999978, -23.720977799999957 ], [ -45.430900399999985, -23.721018399999934 ], [ -45.430687099999943, -23.721546199999977 ], [ -45.430299899999966, -23.722507899999982 ], [ -45.430287299999975, -23.72254049999998 ], [ -45.430024, -23.723150799999928 ], [ -45.430221599999982, -23.723240099999941 ], [ -45.430312, -23.723381599999982 ], [ -45.43063589999997, -23.723640599999953 ], [ -45.43070629999994, -23.723650899999939 ], [ -45.43085229999997, -23.723688899999956 ], [ -45.431065199999978, -23.723772499999939 ], [ -45.43112949999994, -23.723856599999976 ], [ -45.431222099999957, -23.723950299999956 ], [ -45.432113099999981, -23.724015899999984 ], [ -45.432696599999986, -23.723969099999977 ], [ -45.432893299999932, -23.723831699999948 ], [ -45.433025099999952, -23.723600899999951 ], [ -45.433332899999982, -23.723207 ], [ -45.433791699999972, -23.722788599999944 ], [ -45.433979499999964, -23.722622799999954 ], [ -45.434364499999958, -23.722199399999965 ], [ -45.434392499999944, -23.725413399999979 ], [ -45.434026699999947, -23.725421099999949 ], [ -45.43401979999993, -23.725849199999971 ], [ -45.433501799999931, -23.725889699999982 ], [ -45.433387899999957, -23.725860699999942 ], [ -45.433229399999959, -23.725815399999931 ], [ -45.433040699999935, -23.725775899999974 ], [ -45.432819699999982, -23.725785099999939 ], [ -45.432127899999955, -23.72624019999995 ], [ -45.431509799999958, -23.726548599999944 ], [ -45.430943, -23.726645 ], [ -45.430907799999943, -23.726644299999975 ], [ -45.430239, -23.726604399999928 ], [ -45.430025499999942, -23.726596499999971 ], [ -45.429412399999933, -23.726668299999972 ], [ -45.429138899999941, -23.726702 ], [ -45.428962699999943, -23.726720599999965 ], [ -45.428787799999952, -23.726756 ], [ -45.428689599999984, -23.726797399999953 ], [ -45.428569299999936, -23.726903399999969 ], [ -45.428312099999971, -23.727350399999978 ], [ -45.42803, -23.727615499999956 ], [ -45.427727, -23.727811499999973 ], [ -45.428714299999967, -23.728850899999941 ], [ -45.428140299999939, -23.729822799999965 ], [ -45.427982499999985, -23.730045799999971 ], [ -45.427932599999963, -23.730197399999952 ], [ -45.42784359999996, -23.730386499999952 ], [ -45.427729499999941, -23.730582599999934 ], [ -45.427499, -23.730874 ], [ -45.427325899999971, -23.731164699999965 ], [ -45.427227699999946, -23.731282599999929 ], [ -45.427152, -23.731427399999973 ], [ -45.426943399999971, -23.731974299999933 ], [ -45.426817799999981, -23.732146199999931 ], [ -45.426805299999955, -23.73230929999994 ], [ -45.426710399999934, -23.732645399999967 ], [ -45.426686399999937, -23.733023699999933 ], [ -45.426629099999957, -23.733126599999935 ], [ -45.426503099999934, -23.733541099999968 ], [ -45.426404399999967, -23.733614199999977 ], [ -45.426337, -23.733809599999972 ], [ -45.426266899999973, -23.733897499999955 ], [ -45.426281399999937, -23.733992599999965 ], [ -45.426259099999982, -23.734281399999929 ], [ -45.426187, -23.734634899999946 ], [ -45.426159899999959, -23.735268 ], [ -45.426113699999974, -23.735399099999938 ], [ -45.425757399999952, -23.73727359999998 ], [ -45.425675299999966, -23.737730799999952 ], [ -45.426632099999949, -23.737309099999948 ], [ -45.426773899999944, -23.737169599999959 ], [ -45.426898699999981, -23.736907299999928 ], [ -45.42696559999996, -23.73665879999993 ], [ -45.427017799999931, -23.735834 ], [ -45.427100399999972, -23.735585299999968 ], [ -45.427236899999969, -23.735313099999928 ], [ -45.427335699999958, -23.734928899999943 ], [ -45.427498599999979, -23.73462319999993 ], [ -45.427702099999976, -23.734449199999972 ], [ -45.427819199999931, -23.73427 ], [ -45.427892899999961, -23.733994299999949 ], [ -45.427907399999981, -23.733624899999938 ], [ -45.42797029999997, -23.733361899999977 ], [ -45.428524799999934, -23.732204199999956 ], [ -45.428766399999972, -23.731380599999966 ], [ -45.428928399999961, -23.731123699999955 ], [ -45.429037, -23.731023099999959 ], [ -45.42924759999994, -23.730905099999973 ], [ -45.429465099999959, -23.730835899999931 ], [ -45.429768399999944, -23.730871099999945 ], [ -45.430087, -23.731082499999957 ], [ -45.430184499999939, -23.731187899999952 ], [ -45.430238899999949, -23.73132419999996 ], [ -45.430237299999931, -23.731730599999935 ], [ -45.429986, -23.732295 ], [ -45.429899599999942, -23.73257069999994 ], [ -45.429923799999983, -23.733084599999927 ], [ -45.430183, -23.734014199999933 ], [ -45.430169, -23.734243599999957 ], [ -45.430031299999939, -23.734723599999938 ], [ -45.430031799999938, -23.734899799999937 ], [ -45.430103799999983, -23.735014299999932 ], [ -45.430201099999977, -23.735060099999941 ], [ -45.430314899999985, -23.735051599999963 ], [ -45.430728199999976, -23.734830099999954 ], [ -45.430978499999981, -23.734849299999951 ], [ -45.431129799999951, -23.734911199999942 ], [ -45.431403099999955, -23.735083799999927 ], [ -45.431840099999931, -23.735483699999975 ], [ -45.432001299999968, -23.735588 ], [ -45.432271499999956, -23.735698299999967 ], [ -45.432803699999965, -23.735811499999954 ], [ -45.433376299999964, -23.736298599999941 ], [ -45.433666199999948, -23.736413399999947 ], [ -45.433836199999973, -23.736517699999979 ], [ -45.434027599999979, -23.73681339999996 ], [ -45.434045899999944, -23.737022899999943 ], [ -45.434098799999958, -23.737146199999927 ], [ -45.434101299999952, -23.737151899999958 ], [ -45.434191799999951, -23.737214899999969 ], [ -45.435315899999978, -23.734296099999938 ], [ -45.435384, -23.734119199999952 ], [ -45.435487899999941, -23.733959599999935 ], [ -45.435662199999967, -23.733562599999971 ], [ -45.435701599999959, -23.733319499999936 ], [ -45.435565299999951, -23.733049799999947 ], [ -45.435233299999936, -23.732648799999936 ], [ -45.435155099999974, -23.732440399999973 ], [ -45.435207799999944, -23.732333599999947 ], [ -45.435457099999951, -23.73236 ], [ -45.435975799999937, -23.732567199999949 ], [ -45.436282099999971, -23.732623299999943 ], [ -45.436694899999964, -23.732548 ], [ -45.43768069999993, -23.732173099999955 ], [ -45.438012299999968, -23.731883099999948 ], [ -45.438152799999955, -23.731634299999939 ], [ -45.438220499999943, -23.731359599999962 ], [ -45.43831119999993, -23.730595199999982 ], [ -45.438462399999935, -23.730329199999971 ], [ -45.438532899999984, -23.730284899999958 ], [ -45.43862, -23.73023029999996 ], [ -45.438718, -23.730206499999952 ], [ -45.438884899999948, -23.730234 ], [ -45.439031399999976, -23.730333 ], [ -45.439354299999934, -23.73066179999995 ], [ -45.43971229999994, -23.730899199999953 ], [ -45.439966699999957, -23.731006 ], [ -45.440535099999977, -23.731080199999951 ], [ -45.44091439999994, -23.731276 ], [ -45.441047599999933, -23.73144259999998 ], [ -45.44125669999994, -23.731598299999973 ], [ -45.441370399999983, -23.731775099999936 ], [ -45.441457599999978, -23.732030499999951 ], [ -45.441442799999948, -23.732300599999974 ], [ -45.441219799999942, -23.732811599999934 ], [ -45.441190199999937, -23.733332799999971 ], [ -45.441259199999934, -23.733440099999939 ], [ -45.441378099999952, -23.733484899999951 ], [ -45.441420499999936, -23.733476499999938 ], [ -45.441553599999963, -23.73345009999997 ], [ -45.442292099999975, -23.73307589999996 ], [ -45.443192199999942, -23.732893599999954 ], [ -45.443392, -23.732799899999975 ], [ -45.443630699999972, -23.732567099999983 ], [ -45.443789199999969, -23.732461899999976 ], [ -45.443896199999983, -23.732459799999958 ], [ -45.444018, -23.732500099999982 ], [ -45.444117399999982, -23.73261 ], [ -45.444183599999974, -23.733027099999958 ], [ -45.444315099999983, -23.733310299999971 ], [ -45.444594799999948, -23.733632899999975 ], [ -45.445402199999933, -23.734476899999947 ], [ -45.44579559999994, -23.734737699999982 ], [ -45.445866599999931, -23.734840499999962 ], [ -45.445967899999971, -23.735211399999969 ], [ -45.446064299999932, -23.735296 ], [ -45.446262599999955, -23.735322599999961 ], [ -45.446416399999976, -23.73524539999994 ], [ -45.44670119999995, -23.73501959999993 ], [ -45.44680569999997, -23.734898299999941 ], [ -45.447067199999935, -23.734467599999959 ], [ -45.447508699999958, -23.733303799999931 ], [ -45.447608199999934, -23.73315 ], [ -45.447787199999937, -23.732989599999939 ], [ -45.447993299999951, -23.732997099999977 ], [ -45.448327699999936, -23.733248199999935 ], [ -45.448452599999939, -23.733307399999944 ], [ -45.448732199999938, -23.733307499999967 ], [ -45.449155699999949, -23.733221399999934 ], [ -45.449297399999978, -23.733320299999946 ], [ -45.44931269999995, -23.733516299999962 ], [ -45.449187099999961, -23.733772299999941 ], [ -45.448162799999977, -23.735224 ], [ -45.448035299999958, -23.735529699999972 ], [ -45.448073399999942, -23.735767099999975 ], [ -45.448136599999941, -23.735897 ], [ -45.448340099999939, -23.735991299999966 ], [ -45.44893449999995, -23.73594079999998 ], [ -45.449236799999937, -23.735962499999971 ], [ -45.449482199999977, -23.736016899999981 ], [ -45.449673899999937, -23.736118399999953 ], [ -45.449793, -23.736220099999969 ], [ -45.449954699999978, -23.736446299999955 ], [ -45.45033959999995, -23.737119899999982 ], [ -45.450435099999936, -23.737485499999934 ], [ -45.450503099999935, -23.737569299999961 ], [ -45.450602299999957, -23.737596099999962 ], [ -45.450707199999954, -23.737567799999965 ], [ -45.450953799999979, -23.737400899999955 ], [ -45.451741899999945, -23.736599199999944 ], [ -45.451982599999951, -23.736406099999954 ], [ -45.452064899999982, -23.736377 ], [ -45.452184699999975, -23.736391099999935 ], [ -45.452262399999938, -23.73645769999996 ], [ -45.452269699999931, -23.736582299999952 ], [ -45.451825, -23.737653899999941 ], [ -45.451661499999943, -23.738307499999962 ], [ -45.451691299999936, -23.738436499999978 ], [ -45.451837, -23.738572499999975 ], [ -45.452047, -23.738579099999981 ], [ -45.452338199999986, -23.738528599999938 ], [ -45.452604199999939, -23.738556699999947 ], [ -45.452714299999968, -23.738598799999977 ], [ -45.45298889999998, -23.738841899999954 ], [ -45.453203, -23.739188099999978 ], [ -45.453343799999971, -23.739321399999938 ], [ -45.453441899999973, -23.739334699999972 ], [ -45.453545799999972, -23.739300899999932 ], [ -45.453631899999948, -23.739224799999931 ], [ -45.45392389999995, -23.738818399999957 ], [ -45.454103, -23.738404199999934 ], [ -45.454397099999937, -23.738056499999971 ], [ -45.454654599999969, -23.737894 ], [ -45.455069199999969, -23.737762699999962 ], [ -45.455348699999945, -23.737730299999953 ], [ -45.455643099999975, -23.737751099999969 ], [ -45.455879, -23.737852499999974 ], [ -45.45603559999995, -23.738039 ], [ -45.456191, -23.738419699999952 ], [ -45.456222199999957, -23.738651799999957 ], [ -45.456193699999972, -23.739201899999955 ], [ -45.455955899999935, -23.740229599999964 ], [ -45.456016199999965, -23.740641299999936 ], [ -45.45615609999993, -23.740798899999959 ], [ -45.456342499999948, -23.740805599999931 ], [ -45.456737699999962, -23.740726799999948 ], [ -45.456856599999981, -23.740779699999962 ], [ -45.456917, -23.740947499999947 ], [ -45.456917499999975, -23.741065 ], [ -45.456701299999963, -23.741532599999971 ], [ -45.456702399999983, -23.741852299999948 ], [ -45.456795499999942, -23.74210039999997 ], [ -45.457135099999959, -23.742413799999952 ], [ -45.457255399999951, -23.742588599999976 ], [ -45.457293099999958, -23.74269959999998 ], [ -45.457414099999937, -23.74280669999996 ], [ -45.457530899999938, -23.742802799999936 ], [ -45.457705099999941, -23.742679399999929 ], [ -45.457770599999947, -23.742588399999931 ], [ -45.457814699999972, -23.742297099999973 ], [ -45.457833699999981, -23.742173599999944 ], [ -45.458437599999968, -23.741490699999929 ], [ -45.458553399999971, -23.741134099999954 ], [ -45.458319599999982, -23.740220199999953 ], [ -45.458085899999958, -23.739306399999975 ], [ -45.458335, -23.738769899999966 ], [ -45.458468099999948, -23.738483199999962 ], [ -45.458332599999949, -23.7373 ], [ -45.458335399999953, -23.737275299999965 ], [ -45.458444399999962, -23.736300699999958 ], [ -45.45886349999995, -23.735620199999971 ], [ -45.45896579999993, -23.735273599999971 ], [ -45.458846199999982, -23.734327 ], [ -45.458902799999976, -23.73352449999993 ], [ -45.458478899999932, -23.733126699999957 ], [ -45.457653299999947, -23.733011599999941 ], [ -45.45727009999996, -23.732772799999964 ], [ -45.457243799999958, -23.732589899999937 ], [ -45.457217399999934, -23.732407 ], [ -45.457602799999961, -23.731820499999969 ], [ -45.457614699999965, -23.7314 ], [ -45.457289299999957, -23.730969099999982 ], [ -45.456530699999973, -23.730521599999975 ], [ -45.456190099999958, -23.730142599999965 ], [ -45.456040799999982, -23.729003599999942 ], [ -45.455878699999971, -23.72869 ], [ -45.455343899999946, -23.728171399999951 ], [ -45.454602299999976, -23.727754 ], [ -45.454246699999942, -23.727553899999975 ], [ -45.453729599999974, -23.727124099999969 ], [ -45.453404599999942, -23.726686899999947 ], [ -45.453258099999971, -23.726091 ], [ -45.45311959999998, -23.725896099999943 ], [ -45.452489899999932, -23.725685099999964 ], [ -45.452459799999986, -23.725366199999939 ], [ -45.452308099999982, -23.725266499999975 ], [ -45.45202, -23.725229899999931 ], [ -45.451845699999978, -23.725207799999964 ], [ -45.451189599999964, -23.725124499999936 ], [ -45.447863299999938, -23.725029099999972 ], [ -45.447163, -23.724924 ], [ -45.446812899999941, -23.724871499999949 ], [ -45.446462699999984, -23.724818899999946 ], [ -45.445792, -23.72471829999995 ], [ -45.445507, -23.724726 ], [ -45.445472799999948, -23.724701499999981 ], [ -45.445438499999966, -23.724677 ], [ -45.44537, -23.724628 ], [ -45.445283, -23.72457 ], [ -45.445206, -23.724522 ], [ -45.44514, -23.724486 ], [ -45.445083, -23.724458 ], [ -45.445033, -23.724436 ], [ -45.44499, -23.72442 ], [ -45.444953, -23.724406 ], [ -45.444919, -23.724394 ], [ -45.444888, -23.724383 ], [ -45.444858, -23.724371 ], [ -45.444828, -23.724357 ], [ -45.444796, -23.72434 ], [ -45.444764, -23.724321 ], [ -45.444731, -23.724301 ], [ -45.444698, -23.72428 ], [ -45.444667, -23.724261 ], [ -45.444638, -23.724243 ], [ -45.44461, -23.724226 ], [ -45.444582, -23.724209 ], [ -45.444555, -23.724191 ], [ -45.444528, -23.724172 ], [ -45.4445, -23.724151 ], [ -45.444472, -23.724129 ], [ -45.444445, -23.724107 ], [ -45.44442, -23.724087 ], [ -45.444399, -23.724068 ], [ -45.444382, -23.724052 ], [ -45.444368, -23.724039 ], [ -45.444356, -23.724027 ], [ -45.444344, -23.724017 ], [ -45.444332, -23.724007 ], [ -45.444318, -23.723997 ], [ -45.444302, -23.723987 ], [ -45.444283, -23.723977 ], [ -45.444263, -23.723966 ], [ -45.444239, -23.723956 ], [ -45.444214, -23.723946 ], [ -45.444187, -23.723936 ], [ -45.44416, -23.723926 ], [ -45.444135, -23.723917 ], [ -45.444112, -23.723909 ], [ -45.444093, -23.723902 ], [ -45.444077, -23.723895 ], [ -45.444063, -23.723889 ], [ -45.44405, -23.723884 ], [ -45.444036, -23.723878 ], [ -45.44402, -23.723872 ], [ -45.444003, -23.723866 ], [ -45.443985, -23.72386 ], [ -45.443965, -23.723853 ], [ -45.443945, -23.723847 ], [ -45.443923, -23.72384 ], [ -45.443902, -23.723833 ], [ -45.44388, -23.723827 ], [ -45.44386, -23.723821 ], [ -45.443843, -23.723815 ], [ -45.443827, -23.723811 ], [ -45.443815, -23.723806 ], [ -45.443804, -23.723803 ], [ -45.443795, -23.7238 ], [ -45.443789, -23.723798 ], [ -45.443783, -23.723796 ], [ -45.443778, -23.723794 ], [ -45.443771, -23.723792 ], [ -45.443763, -23.723788 ], [ -45.44375, -23.723781 ], [ -45.443732, -23.723773 ], [ -45.443711, -23.723762 ], [ -45.443687, -23.72375 ], [ -45.443662, -23.723737 ], [ -45.443638, -23.723723 ], [ -45.443615, -23.72371 ], [ -45.443593, -23.723696 ], [ -45.443573, -23.723682 ], [ -45.443553, -23.723667 ], [ -45.443534, -23.723652 ], [ -45.443516, -23.723635 ], [ -45.443495, -23.723614 ], [ -45.443469, -23.723586 ], [ -45.443436, -23.723548 ], [ -45.443393, -23.723495 ], [ -45.443338, -23.723428 ], [ -45.443275, -23.72335 ], [ -45.443209, -23.723267 ], [ -45.443144, -23.723186 ], [ -45.443084, -23.723113 ], [ -45.443032, -23.723052 ], [ -45.442989, -23.723003 ], [ -45.442952, -23.722963 ], [ -45.442919, -23.72293 ], [ -45.442888, -23.722901 ], [ -45.442857, -23.722874 ], [ -45.442827, -23.722849 ], [ -45.442797, -23.722826 ], [ -45.442769, -23.722804 ], [ -45.442743, -23.722784 ], [ -45.442718, -23.722765 ], [ -45.442694, -23.722747 ], [ -45.442672, -23.722731 ], [ -45.442651, -23.722715 ], [ -45.44263, -23.722701 ], [ -45.442609, -23.722688 ], [ -45.442588, -23.722676 ], [ -45.442566, -23.722663 ], [ -45.442545, -23.722652 ], [ -45.442522, -23.722639 ], [ -45.442498, -23.722626 ], [ -45.442473, -23.722612 ], [ -45.442446, -23.722598 ], [ -45.442417, -23.722583 ], [ -45.442385, -23.722568 ], [ -45.442351, -23.722552 ], [ -45.442315, -23.722536 ], [ -45.442276, -23.72252 ], [ -45.442237, -23.722504 ], [ -45.442216499999972, -23.72249549999998 ], [ -45.442196, -23.722487 ], [ -45.442156, -23.722472 ], [ -45.442135, -23.722464 ], [ -45.442114, -23.722456 ], [ -45.442072, -23.72244 ], [ -45.44203, -23.722425 ], [ -45.441986, -23.72241 ], [ -45.441953, -23.722399 ], [ -45.441941, -23.722395 ], [ -45.44189, -23.72238 ], [ -45.441831, -23.722364 ], [ -45.44176, -23.722347 ], [ -45.441672, -23.722329 ], [ -45.441568, -23.722309 ], [ -45.441459, -23.72229 ], [ -45.441362, -23.722273 ], [ -45.441292, -23.722262 ], [ -45.441266, -23.722257 ], [ -45.441254, -23.722255 ], [ -45.441224, -23.722249 ], [ -45.441181, -23.72224 ], [ -45.441133, -23.722229 ], [ -45.441086, -23.722219 ], [ -45.441045, -23.72221 ], [ -45.44101, -23.722201 ], [ -45.440978, -23.722193 ], [ -45.440946, -23.722185 ], [ -45.440912, -23.722176 ], [ -45.440875, -23.722166 ], [ -45.440834, -23.722156 ], [ -45.440791, -23.722144 ], [ -45.440747, -23.722132 ], [ -45.440703, -23.722118 ], [ -45.44066, -23.722104 ], [ -45.440618, -23.722089 ], [ -45.440580799999964, -23.722075399999937 ], [ -45.440577, -23.722074 ], [ -45.440557, -23.722066 ], [ -45.440537, -23.722058 ], [ -45.440496, -23.722042 ], [ -45.440456, -23.722026 ], [ -45.440416, -23.72201 ], [ -45.440376, -23.721994 ], [ -45.440336, -23.721978 ], [ -45.440296, -23.721962 ], [ -45.440255, -23.721946 ], [ -45.440213, -23.721928 ], [ -45.440169, -23.721909 ], [ -45.440119, -23.721887 ], [ -45.440064, -23.721862 ], [ -45.440002, -23.721832 ], [ -45.439931, -23.721797 ], [ -45.439849, -23.721757 ], [ -45.439755, -23.72171 ], [ -45.439648, -23.721656 ], [ -45.439526, -23.721595 ], [ -45.439395, -23.72153 ], [ -45.439262, -23.721463 ], [ -45.439131, -23.721397 ], [ -45.438804599999969, -23.723040699999956 ], [ -45.438761199999931, -23.723255499999937 ] ] ] } },
{ "type": "Feature", "properties": { "id": "3550704003", "cd_bairro": "3550704003", "bairro": "Cigarras", "cd_mun": "3550704", "municipio": "São Sebastião", "cd_dist": "355070415", "distrito": "São Francisco da Praia" }, "geometry": { "type": "Polygon", "coordinates": [ [ [ -45.405963699999973, -23.72970719999995 ], [ -45.40543, -23.728934699999968 ], [ -45.40511209999994, -23.728426199999944 ], [ -45.404700699999978, -23.727881499999967 ], [ -45.404098199999964, -23.727020299999936 ], [ -45.40406269999994, -23.726887 ], [ -45.404072699999972, -23.726779099999931 ], [ -45.404115699999977, -23.726696799999957 ], [ -45.404215299999976, -23.726669199999947 ], [ -45.404412399999956, -23.726692199999945 ], [ -45.404633699999977, -23.726786 ], [ -45.405102099999965, -23.727071199999955 ], [ -45.406076199999973, -23.727569099999982 ], [ -45.406262399999946, -23.727702 ], [ -45.406562099999974, -23.727950899999939 ], [ -45.406948299999954, -23.728361599999971 ], [ -45.407141199999955, -23.72860559999998 ], [ -45.407244799999944, -23.728668499999969 ], [ -45.407471399999963, -23.728727499999934 ], [ -45.407556799999952, -23.728721899999982 ], [ -45.407638299999974, -23.728692699999954 ], [ -45.407747699999959, -23.728565699999933 ], [ -45.407870399999979, -23.728274 ], [ -45.407997899999941, -23.728060599999935 ], [ -45.408084199999962, -23.727967899999953 ], [ -45.408184199999937, -23.727894099999958 ], [ -45.408663899999965, -23.727621099999965 ], [ -45.408854199999951, -23.727563099999941 ], [ -45.409052799999984, -23.727533599999958 ], [ -45.409229799999935, -23.726549299999931 ], [ -45.409498, -23.725435 ], [ -45.409621, -23.724936299999968 ], [ -45.409736, -23.724473 ], [ -45.409906899999953, -23.724016499999948 ], [ -45.409645399999931, -23.72402059999996 ], [ -45.409499399999959, -23.724048 ], [ -45.409280499999966, -23.724095099999943 ], [ -45.409139, -23.724118799999928 ], [ -45.409147899999937, -23.724256199999957 ], [ -45.409101599999985, -23.724374099999977 ], [ -45.409034099999985, -23.724484199999949 ], [ -45.40896239999995, -23.72459809999998 ], [ -45.408872799999983, -23.724711899999932 ], [ -45.408743799999968, -23.724927599999944 ], [ -45.408668899999952, -23.72506 ], [ -45.408557899999948, -23.725216899999964 ], [ -45.408472699999948, -23.725322699999936 ], [ -45.408409099999972, -23.72544019999998 ], [ -45.408319399999982, -23.725546 ], [ -45.408212499999934, -23.725683199999935 ], [ -45.408076, -23.725789 ], [ -45.407942099999957, -23.725738599999943 ], [ -45.407799499999953, -23.725688099999957 ], [ -45.407687799999962, -23.725688299999945 ], [ -45.407572199999947, -23.725735399999962 ], [ -45.407469799999944, -23.725817799999959 ], [ -45.407354299999952, -23.725896299999931 ], [ -45.407253699999956, -23.726040599999976 ], [ -45.407103899999981, -23.72615049999996 ], [ -45.406924099999969, -23.726303199999961 ], [ -45.406776699999966, -23.726338699999928 ], [ -45.406613199999981, -23.726367 ], [ -45.406433299999946, -23.726249699999983 ], [ -45.406313399999931, -23.726175299999966 ], [ -45.406167899999957, -23.726089099999967 ], [ -45.406047899999976, -23.725975699999935 ], [ -45.405872699999975, -23.725920699999961 ], [ -45.405607499999974, -23.725764199999958 ], [ -45.405508599999962, -23.725646899999958 ], [ -45.405375499999934, -23.72549429999998 ], [ -45.40521229999996, -23.725322099999971 ], [ -45.405012199999931, -23.725259 ], [ -45.404917599999976, -23.725128799999936 ], [ -45.40479229999994, -23.725018899999952 ], [ -45.404643399999941, -23.724938299999963 ], [ -45.404463299999975, -23.724879599999952 ], [ -45.40433459999997, -23.724864 ], [ -45.40419739999993, -23.724887699999954 ], [ -45.404000199999984, -23.724919199999931 ], [ -45.403893099999948, -23.725048699999945 ], [ -45.403773299999955, -23.725150499999927 ], [ -45.403636499999948, -23.725240499999927 ], [ -45.403444, -23.725252299999966 ], [ -45.40327689999998, -23.725213399999973 ], [ -45.403105699999969, -23.725229199999944 ], [ -45.402964299999951, -23.725217599999951 ], [ -45.402822, -23.725266399999953 ], [ -45.402590299999986, -23.725323699999933 ], [ -45.402296, -23.725364599999978 ], [ -45.40217, -23.725299499999949 ], [ -45.401982399999952, -23.725307799999939 ], [ -45.401750899999968, -23.725356799999929 ], [ -45.401526599999954, -23.72527539999993 ], [ -45.401461199999972, -23.725087799999983 ], [ -45.401343199999985, -23.724908099999936 ], [ -45.40120909999996, -23.724818 ], [ -45.401066399999934, -23.724834499999929 ], [ -45.400871299999949, -23.724981799999966 ], [ -45.40066939999997, -23.725104 ], [ -45.400500699999952, -23.725087599999938 ], [ -45.400445099999956, -23.724948899999958 ], [ -45.400337199999967, -23.724801799999966 ], [ -45.400202199999967, -23.724662799999976 ], [ -45.399979199999962, -23.724638399999947 ], [ -45.399793699999975, -23.724687499999959 ], [ -45.399563899999976, -23.724744699999974 ], [ -45.399491, -23.724630299999944 ], [ -45.399316799999951, -23.724544499999979 ], [ -45.399156, -23.724373 ], [ -45.39904869999998, -23.72416869999995 ], [ -45.39880729999993, -23.724013399999933 ], [ -45.398547899999983, -23.723907199999928 ], [ -45.39836889999998, -23.723694499999965 ], [ -45.398270299999979, -23.723457 ], [ -45.398126899999966, -23.723276899999973 ], [ -45.39800159999993, -23.723178699999949 ], [ -45.397938699999941, -23.722998399999938 ], [ -45.397741899999971, -23.722998599999983 ], [ -45.397429099999954, -23.723277399999972 ], [ -45.39732209999994, -23.723523199999931 ], [ -45.39713439999997, -23.723662599999955 ], [ -45.397099, -23.723818199999982 ], [ -45.397161899999958, -23.723924599999975 ], [ -45.397278599999936, -23.724096399999951 ], [ -45.397296799999936, -23.724284499999953 ], [ -45.397234499999968, -23.724464599999976 ], [ -45.397091399999965, -23.724661199999957 ], [ -45.396975, -23.724849799999959 ], [ -45.397028899999953, -23.72516909999996 ], [ -45.397091599999953, -23.725283599999955 ], [ -45.397262, -23.72561369999994 ], [ -45.397396299999969, -23.725801799999942 ], [ -45.397557399999982, -23.725940899999955 ], [ -45.397691599999973, -23.72608809999997 ], [ -45.397915299999966, -23.726268 ], [ -45.397960099999978, -23.726398899999936 ], [ -45.397915099999977, -23.726530099999934 ], [ -45.397865299999978, -23.726635299999941 ], [ -45.397757799999965, -23.726720799999953 ], [ -45.397557, -23.726707799999929 ], [ -45.397327399999938, -23.726615899999956 ], [ -45.397162399999957, -23.726596299999983 ], [ -45.397011799999973, -23.726681799999938 ], [ -45.397011799999973, -23.726793599999951 ], [ -45.397112399999969, -23.726898699999936 ], [ -45.39718419999997, -23.727023499999973 ], [ -45.397105299999964, -23.727174699999978 ], [ -45.39714129999993, -23.727358699999968 ], [ -45.397198699999933, -23.727509699999928 ], [ -45.397213199999953, -23.727654199999961 ], [ -45.397349599999984, -23.727805199999978 ], [ -45.397507799999971, -23.728002299999957 ], [ -45.397522899999956, -23.728285299999982 ], [ -45.397623499999952, -23.728351 ], [ -45.397781699999939, -23.728469299999972 ], [ -45.397847499999955, -23.728523899999971 ], [ -45.398023599999931, -23.728588599999966 ], [ -45.398130599999945, -23.728427299999964 ], [ -45.398157699999956, -23.728322499999933 ], [ -45.398189399999978, -23.728232499999933 ], [ -45.398278, -23.72813 ], [ -45.398373699999979, -23.728075599999954 ], [ -45.398496799999975, -23.728048299999955 ], [ -45.398654599999929, -23.728083799999979 ], [ -45.398734899999965, -23.728106699999955 ], [ -45.398831299999983, -23.728161099999966 ], [ -45.398911699999985, -23.728205 ], [ -45.399005099999954, -23.728255899999965 ], [ -45.399092099999962, -23.728347799999938 ], [ -45.399202, -23.728492099999983 ], [ -45.399300599999947, -23.728651099999979 ], [ -45.399370499999975, -23.728763199999946 ], [ -45.39941639999995, -23.728884499999936 ], [ -45.399453199999982, -23.728995399999974 ], [ -45.399487699999952, -23.729118899999946 ], [ -45.399503899999957, -23.729252799999983 ], [ -45.399494799999957, -23.72936169999997 ], [ -45.399487299999976, -23.729602 ], [ -45.399437899999953, -23.729848199999935 ], [ -45.399402699999939, -23.730042499999968 ], [ -45.39936739999996, -23.730193699999973 ], [ -45.399346299999934, -23.730355699999961 ], [ -45.399304, -23.730537099999935 ], [ -45.399261599999932, -23.730660199999932 ], [ -45.399226399999975, -23.730815699999937 ], [ -45.39917, -23.730964799999981 ], [ -45.399120599999947, -23.73112679999997 ], [ -45.399071299999946, -23.731288799999959 ], [ -45.39902189999998, -23.731424799999957 ], [ -45.398958299999947, -23.731593299999929 ], [ -45.398908899999981, -23.731722899999966 ], [ -45.398873599999945, -23.731852499999945 ], [ -45.39878159999995, -23.732001499999967 ], [ -45.398696799999982, -23.732092299999977 ], [ -45.398640799999953, -23.732117399999936 ], [ -45.398559099999943, -23.732096899999931 ], [ -45.39845349999996, -23.732061899999962 ], [ -45.398386199999948, -23.732023799999979 ], [ -45.398317399999939, -23.732129399999963 ], [ -45.39825819999993, -23.732180799999981 ], [ -45.398147899999969, -23.732335499999976 ], [ -45.398087199999964, -23.732483599999966 ], [ -45.398039099999949, -23.732512899999961 ], [ -45.398026399999935, -23.732637599999975 ], [ -45.398111399999948, -23.732731299999955 ], [ -45.398169099999961, -23.732804599999952 ], [ -45.398244399999953, -23.732879299999979 ], [ -45.398418, -23.732975099999976 ], [ -45.398611599999981, -23.733017199999949 ], [ -45.398766499999965, -23.733044699999937 ], [ -45.398806499999978, -23.733104599999933 ], [ -45.398897499999975, -23.733170099999938 ], [ -45.398913499999935, -23.733249 ], [ -45.398897499999975, -23.733344 ], [ -45.398851299999933, -23.733392299999934 ], [ -45.398847899999964, -23.733492899999931 ], [ -45.398896699999966, -23.733556 ], [ -45.398828399999957, -23.733607699999936 ], [ -45.398811599999931, -23.733655499999941 ], [ -45.398811599999931, -23.733717099999978 ], [ -45.398829099999944, -23.733815599999957 ], [ -45.398826099999951, -23.733906299999944 ], [ -45.398844299999951, -23.734035 ], [ -45.398898899999949, -23.734117799999979 ], [ -45.398926299999971, -23.734225599999945 ], [ -45.398989099999937, -23.734327599999972 ], [ -45.399076, -23.734422699999982 ], [ -45.399080599999934, -23.734559599999955 ], [ -45.399003, -23.734697 ], [ -45.399035, -23.734763299999941 ], [ -45.399117299999943, -23.734858199999962 ], [ -45.399076199999968, -23.734949799999981 ], [ -45.399135699999931, -23.735119599999962 ], [ -45.399140299999942, -23.735302199999978 ], [ -45.399131099999977, -23.735426899999936 ], [ -45.399167599999942, -23.735545699999932 ], [ -45.399245099999973, -23.735690699999964 ], [ -45.399299799999937, -23.735777599999949 ], [ -45.39935909999997, -23.735843699999975 ], [ -45.399327199999959, -23.735951799999953 ], [ -45.39931329999996, -23.736089 ], [ -45.399313099999972, -23.736247099999957 ], [ -45.399303799999984, -23.736388499999975 ], [ -45.399258199999963, -23.736467699999935 ], [ -45.39908029999998, -23.736539499999935 ], [ -45.398875, -23.736548899999946 ], [ -45.398738699999967, -23.736648899999977 ], [ -45.398766, -23.736744199999976 ], [ -45.398897799999986, -23.736856299999943 ], [ -45.399075499999981, -23.737005599999975 ], [ -45.399225799999954, -23.737163199999941 ], [ -45.39948069999997, -23.737312 ], [ -45.399753399999952, -23.737431899999933 ], [ -45.400007799999969, -23.73748919999997 ], [ -45.400352599999962, -23.737628799999982 ], [ -45.400556599999959, -23.737741699999958 ], [ -45.400833099999943, -23.737794399999927 ], [ -45.401000899999985, -23.737873 ], [ -45.401616599999954, -23.737476899999933 ], [ -45.403860799999961, -23.736032399999942 ], [ -45.403423699999962, -23.735926099999972 ], [ -45.402695299999948, -23.735832399999936 ], [ -45.402402499999937, -23.73577419999998 ], [ -45.402172499999949, -23.735692899999947 ], [ -45.402003, -23.735594599999956 ], [ -45.401845299999934, -23.735485099999948 ], [ -45.401690199999962, -23.735334699999953 ], [ -45.401335599999982, -23.734781 ], [ -45.401312599999983, -23.734661 ], [ -45.401328299999932, -23.734547599999928 ], [ -45.401379399999939, -23.734466099999963 ], [ -45.401460899999961, -23.73440979999998 ], [ -45.401564399999984, -23.734393399999931 ], [ -45.401893299999983, -23.734445699999981 ], [ -45.402118599999937, -23.734430399999951 ], [ -45.402408299999934, -23.734294499999976 ], [ -45.402635499999974, -23.734268499999928 ], [ -45.402816799999982, -23.734298299999978 ], [ -45.40297529999998, -23.734363199999962 ], [ -45.403469499999972, -23.734636799999976 ], [ -45.403629299999977, -23.734694099999956 ], [ -45.404041, -23.734721799999932 ], [ -45.404249, -23.734703899999943 ], [ -45.404726699999969, -23.734480399999939 ], [ -45.40483519999998, -23.734469299999944 ], [ -45.405512899999962, -23.734561099999951 ], [ -45.405736299999944, -23.73454449999997 ], [ -45.405812499999968, -23.734509 ], [ -45.405864599999973, -23.734440899999981 ], [ -45.405847399999971, -23.734298 ], [ -45.405805, -23.734238199999936 ], [ -45.405773499999952, -23.734153799999945 ], [ -45.405791499999964, -23.734040899999968 ], [ -45.405852099999947, -23.733946399999979 ], [ -45.405954099999974, -23.733886 ], [ -45.406380399999932, -23.733830399999931 ], [ -45.406448799999964, -23.733807899999931 ], [ -45.406574499999977, -23.733721 ], [ -45.406609599999967, -23.733581899999933 ], [ -45.406591499999934, -23.733497399999976 ], [ -45.406308299999978, -23.73313 ], [ -45.406161099999963, -23.732873699999971 ], [ -45.406028799999945, -23.732524599999977 ], [ -45.406006899999966, -23.732412099999976 ], [ -45.40602709999996, -23.73231119999997 ], [ -45.406092699999931, -23.732262 ], [ -45.406310399999938, -23.732155599999942 ], [ -45.406314, -23.732027899999935 ], [ -45.406346699999972, -23.731947399999967 ], [ -45.406459899999959, -23.731920799999955 ], [ -45.406506699999966, -23.731887699999959 ], [ -45.40653889999993, -23.731848299999967 ], [ -45.406569699999977, -23.731764799999951 ], [ -45.406572399999959, -23.731688799999972 ], [ -45.406537499999956, -23.731552399999941 ], [ -45.406323099999952, -23.731173 ], [ -45.406248399999981, -23.730937899999958 ], [ -45.406242599999985, -23.730845599999952 ], [ -45.406261899999947, -23.730720399999939 ], [ -45.406325, -23.730543299999965 ], [ -45.406336199999942, -23.730463899999961 ], [ -45.406326899999954, -23.730233 ], [ -45.405963699999973, -23.72970719999995 ] ] ] } },
{ "type": "Feature", "properties": { "id": "3550704004", "cd_bairro": "3550704004", "bairro": "São Francisco", "cd_mun": "3550704", "municipio": "São Sebastião", "cd_dist": "355070415", "distrito": "São Francisco da Praia" }, "geometry": { "type": "Polygon", "coordinates": [ [ [ -45.416504799999984, -23.76072279999994 ], [ -45.416462099999933, -23.760572599999932 ], [ -45.41643339999996, -23.760463 ], [ -45.416446, -23.760246 ], [ -45.416426, -23.76008 ], [ -45.416413, -23.760017 ], [ -45.416399, -23.759953 ], [ -45.416369, -23.759897 ], [ -45.416288, -23.759769 ], [ -45.416636599999947, -23.759577 ], [ -45.416900799999951, -23.759533 ], [ -45.417415099999971, -23.759484199999974 ], [ -45.417953699999941, -23.759276899999975 ], [ -45.418361799999957, -23.759106699999961 ], [ -45.418329899999947, -23.758827799999949 ], [ -45.418401299999971, -23.758708899999931 ], [ -45.418373799999983, -23.758592499999963 ], [ -45.418651099999977, -23.758532799999955 ], [ -45.419162299999982, -23.758658699999955 ], [ -45.419356, -23.758785899999964 ], [ -45.420754299999942, -23.759175199999959 ], [ -45.421629499999938, -23.759399499999972 ], [ -45.421862099999942, -23.758942299999944 ], [ -45.422047899999939, -23.758492399999966 ], [ -45.422189, -23.75720519999993 ], [ -45.421496499999932, -23.757144199999971 ], [ -45.421135199999981, -23.757162599999958 ], [ -45.420388499999945, -23.757001799999955 ], [ -45.420175899999947, -23.757123299999932 ], [ -45.419991899999957, -23.757012399999951 ], [ -45.419992699999966, -23.756717 ], [ -45.419947799999932, -23.756404299999929 ], [ -45.419646, -23.756195 ], [ -45.419206, -23.756066 ], [ -45.418703, -23.755952099999945 ], [ -45.418698799999959, -23.755759499999954 ], [ -45.418483099999946, -23.755466399999932 ], [ -45.418363899999974, -23.755254199999968 ], [ -45.418222899999932, -23.75522049999995 ], [ -45.417915599999958, -23.75513669999998 ], [ -45.417894399999966, -23.754729899999973 ], [ -45.417802299999948, -23.754399199999966 ], [ -45.417611799999975, -23.754131299999983 ], [ -45.417459799999961, -23.753986199999929 ], [ -45.417316599999936, -23.753884699999958 ], [ -45.417208, -23.753721599999949 ], [ -45.41711319999996, -23.753411699999958 ], [ -45.416978799999981, -23.753171499999951 ], [ -45.416905199999974, -23.753102099999978 ], [ -45.416819, -23.753076199999953 ], [ -45.416544699999974, -23.753048699999965 ], [ -45.416349199999956, -23.753000099999952 ], [ -45.416168699999957, -23.75289719999995 ], [ -45.416111199999932, -23.752833199999941 ], [ -45.416070599999955, -23.752747 ], [ -45.416025299999944, -23.752634199999932 ], [ -45.415996, -23.752319 ], [ -45.416009499999973, -23.751683199999945 ], [ -45.415984499999979, -23.751598599999966 ], [ -45.415939699999967, -23.751521599999933 ], [ -45.415857, -23.751447799999937 ], [ -45.415608599999985, -23.751309899999967 ], [ -45.415427199999954, -23.751152299999944 ], [ -45.415378, -23.751034799999957 ], [ -45.415359099999932, -23.750927099999956 ], [ -45.41536739999998, -23.750835299999949 ], [ -45.41539279999995, -23.750779799999975 ], [ -45.415435699999932, -23.750735099999929 ], [ -45.415617099999963, -23.750618499999973 ], [ -45.41572489999993, -23.750504 ], [ -45.415799099999958, -23.75038909999995 ], [ -45.415802199999973, -23.750321199999973 ], [ -45.415773799999954, -23.750273899999968 ], [ -45.415721599999983, -23.750238099999933 ], [ -45.415606399999945, -23.750225599999965 ], [ -45.415364299999965, -23.750231499999927 ], [ -45.415128099999947, -23.750197799999967 ], [ -45.414852499999938, -23.750113699999929 ], [ -45.414585399999964, -23.749996799999963 ], [ -45.414519499999983, -23.749899299999981 ], [ -45.41453329999996, -23.749785499999973 ], [ -45.414462399999934, -23.749668399999962 ], [ -45.414347299999974, -23.749567399999933 ], [ -45.414227699999969, -23.749552299999948 ], [ -45.414066599999956, -23.749567899999931 ], [ -45.413913799999932, -23.749320799999964 ], [ -45.41384069999998, -23.74913179999993 ], [ -45.41382109999995, -23.749020599999938 ], [ -45.413800799999933, -23.748629299999948 ], [ -45.413822499999981, -23.748412199999962 ], [ -45.413818399999968, -23.748230399999954 ], [ -45.413799199999971, -23.748096499999974 ], [ -45.413665099999946, -23.747837 ], [ -45.413411799999949, -23.747487199999966 ], [ -45.41336229999996, -23.747391799999946 ], [ -45.413352599999939, -23.747296 ], [ -45.413365399999975, -23.747190899999964 ], [ -45.413394699999969, -23.747107 ], [ -45.413432, -23.747025399999927 ], [ -45.413574, -23.746863699999949 ], [ -45.413619899999958, -23.74677939999998 ], [ -45.413635499999941, -23.746701899999948 ], [ -45.413605299999972, -23.746631 ], [ -45.413346399999966, -23.74645819999995 ], [ -45.413285799999983, -23.746351799999957 ], [ -45.413245099999983, -23.746257399999934 ], [ -45.413243099999931, -23.746139899999946 ], [ -45.413277499999936, -23.745934499999976 ], [ -45.413268799999969, -23.745847499999968 ], [ -45.413233799999944, -23.745789799999955 ], [ -45.413156099999981, -23.745741899999928 ], [ -45.413001299999962, -23.745717 ], [ -45.412503099999981, -23.745802399999945 ], [ -45.412413499999957, -23.7458 ], [ -45.412329499999942, -23.745768 ], [ -45.41227809999998, -23.745721199999934 ], [ -45.412253899999939, -23.745532699999956 ], [ -45.41228289999998, -23.745335299999965 ], [ -45.41227379999998, -23.745264899999938 ], [ -45.412230199999954, -23.745212399999957 ], [ -45.412095799999975, -23.745175199999949 ], [ -45.411507499999971, -23.745162299999947 ], [ -45.411342899999966, -23.745117499999935 ], [ -45.411096199999974, -23.744956599999966 ], [ -45.41084909999995, -23.744636299999968 ], [ -45.410585799999978, -23.744366699999944 ], [ -45.410198799999932, -23.744078 ], [ -45.409811399999967, -23.743814599999951 ], [ -45.409659799999986, -23.74368979999997 ], [ -45.409327399999938, -23.743366 ], [ -45.408995599999969, -23.742984099999944 ], [ -45.408299899999975, -23.742332199999964 ], [ -45.407866499999955, -23.742068099999983 ], [ -45.407657599999936, -23.741904299999931 ], [ -45.407352499999945, -23.741563599999949 ], [ -45.406837099999962, -23.740886299999943 ], [ -45.406550399999958, -23.74057 ], [ -45.406103199999961, -23.740225 ], [ -45.405891799999949, -23.740088499999956 ], [ -45.405562699999962, -23.739906899999937 ], [ -45.405494199999964, -23.739826299999947 ], [ -45.405394099999967, -23.739648799999941 ], [ -45.405356799999936, -23.73940749999997 ], [ -45.405288499999983, -23.739349299999958 ], [ -45.40510009999997, -23.73931209999995 ], [ -45.40502639999994, -23.739320599999928 ], [ -45.404494799999952, -23.739444699999979 ], [ -45.404245499999945, -23.739481699999942 ], [ -45.404081399999939, -23.739467299999944 ], [ -45.403952199999935, -23.739423899999963 ], [ -45.403839299999959, -23.739349899999979 ], [ -45.40375789999996, -23.739266499999928 ], [ -45.403710299999943, -23.739184499999965 ], [ -45.403678399999933, -23.739078699999936 ], [ -45.403671399999951, -23.738971299999946 ], [ -45.403709499999934, -23.738639599999942 ], [ -45.40377639999997, -23.738355099999978 ], [ -45.403752099999963, -23.737891 ], [ -45.403676599999983, -23.737446099999943 ], [ -45.403757299999938, -23.737304399999971 ], [ -45.403859299999965, -23.737250599999982 ], [ -45.403809899999942, -23.737092 ], [ -45.403714, -23.736867199999949 ], [ -45.403767699999946, -23.736749699999962 ], [ -45.403885399999979, -23.736607099999958 ], [ -45.404112599999962, -23.736419199999943 ], [ -45.404172899999935, -23.736334599999964 ], [ -45.404174499999954, -23.736268299999949 ], [ -45.404097299999933, -23.736139899999955 ], [ -45.404000099999962, -23.736079199999949 ], [ -45.403860799999961, -23.736032399999942 ], [ -45.401616599999954, -23.737476899999933 ], [ -45.401000899999985, -23.737873 ], [ -45.401209199999983, -23.737901799999975 ], [ -45.401304499999981, -23.73805109999995 ], [ -45.401413499999933, -23.738254199999972 ], [ -45.401472699999943, -23.738436799999931 ], [ -45.401455, -23.738640499999974 ], [ -45.401419199999964, -23.738827799999967 ], [ -45.401383299999964, -23.739044199999967 ], [ -45.401324599999953, -23.739219 ], [ -45.401361099999974, -23.739448399999958 ], [ -45.401393299999938, -23.739643799999953 ], [ -45.401488799999981, -23.73980169999993 ], [ -45.401575199999968, -23.739913899999976 ], [ -45.401733899999954, -23.73998 ], [ -45.401860499999941, -23.740054099999952 ], [ -45.401901399999986, -23.740145499999983 ], [ -45.401996799999949, -23.740315599999974 ], [ -45.402033399999937, -23.740490199999954 ], [ -45.402115, -23.740655899999979 ], [ -45.402196499999945, -23.740784299999973 ], [ -45.402368499999966, -23.740887399999963 ], [ -45.402504799999974, -23.740953899999965 ], [ -45.402693699999929, -23.741047399999957 ], [ -45.402888699999949, -23.741084599999965 ], [ -45.40308349999998, -23.741092599999945 ], [ -45.403242599999942, -23.741179899999963 ], [ -45.40339229999995, -23.741188099999931 ], [ -45.403428299999973, -23.741125599999975 ], [ -45.403568499999949, -23.741087899999968 ], [ -45.403654599999982, -23.741096099999936 ], [ -45.403763499999968, -23.741129199999932 ], [ -45.403872499999977, -23.741199799999947 ], [ -45.403927499999952, -23.741303899999934 ], [ -45.40392369999995, -23.741404099999954 ], [ -45.403969399999937, -23.741470699999979 ], [ -45.404155299999957, -23.741553499999952 ], [ -45.404254599999945, -23.741515599999957 ], [ -45.404382099999964, -23.741511899999978 ], [ -45.404544599999952, -23.741588299999933 ], [ -45.40466269999996, -23.741770599999938 ], [ -45.404744499999936, -23.74191159999998 ], [ -45.404871499999956, -23.742069 ], [ -45.404938299999969, -23.742154299999982 ], [ -45.405015099999957, -23.742218699999967 ], [ -45.405060099999957, -23.742286099999944 ], [ -45.405047799999977, -23.742447699999957 ], [ -45.405048299999976, -23.742606499999965 ], [ -45.405080599999962, -23.742700499999955 ], [ -45.405112899999949, -23.742788699999949 ], [ -45.405193199999985, -23.742885499999943 ], [ -45.405349699999931, -23.742899399999942 ], [ -45.405486699999983, -23.742878099999928 ], [ -45.405592099999978, -23.742907 ], [ -45.405656199999953, -23.742971399999931 ], [ -45.405717299999935, -23.743069299999945 ], [ -45.405781899999965, -23.743207199999972 ], [ -45.40585909999993, -23.743321599999945 ], [ -45.405933, -23.743424199999936 ], [ -45.406032099999948, -23.743485599999929 ], [ -45.406130699999949, -23.743499899999961 ], [ -45.406210499999986, -23.743543699999975 ], [ -45.406311, -23.743601699999942 ], [ -45.406371799999931, -23.743654399999969 ], [ -45.40643259999996, -23.743712899999935 ], [ -45.406483899999955, -23.74377439999995 ], [ -45.406532, -23.74383 ], [ -45.406573599999945, -23.743876899999975 ], [ -45.40662489999994, -23.743938399999934 ], [ -45.406666499999972, -23.74399109999996 ], [ -45.406705, -23.744040799999937 ], [ -45.406753, -23.744084699999974 ], [ -45.406785099999979, -23.744131599999946 ], [ -45.406820399999958, -23.744190199999935 ], [ -45.40686519999997, -23.744225299999982 ], [ -45.406935399999952, -23.744251499999962 ], [ -45.407012, -23.744286599999953 ], [ -45.407101399999931, -23.744336199999964 ], [ -45.407139799999982, -23.744374199999982 ], [ -45.407184799999982, -23.744438699999932 ], [ -45.407255, -23.744476599999928 ], [ -45.407319299999983, -23.744567399999937 ], [ -45.407339099999945, -23.744658399999935 ], [ -45.407352499999945, -23.744755299999952 ], [ -45.407347099999981, -23.744870099999957 ], [ -45.40731889999995, -23.744937899999968 ], [ -45.407293899999956, -23.745046199999933 ], [ -45.407313399999964, -23.745146 ], [ -45.407345499999963, -23.745222199999944 ], [ -45.407415399999934, -23.745266099999981 ], [ -45.407493, -23.745343499999933 ], [ -45.407882499999971, -23.745828099999983 ], [ -45.407993099999942, -23.745965699999942 ], [ -45.40803109999996, -23.746048 ], [ -45.408064399999944, -23.746160799999927 ], [ -45.408093, -23.74630389999993 ], [ -45.408064799999977, -23.746421199999929 ], [ -45.408031899999969, -23.746547199999952 ], [ -45.408093599999972, -23.746629499999983 ], [ -45.408177099999932, -23.746683099999927 ], [ -45.408298699999932, -23.746762499999932 ], [ -45.408393399999966, -23.746829299999945 ], [ -45.408478299999956, -23.746896499999934 ], [ -45.408574499999986, -23.74694809999994 ], [ -45.408625399999949, -23.747012799999936 ], [ -45.408639699999981, -23.747095799999954 ], [ -45.408666399999959, -23.747181599999976 ], [ -45.408762699999954, -23.747290199999952 ], [ -45.408808099999931, -23.747388599999965 ], [ -45.408822399999963, -23.747515599999929 ], [ -45.408764, -23.74766829999993 ], [ -45.408719099999985, -23.747797699999978 ], [ -45.40871919999995, -23.747966299999973 ], [ -45.408834499999955, -23.748029499999973 ], [ -45.408888299999944, -23.748198 ], [ -45.40893449999993, -23.74836659999994 ], [ -45.40906519999993, -23.748457899999948 ], [ -45.409265099999971, -23.748542199999974 ], [ -45.409464599999978, -23.748542 ], [ -45.409564, -23.748443399999928 ], [ -45.409663599999931, -23.748450199999979 ], [ -45.409793799999932, -23.748400799999956 ], [ -45.409924199999978, -23.748477899999955 ], [ -45.410040299999935, -23.748576 ], [ -45.410148499999934, -23.748647099999971 ], [ -45.410276899999985, -23.748702599999945 ], [ -45.410388499999954, -23.748779899999931 ], [ -45.410493199999962, -23.748838599999942 ], [ -45.410611299999971, -23.748897199999931 ], [ -45.410716, -23.748968299999945 ], [ -45.410831099999939, -23.749116599999979 ], [ -45.410898799999984, -23.749181499999963 ], [ -45.410998199999938, -23.749232 ], [ -45.41108939999998, -23.749259799999948 ], [ -45.411190799999986, -23.749315399999944 ], [ -45.411251599999957, -23.749377199999969 ], [ -45.411329399999943, -23.749432699999943 ], [ -45.411366499999986, -23.749479099999974 ], [ -45.411424, -23.749559399999953 ], [ -45.41144769999994, -23.749608799999976 ], [ -45.41147159999997, -23.749732499999936 ], [ -45.411524, -23.749858599999982 ], [ -45.411516499999948, -23.749978599999963 ], [ -45.411532199999954, -23.750148 ], [ -45.411555499999963, -23.750303299999928 ], [ -45.411555799999974, -23.750444499999958 ], [ -45.411556, -23.750614 ], [ -45.411528799999985, -23.750712199999953 ], [ -45.411488799999972, -23.750844 ], [ -45.411473499999943, -23.751006299999972 ], [ -45.411450499999944, -23.751140499999963 ], [ -45.411412199999972, -23.751316899999949 ], [ -45.411389199999974, -23.751436899999931 ], [ -45.411389399999962, -23.751585199999965 ], [ -45.411443399999939, -23.751719199999968 ], [ -45.411449699999935, -23.751877399999955 ], [ -45.411487399999942, -23.751958499999944 ], [ -45.411436499999979, -23.75204709999997 ], [ -45.41151439999993, -23.752101 ], [ -45.411632399999974, -23.752115599999968 ], [ -45.411662099999944, -23.752199099999928 ], [ -45.411686299999985, -23.752277799999945 ], [ -45.411732099999938, -23.752412899999968 ], [ -45.411753699999963, -23.752508699999964 ], [ -45.411785899999984, -23.752577799999983 ], [ -45.411842299999932, -23.752644099999941 ], [ -45.411879799999952, -23.752688299999932 ], [ -45.411955, -23.752764399999933 ], [ -45.412016599999959, -23.752835499999946 ], [ -45.412059499999941, -23.752887 ], [ -45.412135699999965, -23.752999599999953 ], [ -45.41220809999993, -23.75309029999994 ], [ -45.412277899999935, -23.753183499999977 ], [ -45.412355699999978, -23.753271799999936 ], [ -45.412417499999947, -23.753362299999935 ], [ -45.412455299999976, -23.753470299999947 ], [ -45.412477099999933, -23.75357589999993 ], [ -45.412482699999941, -23.753669199999933 ], [ -45.41246689999997, -23.753782299999955 ], [ -45.412449899999956, -23.753841099999931 ], [ -45.412445599999955, -23.753856 ], [ -45.412405199999966, -23.753979899999933 ], [ -45.412325099999975, -23.754149599999948 ], [ -45.412293099999943, -23.754282299999943 ], [ -45.412261099999967, -23.754383099999927 ], [ -45.41225309999993, -23.754466699999966 ], [ -45.41222369999997, -23.754578599999945 ], [ -45.412214, -23.754621199999974 ], [ -45.412197, -23.754701499999953 ], [ -45.412151499999936, -23.754822 ], [ -45.412100599999974, -23.75494 ], [ -45.412057799999957, -23.755006399999957 ], [ -45.411998799999935, -23.755095 ], [ -45.411931799999934, -23.755219099999977 ], [ -45.411872799999969, -23.755339599999957 ], [ -45.411800399999947, -23.75546989999998 ], [ -45.41172, -23.755600299999969 ], [ -45.411647899999934, -23.755738799999961 ], [ -45.411494599999969, -23.755908899999952 ], [ -45.411415499999976, -23.756036599999959 ], [ -45.411322599999949, -23.756179399999951 ], [ -45.411134699999934, -23.756270399999948 ], [ -45.411055599999941, -23.756478199999947 ], [ -45.410984599999949, -23.756693599999949 ], [ -45.410927299999969, -23.756835199999955 ], [ -45.41087269999997, -23.756970499999966 ], [ -45.410812599999986, -23.757093199999929 ], [ -45.410760799999935, -23.757240899999942 ], [ -45.410709, -23.757371099999943 ], [ -45.410651199999961, -23.757499199999927 ], [ -45.410583199999962, -23.757631699999934 ], [ -45.410472599999935, -23.757803299999978 ], [ -45.410419199999978, -23.757920599999977 ], [ -45.41035119999998, -23.758068699999967 ], [ -45.410266199999967, -23.758209099999931 ], [ -45.410181099999932, -23.758365099999935 ], [ -45.410087699999963, -23.758560099999954 ], [ -45.409994099999949, -23.758669299999951 ], [ -45.409880299999941, -23.758856799999933 ], [ -45.409816399999954, -23.759003399999983 ], [ -45.409731199999953, -23.759127099999944 ], [ -45.409656599999948, -23.759247599999981 ], [ -45.409564499999931, -23.759392399999967 ], [ -45.40944369999994, -23.759571499999936 ], [ -45.409323, -23.759770199999934 ], [ -45.409216499999957, -23.759923299999969 ], [ -45.409156099999961, -23.760021 ], [ -45.409074399999952, -23.760131699999931 ], [ -45.40895009999997, -23.760261899999932 ], [ -45.408839899999975, -23.760372699999948 ], [ -45.40880089999996, -23.760514499999942 ], [ -45.408745, -23.760677099999953 ], [ -45.408642399999962, -23.760831099999962 ], [ -45.408530399999961, -23.761028 ], [ -45.408446399999946, -23.761165 ], [ -45.40836239999993, -23.761284799999942 ], [ -45.408252299999958, -23.761436499999945 ], [ -45.408140299999957, -23.761582 ], [ -45.408037599999943, -23.761727499999949 ], [ -45.407906899999944, -23.761881599999981 ], [ -45.407794799999976, -23.762044299999957 ], [ -45.407689699999935, -23.762143299999934 ], [ -45.407561899999962, -23.762315199999932 ], [ -45.407476699999961, -23.762408899999969 ], [ -45.407342799999981, -23.762555 ], [ -45.407226899999955, -23.762706899999955 ], [ -45.40706119999993, -23.762881499999935 ], [ -45.406912199999965, -23.763056 ], [ -45.406763099999978, -23.763238199999932 ], [ -45.406655399999977, -23.763367399999936 ], [ -45.40652289999997, -23.763504 ], [ -45.406684399999961, -23.763691799999947 ], [ -45.406640699999969, -23.763790699999959 ], [ -45.407640699999945, -23.764260799999931 ], [ -45.407996799999978, -23.764556199999959 ], [ -45.409111, -23.765214 ], [ -45.410069, -23.765829 ], [ -45.411265, -23.766575 ], [ -45.41151, -23.766762 ], [ -45.411562, -23.766769 ], [ -45.411578, -23.766765 ], [ -45.413029, -23.767592 ], [ -45.414035899999931, -23.768132699999967 ], [ -45.413932799999941, -23.767884199999969 ], [ -45.414004699999964, -23.767668899999933 ], [ -45.414142199999958, -23.767475299999944 ], [ -45.414340099999947, -23.767290599999967 ], [ -45.414720899999963, -23.767006299999935 ], [ -45.414873299999954, -23.766865199999927 ], [ -45.414951799999983, -23.766686399999969 ], [ -45.415125899999964, -23.766599499999927 ], [ -45.415378099999941, -23.766582299999982 ], [ -45.415874299999984, -23.766673 ], [ -45.416131299999961, -23.766840499999944 ], [ -45.416456799999935, -23.767006199999969 ], [ -45.416929699999969, -23.767182299999945 ], [ -45.417394299999955, -23.767275099999949 ], [ -45.417763199999968, -23.76745139999997 ], [ -45.418583299999966, -23.767630399999973 ], [ -45.41882419999996, -23.767700099999956 ], [ -45.419361099999946, -23.76773559999998 ], [ -45.419539799999939, -23.767580499999951 ], [ -45.420407499999953, -23.767416499999968 ], [ -45.420688499999983, -23.766738099999941 ], [ -45.417612, -23.765188799999976 ], [ -45.416277799999932, -23.764206699999932 ], [ -45.415651, -23.763817 ], [ -45.415250899999933, -23.763596199999938 ], [ -45.414781799999957, -23.763299599999982 ], [ -45.414520599999946, -23.763186799999971 ], [ -45.414174699999933, -23.763054899999929 ], [ -45.413931499999933, -23.762978699999962 ], [ -45.413643799999932, -23.762929699999972 ], [ -45.413402899999937, -23.762820099999942 ], [ -45.413194899999951, -23.76261489999996 ], [ -45.412903399999948, -23.762365599999953 ], [ -45.412362899999948, -23.761966799999982 ], [ -45.41248939999997, -23.76183489999994 ], [ -45.412721399999953, -23.761633899999936 ], [ -45.41341209999996, -23.76222249999995 ], [ -45.413746199999935, -23.762401399999931 ], [ -45.414452799999935, -23.76272309999996 ], [ -45.414518, -23.762635 ], [ -45.414851, -23.762276 ], [ -45.415073, -23.762300799999934 ], [ -45.415262799999937, -23.762263599999983 ], [ -45.415395, -23.762222899999983 ], [ -45.41548309999996, -23.762161899999967 ], [ -45.41551359999994, -23.762090699999931 ], [ -45.415594899999974, -23.762022899999977 ], [ -45.415656599999977, -23.761916799999938 ], [ -45.416504799999984, -23.76072279999994 ] ] ] } },
{ "type": "Feature", "properties": { "id": "3550704005", "cd_bairro": "3550704005", "bairro": "Morro do Abrigo", "cd_mun": "3550704", "municipio": "São Sebastião", "cd_dist": "355070415", "distrito": "São Francisco da Praia" }, "geometry": { "type": "Polygon", "coordinates": [ [ [ -45.416504799999984, -23.76072279999994 ], [ -45.415656599999977, -23.761916799999938 ], [ -45.415594899999974, -23.762022899999977 ], [ -45.41551359999994, -23.762090699999931 ], [ -45.41548309999996, -23.762161899999967 ], [ -45.415395, -23.762222899999983 ], [ -45.415262799999937, -23.762263599999983 ], [ -45.415073, -23.762300799999934 ], [ -45.414851, -23.762276 ], [ -45.414518, -23.762635 ], [ -45.414452799999935, -23.76272309999996 ], [ -45.413746199999935, -23.762401399999931 ], [ -45.41341209999996, -23.76222249999995 ], [ -45.412721399999953, -23.761633899999936 ], [ -45.41248939999997, -23.76183489999994 ], [ -45.412362899999948, -23.761966799999982 ], [ -45.412903399999948, -23.762365599999953 ], [ -45.413194899999951, -23.76261489999996 ], [ -45.413402899999937, -23.762820099999942 ], [ -45.413643799999932, -23.762929699999972 ], [ -45.413931499999933, -23.762978699999962 ], [ -45.414174699999933, -23.763054899999929 ], [ -45.414520599999946, -23.763186799999971 ], [ -45.414781799999957, -23.763299599999982 ], [ -45.415250899999933, -23.763596199999938 ], [ -45.415651, -23.763817 ], [ -45.416277799999932, -23.764206699999932 ], [ -45.417612, -23.765188799999976 ], [ -45.420688499999983, -23.766738099999941 ], [ -45.420407499999953, -23.767416499999968 ], [ -45.422392199999933, -23.768267599999945 ], [ -45.422987899999953, -23.767948 ], [ -45.423177799999962, -23.767794899999956 ], [ -45.423215899999946, -23.767739699999936 ], [ -45.423231, -23.767568 ], [ -45.42320559999996, -23.767 ], [ -45.423220599999979, -23.766758699999968 ], [ -45.423305, -23.766470399999946 ], [ -45.423407399999974, -23.766275 ], [ -45.423773499999982, -23.765971399999955 ], [ -45.424052299999971, -23.76568519999995 ], [ -45.424227, -23.765413799999976 ], [ -45.424288299999944, -23.765241099999969 ], [ -45.424427799999933, -23.764982399999951 ], [ -45.42463209999994, -23.764737 ], [ -45.424958099999969, -23.764476 ], [ -45.425129499999969, -23.764377099999933 ], [ -45.42533009999994, -23.764188699999977 ], [ -45.425352299999986, -23.764075699999978 ], [ -45.425277199999982, -23.763928699999951 ], [ -45.42482259999997, -23.763560499999983 ], [ -45.424601, -23.763308199999983 ], [ -45.424475799999982, -23.763127899999972 ], [ -45.424221499999931, -23.762499899999966 ], [ -45.424149, -23.762218299999972 ], [ -45.424036299999955, -23.761971099999982 ], [ -45.422983199999976, -23.76103379999995 ], [ -45.422694799999931, -23.760777099999927 ], [ -45.422537099999943, -23.760563499999932 ], [ -45.422473099999934, -23.760186099999942 ], [ -45.422514699999965, -23.759988199999952 ], [ -45.422640599999966, -23.759792699999934 ], [ -45.422755099999961, -23.759680399999979 ], [ -45.422919599999943, -23.759564399999931 ], [ -45.421629499999938, -23.759399499999972 ], [ -45.420754299999942, -23.759175199999959 ], [ -45.419356, -23.758785899999964 ], [ -45.419162299999982, -23.758658699999955 ], [ -45.418651099999977, -23.758532799999955 ], [ -45.418373799999983, -23.758592499999963 ], [ -45.418401299999971, -23.758708899999931 ], [ -45.418329899999947, -23.758827799999949 ], [ -45.418361799999957, -23.759106699999961 ], [ -45.417953699999941, -23.759276899999975 ], [ -45.417415099999971, -23.759484199999974 ], [ -45.416900799999951, -23.759533 ], [ -45.416636599999947, -23.759577 ], [ -45.416288, -23.759769 ], [ -45.416369, -23.759897 ], [ -45.416399, -23.759953 ], [ -45.416413, -23.760017 ], [ -45.416426, -23.76008 ], [ -45.416446, -23.760246 ], [ -45.41643339999996, -23.760463 ], [ -45.416462099999933, -23.760572599999932 ], [ -45.416504799999984, -23.76072279999994 ] ] ] } },
{ "type": "Feature", "properties": { "id": "3550704006", "cd_bairro": "3550704006", "bairro": "Olaria", "cd_mun": "3550704", "municipio": "São Sebastião", "cd_dist": "355070415", "distrito": "São Francisco da Praia" }, "geometry": { "type": "Polygon", "coordinates": [ [ [ -45.41574479999997, -23.771965 ], [ -45.415949, -23.771917099999939 ], [ -45.41627079999995, -23.771803 ], [ -45.416367699999967, -23.77175589999996 ], [ -45.416484499999967, -23.771658399999978 ], [ -45.416524099999947, -23.771584399999938 ], [ -45.41651829999995, -23.771510299999932 ], [ -45.416435399999955, -23.771358499999963 ], [ -45.416377499999953, -23.771292299999971 ], [ -45.415999799999952, -23.771026499999948 ], [ -45.415576099999953, -23.770696699999974 ], [ -45.415023899999937, -23.770097799999974 ], [ -45.414749399999948, -23.76972829999994 ], [ -45.414626699999985, -23.769479899999965 ], [ -45.414502699999957, -23.76916319999998 ], [ -45.41449, -23.768951199999947 ], [ -45.414506399999937, -23.768839899999932 ], [ -45.414502499999969, -23.768719 ], [ -45.41420549999998, -23.768244899999956 ], [ -45.414035899999931, -23.768132699999967 ], [ -45.413029, -23.767592 ], [ -45.411578, -23.766765 ], [ -45.411562, -23.766769 ], [ -45.41151, -23.766762 ], [ -45.411265, -23.766575 ], [ -45.410069, -23.765829 ], [ -45.409111, -23.765214 ], [ -45.407996799999978, -23.764556199999959 ], [ -45.407640699999945, -23.764260799999931 ], [ -45.406640699999969, -23.763790699999959 ], [ -45.406626399999936, -23.763823799999955 ], [ -45.406601899999941, -23.763998399999934 ], [ -45.406519199999934, -23.764195699999959 ], [ -45.406353399999944, -23.764362699999936 ], [ -45.406121299999938, -23.764605699999947 ], [ -45.405864399999984, -23.764886699999977 ], [ -45.405723799999976, -23.765076399999941 ], [ -45.405450499999972, -23.765349799999967 ], [ -45.405259799999953, -23.765585299999941 ], [ -45.405019399999958, -23.765820699999949 ], [ -45.404887, -23.765942199999927 ], [ -45.404749299999935, -23.7661 ], [ -45.404542599999957, -23.766266499999972 ], [ -45.40432949999996, -23.766464699999972 ], [ -45.404103899999939, -23.76666849999998 ], [ -45.403869099999952, -23.766892399999961 ], [ -45.403549599999963, -23.767188099999942 ], [ -45.403283599999952, -23.767417399999943 ], [ -45.403089799999975, -23.76760319999994 ], [ -45.402851899999973, -23.767797099999939 ], [ -45.40265809999994, -23.76798279999997 ], [ -45.402561299999945, -23.768103699999983 ], [ -45.40415859999996, -23.769041899999934 ], [ -45.404230499999983, -23.769071199999928 ], [ -45.404339, -23.769113 ], [ -45.405557599999952, -23.769738 ], [ -45.406627, -23.770322399999941 ], [ -45.407436799999971, -23.770413899999937 ], [ -45.408160499999951, -23.770853 ], [ -45.409501, -23.772389 ], [ -45.410563099999933, -23.773058299999946 ], [ -45.411628399999984, -23.772977599999933 ], [ -45.411936299999979, -23.772857399999964 ], [ -45.412109799999939, -23.77280849999994 ], [ -45.412513299999944, -23.772785899999974 ], [ -45.412778499999945, -23.772811899999965 ], [ -45.413150199999961, -23.772885599999938 ], [ -45.413390599999957, -23.772951899999953 ], [ -45.413590499999941, -23.772981399999935 ], [ -45.413747599999965, -23.772922899999969 ], [ -45.41389049999998, -23.772825099999977 ], [ -45.414141899999947, -23.772600199999943 ], [ -45.414252499999975, -23.772548599999936 ], [ -45.414390699999956, -23.772518499999933 ], [ -45.414702199999965, -23.77248869999994 ], [ -45.415037699999971, -23.77237139999994 ], [ -45.415207299999963, -23.772274299999935 ], [ -45.415352, -23.772156299999949 ], [ -45.415646699999968, -23.771993799999962 ], [ -45.41574479999997, -23.771965 ] ] ] } },
{ "type": "Feature", "properties": { "id": "3550704007", "cd_bairro": "3550704007", "bairro": "Arrastão", "cd_mun": "3550704", "municipio": "São Sebastião", "cd_dist": "355070415", "distrito": "São Francisco da Praia" }, "geometry": { "type": "Polygon", "coordinates": [ [ [ -45.400717499999985, -23.774153099999978 ], [ -45.401225299999965, -23.774218899999937 ], [ -45.402026199999966, -23.774349899999947 ], [ -45.402371899999935, -23.774432099999956 ], [ -45.40314369999993, -23.774464 ], [ -45.403912899999966, -23.774468099999979 ], [ -45.404647399999931, -23.774626199999943 ], [ -45.405738799999938, -23.774937099999931 ], [ -45.405860599999983, -23.774972899999966 ], [ -45.407177199999978, -23.775282699999934 ], [ -45.40725139999995, -23.775213099999974 ], [ -45.408952199999931, -23.773617699999932 ], [ -45.408884299999954, -23.773499099999981 ], [ -45.408880699999941, -23.773313199999961 ], [ -45.408981399999959, -23.773120399999982 ], [ -45.409117899999956, -23.773005399999931 ], [ -45.409315599999957, -23.772958699999947 ], [ -45.409884499999976, -23.773092799999972 ], [ -45.410136899999941, -23.773136199999954 ], [ -45.410563099999933, -23.773058299999946 ], [ -45.409501, -23.772389 ], [ -45.408160499999951, -23.770853 ], [ -45.407436799999971, -23.770413899999937 ], [ -45.406627, -23.770322399999941 ], [ -45.405557599999952, -23.769738 ], [ -45.404339, -23.769113 ], [ -45.404230499999983, -23.769071199999928 ], [ -45.40415859999996, -23.769041899999934 ], [ -45.402561299999945, -23.768103699999983 ], [ -45.40279449999997, -23.768305899999973 ], [ -45.402918, -23.768410699999947 ], [ -45.40298869999998, -23.768588199999954 ], [ -45.403015399999958, -23.768781799999942 ], [ -45.402936199999942, -23.769024099999967 ], [ -45.402854599999955, -23.769165799999939 ], [ -45.40281959999993, -23.769375699999955 ], [ -45.402890299999967, -23.769528899999955 ], [ -45.403005, -23.76965789999997 ], [ -45.403128399999957, -23.769722299999955 ], [ -45.403234299999951, -23.769811 ], [ -45.403261, -23.770020799999941 ], [ -45.403261199999974, -23.770262899999977 ], [ -45.403182099999981, -23.770472699999971 ], [ -45.40308529999993, -23.770738899999969 ], [ -45.403027699999939, -23.770887 ], [ -45.402922099999955, -23.771048399999927 ], [ -45.402763599999957, -23.771242199999961 ], [ -45.402596199999948, -23.771427899999935 ], [ -45.402419799999961, -23.771637699999928 ], [ -45.402296599999943, -23.771766899999932 ], [ -45.402164599999935, -23.771904199999938 ], [ -45.402041399999973, -23.772033399999941 ], [ -45.401884799999948, -23.77221069999996 ], [ -45.401718099999982, -23.772371799999974 ], [ -45.401554899999951, -23.77252169999997 ], [ -45.401382199999944, -23.772677399999964 ], [ -45.401260099999945, -23.772792099999947 ], [ -45.401077799999939, -23.772959199999946 ], [ -45.400905, -23.773106199999972 ], [ -45.400766699999963, -23.773230099999978 ], [ -45.400631499999974, -23.773345499999948 ], [ -45.40043959999997, -23.773489699999971 ], [ -45.400323299999968, -23.77358769999995 ], [ -45.40022259999995, -23.77368 ], [ -45.400216799999953, -23.77375619999998 ], [ -45.400336599999946, -23.773926 ], [ -45.400541199999964, -23.774049599999955 ], [ -45.400717499999985, -23.774153099999978 ] ] ] } },
{ "type": "Feature", "properties": { "id": "3550704008", "cd_bairro": "3550704008", "bairro": "Pontal da Cruz", "cd_mun": "3550704", "municipio": "São Sebastião", "cd_dist": "355070405", "distrito": "São Sebastião" }, "geometry": { "type": "Polygon", "coordinates": [ [ [ -45.397745199999974, -23.782504099999983 ], [ -45.398250099999984, -23.782415699999945 ], [ -45.398945699999956, -23.782636099999934 ], [ -45.399155699999937, -23.782818599999928 ], [ -45.399345099999948, -23.782989099999952 ], [ -45.399637899999959, -23.78315269999996 ], [ -45.399854799999957, -23.783349 ], [ -45.400025299999982, -23.783417799999938 ], [ -45.400117399999942, -23.783425499999964 ], [ -45.40019129999996, -23.783543299999963 ], [ -45.400221, -23.783613 ], [ -45.400253599999985, -23.783648099999937 ], [ -45.400286, -23.783683 ], [ -45.400422499999934, -23.783752 ], [ -45.40072, -23.783546699999931 ], [ -45.400823, -23.783456399999977 ], [ -45.401067199999943, -23.783443699999964 ], [ -45.402684, -23.784812699999975 ], [ -45.406909599999949, -23.786115499999937 ], [ -45.406903499999942, -23.785893699999974 ], [ -45.406684499999983, -23.785385399999939 ], [ -45.406692299999975, -23.785280499999942 ], [ -45.406802399999947, -23.785158499999966 ], [ -45.406942599999979, -23.785118299999965 ], [ -45.407269799999938, -23.785096799999963 ], [ -45.407611899999949, -23.785155599999939 ], [ -45.408387599999969, -23.785345899999982 ], [ -45.408669, -23.785389499999951 ], [ -45.409544299999936, -23.785807299999931 ], [ -45.40993009999994, -23.786035899999945 ], [ -45.410644599999955, -23.786378899999931 ], [ -45.411298199999976, -23.786636099999953 ], [ -45.411482799999931, -23.786648799999966 ], [ -45.411556299999972, -23.786636299999941 ], [ -45.411609299999952, -23.786595699999964 ], [ -45.411629099999971, -23.786297399999967 ], [ -45.411567, -23.785656899999935 ], [ -45.411551399999951, -23.785556 ], [ -45.411516899999981, -23.785472099999936 ], [ -45.411117399999966, -23.784982899999932 ], [ -45.4107, -23.78463469999997 ], [ -45.410393399999975, -23.784247499999935 ], [ -45.410346599999968, -23.784125499999959 ], [ -45.410286199999973, -23.783952899999974 ], [ -45.410112899999945, -23.783563399999935 ], [ -45.40993519999995, -23.783272 ], [ -45.409818, -23.783176 ], [ -45.409472599999958, -23.782961399999976 ], [ -45.409364099999948, -23.782866799999965 ], [ -45.409285799999964, -23.782742199999973 ], [ -45.409222599999964, -23.782578199999932 ], [ -45.409204599999953, -23.782442599999968 ], [ -45.409168699999952, -23.782366599999932 ], [ -45.409098899999947, -23.782314399999962 ], [ -45.408751199999983, -23.782228599999939 ], [ -45.408674699999949, -23.782148099999972 ], [ -45.408609899999931, -23.781932799999936 ], [ -45.408560099999931, -23.781852099999981 ], [ -45.408480299999951, -23.781792099999961 ], [ -45.408367299999952, -23.781752199999971 ], [ -45.40823649999993, -23.781732899999952 ], [ -45.407956699999943, -23.781727899999964 ], [ -45.407830399999966, -23.781701299999952 ], [ -45.407734, -23.781632599999966 ], [ -45.407437199999947, -23.781323199999974 ], [ -45.406979199999967, -23.781006899999966 ], [ -45.406851699999947, -23.780817 ], [ -45.406848099999934, -23.780715 ], [ -45.406927499999938, -23.780630199999962 ], [ -45.407015, -23.780591199999947 ], [ -45.407144799999969, -23.780551699999933 ], [ -45.407983499999943, -23.780610899999942 ], [ -45.408189799999946, -23.780615699999942 ], [ -45.408929399999977, -23.780498899999941 ], [ -45.409085199999936, -23.780508699999928 ], [ -45.40919539999993, -23.780543 ], [ -45.409333299999957, -23.780612899999937 ], [ -45.409952899999951, -23.780957599999965 ], [ -45.410181099999932, -23.780942399999958 ], [ -45.410276799999963, -23.780896699999971 ], [ -45.410441899999967, -23.780748499999959 ], [ -45.410641099999964, -23.780609399999946 ], [ -45.410751799999957, -23.78056689999994 ], [ -45.41097259999998, -23.780554199999983 ], [ -45.411283, -23.780717899999956 ], [ -45.411668499999962, -23.781025899999975 ], [ -45.411729499999979, -23.781045499999948 ], [ -45.411797699999966, -23.781042299999967 ], [ -45.411899399999982, -23.781003 ], [ -45.411932, -23.780956 ], [ -45.412007399999936, -23.780474399999946 ], [ -45.411758299999974, -23.780145 ], [ -45.411323099999947, -23.779967 ], [ -45.410933299999954, -23.779703199999972 ], [ -45.410649699999965, -23.779446 ], [ -45.410110599999939, -23.77882859999994 ], [ -45.40992, -23.778575699999976 ], [ -45.409569699999963, -23.778190399999971 ], [ -45.409336899999971, -23.777908699999955 ], [ -45.409120399999949, -23.777753299999972 ], [ -45.408324499999935, -23.77735569999993 ], [ -45.407929699999954, -23.777038199999936 ], [ -45.407089299999939, -23.77676189999994 ], [ -45.406920399999933, -23.776656099999968 ], [ -45.406824699999959, -23.776849899999945 ], [ -45.40503, -23.776527299999941 ], [ -45.405107799999939, -23.775824399999976 ], [ -45.403765399999941, -23.77547009999995 ], [ -45.402649099999962, -23.775419599999964 ], [ -45.402234299999975, -23.775477299999977 ], [ -45.401947699999937, -23.775464499999941 ], [ -45.402016299999957, -23.775155099999949 ], [ -45.40202789999995, -23.77450319999997 ], [ -45.402026199999966, -23.774349899999947 ], [ -45.401225299999965, -23.774218899999937 ], [ -45.400717499999985, -23.774153099999978 ], [ -45.400827799999945, -23.774343099999953 ], [ -45.400821099999973, -23.774396 ], [ -45.400813, -23.774470199999939 ], [ -45.400807699999973, -23.774515899999983 ], [ -45.400860499999965, -23.77464649999996 ], [ -45.400878399999954, -23.774821 ], [ -45.400896399999965, -23.774994899999967 ], [ -45.400945399999955, -23.775173299999949 ], [ -45.400985399999968, -23.77538009999995 ], [ -45.401029899999969, -23.775566699999956 ], [ -45.400994599999933, -23.775737 ], [ -45.400990299999933, -23.775903299999982 ], [ -45.400970799999982, -23.776046899999983 ], [ -45.400985799999944, -23.776179099999979 ], [ -45.400925199999961, -23.776346 ], [ -45.400834199999963, -23.776492 ], [ -45.400773399999935, -23.776617199999976 ], [ -45.40066719999993, -23.776763199999948 ], [ -45.400568499999963, -23.77686749999998 ], [ -45.400469799999939, -23.776999599999954 ], [ -45.400393899999983, -23.77709 ], [ -45.400318, -23.777194299999962 ], [ -45.400257299999964, -23.777291599999955 ], [ -45.400158699999963, -23.777382099999954 ], [ -45.400060099999962, -23.777479399999947 ], [ -45.399969, -23.777611599999943 ], [ -45.399870399999941, -23.777708899999936 ], [ -45.39976409999997, -23.777813299999934 ], [ -45.399658, -23.777952399999947 ], [ -45.399559299999964, -23.778042899999946 ], [ -45.399460699999963, -23.778147299999944 ], [ -45.399346899999955, -23.778265699999963 ], [ -45.399271, -23.778356099999939 ], [ -45.399164699999972, -23.778453499999955 ], [ -45.399056, -23.778556099999946 ], [ -45.398965, -23.778688199999976 ], [ -45.398820799999953, -23.778834299999971 ], [ -45.398729799999956, -23.778917799999931 ], [ -45.398638699999935, -23.779015199999947 ], [ -45.39854, -23.779119499999979 ], [ -45.398418599999957, -23.779223899999977 ], [ -45.398305899999968, -23.779340199999979 ], [ -45.39819069999993, -23.779439399999944 ], [ -45.398085599999945, -23.779549199999963 ], [ -45.397957199999951, -23.779681299999936 ], [ -45.397828899999979, -23.77978939999997 ], [ -45.39769, -23.779902499999935 ], [ -45.397590399999956, -23.779984199999944 ], [ -45.397446199999933, -23.780104399999971 ], [ -45.397308499999951, -23.78020859999998 ], [ -45.397172099999977, -23.780321599999979 ], [ -45.397077699999954, -23.780432099999928 ], [ -45.396930899999973, -23.780523399999936 ], [ -45.396868, -23.780571499999951 ], [ -45.396936199999971, -23.780653099999938 ], [ -45.397038499999951, -23.780746599999929 ], [ -45.39718019999998, -23.780940799999939 ], [ -45.397159399999964, -23.78112079999994 ], [ -45.397172599999976, -23.781252799999947 ], [ -45.39718849999997, -23.781421199999954 ], [ -45.397248899999965, -23.781572299999937 ], [ -45.397288299999957, -23.781701799999951 ], [ -45.397346099999936, -23.781905599999959 ], [ -45.397406599999954, -23.782076 ], [ -45.397467199999937, -23.782260899999983 ], [ -45.397496899999965, -23.782508 ], [ -45.397557499999948, -23.782673699999975 ], [ -45.397745599999951, -23.782911799999965 ], [ -45.397928799999931, -23.783135299999969 ], [ -45.398096499999951, -23.783239899999955 ], [ -45.398233699999935, -23.783337499999959 ], [ -45.398378799999932, -23.783456099999967 ], [ -45.398486, -23.783602799999983 ], [ -45.398631099999932, -23.783728499999938 ], [ -45.398784, -23.783903099999975 ], [ -45.398946199999955, -23.783899099999928 ], [ -45.398929, -23.783865 ], [ -45.398742699999957, -23.783631699999944 ], [ -45.398541799999975, -23.783438799999942 ], [ -45.398379199999965, -23.783283299999937 ], [ -45.398118899999986, -23.783026899999982 ], [ -45.397888799999976, -23.782743399999958 ], [ -45.397745199999974, -23.782504099999983 ] ] ] } },
{ "type": "Feature", "properties": { "id": "3550704009", "cd_bairro": "3550704009", "bairro": "Praia Deserta", "cd_mun": "3550704", "municipio": "São Sebastião", "cd_dist": "355070405", "distrito": "São Sebastião" }, "geometry": { "type": "Polygon", "coordinates": [ [ [ -45.400809299999935, -23.788364599999966 ], [ -45.401478399999974, -23.788185699999929 ], [ -45.40334439999998, -23.787897199999975 ], [ -45.403471, -23.787868899999978 ], [ -45.404277, -23.788066199999946 ], [ -45.404365, -23.787995 ], [ -45.404497899999967, -23.787935 ], [ -45.404635399999961, -23.787938299999951 ], [ -45.404791, -23.787978799999962 ], [ -45.404920599999969, -23.788053399999967 ], [ -45.405323899999985, -23.788364699999931 ], [ -45.405450799999983, -23.788405799999964 ], [ -45.405601299999944, -23.788417 ], [ -45.40569469999997, -23.78846249999998 ], [ -45.405766, -23.788516099999981 ], [ -45.406022599999972, -23.788807499999962 ], [ -45.406114099999968, -23.788876099999982 ], [ -45.406213299999933, -23.78891219999997 ], [ -45.407132299999944, -23.788923199999942 ], [ -45.407230199999958, -23.788899299999969 ], [ -45.407292899999959, -23.788863899999967 ], [ -45.407324299999971, -23.788814199999933 ], [ -45.407313699999975, -23.78869839999993 ], [ -45.40717479999995, -23.788494799999967 ], [ -45.406844599999943, -23.788208299999951 ], [ -45.406646799999976, -23.788103299999932 ], [ -45.406169699999964, -23.787808799999937 ], [ -45.406023599999969, -23.787652099999946 ], [ -45.405937199999983, -23.787479799999971 ], [ -45.405873, -23.787141299999973 ], [ -45.405865699999936, -23.786999299999934 ], [ -45.405890599999964, -23.786685499999976 ], [ -45.405971299999976, -23.786547399999961 ], [ -45.406047699999931, -23.786471199999937 ], [ -45.406294299999956, -23.786319399999968 ], [ -45.406533199999956, -23.786318599999959 ], [ -45.406693099999984, -23.786346899999955 ], [ -45.406753399999957, -23.786329 ], [ -45.406839899999966, -23.786253199999976 ], [ -45.406885799999941, -23.786188899999956 ], [ -45.406909599999949, -23.786115499999937 ], [ -45.402684, -23.784812699999975 ], [ -45.401067199999943, -23.783443699999964 ], [ -45.400823, -23.783456399999977 ], [ -45.40072, -23.783546699999931 ], [ -45.400422499999934, -23.783752 ], [ -45.400286, -23.783683 ], [ -45.400253599999985, -23.783648099999937 ], [ -45.400221, -23.783613 ], [ -45.40019129999996, -23.783543299999963 ], [ -45.400117399999942, -23.783425499999964 ], [ -45.400025299999982, -23.783417799999938 ], [ -45.399854799999957, -23.783349 ], [ -45.399637899999959, -23.78315269999996 ], [ -45.399345099999948, -23.782989099999952 ], [ -45.399155699999937, -23.782818599999928 ], [ -45.398945699999956, -23.782636099999934 ], [ -45.398250099999984, -23.782415699999945 ], [ -45.397745199999974, -23.782504099999983 ], [ -45.397888799999976, -23.782743399999958 ], [ -45.398118899999986, -23.783026899999982 ], [ -45.398379199999965, -23.783283299999937 ], [ -45.398541799999975, -23.783438799999942 ], [ -45.398742699999957, -23.783631699999944 ], [ -45.398929, -23.783865 ], [ -45.398946199999955, -23.783899099999928 ], [ -45.398784, -23.783903099999975 ], [ -45.398853199999962, -23.784077899999943 ], [ -45.398922099999936, -23.784231599999941 ], [ -45.398922599999935, -23.784434399999952 ], [ -45.398877299999981, -23.784602599999971 ], [ -45.398802099999955, -23.784826499999951 ], [ -45.398749599999974, -23.785092299999974 ], [ -45.398719599999936, -23.785316199999954 ], [ -45.398635799999965, -23.785505099999966 ], [ -45.398544499999957, -23.785785 ], [ -45.39846069999993, -23.785966899999949 ], [ -45.398415, -23.786135 ], [ -45.398331299999938, -23.786365799999942 ], [ -45.398232299999961, -23.786596699999961 ], [ -45.398094799999967, -23.786827599999981 ], [ -45.39798, -23.787016599999959 ], [ -45.39785779999994, -23.787163599999928 ], [ -45.397751, -23.787282499999947 ], [ -45.397613699999965, -23.787429499999973 ], [ -45.39749889999996, -23.787576499999943 ], [ -45.397384, -23.787751299999968 ], [ -45.397319299999936, -23.787841899999933 ], [ -45.397269199999982, -23.787912199999937 ], [ -45.397383399999967, -23.787958299999957 ], [ -45.397948799999938, -23.788145399999962 ], [ -45.397892, -23.788295 ], [ -45.397852, -23.788495 ], [ -45.397865, -23.788626 ], [ -45.397915, -23.788782 ], [ -45.398009399999978, -23.788971 ], [ -45.398134899999945, -23.78917569999993 ], [ -45.398393599999963, -23.789017699999931 ], [ -45.398579, -23.788951399999974 ], [ -45.398752899999977, -23.78932089999995 ], [ -45.398810699999956, -23.789369699999952 ], [ -45.399255599999947, -23.789191899999935 ], [ -45.39952969999996, -23.789184499999976 ], [ -45.399651199999937, -23.78912669999994 ], [ -45.399603799999966, -23.78888969999997 ], [ -45.399644899999942, -23.788844799999936 ], [ -45.400194799999952, -23.788789799999961 ], [ -45.40053359999996, -23.788664199999971 ], [ -45.400616199999945, -23.788477 ], [ -45.400796299999968, -23.788473199999942 ], [ -45.400809299999935, -23.788364599999966 ] ] ] } },
{ "type": "Feature", "properties": { "id": "3550704010", "cd_bairro": "3550704010", "bairro": "Porto Grande", "cd_mun": "3550704", "municipio": "São Sebastião", "cd_dist": "355070405", "distrito": "São Sebastião" }, "geometry": { "type": "Polygon", "coordinates": [ [ [ -45.404923099999962, -23.789232499999969 ], [ -45.404586799999947, -23.789018799999951 ], [ -45.404328499999963, -23.788763399999937 ], [ -45.404264299999966, -23.788660599999957 ], [ -45.404212199999961, -23.788561299999969 ], [ -45.404188199999965, -23.788346399999966 ], [ -45.404217899999935, -23.788178099999982 ], [ -45.404277, -23.788066199999946 ], [ -45.403471, -23.787868899999978 ], [ -45.40334439999998, -23.787897199999975 ], [ -45.401478399999974, -23.788185699999929 ], [ -45.400809299999935, -23.788364599999966 ], [ -45.400796299999968, -23.788473199999942 ], [ -45.400616199999945, -23.788477 ], [ -45.40053359999996, -23.788664199999971 ], [ -45.400194799999952, -23.788789799999961 ], [ -45.399644899999942, -23.788844799999936 ], [ -45.399603799999966, -23.78888969999997 ], [ -45.399651199999937, -23.78912669999994 ], [ -45.39952969999996, -23.789184499999976 ], [ -45.399255599999947, -23.789191899999935 ], [ -45.398810699999956, -23.789369699999952 ], [ -45.398752899999977, -23.78932089999995 ], [ -45.398579, -23.788951399999974 ], [ -45.398393599999963, -23.789017699999931 ], [ -45.398134899999945, -23.78917569999993 ], [ -45.398009399999978, -23.788971 ], [ -45.397915, -23.788782 ], [ -45.397865, -23.788626 ], [ -45.397852, -23.788495 ], [ -45.397892, -23.788295 ], [ -45.397948799999938, -23.788145399999962 ], [ -45.397383399999967, -23.787958299999957 ], [ -45.397269199999982, -23.787912199999937 ], [ -45.397299799999985, -23.788156799999967 ], [ -45.397452099999953, -23.788303299999939 ], [ -45.397528199999954, -23.78844289999995 ], [ -45.39765, -23.788729 ], [ -45.397680899999955, -23.788987499999962 ], [ -45.397734799999967, -23.789190299999973 ], [ -45.397781099999975, -23.789379499999939 ], [ -45.397835199999975, -23.789652099999955 ], [ -45.397881699999971, -23.789924699999972 ], [ -45.397913299999971, -23.790232499999945 ], [ -45.398042799999985, -23.790588699999944 ], [ -45.398126699999978, -23.790931099999966 ], [ -45.398241799999937, -23.791335699999934 ], [ -45.398272899999938, -23.791601299999968 ], [ -45.398296899999934, -23.791958 ], [ -45.39829, -23.792230899999936 ], [ -45.398290399999951, -23.792433699999947 ], [ -45.398413099999971, -23.792706399999929 ], [ -45.39849339999995, -23.792827799999941 ], [ -45.398569799999962, -23.792943 ], [ -45.398603199999968, -23.793031099999951 ], [ -45.3987, -23.793285599999933 ], [ -45.39892169999996, -23.793474299999957 ], [ -45.399051899999961, -23.793698 ], [ -45.399151399999937, -23.793886699999973 ], [ -45.399266399999931, -23.794159399999955 ], [ -45.39933549999995, -23.794446099999959 ], [ -45.399366399999963, -23.794718899999964 ], [ -45.399450599999966, -23.794949599999939 ], [ -45.399476899999968, -23.795181199999945 ], [ -45.399477099999956, -23.79544 ], [ -45.399446799999964, -23.795740799999976 ], [ -45.399439299999983, -23.795929599999965 ], [ -45.399538699999937, -23.796083299999964 ], [ -45.399523599999952, -23.796237099999928 ], [ -45.399508499999968, -23.796495799999946 ], [ -45.399508599999933, -23.796684499999969 ], [ -45.399485799999979, -23.796915099999978 ], [ -45.39944, -23.797068899999942 ], [ -45.399386599999957, -23.79723139999993 ], [ -45.399363799999946, -23.797364199999947 ], [ -45.399318099999959, -23.797546 ], [ -45.399264599999981, -23.797678799999971 ], [ -45.399218899999937, -23.797811699999954 ], [ -45.399180899999976, -23.797951599999976 ], [ -45.399096899999961, -23.798091399999976 ], [ -45.399028199999975, -23.798203199999932 ], [ -45.398967199999959, -23.798364 ], [ -45.398890799999947, -23.798503699999969 ], [ -45.399434, -23.798481 ], [ -45.401185599999963, -23.797822899999971 ], [ -45.401360299999965, -23.797798 ], [ -45.401434399999971, -23.797732799999949 ], [ -45.40128, -23.797416899999973 ], [ -45.40043559999998, -23.795028099999968 ], [ -45.400868, -23.794875 ], [ -45.40215059999997, -23.794335099999955 ], [ -45.403563399999939, -23.793749 ], [ -45.405477, -23.793007699999976 ], [ -45.406194, -23.79273 ], [ -45.408937299999934, -23.791765599999962 ], [ -45.408945299999971, -23.791762799999958 ], [ -45.408686599999953, -23.791540399999974 ], [ -45.40834689999997, -23.791353 ], [ -45.408245199999953, -23.791255199999966 ], [ -45.408130599999936, -23.791101099999935 ], [ -45.407871599999964, -23.79065079999998 ], [ -45.407687499999952, -23.790437299999951 ], [ -45.407306399999982, -23.790136599999983 ], [ -45.406723299999953, -23.789835799999935 ], [ -45.406506499999978, -23.789626299999952 ], [ -45.406398399999944, -23.789571 ], [ -45.405799299999956, -23.789512 ], [ -45.405248599999936, -23.789387599999941 ], [ -45.404923099999962, -23.789232499999969 ] ] ] } },
{ "type": "Feature", "properties": { "id": "3550704011", "cd_bairro": "3550704011", "bairro": "Centro", "cd_mun": "3550704", "municipio": "São Sebastião", "cd_dist": "355070405", "distrito": "São Sebastião" }, "geometry": { "type": "Polygon", "coordinates": [ [ [ -45.401670299999978, -23.806374799999958 ], [ -45.402088399999968, -23.805954099999951 ], [ -45.402388299999984, -23.805661899999961 ], [ -45.40294149999994, -23.805084799999975 ], [ -45.403364799999963, -23.80466279999996 ], [ -45.403608, -23.804372 ], [ -45.403638399999977, -23.804171499999939 ], [ -45.403607699999952, -23.804093099999932 ], [ -45.403543099999979, -23.803905 ], [ -45.403519, -23.803835 ], [ -45.403344, -23.80333 ], [ -45.40334, -23.80331949999993 ], [ -45.403331, -23.803296 ], [ -45.402918, -23.802106 ], [ -45.402554699999939, -23.801112199999977 ], [ -45.402300099999934, -23.800388 ], [ -45.402227899999957, -23.800182199999938 ], [ -45.402155299999947, -23.799977199999944 ], [ -45.402147799999966, -23.799774099999979 ], [ -45.401956699999971, -23.79924909999994 ], [ -45.401818299999945, -23.798800899999947 ], [ -45.401581, -23.798126499999967 ], [ -45.401469, -23.797803499999929 ], [ -45.401434399999971, -23.797732799999949 ], [ -45.401360299999965, -23.797798 ], [ -45.401185599999963, -23.797822899999971 ], [ -45.399434, -23.798481 ], [ -45.398890799999947, -23.798503699999969 ], [ -45.398822199999984, -23.798636399999964 ], [ -45.398768799999971, -23.798776199999963 ], [ -45.398700099999985, -23.798874 ], [ -45.398570399999983, -23.79897219999998 ], [ -45.398443799999939, -23.799019299999941 ], [ -45.398224199999959, -23.799103399999979 ], [ -45.397998399999949, -23.799170899999979 ], [ -45.397845699999948, -23.799193599999967 ], [ -45.397662399999945, -23.79928069999994 ], [ -45.397693199999935, -23.799476699999957 ], [ -45.397681099999943, -23.799602799999946 ], [ -45.397846399999935, -23.799627799999939 ], [ -45.397928899999954, -23.799515699999972 ], [ -45.398096799999962, -23.79946769999998 ], [ -45.398106, -23.79946769999998 ], [ -45.398290699999961, -23.799545699999953 ], [ -45.398445899999956, -23.799679499999968 ], [ -45.398497899999938, -23.799884399999939 ], [ -45.398455099999978, -23.80016 ], [ -45.398417, -23.80029849999994 ], [ -45.398382199999958, -23.800451099999975 ], [ -45.398343199999942, -23.800607499999956 ], [ -45.398302099999967, -23.800765399999932 ], [ -45.39825129999997, -23.800936099999944 ], [ -45.398200399999951, -23.801114599999948 ], [ -45.398149699999976, -23.801269699999978 ], [ -45.398124399999972, -23.801424899999972 ], [ -45.398065199999962, -23.801611099999946 ], [ -45.398023, -23.801774 ], [ -45.397995099999946, -23.801795399999946 ], [ -45.397879299999943, -23.801890499999956 ], [ -45.397786199999985, -23.801975899999945 ], [ -45.397860099999946, -23.802115199999946 ], [ -45.397928, -23.802226 ], [ -45.397972299999935, -23.802271799999971 ], [ -45.397969399999965, -23.802423099999942 ], [ -45.397956399999941, -23.802635599999974 ], [ -45.39794859999995, -23.802820899999972 ], [ -45.397956799999974, -23.802955 ], [ -45.397948699999972, -23.803067 ], [ -45.39788029999994, -23.803194299999973 ], [ -45.397797799999978, -23.803316099999961 ], [ -45.397710099999983, -23.803403799999955 ], [ -45.39761429999993, -23.803462399999944 ], [ -45.397539699999982, -23.803501499999982 ], [ -45.397395899999935, -23.803552899999943 ], [ -45.39724659999996, -23.80361419999997 ], [ -45.397105299999964, -23.803648499999952 ], [ -45.397011499999962, -23.803704699999969 ], [ -45.396929, -23.803843699999959 ], [ -45.39693589999996, -23.804006699999945 ], [ -45.396908499999938, -23.804183399999943 ], [ -45.396877599999982, -23.804338 ], [ -45.396860499999946, -23.80446429999995 ], [ -45.396836499999949, -23.80461269999995 ], [ -45.396822799999939, -23.804742099999942 ], [ -45.396802199999968, -23.804876599999943 ], [ -45.396788799999968, -23.805010899999957 ], [ -45.396759199999963, -23.80515639999993 ], [ -45.39674, -23.805240699999956 ], [ -45.396725199999935, -23.805360299999961 ], [ -45.396710199999973, -23.805449099999976 ], [ -45.396687399999962, -23.805548099999953 ], [ -45.39666, -23.805645299999981 ], [ -45.396641299999942, -23.805750099999955 ], [ -45.396620599999949, -23.805858699999931 ], [ -45.396589499999948, -23.805988199999945 ], [ -45.396575, -23.806104499999947 ], [ -45.396556399999952, -23.806226399999957 ], [ -45.396548099999961, -23.806329199999936 ], [ -45.396528899999964, -23.806460499999957 ], [ -45.396503499999938, -23.806569299999978 ], [ -45.396478099999968, -23.806639399999938 ], [ -45.396473899999933, -23.806693799999948 ], [ -45.396474, -23.806868799999961 ], [ -45.396418899999958, -23.806981599999972 ], [ -45.396397699999966, -23.807106099999942 ], [ -45.396389299999953, -23.807191599999953 ], [ -45.396402099999932, -23.807292699999948 ], [ -45.396393699999976, -23.807413299999951 ], [ -45.396366199999932, -23.807533599999942 ], [ -45.396565899999985, -23.807525599999963 ], [ -45.396839399999976, -23.807503499999939 ], [ -45.397095499999978, -23.807497399999932 ], [ -45.397358, -23.80746739999995 ], [ -45.397743899999966, -23.807451199999946 ], [ -45.397920699999986, -23.807453 ], [ -45.398135699999955, -23.80752039999993 ], [ -45.398348399999975, -23.807530199999974 ], [ -45.398485099999959, -23.807514199999957 ], [ -45.398580599999946, -23.807514099999935 ], [ -45.398641399999974, -23.80757559999995 ], [ -45.398676199999954, -23.807684799999947 ], [ -45.398689399999967, -23.80779 ], [ -45.398687299999949, -23.807851599999935 ], [ -45.398643899999968, -23.807897299999979 ], [ -45.39860479999993, -23.807909199999983 ], [ -45.39849849999996, -23.807913299999939 ], [ -45.398392099999967, -23.807929199999933 ], [ -45.398268499999972, -23.807951199999934 ], [ -45.398153399999956, -23.807959199999971 ], [ -45.398040599999945, -23.80796719999995 ], [ -45.397914699999944, -23.807989199999952 ], [ -45.397810499999935, -23.807989299999974 ], [ -45.397658599999943, -23.808007199999963 ], [ -45.397508499999958, -23.808024799999941 ], [ -45.397335799999951, -23.808046499999932 ], [ -45.397131699999932, -23.808053799999982 ], [ -45.39699029999997, -23.808061099999975 ], [ -45.396849, -23.808068399999968 ], [ -45.396692, -23.808082899999931 ], [ -45.396574199999975, -23.808097299999929 ], [ -45.396472099999983, -23.808104599999979 ], [ -45.396362199999942, -23.808119 ], [ -45.396275799999955, -23.808126299999969 ], [ -45.396244599999932, -23.808212399999945 ], [ -45.39622449999996, -23.808384299999943 ], [ -45.396200599999986, -23.808526099999938 ], [ -45.396190799999943, -23.808635099999947 ], [ -45.396166099999959, -23.808753199999956 ], [ -45.396148899999957, -23.808859799999937 ], [ -45.396139199999936, -23.80894829999994 ], [ -45.39613449999996, -23.809113799999977 ], [ -45.396208899999976, -23.809106899999961 ], [ -45.396429399999931, -23.809075199999938 ], [ -45.396563399999934, -23.80905249999995 ], [ -45.39668, -23.809038899999962 ], [ -45.396838799999955, -23.809025199999951 ], [ -45.396967899999936, -23.809097799999961 ], [ -45.397092099999952, -23.80916579999996 ], [ -45.397102, -23.809161299999971 ], [ -45.397188899999946, -23.809195299999942 ], [ -45.397372, -23.809276099999977 ], [ -45.397551499999963, -23.809033499999941 ], [ -45.397681499999976, -23.808935599999927 ], [ -45.398127199999976, -23.80881949999997 ], [ -45.398343899999929, -23.808761599999968 ], [ -45.39842989999994, -23.80873859999997 ], [ -45.398991, -23.808619 ], [ -45.399020199999939, -23.808614699999964 ], [ -45.399056899999948, -23.808609399999966 ], [ -45.399102, -23.808603 ], [ -45.399172499999963, -23.808570299999928 ], [ -45.399203899999975, -23.808557199999939 ], [ -45.399286199999949, -23.808482399999946 ], [ -45.399382599999967, -23.808523299999933 ], [ -45.40057969999998, -23.807448499999964 ], [ -45.400895299999945, -23.807174599999939 ], [ -45.401670299999978, -23.806374799999958 ] ] ] } },
{ "type": "Feature", "properties": { "id": "3550704012", "cd_bairro": "3550704012", "bairro": "Topolândia", "cd_mun": "3550704", "municipio": "São Sebastião", "cd_dist": "355070405", "distrito": "São Sebastião" }, "geometry": { "type": "MultiPolygon", "coordinates": [ [ [ [ -45.406085599999983, -23.813801199999943 ], [ -45.406083099999933, -23.813801199999943 ], [ -45.406047399999977, -23.813819099999932 ], [ -45.406019399999934, -23.813819099999932 ], [ -45.405999, -23.813816499999973 ], [ -45.405942899999957, -23.813801199999943 ], [ -45.405861399999935, -23.81380889999997 ], [ -45.405838499999959, -23.813814 ], [ -45.405774799999961, -23.813831799999946 ], [ -45.405751899999984, -23.813842 ], [ -45.405744199999958, -23.813857299999938 ], [ -45.405718699999966, -23.813895499999944 ], [ -45.405711099999962, -23.813918399999977 ], [ -45.405711099999962, -23.81393879999996 ], [ -45.405731499999945, -23.813969399999962 ], [ -45.405739099999948, -23.813982099999976 ], [ -45.405764599999941, -23.814005099999974 ], [ -45.405767099999935, -23.814035599999954 ], [ -45.405759499999931, -23.814076399999976 ], [ -45.405767099999935, -23.814094199999943 ], [ -45.405767099999935, -23.814122299999951 ], [ -45.405757, -23.814142599999968 ], [ -45.405718699999966, -23.81417579999993 ], [ -45.405757, -23.814183399999933 ], [ -45.405762, -23.814196099999947 ], [ -45.405767099999935, -23.814221599999939 ], [ -45.405774799999961, -23.814247099999932 ], [ -45.405800299999953, -23.814247099999932 ], [ -45.405851199999972, -23.814239399999963 ], [ -45.405871599999955, -23.814214 ], [ -45.405894499999931, -23.814196099999947 ], [ -45.405894499999931, -23.81417829999998 ], [ -45.405894499999931, -23.814160499999957 ], [ -45.40592259999994, -23.814142599999968 ], [ -45.405953099999977, -23.814150299999937 ], [ -45.405983699999979, -23.814135 ], [ -45.405986199999973, -23.814114599999982 ], [ -45.405953099999977, -23.814096799999959 ], [ -45.405955699999936, -23.814084 ], [ -45.405978599999969, -23.814058599999953 ], [ -45.406027, -23.814061099999947 ], [ -45.406090699999936, -23.814063699999963 ], [ -45.406090699999936, -23.814010199999927 ], [ -45.40607289999997, -23.81392859999994 ], [ -45.406126399999948, -23.813854699999979 ], [ -45.406172199999958, -23.813859799999932 ], [ -45.40620789999997, -23.813862399999948 ], [ -45.406246099999976, -23.813854699999979 ], [ -45.406276699999978, -23.813836899999956 ], [ -45.406289399999935, -23.813796199999956 ], [ -45.406304699999964, -23.813727399999948 ], [ -45.406304699999964, -23.813696799999946 ], [ -45.406286899999941, -23.81366369999995 ], [ -45.406215499999973, -23.813640699999951 ], [ -45.406144199999972, -23.813645799999961 ], [ -45.406118699999979, -23.813668799999959 ], [ -45.406121299999938, -23.813717199999928 ], [ -45.406149299999981, -23.813747699999965 ], [ -45.406128899999942, -23.813763 ], [ -45.406085599999983, -23.813801199999943 ] ] ], [ [ [ -45.412461399999984, -23.811636899999939 ], [ -45.412704699999949, -23.811861399999941 ], [ -45.412851, -23.811968899999954 ], [ -45.413042699999949, -23.812009599999953 ], [ -45.413374399999952, -23.81191309999997 ], [ -45.413726199999985, -23.811775099999977 ], [ -45.413846899999953, -23.811933599999975 ], [ -45.413969899999984, -23.812029799999948 ], [ -45.414923699999974, -23.811666199999934 ], [ -45.414787, -23.811390199999948 ], [ -45.416519, -23.810691 ], [ -45.418007699999976, -23.810084499999959 ], [ -45.418271, -23.809984399999962 ], [ -45.418987199999947, -23.809712099999956 ], [ -45.419322899999941, -23.809584499999971 ], [ -45.419598899999983, -23.809467799999936 ], [ -45.420199399999944, -23.809214099999963 ], [ -45.419740699999977, -23.807983299999933 ], [ -45.419633599999941, -23.807673299999976 ], [ -45.419267599999955, -23.807098099999962 ], [ -45.418751699999973, -23.807438299999944 ], [ -45.418190899999956, -23.807663899999966 ], [ -45.417553799999951, -23.807920199999955 ], [ -45.417087399999957, -23.808107799999959 ], [ -45.417074499999956, -23.808113 ], [ -45.416893099999982, -23.808038099999976 ], [ -45.416444599999977, -23.807853 ], [ -45.416355599999974, -23.807816299999956 ], [ -45.416000299999951, -23.807945899999936 ], [ -45.41579379999996, -23.807537199999956 ], [ -45.415699099999983, -23.807625399999949 ], [ -45.415377699999965, -23.807747199999937 ], [ -45.415129799999931, -23.807838899999979 ], [ -45.415297, -23.808219 ], [ -45.414504, -23.808528 ], [ -45.414093, -23.808691 ], [ -45.413997, -23.808502 ], [ -45.413938, -23.808351 ], [ -45.413778499999978, -23.807959599999947 ], [ -45.413550899999962, -23.807529 ], [ -45.412719899999956, -23.807866199999978 ], [ -45.412412899999936, -23.80799079999997 ], [ -45.411207099999956, -23.808458 ], [ -45.410569899999985, -23.808198899999979 ], [ -45.409904099999949, -23.807902 ], [ -45.409511899999984, -23.807727099999966 ], [ -45.409286899999984, -23.807792899999981 ], [ -45.407348499999955, -23.808559399999979 ], [ -45.406626399999936, -23.809107299999937 ], [ -45.406492399999934, -23.809575399999972 ], [ -45.406529699999965, -23.809592099999975 ], [ -45.406600699999956, -23.809700199999952 ], [ -45.406652299999962, -23.809782699999971 ], [ -45.40671679999997, -23.809890699999983 ], [ -45.406695199999945, -23.809982699999978 ], [ -45.406645799999978, -23.81012039999996 ], [ -45.406659, -23.810299199999974 ], [ -45.406743, -23.810383699999932 ], [ -45.406743399999982, -23.810486099999935 ], [ -45.406745799999953, -23.810570799999937 ], [ -45.406728899999962, -23.810657599999956 ], [ -45.406770199999983, -23.810797699999966 ], [ -45.406862799999942, -23.810890099999938 ], [ -45.407006799999976, -23.810878199999934 ], [ -45.407116499999972, -23.810868199999959 ], [ -45.40723909999997, -23.810840499999983 ], [ -45.407327299999963, -23.810887599999944 ], [ -45.407415599999979, -23.810966299999961 ], [ -45.407501699999955, -23.811086199999977 ], [ -45.407514699999979, -23.811138 ], [ -45.407517, -23.811254099999928 ], [ -45.407538599999953, -23.81134069999996 ], [ -45.407624799999951, -23.811458699999946 ], [ -45.407652799999937, -23.811525599999982 ], [ -45.407689399999981, -23.811580699999979 ], [ -45.407803399999978, -23.811612 ], [ -45.40787389999997, -23.811614099999929 ], [ -45.407880399999954, -23.811612099999934 ], [ -45.407985699999983, -23.811598099999969 ], [ -45.408071399999983, -23.811659899999938 ], [ -45.40814679999994, -23.811783799999944 ], [ -45.408209199999931, -23.811860399999944 ], [ -45.408303899999964, -23.811919299999943 ], [ -45.408394299999941, -23.811969199999965 ], [ -45.408387299999958, -23.81209 ], [ -45.408411299999955, -23.812278799999945 ], [ -45.408431, -23.812396899999953 ], [ -45.40843979999994, -23.812493299999971 ], [ -45.408455099999969, -23.812574 ], [ -45.408388599999967, -23.812597799999935 ], [ -45.408294, -23.812588099999971 ], [ -45.408182299999964, -23.812663099999952 ], [ -45.408077, -23.812730199999976 ], [ -45.407965199999978, -23.812797299999943 ], [ -45.407874899999968, -23.812852699999951 ], [ -45.407877099999951, -23.812931499999934 ], [ -45.407984899999974, -23.813012199999946 ], [ -45.408070899999984, -23.812952899999971 ], [ -45.408161199999938, -23.812897599999928 ], [ -45.408221399999945, -23.812852199999952 ], [ -45.408281599999953, -23.812885599999959 ], [ -45.408333299999981, -23.812930799999947 ], [ -45.408335499999964, -23.812930799999947 ], [ -45.408434299999954, -23.812887299999943 ], [ -45.408576699999969, -23.812896199999955 ], [ -45.408643699999971, -23.812975399999971 ], [ -45.408715699999959, -23.81308869999998 ], [ -45.408772799999952, -23.813267699999983 ], [ -45.408807699999954, -23.813421799999958 ], [ -45.408834499999955, -23.813604899999973 ], [ -45.409477699999968, -23.813598399999933 ], [ -45.409372699999949, -23.813165599999934 ], [ -45.409261899999933, -23.812932099999955 ], [ -45.409168699999952, -23.812785599999927 ], [ -45.410365899999931, -23.812220799999977 ], [ -45.411901399999977, -23.813760299999956 ], [ -45.412432799999976, -23.812038599999937 ], [ -45.41248429999996, -23.811806399999966 ], [ -45.412458399999934, -23.811678499999971 ], [ -45.412414, -23.81161 ], [ -45.412461399999984, -23.811636899999939 ] ] ] ] } },
{ "type": "Feature", "properties": { "id": "3550704013", "cd_bairro": "3550704013", "bairro": "Itatinga", "cd_mun": "3550704", "municipio": "São Sebastião", "cd_dist": "355070405", "distrito": "São Sebastião" }, "geometry": { "type": "Polygon", "coordinates": [ [ [ -45.417836699999953, -23.81754049999995 ], [ -45.421833, -23.816708899999981 ], [ -45.422319899999934, -23.816505899999981 ], [ -45.422862499999951, -23.816065599999945 ], [ -45.423256699999968, -23.815616599999942 ], [ -45.423650799999962, -23.815167499999973 ], [ -45.424118399999941, -23.814072599999974 ], [ -45.42384519999996, -23.81276 ], [ -45.422956599999964, -23.811455299999977 ], [ -45.42265139999995, -23.811263399999973 ], [ -45.422443199999975, -23.811165599999981 ], [ -45.422284499999932, -23.811053299999969 ], [ -45.421778399999937, -23.810503899999958 ], [ -45.421744, -23.810411699999975 ], [ -45.421610499999986, -23.810314699999935 ], [ -45.421167899999944, -23.81009679999994 ], [ -45.421080299999971, -23.810055399999953 ], [ -45.420396899999957, -23.809485199999983 ], [ -45.420199399999944, -23.809214099999963 ], [ -45.419598899999983, -23.809467799999936 ], [ -45.419322899999941, -23.809584499999971 ], [ -45.418987199999947, -23.809712099999956 ], [ -45.418271, -23.809984399999962 ], [ -45.418007699999976, -23.810084499999959 ], [ -45.416519, -23.810691 ], [ -45.414787, -23.811390199999948 ], [ -45.414923699999974, -23.811666199999934 ], [ -45.413969899999984, -23.812029799999948 ], [ -45.413846899999953, -23.811933599999975 ], [ -45.413726199999985, -23.811775099999977 ], [ -45.413374399999952, -23.81191309999997 ], [ -45.413042699999949, -23.812009599999953 ], [ -45.412851, -23.811968899999954 ], [ -45.412704699999949, -23.811861399999941 ], [ -45.412461399999984, -23.811636899999939 ], [ -45.412414, -23.81161 ], [ -45.412458399999934, -23.811678499999971 ], [ -45.41248429999996, -23.811806399999966 ], [ -45.412432799999976, -23.812038599999937 ], [ -45.411901399999977, -23.813760299999956 ], [ -45.412216, -23.814012599999955 ], [ -45.413245, -23.814837699999941 ], [ -45.41345739999997, -23.815047199999981 ], [ -45.413842199999976, -23.815572299999928 ], [ -45.414131299999951, -23.816065099999946 ], [ -45.414666699999941, -23.816592299999968 ], [ -45.415310799999986, -23.818066199999976 ], [ -45.417836699999953, -23.81754049999995 ] ] ] } },
{ "type": "Feature", "properties": { "id": "3550704014", "cd_bairro": "3550704014", "bairro": "Varadouro", "cd_mun": "3550704", "municipio": "São Sebastião", "cd_dist": "355070405", "distrito": "São Sebastião" }, "geometry": { "type": "MultiPolygon", "coordinates": [ [ [ [ -45.411790799999949, -23.822146799999928 ], [ -45.412869299999954, -23.821465199999977 ], [ -45.415006, -23.820263499999953 ], [ -45.415606799999978, -23.819625499999972 ], [ -45.41464979999995, -23.81972079999997 ], [ -45.414550099999985, -23.819700499999954 ], [ -45.414431099999945, -23.819648699999959 ], [ -45.414334399999973, -23.819572899999969 ], [ -45.414264599999967, -23.819480899999974 ], [ -45.414189799999974, -23.81926969999995 ], [ -45.414158899999961, -23.819121799999948 ], [ -45.414120099999934, -23.81849909999994 ], [ -45.414091499999984, -23.818431099999941 ], [ -45.414030599999933, -23.81836009999995 ], [ -45.413953299999946, -23.818303699999944 ], [ -45.413858599999969, -23.818262 ], [ -45.413757499999974, -23.818180899999959 ], [ -45.413723399999981, -23.818078699999944 ], [ -45.413723399999981, -23.817966099999978 ], [ -45.413749799999948, -23.817855399999928 ], [ -45.414170099999978, -23.817318499999942 ], [ -45.414214199999947, -23.817218599999933 ], [ -45.414229699999964, -23.817100499999981 ], [ -45.414213199999949, -23.816994399999942 ], [ -45.414142, -23.816909399999929 ], [ -45.413791, -23.816669199999978 ], [ -45.413659, -23.816499599999929 ], [ -45.413559799999973, -23.816289199999972 ], [ -45.413505499999985, -23.81605559999997 ], [ -45.413546899999972, -23.815701899999965 ], [ -45.413842199999976, -23.815572299999928 ], [ -45.41345739999997, -23.815047199999981 ], [ -45.413245, -23.814837699999941 ], [ -45.412216, -23.814012599999955 ], [ -45.411901399999977, -23.813760299999956 ], [ -45.410365899999931, -23.812220799999977 ], [ -45.409168699999952, -23.812785599999927 ], [ -45.409261899999933, -23.812932099999955 ], [ -45.409372699999949, -23.813165599999934 ], [ -45.409477699999968, -23.813598399999933 ], [ -45.408834499999955, -23.813604899999973 ], [ -45.408840199999986, -23.813644 ], [ -45.408827899999949, -23.813773199999957 ], [ -45.408824799999934, -23.813811399999963 ], [ -45.40881319999994, -23.813927399999955 ], [ -45.408798499999932, -23.814065699999958 ], [ -45.408751399999971, -23.814124699999979 ], [ -45.408648399999947, -23.814168 ], [ -45.408574099999953, -23.814195199999972 ], [ -45.408475099999976, -23.81429959999997 ], [ -45.408447899999942, -23.814399399999957 ], [ -45.408505, -23.814469699999961 ], [ -45.408596699999975, -23.81444689999995 ], [ -45.408666099999948, -23.814542099999983 ], [ -45.408681099999967, -23.814648599999941 ], [ -45.40875049999994, -23.814739199999963 ], [ -45.408780399999955, -23.814863899999978 ], [ -45.408791599999972, -23.814993 ], [ -45.408762, -23.815083799999968 ], [ -45.408796799999948, -23.815215199999955 ], [ -45.408794399999977, -23.815317299999947 ], [ -45.408777199999975, -23.815476 ], [ -45.408732699999973, -23.815607599999964 ], [ -45.408660899999973, -23.815677899999969 ], [ -45.40854939999997, -23.81567119999994 ], [ -45.408492199999955, -23.815674699999931 ], [ -45.408403, -23.815701899999965 ], [ -45.40828659999994, -23.815781399999935 ], [ -45.408214799999939, -23.815962799999966 ], [ -45.40814789999996, -23.815967399999977 ], [ -45.407984399999975, -23.816015199999981 ], [ -45.407815899999946, -23.816047099999935 ], [ -45.407702, -23.816133299999933 ], [ -45.407640099999981, -23.816212699999937 ], [ -45.407595499999957, -23.816324099999974 ], [ -45.407511299999953, -23.816412599999978 ], [ -45.407399799999951, -23.81645119999996 ], [ -45.40724629999994, -23.816548799999964 ], [ -45.407127399999979, -23.816648599999951 ], [ -45.407117699999958, -23.816784599999949 ], [ -45.407112799999936, -23.816886599999975 ], [ -45.407098, -23.816984099999956 ], [ -45.407070199999964, -23.817098499999929 ], [ -45.407043099999953, -23.817202 ], [ -45.407002, -23.817294499999946 ], [ -45.406856, -23.81737 ], [ -45.406775499999981, -23.817418099999941 ], [ -45.406678099999965, -23.81745589999997 ], [ -45.40659009999996, -23.817476499999941 ], [ -45.40652069999993, -23.817478299999948 ], [ -45.406447599999979, -23.817452699999933 ], [ -45.406353899999942, -23.817423599999927 ], [ -45.406271499999946, -23.817466499999966 ], [ -45.406213499999978, -23.817540299999962 ], [ -45.406164899999965, -23.817638 ], [ -45.406215499999973, -23.817763899999932 ], [ -45.406243699999948, -23.817894099999933 ], [ -45.406213899999955, -23.817980699999964 ], [ -45.406143, -23.818092399999955 ], [ -45.406029499999931, -23.818139299999928 ], [ -45.405927399999939, -23.81820689999995 ], [ -45.405788299999983, -23.818290099999956 ], [ -45.405734499999937, -23.818352499999946 ], [ -45.405754399999978, -23.81843559999993 ], [ -45.40572039999995, -23.818508299999962 ], [ -45.405636099999981, -23.81855829999995 ], [ -45.40549429999993, -23.81868309999993 ], [ -45.405358199999966, -23.818789699999968 ], [ -45.405270299999984, -23.818955899999935 ], [ -45.405191, -23.819085799999982 ], [ -45.405088899999953, -23.819187199999931 ], [ -45.405035, -23.819288499999971 ], [ -45.404964199999938, -23.819363799999962 ], [ -45.40490189999997, -23.819491 ], [ -45.404833899999971, -23.81961309999997 ], [ -45.404794299999935, -23.819727399999977 ], [ -45.404842599999938, -23.819867399999964 ], [ -45.40492219999993, -23.819981599999949 ], [ -45.405018799999937, -23.820025599999951 ], [ -45.405035699999985, -23.819924399999934 ], [ -45.40507539999993, -23.819890599999951 ], [ -45.40516619999994, -23.819885399999976 ], [ -45.405237199999931, -23.819913799999938 ], [ -45.405299599999978, -23.819968299999971 ], [ -45.405345, -23.820022699999981 ], [ -45.40540169999997, -23.820069299999943 ], [ -45.405472599999939, -23.820144299999981 ], [ -45.405532099999959, -23.820214199999953 ], [ -45.405585899999949, -23.820271099999957 ], [ -45.405636899999934, -23.820355599999971 ], [ -45.405707699999937, -23.820428099999958 ], [ -45.405772899999931, -23.820505799999978 ], [ -45.405835199999956, -23.820583399999975 ], [ -45.405784399999959, -23.820624899999927 ], [ -45.405815699999948, -23.820715599999971 ], [ -45.405889499999944, -23.820811499999934 ], [ -45.406042499999955, -23.820896799999957 ], [ -45.406116199999985, -23.820964099999969 ], [ -45.40624639999993, -23.821020899999951 ], [ -45.406359399999985, -23.821036299999946 ], [ -45.406562899999983, -23.821056699999929 ], [ -45.406780799999979, -23.821017599999948 ], [ -45.406888799999933, -23.820996 ], [ -45.40703039999994, -23.821014 ], [ -45.40717189999998, -23.82102169999996 ], [ -45.407316299999934, -23.821006099999977 ], [ -45.407455099999936, -23.821029299999964 ], [ -45.407588199999964, -23.821034399999974 ], [ -45.407738299999949, -23.821026499999959 ], [ -45.407908499999962, -23.821093799999971 ], [ -45.408050199999934, -23.82112479999995 ], [ -45.408154199999956, -23.821184599999981 ], [ -45.408313, -23.821244099999944 ], [ -45.408429399999932, -23.821321699999942 ], [ -45.408520299999964, -23.821389099999976 ], [ -45.408659299999954, -23.821479699999941 ], [ -45.408772499999941, -23.821502899999928 ], [ -45.408894399999951, -23.821565 ], [ -45.409047399999963, -23.821637499999952 ], [ -45.409223, -23.821700299999975 ], [ -45.409370499999966, -23.821715799999936 ], [ -45.409515299999953, -23.821733799999947 ], [ -45.409643, -23.821718099999941 ], [ -45.409770699999967, -23.821686899999975 ], [ -45.409853, -23.821637499999952 ], [ -45.409900899999968, -23.821523399999933 ], [ -45.409948899999961, -23.821450699999957 ], [ -45.41007529999996, -23.821394599999962 ], [ -45.410276499999952, -23.821412699999939 ], [ -45.410475099999985, -23.821435899999983 ], [ -45.410668099999953, -23.821508499999936 ], [ -45.410824099999957, -23.821599099999958 ], [ -45.410841199999936, -23.821640599999967 ], [ -45.410793099999978, -23.82173419999998 ], [ -45.410773399999982, -23.821840599999973 ], [ -45.410835899999938, -23.821931399999983 ], [ -45.410969299999977, -23.822050499999932 ], [ -45.411062899999934, -23.822141199999976 ], [ -45.411139499999933, -23.822213799999929 ], [ -45.411241699999948, -23.822325199999966 ], [ -45.411298399999964, -23.822401799999966 ], [ -45.411666399999945, -23.822130499999957 ], [ -45.411734, -23.822072099999957 ], [ -45.411790799999949, -23.822146799999928 ] ] ], [ [ [ -45.406299599999954, -23.816394799999955 ], [ -45.406363299999953, -23.816399899999965 ], [ -45.406393899999955, -23.816374399999972 ], [ -45.406378599999982, -23.816336199999967 ], [ -45.406429499999945, -23.816336199999967 ], [ -45.406475399999977, -23.816315799999927 ], [ -45.40647789999997, -23.816267399999958 ], [ -45.406411699999978, -23.816244499999982 ], [ -45.40633779999996, -23.81619349999994 ], [ -45.406269, -23.816180799999927 ], [ -45.406220599999983, -23.816231699999946 ], [ -45.406149299999981, -23.816310699999974 ], [ -45.40620789999997, -23.81633359999995 ], [ -45.406253799999945, -23.816351499999939 ], [ -45.406299599999954, -23.816394799999955 ] ] ], [ [ [ -45.407122499999957, -23.814812699999948 ], [ -45.407204, -23.814940099999944 ], [ -45.407058799999959, -23.815052199999968 ], [ -45.407011499999953, -23.814980899999966 ], [ -45.406931399999962, -23.814957899999968 ], [ -45.406732699999964, -23.814927299999965 ], [ -45.406707199999971, -23.81502409999996 ], [ -45.406702099999961, -23.815110799999957 ], [ -45.406633399999976, -23.815202499999941 ], [ -45.406559899999934, -23.815309599999978 ], [ -45.406488099999933, -23.815332399999932 ], [ -45.40648049999993, -23.815431799999942 ], [ -45.406610399999977, -23.81550059999995 ], [ -45.406786199999942, -23.815454699999975 ], [ -45.407030799999973, -23.815286499999957 ], [ -45.407283, -23.815095499999927 ], [ -45.407489399999974, -23.814942599999938 ], [ -45.40752759999998, -23.81487379999993 ], [ -45.407443499999943, -23.814805 ], [ -45.407344199999955, -23.814805 ], [ -45.407305899999983, -23.814797399999975 ], [ -45.40714289999994, -23.814687799999945 ], [ -45.407231899999942, -23.814814799999965 ], [ -45.407166399999937, -23.81483019999996 ], [ -45.407122499999957, -23.814812699999948 ] ] ] ] } },
{ "type": "Feature", "properties": { "id": "3550704015", "cd_bairro": "3550704015", "bairro": "Pitangueiras", "cd_mun": "3550704", "municipio": "São Sebastião", "cd_dist": "355070405", "distrito": "São Sebastião" }, "geometry": { "type": "MultiPolygon", "coordinates": [ [ [ [ -45.412849699999981, -23.827999499999976 ], [ -45.412802399999975, -23.827960099999927 ], [ -45.412745299999983, -23.82795619999996 ], [ -45.412699399999951, -23.82796639999998 ], [ -45.412679, -23.828004599999929 ], [ -45.412681599999985, -23.828022499999975 ], [ -45.412686699999938, -23.828037699999982 ], [ -45.412671399999965, -23.828068299999927 ], [ -45.412663699999939, -23.828068299999927 ], [ -45.412625499999933, -23.828070899999943 ], [ -45.412630599999943, -23.828121799999963 ], [ -45.412648499999932, -23.828137099999935 ], [ -45.412676499999975, -23.828147299999955 ], [ -45.412704499999961, -23.828175299999941 ], [ -45.412712099999965, -23.828208399999937 ], [ -45.412714699999981, -23.828246599999943 ], [ -45.412742699999967, -23.828264499999932 ], [ -45.412770699999953, -23.828284899999971 ], [ -45.412775799999963, -23.828284899999971 ], [ -45.41285739999995, -23.828249199999959 ], [ -45.41288789999993, -23.828228799999977 ], [ -45.41290319999996, -23.828195699999981 ], [ -45.412928699999952, -23.828152399999965 ], [ -45.412966899999958, -23.828111599999943 ], [ -45.413023, -23.828093799999976 ], [ -45.413216599999942, -23.828282299999955 ], [ -45.413277699999981, -23.828346 ], [ -45.413338899999985, -23.828384199999959 ], [ -45.413369399999965, -23.828366399999936 ], [ -45.413382199999944, -23.82833329999994 ], [ -45.413333799999975, -23.828272099999936 ], [ -45.413272599999971, -23.828205899999944 ], [ -45.413178399999936, -23.828132 ], [ -45.413124899999957, -23.828076 ], [ -45.413068799999962, -23.828025 ], [ -45.413045899999986, -23.827979099999936 ], [ -45.412977099999978, -23.827943499999947 ], [ -45.41290829999997, -23.827915399999938 ], [ -45.412870099999964, -23.827948599999957 ], [ -45.412849699999981, -23.827999499999976 ] ] ], [ [ [ -45.41580149999993, -23.819004799999959 ], [ -45.415736399999957, -23.81944649999997 ], [ -45.415679299999965, -23.81956109999993 ], [ -45.415606799999978, -23.819625499999972 ], [ -45.415006, -23.820263499999953 ], [ -45.412869299999954, -23.821465199999977 ], [ -45.411790799999949, -23.822146799999928 ], [ -45.411734, -23.822072099999957 ], [ -45.411666399999945, -23.822130499999957 ], [ -45.411298399999964, -23.822401799999966 ], [ -45.411338199999932, -23.822482199999968 ], [ -45.411338399999977, -23.822630099999969 ], [ -45.411347, -23.822755 ], [ -45.411344699999972, -23.822806499999956 ], [ -45.411341599999957, -23.82288989999995 ], [ -45.411372899999947, -23.82303 ], [ -45.411376, -23.823201299999937 ], [ -45.411393199999964, -23.823323199999948 ], [ -45.411473599999965, -23.823451899999952 ], [ -45.411570099999949, -23.823555599999963 ], [ -45.411689399999943, -23.823724099999936 ], [ -45.411774499999979, -23.823830899999962 ], [ -45.411786099999972, -23.823955399999932 ], [ -45.411891199999957, -23.824077299999942 ], [ -45.41195369999997, -23.824175799999978 ], [ -45.411928399999965, -23.824279699999977 ], [ -45.411959799999977, -23.824401699999953 ], [ -45.411940199999947, -23.824534099999937 ], [ -45.411929099999952, -23.824656199999936 ], [ -45.411940499999957, -23.824757399999953 ], [ -45.41208249999994, -23.824845599999946 ], [ -45.412196, -23.824835099999973 ], [ -45.412252499999965, -23.824749299999951 ], [ -45.412297399999943, -23.82463219999994 ], [ -45.412396299999955, -23.824569699999927 ], [ -45.412526399999933, -23.82457729999993 ], [ -45.41260589999996, -23.824639499999932 ], [ -45.412710499999946, -23.824709199999972 ], [ -45.412804199999982, -23.824750599999959 ], [ -45.412889399999983, -23.824786899999935 ], [ -45.412971699999957, -23.824823099999946 ], [ -45.41302289999993, -23.824862 ], [ -45.413045799999963, -23.824950299999955 ], [ -45.4131, -23.825025599999947 ], [ -45.413301599999954, -23.825030699999957 ], [ -45.413418, -23.825020199999983 ], [ -45.413545499999941, -23.824952599999961 ], [ -45.413627899999938, -23.824968099999978 ], [ -45.413653199999942, -23.824885 ], [ -45.413681399999973, -23.824781099999939 ], [ -45.413743799999963, -23.824692899999945 ], [ -45.413840299999947, -23.824552599999947 ], [ -45.413826, -23.824467 ], [ -45.413726399999973, -23.824404799999968 ], [ -45.413635299999953, -23.824277699999982 ], [ -45.413606799999968, -23.824176499999965 ], [ -45.413669199999958, -23.824103799999932 ], [ -45.413723, -23.823999899999933 ], [ -45.413737099999935, -23.823924699999964 ], [ -45.413702899999976, -23.82385469999997 ], [ -45.413648899999941, -23.823802799999953 ], [ -45.413599899999952, -23.823706399999935 ], [ -45.413819399999966, -23.823547099999928 ], [ -45.414157899999964, -23.823471499999982 ], [ -45.414725399999952, -23.823362199999963 ], [ -45.415109899999948, -23.823303299999964 ], [ -45.415421299999934, -23.823269499999981 ], [ -45.415695699999958, -23.823235799999964 ], [ -45.416070799999943, -23.823185199999955 ], [ -45.416317499999934, -23.823176699999976 ], [ -45.416691899999933, -23.823151199999927 ], [ -45.416754, -23.823235899999929 ], [ -45.416868399999942, -23.823298799999975 ], [ -45.417019799999935, -23.823282199999937 ], [ -45.417117899999937, -23.823331 ], [ -45.417136099999937, -23.823445399999969 ], [ -45.417181, -23.823559799999941 ], [ -45.417172199999982, -23.823641399999929 ], [ -45.417270599999938, -23.823821 ], [ -45.417431399999941, -23.823943299999939 ], [ -45.417609899999945, -23.823975799999971 ], [ -45.41785079999994, -23.823975599999983 ], [ -45.418109799999968, -23.824024399999928 ], [ -45.418306, -23.824016 ], [ -45.418457699999976, -23.824024 ], [ -45.418698699999936, -23.824023799999964 ], [ -45.418841899999961, -23.82401909999993 ], [ -45.419004599999937, -23.823995399999944 ], [ -45.41927869999995, -23.82400309999997 ], [ -45.419364399999949, -23.824073599999963 ], [ -45.419510199999934, -23.824136199999941 ], [ -45.41954039999996, -23.824308799999983 ], [ -45.419553599999972, -23.824485299999935 ], [ -45.419611, -23.824586 ], [ -45.419713899999977, -23.824633 ], [ -45.419825399999979, -23.824695599999927 ], [ -45.419962599999963, -23.824722899999983 ], [ -45.420069699999942, -23.824699299999963 ], [ -45.420249799999965, -23.82475009999996 ], [ -45.42038679999996, -23.824777399999959 ], [ -45.420541, -23.824832099999981 ], [ -45.420699399999933, -23.824875099999929 ], [ -45.420892, -23.824953299999947 ], [ -45.421054499999968, -23.825035399999933 ], [ -45.421216899999934, -23.825121299999978 ], [ -45.421327899999937, -23.825160299999936 ], [ -45.421421899999984, -23.825242399999979 ], [ -45.421503099999939, -23.825312799999949 ], [ -45.421605499999941, -23.825371299999972 ], [ -45.421682299999929, -23.825426 ], [ -45.421746399999961, -23.825500199999965 ], [ -45.421827499999949, -23.825566599999945 ], [ -45.421901, -23.82565649999998 ], [ -45.421871199999941, -23.825742599999955 ], [ -45.421803, -23.825817 ], [ -45.421786099999963, -23.825977399999942 ], [ -45.421811899999966, -23.826083099999948 ], [ -45.421829099999968, -23.826169199999981 ], [ -45.421812299999942, -23.826255299999957 ], [ -45.421718599999963, -23.82632209999997 ], [ -45.421654699999976, -23.826408399999934 ], [ -45.421655, -23.826522 ], [ -45.421732099999986, -23.82660809999993 ], [ -45.421810599999958, -23.826705499999946 ], [ -45.421875, -23.82679939999997 ], [ -45.42193919999994, -23.826862 ], [ -45.42198209999998, -23.826975499999946 ], [ -45.422003699999948, -23.827112599999964 ], [ -45.421982499999956, -23.827269299999955 ], [ -45.421948399999962, -23.827355499999953 ], [ -45.421845699999949, -23.827383199999929 ], [ -45.421721599999955, -23.827426499999945 ], [ -45.4216, -23.827454499999931 ], [ -45.421510199999943, -23.827529 ], [ -45.421463299999971, -23.827634899999964 ], [ -45.421437799999978, -23.82776819999998 ], [ -45.421463599999981, -23.827893599999982 ], [ -45.421459399999947, -23.82797979999998 ], [ -45.421318099999951, -23.827995699999974 ], [ -45.421224099999961, -23.828105699999981 ], [ -45.421151399999985, -23.828203799999983 ], [ -45.42121579999997, -23.828313499999979 ], [ -45.421327199999951, -23.828364299999976 ], [ -45.421417299999973, -23.828438699999936 ], [ -45.421657, -23.828414699999939 ], [ -45.421858499999985, -23.828481199999942 ], [ -45.422021399999949, -23.828512499999931 ], [ -45.422248399999944, -23.828492599999947 ], [ -45.422385199999951, -23.828366899999935 ], [ -45.422474699999952, -23.828190399999983 ], [ -45.422508499999935, -23.828057 ], [ -45.422542499999963, -23.828006 ], [ -45.422670699999969, -23.827982299999974 ], [ -45.422747699999945, -23.827997799999935 ], [ -45.42288469999994, -23.82803679999995 ], [ -45.422888899999975, -23.82803679999995 ], [ -45.422991699999955, -23.828075899999931 ], [ -45.423107199999947, -23.828126699999927 ], [ -45.423158899999976, -23.828240299999948 ], [ -45.423159399999975, -23.828342199999952 ], [ -45.423216499999967, -23.828403899999955 ], [ -45.423293699999931, -23.828462599999966 ], [ -45.423362399999974, -23.828556499999934 ], [ -45.42329419999993, -23.82863489999994 ], [ -45.423251899999968, -23.828768199999956 ], [ -45.423235199999965, -23.82890539999994 ], [ -45.423149699999954, -23.82899169999996 ], [ -45.423059699999953, -23.829003599999965 ], [ -45.422982799999943, -23.829105599999934 ], [ -45.423013099999935, -23.829246799999964 ], [ -45.424412199999949, -23.827660199999968 ], [ -45.425592599999959, -23.826512 ], [ -45.425832299999968, -23.826329599999951 ], [ -45.425868, -23.826188 ], [ -45.426055699999949, -23.825701199999969 ], [ -45.426141199999961, -23.824859699999934 ], [ -45.42584329999994, -23.825132199999928 ], [ -45.425642799999935, -23.82520459999995 ], [ -45.425479499999938, -23.825209499999971 ], [ -45.425334499999963, -23.825095499999975 ], [ -45.42524439999994, -23.824910299999942 ], [ -45.425262399999951, -23.82417879999997 ], [ -45.42522189999994, -23.823812799999928 ], [ -45.425170399999956, -23.823574899999983 ], [ -45.425162299999954, -23.823354499999937 ], [ -45.42520769999993, -23.823011899999983 ], [ -45.42520879999995, -23.822867099999939 ], [ -45.425164199999983, -23.822749199999976 ], [ -45.425103399999955, -23.822680899999966 ], [ -45.424907299999973, -23.82256289999998 ], [ -45.424824299999955, -23.822459699999968 ], [ -45.424766, -23.822347199999967 ], [ -45.424691799999948, -23.82190739999993 ], [ -45.424629799999934, -23.821202099999937 ], [ -45.424654299999986, -23.820888099999934 ], [ -45.424750899999935, -23.820646799999963 ], [ -45.424832599999945, -23.82054519999997 ], [ -45.424952899999937, -23.820339199999978 ], [ -45.424938299999951, -23.820240499999954 ], [ -45.42487129999995, -23.820166399999948 ], [ -45.424664199999938, -23.820111699999927 ], [ -45.424525899999935, -23.820112699999981 ], [ -45.424226, -23.820055099999934 ], [ -45.424116599999934, -23.81994549999996 ], [ -45.424037399999975, -23.819824399999959 ], [ -45.423944199999937, -23.819461499999932 ], [ -45.423889199999962, -23.819369799999947 ], [ -45.423806, -23.819278599999961 ], [ -45.423502099999951, -23.819059399999958 ], [ -45.422964899999954, -23.818845799999963 ], [ -45.422680199999945, -23.818761199999983 ], [ -45.422449799999981, -23.818718699999977 ], [ -45.422107399999959, -23.818704799999978 ], [ -45.421821799999975, -23.81872089999996 ], [ -45.421553499999959, -23.818779799999959 ], [ -45.421281399999941, -23.818897 ], [ -45.421064399999977, -23.818968699999971 ], [ -45.420814199999938, -23.818997799999977 ], [ -45.420598299999938, -23.818974499999968 ], [ -45.420396899999957, -23.818930799999976 ], [ -45.419963399999972, -23.818785699999978 ], [ -45.419492799999944, -23.818688299999963 ], [ -45.419058, -23.818629599999952 ], [ -45.418708099999947, -23.818613499999969 ], [ -45.418033399999956, -23.818526199999951 ], [ -45.417722799999979, -23.818540499999983 ], [ -45.416980699999954, -23.81867879999993 ], [ -45.416444299999966, -23.818713 ], [ -45.415983899999958, -23.818785899999966 ], [ -45.415867499999933, -23.818876299999943 ], [ -45.41580149999993, -23.819004799999959 ] ] ] ] } },
{ "type": "Feature", "properties": { "id": "3550704016", "cd_bairro": "3550704016", "bairro": "Barequeçaba", "cd_mun": "3550704", "municipio": "São Sebastião", "cd_dist": "355070405", "distrito": "São Sebastião" }, "geometry": { "type": "Polygon", "coordinates": [ [ [ -45.432891199999972, -23.829016099999933 ], [ -45.433130899999981, -23.82890679999997 ], [ -45.433653699999979, -23.828686799999957 ], [ -45.43419769999997, -23.82847049999998 ], [ -45.43466449999994, -23.828289699999971 ], [ -45.435238199999958, -23.828084399999966 ], [ -45.435718099999974, -23.827872199999945 ], [ -45.435811699999931, -23.827842199999964 ], [ -45.436048199999959, -23.827766099999963 ], [ -45.436382299999934, -23.827652099999966 ], [ -45.436851299999944, -23.82745209999996 ], [ -45.437323599999957, -23.827250299999946 ], [ -45.437837699999932, -23.827081199999952 ], [ -45.438283299999966, -23.82694349999997 ], [ -45.438673299999948, -23.826849099999947 ], [ -45.43904619999995, -23.826742899999942 ], [ -45.439479099999971, -23.826667899999961 ], [ -45.439787699999954, -23.826659799999959 ], [ -45.440147799999977, -23.826659399999983 ], [ -45.440400799999964, -23.82666009999997 ], [ -45.440739299999962, -23.82670289999993 ], [ -45.440991299999951, -23.826781399999959 ], [ -45.441246299999932, -23.826887499999941 ], [ -45.441293799999983, -23.827040099999977 ], [ -45.441291099999944, -23.827251699999977 ], [ -45.441373599999963, -23.827470199999937 ], [ -45.441456, -23.827613299999939 ], [ -45.441505399999983, -23.827726299999938 ], [ -45.441546599999981, -23.827869299999975 ], [ -45.44157139999993, -23.827997399999958 ], [ -45.441596299999958, -23.828125399999976 ], [ -45.441670299999942, -23.828268399999956 ], [ -45.441637799999967, -23.828434199999947 ], [ -45.441621699999985, -23.828577499999938 ], [ -45.441614299999969, -23.82878889999995 ], [ -45.44153259999996, -23.828977799999961 ], [ -45.441557899999964, -23.82918159999997 ], [ -45.441550199999938, -23.829370399999959 ], [ -45.441585499999974, -23.82955149999998 ], [ -45.441591499999959, -23.829697899999928 ], [ -45.441606199999967, -23.829849699999954 ], [ -45.44170239999994, -23.829974799999945 ], [ -45.441807399999959, -23.830089199999975 ], [ -45.441976299999965, -23.830131699999981 ], [ -45.442011199999968, -23.83004909999994 ], [ -45.442019499999958, -23.829833299999962 ], [ -45.442010399999958, -23.829734599999938 ], [ -45.442111299999965, -23.829633 ], [ -45.442276299999946, -23.829576799999927 ], [ -45.442383599999971, -23.829555299999981 ], [ -45.442577599999936, -23.829613399999971 ], [ -45.442802799999981, -23.829687599999943 ], [ -45.443009, -23.829793599999959 ], [ -45.443211699999949, -23.829897899999935 ], [ -45.443406799999934, -23.830049 ], [ -45.443586799999935, -23.830171 ], [ -45.443771, -23.830319599999939 ], [ -45.44389069999994, -23.830434499999967 ], [ -45.443948699999964, -23.830531699999938 ], [ -45.44401, -23.830655499999978 ], [ -45.444054899999969, -23.830799599999978 ], [ -45.444063799999981, -23.830923699999971 ], [ -45.444161, -23.83105269999993 ], [ -45.444291, -23.831179099999929 ], [ -45.444353699999965, -23.831293099999982 ], [ -45.444472799999971, -23.83146 ], [ -45.444672299999979, -23.831674899999939 ], [ -45.444822099999953, -23.831854499999963 ], [ -45.444966199999953, -23.83196659999993 ], [ -45.445079799999974, -23.832104499999957 ], [ -45.445245399999976, -23.832231 ], [ -45.445406899999966, -23.832339899999965 ], [ -45.445572399999946, -23.832455899999957 ], [ -45.445811699999979, -23.832645699999944 ], [ -45.445930699999963, -23.832746699999973 ], [ -45.446081099999958, -23.832866199999955 ], [ -45.44620459999993, -23.832982299999969 ], [ -45.446362699999952, -23.833066599999938 ], [ -45.446466399999963, -23.832971399999963 ], [ -45.446462399999973, -23.832858699999974 ], [ -45.44629, -23.832657 ], [ -45.446216, -23.832383 ], [ -45.446113, -23.832151 ], [ -45.445983, -23.831955 ], [ -45.445942, -23.831823 ], [ -45.445905, -23.831382 ], [ -45.445845, -23.831095 ], [ -45.445735, -23.8311 ], [ -45.445694, -23.83094 ], [ -45.445742, -23.830904 ], [ -45.445346699999959, -23.829671 ], [ -45.445254899999952, -23.829720599999973 ], [ -45.445146799999975, -23.82974779999995 ], [ -45.445031399999948, -23.82973839999994 ], [ -45.444763599999931, -23.829646899999943 ], [ -45.44430159999996, -23.829145099999948 ], [ -45.444185499999946, -23.829041699999948 ], [ -45.443853699999977, -23.828868799999952 ], [ -45.443661199999951, -23.828796699999941 ], [ -45.443174499999941, -23.828718699999968 ], [ -45.44305259999993, -23.828653199999962 ], [ -45.442962, -23.828561399999955 ], [ -45.442902599999968, -23.828402599999947 ], [ -45.442919199999949, -23.828273799999977 ], [ -45.44301239999993, -23.828053499999953 ], [ -45.443024099999946, -23.827931499999977 ], [ -45.442984599999932, -23.827802899999938 ], [ -45.442843, -23.827520899999968 ], [ -45.442795699999976, -23.827388799999937 ], [ -45.442766099999972, -23.827089299999955 ], [ -45.442802499999971, -23.826919399999952 ], [ -45.442807099999982, -23.826727399999982 ], [ -45.442760299999975, -23.826466399999958 ], [ -45.44264759999993, -23.826132099999938 ], [ -45.442342699999983, -23.825519099999951 ], [ -45.442263399999945, -23.825209499999971 ], [ -45.442227, -23.824902599999973 ], [ -45.442227399999979, -23.824736899999948 ], [ -45.442169299999932, -23.824583299999972 ], [ -45.44213069999995, -23.824501899999973 ], [ -45.44205379999994, -23.824350799999934 ], [ -45.441763599999945, -23.823905899999943 ], [ -45.44162, -23.823524199999952 ], [ -45.441567799999973, -23.82292689999997 ], [ -45.441403799999932, -23.822239399999944 ], [ -45.441386199999954, -23.821915699999977 ], [ -45.441422699999976, -23.821651 ], [ -45.441406699999959, -23.821369799999957 ], [ -45.441200599999945, -23.821058099999959 ], [ -45.441174599999954, -23.82096729999995 ], [ -45.44113, -23.820711699999947 ], [ -45.441177099999948, -23.820456699999966 ], [ -45.441136599999936, -23.820289699999933 ], [ -45.441071399999942, -23.820199 ], [ -45.440912399999945, -23.820070399999963 ], [ -45.440863199999967, -23.819983299999933 ], [ -45.440855899999974, -23.819782699999962 ], [ -45.44100039999995, -23.819449099999929 ], [ -45.441012199999932, -23.81939559999995 ], [ -45.44099719999997, -23.819329599999946 ], [ -45.440891, -23.819243799999981 ], [ -45.440656399999966, -23.819120099999964 ], [ -45.440512899999931, -23.819013199999972 ], [ -45.440271399999972, -23.81867619999997 ], [ -45.440037, -23.818477899999948 ], [ -45.439862399999981, -23.81837459999997 ], [ -45.439581899999951, -23.818257699999947 ], [ -45.439273699999944, -23.818089799999939 ], [ -45.439212299999951, -23.818037499999946 ], [ -45.439118399999984, -23.817912599999943 ], [ -45.438859499999978, -23.817633099999966 ], [ -45.438421299999959, -23.817268599999977 ], [ -45.437929099999963, -23.817010599999946 ], [ -45.437549899999965, -23.816847699999983 ], [ -45.437222499999962, -23.816683399999931 ], [ -45.437085799999977, -23.816643 ], [ -45.436883, -23.816617199999939 ], [ -45.436320799999976, -23.816644399999973 ], [ -45.436178299999938, -23.816622799999948 ], [ -45.436073399999941, -23.816570299999967 ], [ -45.435979299999985, -23.816459799999961 ], [ -45.435899, -23.816322799999966 ], [ -45.435808299999962, -23.816260099999965 ], [ -45.435712199999955, -23.81624439999996 ], [ -45.435609, -23.816265 ], [ -45.435361299999954, -23.816424799999936 ], [ -45.435144099999945, -23.816529199999934 ], [ -45.435014199999955, -23.816544199999953 ], [ -45.43431929999997, -23.816555499999936 ], [ -45.434006799999963, -23.816592399999934 ], [ -45.433663399999944, -23.816692899999964 ], [ -45.43342, -23.816721899999948 ], [ -45.433265099999971, -23.816765 ], [ -45.433176, -23.816836299999977 ], [ -45.43314, -23.816978 ], [ -45.433125399999938, -23.817313499999955 ], [ -45.433095399999956, -23.817501799999945 ], [ -45.433045499999935, -23.817623799999978 ], [ -45.432808499999965, -23.817894799999976 ], [ -45.432437499999935, -23.818185199999959 ], [ -45.432255899999973, -23.818356199999982 ], [ -45.432140599999968, -23.81850339999994 ], [ -45.431922199999974, -23.818854399999964 ], [ -45.431734399999982, -23.819091699999944 ], [ -45.431465899999978, -23.819308399999954 ], [ -45.431257699999946, -23.819506699999977 ], [ -45.431053599999984, -23.819706399999973 ], [ -45.430656, -23.820141699999965 ], [ -45.430575099999942, -23.820251599999949 ], [ -45.430323499999986, -23.820670699999937 ], [ -45.430071099999964, -23.821291699999961 ], [ -45.429990499999974, -23.821449399999949 ], [ -45.429869, -23.821576799999946 ], [ -45.42959129999997, -23.821789599999931 ], [ -45.429484299999956, -23.82190559999998 ], [ -45.42942979999998, -23.82201509999993 ], [ -45.42937, -23.822289499999954 ], [ -45.429308799999944, -23.822404 ], [ -45.42921819999998, -23.822497599999963 ], [ -45.42910969999997, -23.822567599999957 ], [ -45.428970599999957, -23.822608399999979 ], [ -45.428835, -23.822614099999953 ], [ -45.428471799999954, -23.822558 ], [ -45.428372299999978, -23.822574199999963 ], [ -45.428267299999959, -23.82261909999994 ], [ -45.428128499999957, -23.822623 ], [ -45.427976499999943, -23.822593799999936 ], [ -45.427588199999946, -23.822378899999933 ], [ -45.427414599999963, -23.822265099999981 ], [ -45.427255699999932, -23.822218499999963 ], [ -45.427133899999944, -23.822222199999942 ], [ -45.427070399999934, -23.82230119999997 ], [ -45.427033499999936, -23.822426099999973 ], [ -45.427043499999968, -23.82253529999997 ], [ -45.427128, -23.822767 ], [ -45.427163699999937, -23.822914399999945 ], [ -45.427122199999985, -23.823471099999949 ], [ -45.426977199999953, -23.823781899999972 ], [ -45.426616499999966, -23.824196099999938 ], [ -45.426394, -23.824488899999949 ], [ -45.42628, -23.824685399999964 ], [ -45.426141199999961, -23.824859699999934 ], [ -45.426055699999949, -23.825701199999969 ], [ -45.425868, -23.826188 ], [ -45.425832299999968, -23.826329599999951 ], [ -45.425592599999959, -23.826512 ], [ -45.424412199999949, -23.827660199999968 ], [ -45.423013099999935, -23.829246799999964 ], [ -45.423107699999946, -23.829466299999979 ], [ -45.423176399999932, -23.829568199999983 ], [ -45.423296599999958, -23.82967009999993 ], [ -45.423485199999959, -23.829658099999961 ], [ -45.423707899999954, -23.829501099999959 ], [ -45.423733099999936, -23.829281399999957 ], [ -45.423719399999982, -23.82907739999996 ], [ -45.42373159999994, -23.828924499999971 ], [ -45.423816899999963, -23.82885779999998 ], [ -45.424022, -23.828881099999933 ], [ -45.424184499999967, -23.828924 ], [ -45.424305299999958, -23.829080599999941 ], [ -45.424430199999961, -23.829190299999937 ], [ -45.424555199999986, -23.829288299999973 ], [ -45.424722799999984, -23.829366599999958 ], [ -45.424867099999972, -23.82924079999998 ], [ -45.425072099999966, -23.829168899999956 ], [ -45.425212899999963, -23.829000199999939 ], [ -45.425315199999943, -23.828898299999935 ], [ -45.425404899999933, -23.82891 ], [ -45.42549889999998, -23.828956799999958 ], [ -45.42564, -23.829031 ], [ -45.425742599999978, -23.829073899999969 ], [ -45.425836599999968, -23.829124599999943 ], [ -45.425977499999931, -23.829183099999966 ], [ -45.426084299999957, -23.829245499999956 ], [ -45.426237899999933, -23.829296 ], [ -45.426349499999958, -23.829417199999966 ], [ -45.42643529999998, -23.829507199999966 ], [ -45.42651619999998, -23.829586099999972 ], [ -45.426610299999936, -23.829668099999935 ], [ -45.426738499999942, -23.82973839999994 ], [ -45.426802799999962, -23.829839899999968 ], [ -45.426726599999938, -23.829957499999978 ], [ -45.426722799999936, -23.830098599999928 ], [ -45.426808599999958, -23.830243399999972 ], [ -45.426902899999959, -23.830380299999945 ], [ -45.426988899999969, -23.830482699999948 ], [ -45.427091699999949, -23.830576599999972 ], [ -45.427203199999951, -23.830725199999961 ], [ -45.427344499999947, -23.830803399999979 ], [ -45.427618199999984, -23.830916599999966 ], [ -45.42784469999998, -23.830971099999942 ], [ -45.428084399999932, -23.831060799999932 ], [ -45.428396699999951, -23.831175199999961 ], [ -45.428508299999976, -23.831280699999979 ], [ -45.428790099999958, -23.831354899999951 ], [ -45.429084499999931, -23.831460199999981 ], [ -45.429310499999985, -23.831483499999933 ], [ -45.429477, -23.831588899999929 ], [ -45.429639599999973, -23.831682599999965 ], [ -45.429768, -23.831749 ], [ -45.429892299999949, -23.83185839999993 ], [ -45.430042299999968, -23.831979599999954 ], [ -45.430162099999961, -23.832042099999967 ], [ -45.430294799999956, -23.832112399999971 ], [ -45.430440399999952, -23.832190499999967 ], [ -45.430573199999969, -23.832268699999929 ], [ -45.430693199999951, -23.832319499999983 ], [ -45.430822, -23.832393899999943 ], [ -45.430929399999968, -23.832456499999978 ], [ -45.431071, -23.83250739999994 ], [ -45.431189, -23.832559099999969 ], [ -45.431300299999975, -23.832586499999934 ], [ -45.431411599999933, -23.832578499999954 ], [ -45.431497199999967, -23.832566699999973 ], [ -45.431561399999964, -23.832574499999964 ], [ -45.431647099999964, -23.832648899999981 ], [ -45.431724299999985, -23.832719399999974 ], [ -45.431822899999986, -23.832789899999966 ], [ -45.431891599999972, -23.83287219999994 ], [ -45.431986, -23.832954399999949 ], [ -45.432054599999958, -23.833021099999939 ], [ -45.432166199999983, -23.833091499999966 ], [ -45.432256199999983, -23.833134599999937 ], [ -45.432367699999986, -23.83310709999995 ], [ -45.432466199999965, -23.833036499999935 ], [ -45.432470399999943, -23.832899299999951 ], [ -45.432465899999954, -23.832742399999972 ], [ -45.432427099999984, -23.832636499999978 ], [ -45.432336799999973, -23.832495499999936 ], [ -45.432220899999948, -23.83238579999994 ], [ -45.432152099999939, -23.832237 ], [ -45.432049099999972, -23.83211179999995 ], [ -45.431972799999983, -23.831988399999943 ], [ -45.431848099999968, -23.831765099999927 ], [ -45.431800799999962, -23.831659299999956 ], [ -45.431719099999953, -23.831518399999936 ], [ -45.431641799999966, -23.831326599999954 ], [ -45.431478899999945, -23.831135 ], [ -45.431316, -23.830912099999978 ], [ -45.431234599999982, -23.830775299999971 ], [ -45.431161699999961, -23.830638399999941 ], [ -45.431149299999959, -23.830511899999976 ], [ -45.431183899999951, -23.830347599999982 ], [ -45.43151, -23.829982399999949 ], [ -45.431789199999969, -23.829731799999934 ], [ -45.431989699999974, -23.829535399999941 ], [ -45.43225949999993, -23.82933909999997 ], [ -45.432679099999973, -23.829111199999943 ], [ -45.432891199999972, -23.829016099999933 ] ] ] } },
{ "type": "Feature", "properties": { "id": "3550704017", "cd_bairro": "3550704017", "bairro": "Guaecá", "cd_mun": "3550704", "municipio": "São Sebastião", "cd_dist": "355070405", "distrito": "São Sebastião" }, "geometry": { "type": "MultiPolygon", "coordinates": [ [ [ [ -45.470165099999974, -23.823928299999977 ], [ -45.470195699999977, -23.823806 ], [ -45.470157499999971, -23.823660799999971 ], [ -45.470081, -23.82356139999996 ], [ -45.469989299999952, -23.823523199999954 ], [ -45.469920499999944, -23.823500299999978 ], [ -45.469851699999936, -23.823576699999933 ], [ -45.469844099999932, -23.823668399999974 ], [ -45.469844099999932, -23.823752499999955 ], [ -45.469943499999943, -23.82384419999994 ], [ -45.470027499999958, -23.823920699999974 ], [ -45.470165099999974, -23.823928299999977 ] ] ], [ [ [ -45.468899799999974, -23.813589799999932 ], [ -45.468889899999965, -23.813560699999982 ], [ -45.468777099999954, -23.813298199999963 ], [ -45.46868939999996, -23.813209 ], [ -45.468578399999956, -23.813193099999978 ], [ -45.468393799999944, -23.813207199999965 ], [ -45.467900499999985, -23.813336099999958 ], [ -45.467540299999939, -23.813368799999978 ], [ -45.467190599999981, -23.81330209999993 ], [ -45.466775599999949, -23.813121799999976 ], [ -45.466611299999954, -23.813009399999942 ], [ -45.466402499999958, -23.81281759999996 ], [ -45.465954499999953, -23.812464899999952 ], [ -45.465786499999979, -23.812425699999949 ], [ -45.465280499999949, -23.812600599999939 ], [ -45.465162799999973, -23.812620899999956 ], [ -45.464564, -23.812645299999929 ], [ -45.464319799999942, -23.812702899999977 ], [ -45.464287699999943, -23.812716699999953 ], [ -45.464069799999947, -23.812810199999944 ], [ -45.463761399999953, -23.813029699999959 ], [ -45.463552099999959, -23.813254399999948 ], [ -45.463467199999968, -23.813398199999938 ], [ -45.463337199999955, -23.81385389999997 ], [ -45.463264, -23.813960699999939 ], [ -45.46312, -23.814065 ], [ -45.463004199999943, -23.814073399999927 ], [ -45.462869399999931, -23.813979 ], [ -45.462803599999972, -23.813718199999983 ], [ -45.462862899999948, -23.813544599999943 ], [ -45.462865399999941, -23.81341 ], [ -45.46281769999996, -23.813262 ], [ -45.462449499999934, -23.812967699999945 ], [ -45.462322699999959, -23.812910299999942 ], [ -45.462111499999935, -23.812874799999975 ], [ -45.461932599999955, -23.812809399999935 ], [ -45.461726, -23.812693499999966 ], [ -45.461175899999944, -23.812318499999947 ], [ -45.460850499999935, -23.812197599999934 ], [ -45.46045179999993, -23.812153599999931 ], [ -45.460337099999947, -23.812213499999928 ], [ -45.460269, -23.812379 ], [ -45.460224899999957, -23.812678099999971 ], [ -45.460073299999976, -23.812861899999973 ], [ -45.460035399999981, -23.812970399999983 ], [ -45.460034899999982, -23.813109499999939 ], [ -45.459942299999966, -23.813290499999937 ], [ -45.459854199999938, -23.813346699999954 ], [ -45.459593199999972, -23.813413399999945 ], [ -45.459474499999942, -23.81342189999998 ], [ -45.459264499999961, -23.813371399999937 ], [ -45.45923369999997, -23.813363899999956 ], [ -45.459009599999945, -23.813282399999935 ], [ -45.45872739999993, -23.813139599999943 ], [ -45.458324399999981, -23.813005299999929 ], [ -45.458202299999982, -23.81291269999997 ], [ -45.45794559999996, -23.81276889999998 ], [ -45.457201299999952, -23.812452299999961 ], [ -45.456691199999966, -23.812018399999943 ], [ -45.456659499999944, -23.81198569999998 ], [ -45.456445899999949, -23.811765399999956 ], [ -45.456224899999938, -23.811449899999957 ], [ -45.456059799999935, -23.81112429999996 ], [ -45.455922799999939, -23.810971199999983 ], [ -45.455778399999986, -23.810938199999953 ], [ -45.455521099999942, -23.810930799999937 ], [ -45.455403099999955, -23.810880599999962 ], [ -45.455255399999942, -23.810749099999953 ], [ -45.454981399999951, -23.810152899999935 ], [ -45.454911299999935, -23.810047399999974 ], [ -45.454701599999964, -23.809854799999982 ], [ -45.454680599999961, -23.809826399999963 ], [ -45.454584199999942, -23.80969609999994 ], [ -45.454520699999932, -23.809496699999954 ], [ -45.454519, -23.809304299999951 ], [ -45.45455, -23.809179599999936 ], [ -45.454541799999959, -23.809090199999957 ], [ -45.454490399999941, -23.80897559999994 ], [ -45.454408699999931, -23.808921699999928 ], [ -45.454209299999945, -23.808880699999975 ], [ -45.454094299999952, -23.808835 ], [ -45.453939699999978, -23.808714399999928 ], [ -45.453512099999955, -23.808252299999936 ], [ -45.453204899999946, -23.808013 ], [ -45.452597099999934, -23.807685099999958 ], [ -45.45202, -23.807442899999955 ], [ -45.451762199999962, -23.807282899999962 ], [ -45.451633199999947, -23.807148599999948 ], [ -45.451389199999937, -23.806710399999929 ], [ -45.451250399999935, -23.806616 ], [ -45.450490399999978, -23.806559499999935 ], [ -45.450236899999936, -23.80649429999994 ], [ -45.450026399999956, -23.80638289999996 ], [ -45.449947699999939, -23.806312699999978 ], [ -45.449807599999986, -23.806120699999951 ], [ -45.449679899999978, -23.805819399999962 ], [ -45.449548799999945, -23.805668899999944 ], [ -45.449385499999948, -23.805556499999966 ], [ -45.449171299999932, -23.805497499999944 ], [ -45.449061099999938, -23.805443599999933 ], [ -45.448854499999982, -23.805286199999955 ], [ -45.448645899999974, -23.805164799999943 ], [ -45.448424899999964, -23.805114 ], [ -45.447744399999976, -23.805075299999942 ], [ -45.447544, -23.805027099999961 ], [ -45.447341399999971, -23.804919299999938 ], [ -45.447187799999938, -23.804782499999931 ], [ -45.447003299999949, -23.804503899999929 ], [ -45.446915099999956, -23.804274799999973 ], [ -45.446811399999945, -23.803811699999983 ], [ -45.44649069999997, -23.803610299999946 ], [ -45.44635169999998, -23.803709199999957 ], [ -45.446014299999945, -23.804085 ], [ -45.445901499999934, -23.804128699999978 ], [ -45.445734699999946, -23.804142699999943 ], [ -45.44563039999997, -23.804092399999945 ], [ -45.445546599999943, -23.803973399999961 ], [ -45.445388099999946, -23.803556599999979 ], [ -45.445254899999952, -23.80337 ], [ -45.445198599999969, -23.803357299999959 ], [ -45.444783099999938, -23.803701099999955 ], [ -45.444598, -23.80379679999993 ], [ -45.444493799999975, -23.803893599999981 ], [ -45.444406599999979, -23.804100799999958 ], [ -45.444365699999935, -23.804288799999938 ], [ -45.444276399999978, -23.804448 ], [ -45.444131499999969, -23.80460549999998 ], [ -45.443973899999946, -23.804683299999965 ], [ -45.443777399999931, -23.804718299999934 ], [ -45.443627299999946, -23.804669699999977 ], [ -45.443501699999956, -23.804545399999938 ], [ -45.443437899999935, -23.804403699999966 ], [ -45.443400099999963, -23.804206799999974 ], [ -45.443356699999981, -23.803540599999963 ], [ -45.443237799999963, -23.803209199999969 ], [ -45.443140699999958, -23.803073299999937 ], [ -45.443024499999979, -23.803015699999946 ], [ -45.442945499999951, -23.803016899999932 ], [ -45.442760499999963, -23.803084 ], [ -45.442616099999952, -23.803171599999928 ], [ -45.442002499999944, -23.803458599999942 ], [ -45.441877499999975, -23.803591099999949 ], [ -45.441696899999954, -23.803955899999949 ], [ -45.441598699999986, -23.804022 ], [ -45.44141639999998, -23.804098 ], [ -45.441342099999986, -23.804145699999935 ], [ -45.441299699999945, -23.804221899999959 ], [ -45.441297499999962, -23.804329899999971 ], [ -45.441317699999956, -23.804403399999956 ], [ -45.441361599999937, -23.804479799999967 ], [ -45.441549399999985, -23.804744199999959 ], [ -45.441708399999982, -23.804921099999945 ], [ -45.441833299999985, -23.805089899999928 ], [ -45.441948799999977, -23.805342399999972 ], [ -45.441968599999939, -23.805423699999949 ], [ -45.441977, -23.8056 ], [ -45.441936699999985, -23.805780499999969 ], [ -45.441866499999946, -23.805889599999944 ], [ -45.441805899999963, -23.805949399999975 ], [ -45.44165049999998, -23.806008099999929 ], [ -45.441441499999939, -23.806041499999935 ], [ -45.441173499999934, -23.80601669999993 ], [ -45.441087, -23.805973499999936 ], [ -45.440913099999932, -23.805808199999944 ], [ -45.440835499999935, -23.805689499999971 ], [ -45.440767599999958, -23.805528399999957 ], [ -45.440710199999955, -23.805485699999963 ], [ -45.440585099999964, -23.805480199999977 ], [ -45.440463899999941, -23.805575799999929 ], [ -45.440357899999981, -23.805755199999965 ], [ -45.440292899999974, -23.805980799999929 ], [ -45.440274799999941, -23.806218599999966 ], [ -45.440251299999943, -23.806351499999948 ], [ -45.440210199999967, -23.806467099999963 ], [ -45.440138399999967, -23.806573 ], [ -45.440061299999968, -23.806652 ], [ -45.439713599999948, -23.806857299999933 ], [ -45.439348799999948, -23.806984599999964 ], [ -45.439150899999959, -23.807014699999968 ], [ -45.438516899999968, -23.807055099999957 ], [ -45.438214799999969, -23.807106899999951 ], [ -45.437683499999935, -23.80715779999997 ], [ -45.437474799999961, -23.80716469999993 ], [ -45.437246499999958, -23.807136599999978 ], [ -45.436845699999935, -23.807001699999944 ], [ -45.436724599999934, -23.806973399999947 ], [ -45.436610299999984, -23.806971399999952 ], [ -45.436517899999956, -23.807009 ], [ -45.436505, -23.807106199999964 ], [ -45.436447699999974, -23.807179599999984 ], [ -45.43636319999996, -23.807217899999955 ], [ -45.436291399999959, -23.807276199999933 ], [ -45.43628039999993, -23.80741809999995 ], [ -45.43667279999994, -23.807799499999931 ], [ -45.436795199999949, -23.808061599999974 ], [ -45.436876299999938, -23.808140399999957 ], [ -45.436963399999968, -23.808192899999938 ], [ -45.437082099999941, -23.808237199999951 ], [ -45.437361399999986, -23.808298099999945 ], [ -45.437479499999938, -23.808360599999958 ], [ -45.43756609999997, -23.808444 ], [ -45.437899799999968, -23.808918 ], [ -45.438101099999983, -23.80895739999994 ], [ -45.438273, -23.808945899999969 ], [ -45.438475599999947, -23.808897899999977 ], [ -45.438978799999973, -23.808737299999962 ], [ -45.439354399999957, -23.80870189999996 ], [ -45.439650599999936, -23.808779899999934 ], [ -45.439755299999945, -23.808843399999944 ], [ -45.439880599999981, -23.808974399999954 ], [ -45.439913099999956, -23.809102099999961 ], [ -45.439900099999932, -23.809224399999948 ], [ -45.439838799999961, -23.809334399999955 ], [ -45.439724599999977, -23.809424599999943 ], [ -45.439553399999966, -23.809501299999965 ], [ -45.439404499999966, -23.809598299999948 ], [ -45.43929339999994, -23.809705 ], [ -45.439232699999934, -23.809993399999939 ], [ -45.439343699999938, -23.810452299999952 ], [ -45.439437, -23.810601099999928 ], [ -45.43955219999998, -23.810692899999935 ], [ -45.439690199999973, -23.810704699999974 ], [ -45.439823599999954, -23.810684399999957 ], [ -45.44000189999997, -23.810613599999954 ], [ -45.440183899999965, -23.810510499999964 ], [ -45.440554199999951, -23.810372699999959 ], [ -45.440933399999949, -23.810311199999944 ], [ -45.441131899999959, -23.810327899999947 ], [ -45.441335299999935, -23.810387499999933 ], [ -45.441484199999934, -23.810473499999944 ], [ -45.441632, -23.810593399999959 ], [ -45.441721299999983, -23.810737599999982 ], [ -45.441724199999953, -23.81099729999994 ], [ -45.441657299999974, -23.811147499999947 ], [ -45.441549699999939, -23.811289899999963 ], [ -45.44141, -23.811405 ], [ -45.441266699999971, -23.811564 ], [ -45.441171299999951, -23.811704299999974 ], [ -45.441118099999983, -23.811897299999941 ], [ -45.441094699999951, -23.812078299999939 ], [ -45.441117899999938, -23.812172699999962 ], [ -45.441193099999964, -23.812210399999969 ], [ -45.441342299999974, -23.812182499999949 ], [ -45.441905599999984, -23.811921199999972 ], [ -45.442185599999959, -23.811859099999936 ], [ -45.442299499999933, -23.811875099999952 ], [ -45.442400799999973, -23.811913299999958 ], [ -45.442517399999986, -23.81205529999994 ], [ -45.442546499999935, -23.81218389999998 ], [ -45.442533, -23.812321499999939 ], [ -45.442482299999938, -23.812436299999945 ], [ -45.442235099999948, -23.812834399999929 ], [ -45.441987499999982, -23.813312799999949 ], [ -45.441960499999936, -23.813422599999967 ], [ -45.441963399999963, -23.813531499999954 ], [ -45.442021399999931, -23.813619199999948 ], [ -45.44210019999997, -23.813657299999932 ], [ -45.442290399999933, -23.813690299999962 ], [ -45.44268459999995, -23.813677899999959 ], [ -45.442884599999957, -23.813748699999962 ], [ -45.442961699999955, -23.813843 ], [ -45.443051399999945, -23.814000499999963 ], [ -45.443094, -23.814255199999934 ], [ -45.443197599999962, -23.81447019999996 ], [ -45.443390499999964, -23.814567199999942 ], [ -45.443607799999938, -23.814646099999948 ], [ -45.44408859999993, -23.814722599999982 ], [ -45.44428709999994, -23.814803 ], [ -45.444461299999944, -23.814899199999957 ], [ -45.444652899999937, -23.815062499999954 ], [ -45.444779299999936, -23.81523859999993 ], [ -45.445015699999942, -23.815677299999948 ], [ -45.445152499999949, -23.816103299999952 ], [ -45.445240799999965, -23.816600599999958 ], [ -45.445309899999984, -23.81674959999998 ], [ -45.445405199999982, -23.816867199999933 ], [ -45.445452699999976, -23.817026699999928 ], [ -45.445498199999975, -23.817443699999956 ], [ -45.445556699999941, -23.817589599999963 ], [ -45.445630199999982, -23.817681099999959 ], [ -45.445907699999964, -23.817855299999962 ], [ -45.446078099999966, -23.818020299999944 ], [ -45.446165099999973, -23.818154299999946 ], [ -45.446249199999954, -23.818338299999937 ], [ -45.446283299999948, -23.818479 ], [ -45.446351, -23.818615199999954 ], [ -45.446543, -23.818883599999936 ], [ -45.446741699999961, -23.819101299999943 ], [ -45.446815599999979, -23.819239899999957 ], [ -45.446846, -23.819706499999938 ], [ -45.446933899999976, -23.819832399999939 ], [ -45.447045599999967, -23.819923299999971 ], [ -45.447123699999963, -23.820055199999956 ], [ -45.447215799999981, -23.820314099999962 ], [ -45.447304, -23.820730699999956 ], [ -45.447366899999963, -23.820837799999936 ], [ -45.447447599999975, -23.820906 ], [ -45.447560199999941, -23.820967 ], [ -45.448074, -23.821003299999973 ], [ -45.448397899999975, -23.821079199999929 ], [ -45.448515, -23.821124899999973 ], [ -45.448643699999934, -23.821206199999949 ], [ -45.448787099999947, -23.821418899999969 ], [ -45.448900499999979, -23.82168009999998 ], [ -45.448988, -23.821749 ], [ -45.449085, -23.821787599999936 ], [ -45.449199799999974, -23.821805 ], [ -45.449683099999959, -23.82184929999994 ], [ -45.449877799999967, -23.821959299999946 ], [ -45.449949599999968, -23.822045699999933 ], [ -45.449993699999936, -23.822202299999958 ], [ -45.449949299999957, -23.82257489999995 ], [ -45.449973099999966, -23.822788099999968 ], [ -45.450077699999952, -23.822954099999947 ], [ -45.450258199999951, -23.82339079999997 ], [ -45.450246, -23.823544599999934 ], [ -45.450204199999973, -23.823699899999951 ], [ -45.450114099999951, -23.823847699999931 ], [ -45.450025299999936, -23.823937 ], [ -45.449904099999969, -23.824016099999938 ], [ -45.449459699999977, -23.824041899999941 ], [ -45.44915919999994, -23.824007799999947 ], [ -45.449026899999978, -23.823992699999962 ], [ -45.448832799999934, -23.824005299999953 ], [ -45.448362699999961, -23.823991699999965 ], [ -45.448137599999939, -23.824003399999981 ], [ -45.447854899999982, -23.823981599999968 ], [ -45.447705, -23.823941799999943 ], [ -45.447546099999954, -23.823871 ], [ -45.447408099999961, -23.823783799999944 ], [ -45.447175299999969, -23.823577599999965 ], [ -45.446876699999962, -23.823369299999968 ], [ -45.446605799999929, -23.82320569999996 ], [ -45.446439299999952, -23.823136799999929 ], [ -45.445785399999977, -23.822966099999974 ], [ -45.445590699999968, -23.822866599999941 ], [ -45.445345499999974, -23.82270909999994 ], [ -45.444912399999964, -23.822496699999931 ], [ -45.444399099999941, -23.822393699999964 ], [ -45.444178, -23.822401799999966 ], [ -45.444002699999942, -23.822434199999975 ], [ -45.443879099999947, -23.822538599999973 ], [ -45.443836099999942, -23.82273379999998 ], [ -45.44383, -23.822924899999975 ], [ -45.443752299999971, -23.823132899999962 ], [ -45.44354809999993, -23.823366599999929 ], [ -45.443400099999963, -23.82351639999996 ], [ -45.443287099999964, -23.823701099999937 ], [ -45.443164699999954, -23.823846399999979 ], [ -45.443002199999967, -23.824039899999946 ], [ -45.442907699999978, -23.824186199999929 ], [ -45.442836, -23.82432289999997 ], [ -45.44286169999998, -23.824509699999965 ], [ -45.442825299999981, -23.824591699999928 ], [ -45.442785099999981, -23.82467209999993 ], [ -45.442810799999961, -23.824922499999957 ], [ -45.442953799999941, -23.825328 ], [ -45.443168399999934, -23.825630099999955 ], [ -45.44337859999996, -23.825997499999971 ], [ -45.443603099999962, -23.82669089999996 ], [ -45.443671199999983, -23.826840899999979 ], [ -45.443950899999948, -23.827206899999965 ], [ -45.444074, -23.827482 ], [ -45.444110299999977, -23.827619499999969 ], [ -45.444125199999974, -23.827766899999972 ], [ -45.44434659999996, -23.828100899999981 ], [ -45.444528899999966, -23.828298599999982 ], [ -45.44475609999995, -23.828630399999952 ], [ -45.445084, -23.828945899999951 ], [ -45.445284499999957, -23.829187499999932 ], [ -45.445348699999954, -23.829334699999947 ], [ -45.445384899999965, -23.829476 ], [ -45.445346699999959, -23.829671 ], [ -45.445742, -23.830904 ], [ -45.445694, -23.83094 ], [ -45.445735, -23.8311 ], [ -45.445845, -23.831095 ], [ -45.445905, -23.831382 ], [ -45.445942, -23.831823 ], [ -45.445983, -23.831955 ], [ -45.446113, -23.832151 ], [ -45.446216, -23.832383 ], [ -45.44629, -23.832657 ], [ -45.446462399999973, -23.832858699999974 ], [ -45.446484899999973, -23.832686199999955 ], [ -45.446418499999936, -23.832472 ], [ -45.446419399999968, -23.832235699999956 ], [ -45.446472799999981, -23.832112599999959 ], [ -45.446570799999961, -23.831863099999964 ], [ -45.446828, -23.831599299999937 ], [ -45.446980499999938, -23.831295 ], [ -45.447199199999943, -23.831020799999976 ], [ -45.447430399999973, -23.830862499999967 ], [ -45.447572799999932, -23.830573699999945 ], [ -45.447653799999955, -23.830394 ], [ -45.447734499999967, -23.83020369999997 ], [ -45.447657, -23.829992699999934 ], [ -45.447560099999976, -23.829691299999979 ], [ -45.447475, -23.829466099999934 ], [ -45.447393799999929, -23.829272699999933 ], [ -45.447289699999942, -23.829089899999929 ], [ -45.447181599999965, -23.828721 ], [ -45.447058199999958, -23.828520599999933 ], [ -45.446954199999936, -23.828425799999934 ], [ -45.446838699999944, -23.828313399999956 ], [ -45.446730899999977, -23.828156899999954 ], [ -45.446726899999931, -23.828016299999945 ], [ -45.446707499999945, -23.827900299999953 ], [ -45.446807299999932, -23.827692399999933 ], [ -45.446895799999936, -23.827558499999952 ], [ -45.447034299999984, -23.827399699999944 ], [ -45.447126599999933, -23.827304399999946 ], [ -45.447323199999971, -23.827167 ], [ -45.44754249999994, -23.827049099999954 ], [ -45.447799599999939, -23.826882699999942 ], [ -45.448041599999954, -23.826750899999979 ], [ -45.448267299999941, -23.826673899999946 ], [ -45.448491799999942, -23.826568499999951 ], [ -45.448778899999979, -23.826458299999956 ], [ -45.449065899999937, -23.826343399999928 ], [ -45.449410399999977, -23.82620449999996 ], [ -45.449770499999943, -23.826075199999934 ], [ -45.450099699999953, -23.825927899999954 ], [ -45.450391299999978, -23.82579759999993 ], [ -45.450671299999954, -23.825695899999971 ], [ -45.451, -23.825556699999936 ], [ -45.451379, -23.825357399999973 ], [ -45.451758699999971, -23.825204 ], [ -45.452431299999944, -23.824918799999978 ], [ -45.452765399999976, -23.824747 ], [ -45.453008499999953, -23.824621599999944 ], [ -45.453384099999937, -23.824385599999971 ], [ -45.45379029999998, -23.824199299999975 ], [ -45.454079699999966, -23.824017799999979 ], [ -45.454569799999945, -23.823846299999957 ], [ -45.454888499999981, -23.823679199999958 ], [ -45.455206299999929, -23.823504299999968 ], [ -45.455592, -23.823330799999951 ], [ -45.45584, -23.823199899999963 ], [ -45.456139099999973, -23.823008699999946 ], [ -45.456569299999956, -23.822781099999929 ], [ -45.456928599999969, -23.822590799999944 ], [ -45.457318399999963, -23.822432799999945 ], [ -45.457713099999978, -23.822223899999983 ], [ -45.458092399999941, -23.822052299999939 ], [ -45.458451699999955, -23.821903599999928 ], [ -45.458730199999934, -23.82174109999994 ], [ -45.459028399999966, -23.821624 ], [ -45.459254699999974, -23.821529299999952 ], [ -45.459502699999973, -23.821454899999935 ], [ -45.459621699999957, -23.821394 ], [ -45.459937899999943, -23.821213499999942 ], [ -45.46019089999993, -23.82106959999993 ], [ -45.46049979999998, -23.82098579999996 ], [ -45.460793199999955, -23.82081409999995 ], [ -45.461132099999929, -23.820679499999983 ], [ -45.46137479999993, -23.820591299999933 ], [ -45.461754399999961, -23.820489 ], [ -45.461982, -23.820382199999983 ], [ -45.462245, -23.820228199999974 ], [ -45.462486199999944, -23.82013459999996 ], [ -45.462862099999938, -23.819987 ], [ -45.463140399999986, -23.819884799999954 ], [ -45.463427899999942, -23.819757299999935 ], [ -45.463724499999955, -23.819655 ], [ -45.463946899999939, -23.819569799999954 ], [ -45.464327099999934, -23.81948449999993 ], [ -45.464559, -23.819390899999973 ], [ -45.464828099999977, -23.819280299999946 ], [ -45.465078499999947, -23.819195099999945 ], [ -45.465301199999942, -23.819160899999929 ], [ -45.465496099999939, -23.81912669999997 ], [ -45.465672299999937, -23.819101099999955 ], [ -45.465839399999936, -23.819126299999937 ], [ -45.466095699999983, -23.819087799999977 ], [ -45.466252699999984, -23.819101499999931 ], [ -45.466424899999936, -23.819106 ], [ -45.466607199999942, -23.819073299999957 ], [ -45.46677429999994, -23.81905919999997 ], [ -45.466976899999963, -23.819068199999947 ], [ -45.467199699999981, -23.819128099999944 ], [ -45.467353299999957, -23.819137199999943 ], [ -45.467545899999948, -23.819197199999962 ], [ -45.467768799999931, -23.819284899999957 ], [ -45.467915699999935, -23.819358799999975 ], [ -45.468103099999951, -23.819465 ], [ -45.468244899999945, -23.819543499999952 ], [ -45.468452299999967, -23.819612499999948 ], [ -45.468604199999959, -23.819737199999963 ], [ -45.468750899999975, -23.819852499999968 ], [ -45.468826799999931, -23.819977299999948 ], [ -45.46882729999993, -23.820235799999978 ], [ -45.468827399999952, -23.820287499999949 ], [ -45.468585299999972, -23.820662599999935 ], [ -45.468519899999933, -23.820861699999966 ], [ -45.468550499999935, -23.821065399999952 ], [ -45.468596, -23.82126889999995 ], [ -45.468641599999955, -23.821490899999958 ], [ -45.46866719999997, -23.821718399999952 ], [ -45.468658299999959, -23.822023699999932 ], [ -45.468745099999978, -23.822292199999936 ], [ -45.46880619999996, -23.822551499999975 ], [ -45.469019099999969, -23.822731899999951 ], [ -45.469378499999948, -23.822856399999978 ], [ -45.469539099999963, -23.822753899999952 ], [ -45.469701, -23.82286019999998 ], [ -45.469914099999983, -23.823012699999936 ], [ -45.470186599999977, -23.823039899999969 ], [ -45.47045959999997, -23.823163099999931 ], [ -45.470692, -23.823190599999975 ], [ -45.470919, -23.823162599999932 ], [ -45.471136399999978, -23.823153099999956 ], [ -45.471343199999978, -23.823023399999954 ], [ -45.471526, -23.823041599999954 ], [ -45.47160759999997, -23.823078399999929 ], [ -45.471912399999951, -23.823378799999944 ], [ -45.472043799999938, -23.823545299999978 ], [ -45.472146199999941, -23.823709399999927 ], [ -45.472227699999962, -23.823945299999934 ], [ -45.472319099999936, -23.824107199999958 ], [ -45.472360199999969, -23.824278399999969 ], [ -45.472527499999956, -23.824435599999958 ], [ -45.472523099999933, -23.824583899999936 ], [ -45.472564299999931, -23.824746599999969 ], [ -45.472615299999973, -23.824885499999937 ], [ -45.472686599999975, -23.825010499999962 ], [ -45.472798299999965, -23.825103099999978 ], [ -45.472935399999983, -23.825195599999972 ], [ -45.473047099999974, -23.825306699999942 ], [ -45.473204199999941, -23.825394499999959 ], [ -45.473326, -23.82551019999994 ], [ -45.473493299999973, -23.825607299999945 ], [ -45.473528599999952, -23.825505299999975 ], [ -45.473670099999936, -23.825305899999933 ], [ -45.473684399999968, -23.82512509999998 ], [ -45.473784399999943, -23.824911899999961 ], [ -45.473742899999934, -23.824763699999949 ], [ -45.473661199999981, -23.824675899999932 ], [ -45.473619799999938, -23.824537199999952 ], [ -45.473623399999951, -23.824412399999972 ], [ -45.473777599999949, -23.824241499999971 ], [ -45.474009399999943, -23.824162699999931 ], [ -45.47419519999994, -23.824079499999982 ], [ -45.474352899999985, -23.824076799999943 ], [ -45.474554699999942, -23.823984499999938 ], [ -45.474761699999931, -23.824035099999946 ], [ -45.474918299999956, -23.824099499999932 ], [ -45.475120899999979, -23.824256099999957 ], [ -45.475237299999947, -23.824339099999975 ], [ -45.475379299999986, -23.824482099999955 ], [ -45.475536299999931, -23.824611299999958 ], [ -45.475653, -23.824722099999974 ], [ -45.475774699999931, -23.824833 ], [ -45.475856599999986, -23.824999499999933 ], [ -45.47595819999998, -23.825207599999942 ], [ -45.476059, -23.825341499999979 ], [ -45.476214399999947, -23.825493299999948 ], [ -45.476285599999983, -23.825652399999967 ], [ -45.476221, -23.825823399999933 ], [ -45.476326899999947, -23.825975899999946 ], [ -45.476454, -23.826160699999946 ], [ -45.476480399999957, -23.826276399999983 ], [ -45.476492399999984, -23.826447799999983 ], [ -45.476583599999969, -23.826568099999974 ], [ -45.476693299999965, -23.82659069999994 ], [ -45.476774199999966, -23.826687799999945 ], [ -45.476805199999944, -23.82675729999994 ], [ -45.476926799999944, -23.826789099999928 ], [ -45.477012299999956, -23.826844599999959 ], [ -45.477108399999963, -23.826950799999963 ], [ -45.477184399999942, -23.827052399999957 ], [ -45.477285199999983, -23.82713549999994 ], [ -45.477386399999943, -23.827246299999956 ], [ -45.47741259999998, -23.827338699999927 ], [ -45.477523599999984, -23.827431 ], [ -45.477589499999965, -23.827509499999962 ], [ -45.477640799999961, -23.827602 ], [ -45.477692299999944, -23.827708399999949 ], [ -45.477703499999961, -23.827805799999965 ], [ -45.477825199999984, -23.827972199999977 ], [ -45.477932899999985, -23.828107899999964 ], [ -45.478057499999977, -23.828230499999961 ], [ -45.478161899999975, -23.828280399999983 ], [ -45.478340799999955, -23.828375599999958 ], [ -45.478543899999977, -23.828461499999946 ], [ -45.478727099999958, -23.828515599999946 ], [ -45.478939599999933, -23.828555899999969 ], [ -45.479073399999947, -23.828599899999972 ], [ -45.479217099999971, -23.828631499999972 ], [ -45.479390399999943, -23.82867669999996 ], [ -45.479549, -23.828726399999937 ], [ -45.479697599999952, -23.828767 ], [ -45.479797299999973, -23.828844 ], [ -45.479946599999948, -23.828939 ], [ -45.480150299999934, -23.829061299999978 ], [ -45.480314, -23.829142699999977 ], [ -45.480403399999943, -23.829197 ], [ -45.480561799999975, -23.82926029999993 ], [ -45.480705399999977, -23.829296299999953 ], [ -45.480810399999939, -23.829305399999953 ], [ -45.480956499999934, -23.829360099999974 ], [ -45.481058499999961, -23.829373799999928 ], [ -45.481102899999939, -23.829323599999952 ], [ -45.481227399999966, -23.829332799999975 ], [ -45.481342, -23.829351 ], [ -45.481431499999985, -23.82936 ], [ -45.481560699999932, -23.829369 ], [ -45.481739599999969, -23.82935509999993 ], [ -45.481819, -23.829341299999953 ], [ -45.481943399999977, -23.82935029999993 ], [ -45.482087799999931, -23.829404699999941 ], [ -45.482286299999942, -23.829458899999963 ], [ -45.482430399999942, -23.829513199999951 ], [ -45.482506099999966, -23.82965889999997 ], [ -45.482620499999939, -23.829717899999935 ], [ -45.482852299999934, -23.82959429999994 ], [ -45.483145799999932, -23.829553199999964 ], [ -45.48339, -23.829503 ], [ -45.483683399999961, -23.829525399999966 ], [ -45.48390349999994, -23.82931229999997 ], [ -45.484166699999946, -23.82931659999997 ], [ -45.48439529999996, -23.829334499999959 ], [ -45.484638799999971, -23.829384199999936 ], [ -45.484787899999958, -23.829506899999956 ], [ -45.484965199999976, -23.82961 ], [ -45.484974899999941, -23.829801 ], [ -45.485148799999934, -23.829932799999938 ], [ -45.485337899999934, -23.830069099999946 ], [ -45.485532099999944, -23.83021 ], [ -45.485666599999945, -23.830246199999976 ], [ -45.48593029999995, -23.830232199999955 ], [ -45.486144, -23.830049799999983 ], [ -45.486342799999932, -23.829963 ], [ -45.486620799999969, -23.829817 ], [ -45.486839599999939, -23.829830299999969 ], [ -45.486934499999961, -23.829912099999945 ], [ -45.487049199999944, -23.829971199999932 ], [ -45.48728239999997, -23.82985709999997 ], [ -45.487421199999972, -23.829802299999983 ], [ -45.487609299999974, -23.82971109999994 ], [ -45.487749199999939, -23.829792699999928 ], [ -45.487877899999944, -23.829742599999975 ], [ -45.488016099999982, -23.82969559999998 ], [ -45.488234899999952, -23.829663399999959 ], [ -45.488473299999953, -23.829681299999947 ], [ -45.48868669999996, -23.829712899999947 ], [ -45.488959899999941, -23.829753499999981 ], [ -45.489208399999939, -23.82978959999997 ], [ -45.48940239999996, -23.829844 ], [ -45.489596399999982, -23.829880099999968 ], [ -45.489835, -23.829947899999979 ], [ -45.49007359999996, -23.830065599999955 ], [ -45.490252299999952, -23.830215 ], [ -45.49031169999995, -23.830291899999963 ], [ -45.490317, -23.830459899999937 ], [ -45.490368, -23.830580299999951 ], [ -45.490417799999932, -23.830734599999971 ], [ -45.490487499999972, -23.83086609999998 ], [ -45.490562, -23.830979399999933 ], [ -45.490636399999971, -23.831083499999977 ], [ -45.490661399999965, -23.831210399999975 ], [ -45.490696299999968, -23.83135539999995 ], [ -45.490681799999948, -23.831491799999981 ], [ -45.490617899999961, -23.831642399999964 ], [ -45.490638199999978, -23.831810899999937 ], [ -45.490708599999948, -23.83195459999996 ], [ -45.49078819999994, -23.832095299999935 ], [ -45.490768599999967, -23.832240799999965 ], [ -45.490773799999943, -23.832436599999937 ], [ -45.49085359999998, -23.832582099999968 ], [ -45.490963199999953, -23.832727499999976 ], [ -45.491092599999945, -23.832880599999953 ], [ -45.491157399999963, -23.833016799999939 ], [ -45.491207299999985, -23.833193899999969 ], [ -45.491237299999966, -23.833362 ], [ -45.49126739999997, -23.833511899999962 ], [ -45.491292699999974, -23.833666699999981 ], [ -45.491292899999962, -23.833753299999955 ], [ -45.491352899999981, -23.833880699999952 ], [ -45.491401799999949, -23.834030299999938 ], [ -45.491441899999984, -23.834212199999968 ], [ -45.491516699999977, -23.834375899999941 ], [ -45.491621299999963, -23.83447579999995 ], [ -45.491671199999985, -23.834571199999971 ], [ -45.49178569999998, -23.834661299999937 ], [ -45.491835599999945, -23.83473829999997 ], [ -45.491855499999986, -23.834811 ], [ -45.491855799999939, -23.834933599999943 ], [ -45.491761599999961, -23.83508409999996 ], [ -45.491796699999952, -23.83520429999993 ], [ -45.491847499999949, -23.835367699999949 ], [ -45.49189819999998, -23.835512599999959 ], [ -45.491918699999985, -23.835707499999955 ], [ -45.491953799999976, -23.835729199999946 ], [ -45.49190939999994, -23.835851699999978 ], [ -45.491769599999941, -23.835820699999942 ], [ -45.491595199999949, -23.835894 ], [ -45.491485799999964, -23.835957899999983 ], [ -45.491385299999934, -23.836098499999935 ], [ -45.491345699999954, -23.83639 ], [ -45.491306099999974, -23.836576599999944 ], [ -45.491246599999954, -23.836754099999951 ], [ -45.491256799999974, -23.836899599999981 ], [ -45.491311699999983, -23.837072499999977 ], [ -45.491286799999955, -23.837227599999949 ], [ -45.491287, -23.837350599999979 ], [ -45.491282199999944, -23.837437099999931 ], [ -45.491441599999973, -23.837546 ], [ -45.491650499999935, -23.837499799999932 ], [ -45.491705099999933, -23.837413 ], [ -45.49177949999995, -23.837298799999928 ], [ -45.491893599999969, -23.837198199999932 ], [ -45.492052399999977, -23.837174699999935 ], [ -45.492137, -23.83727 ], [ -45.492251299999964, -23.837342399999955 ], [ -45.492365799999959, -23.83745609999994 ], [ -45.492351299999939, -23.837552099999982 ], [ -45.492416299999945, -23.837688799999967 ], [ -45.49253589999995, -23.837820699999952 ], [ -45.49268079999996, -23.837909399999944 ], [ -45.492790299999967, -23.838018499999976 ], [ -45.49290469999994, -23.838045499999964 ], [ -45.493039, -23.838095299999964 ], [ -45.493163399999958, -23.838145199999929 ], [ -45.493297599999948, -23.838154199999963 ], [ -45.493481499999973, -23.838131099999941 ], [ -45.493630499999938, -23.838117199999942 ], [ -45.493704699999967, -23.838003199999946 ], [ -45.493749, -23.837889299999972 ], [ -45.493713799999966, -23.837770899999953 ], [ -45.493648899999982, -23.837670899999978 ], [ -45.49368839999994, -23.837616199999957 ], [ -45.493807199999935, -23.837543299999936 ], [ -45.493985299999963, -23.837447499999939 ], [ -45.494051099999979, -23.837433099999942 ], [ -45.494193499999938, -23.837401799999952 ], [ -45.494322499999953, -23.837415199999953 ], [ -45.494436, -23.837383199999977 ], [ -45.494550899999979, -23.83745579999993 ], [ -45.494716199999971, -23.837437899999941 ], [ -45.494815799999969, -23.837534 ], [ -45.49503459999994, -23.83762489999998 ], [ -45.49520659999996, -23.837658599999941 ], [ -45.495310899999936, -23.837740199999928 ], [ -45.49543529999994, -23.837780799999962 ], [ -45.495539599999972, -23.83784419999995 ], [ -45.495648799999969, -23.837934899999937 ], [ -45.495768099999964, -23.838039199999969 ], [ -45.495917099999986, -23.838129899999956 ], [ -45.495996699999978, -23.838179799999978 ], [ -45.496086099999957, -23.838216 ], [ -45.49618049999998, -23.838247599999931 ], [ -45.496190599999977, -23.838329599999952 ], [ -45.496295099999941, -23.838438399999973 ], [ -45.496448899999962, -23.838465 ], [ -45.496573199999943, -23.838537599999938 ], [ -45.496752199999946, -23.838637399999982 ], [ -45.49688649999996, -23.838714599999946 ], [ -45.497000699999944, -23.83876429999998 ], [ -45.497115, -23.838818699999933 ], [ -45.497239499999978, -23.838877799999977 ], [ -45.497443499999974, -23.838923099999931 ], [ -45.497637499999939, -23.838968499999964 ], [ -45.497782, -23.839054799999928 ], [ -45.497940699999958, -23.838995399999931 ], [ -45.498214, -23.838940599999944 ], [ -45.498356699999931, -23.838835199999949 ], [ -45.498534499999948, -23.838761899999952 ], [ -45.498714199999938, -23.83854249999996 ], [ -45.498847599999976, -23.838483199999928 ], [ -45.498996899999952, -23.838465 ], [ -45.499153, -23.83854249999996 ], [ -45.499282499999936, -23.838583299999982 ], [ -45.499428299999977, -23.838665299999946 ], [ -45.499627199999964, -23.838746699999945 ], [ -45.499817899999982, -23.83898709999994 ], [ -45.499991799999975, -23.839118599999949 ], [ -45.500180199999932, -23.839259199999958 ], [ -45.50034809999994, -23.839367799999934 ], [ -45.500493, -23.839562899999976 ], [ -45.500592799999936, -23.839694599999973 ], [ -45.500643399999944, -23.839812799999947 ], [ -45.500758899999937, -23.839911499999971 ], [ -45.500868399999945, -23.840006799999969 ], [ -45.501051599999982, -23.840034 ], [ -45.501171, -23.840133699999967 ], [ -45.501368699999944, -23.84017 ], [ -45.501483099999973, -23.840278799999965 ], [ -45.501631699999962, -23.840355799999941 ], [ -45.501795199999947, -23.840459899999928 ], [ -45.501810699999965, -23.840523399999938 ], [ -45.501846499999942, -23.840650499999981 ], [ -45.501970699999958, -23.840754699999934 ], [ -45.502084899999943, -23.840859 ], [ -45.502209099999959, -23.840972299999976 ], [ -45.502303099999949, -23.841031099999952 ], [ -45.502385199999935, -23.841118199999983 ], [ -45.50242529999997, -23.84119979999997 ], [ -45.502431399999978, -23.841358699999944 ], [ -45.502492099999984, -23.841540499999951 ], [ -45.50253749999996, -23.841722399999981 ], [ -45.502503299999944, -23.841886299999942 ], [ -45.502523599999961, -23.842032 ], [ -45.502603499999964, -23.842145599999981 ], [ -45.502568899999972, -23.842191299999968 ], [ -45.502439799999934, -23.842232599999932 ], [ -45.502405199999941, -23.842360099999951 ], [ -45.502365599999962, -23.842474 ], [ -45.502460399999961, -23.842569499999968 ], [ -45.50264459999994, -23.842637499999967 ], [ -45.502803799999981, -23.842600799999957 ], [ -45.502758699999958, -23.842477899999949 ], [ -45.502823, -23.842341199999964 ], [ -45.502907099999959, -23.842227099999945 ], [ -45.503145299999971, -23.84211739999995 ], [ -45.503323299999977, -23.841985 ], [ -45.50347679999993, -23.84185279999997 ], [ -45.503526099999931, -23.841729899999962 ], [ -45.503679, -23.841615899999965 ], [ -45.50377229999998, -23.841543 ], [ -45.503892899999983, -23.841602 ], [ -45.504031199999986, -23.841671299999973 ], [ -45.504170399999964, -23.841648299999974 ], [ -45.504284199999972, -23.841493899999932 ], [ -45.50437839999995, -23.841430299999956 ], [ -45.504552399999966, -23.841466199999957 ], [ -45.50475119999993, -23.841475 ], [ -45.504855599999985, -23.841474799999958 ], [ -45.505023799999947, -23.841397499999971 ], [ -45.505167699999959, -23.841379199999949 ], [ -45.50536649999998, -23.841387899999972 ], [ -45.505584799999951, -23.841374 ], [ -45.505852499999946, -23.841360099999974 ], [ -45.506034499999942, -23.84127849999993 ], [ -45.506251099999986, -23.841197 ], [ -45.506523499999957, -23.841219299999977 ], [ -45.506849799999941, -23.841214399999956 ], [ -45.507233799999938, -23.841051299999947 ], [ -45.507508499999972, -23.841095699999983 ], [ -45.507689399999947, -23.841013199999963 ], [ -45.507886299999939, -23.840869199999929 ], [ -45.508237899999983, -23.840727899999933 ], [ -45.508495599999947, -23.840627799999936 ], [ -45.508594599999981, -23.840546099999983 ], [ -45.508813199999963, -23.840558899999962 ], [ -45.50903169999998, -23.84058129999994 ], [ -45.50934019999994, -23.840689499999939 ], [ -45.509558099999936, -23.840634899999941 ], [ -45.509636299999954, -23.840521599999931 ], [ -45.509644699999967, -23.840372599999966 ], [ -45.509688299999937, -23.840295899999944 ], [ -45.509776199999976, -23.840214799999956 ], [ -45.509954599999958, -23.840264299999944 ], [ -45.510113299999944, -23.840322799999967 ], [ -45.510213499999963, -23.840426499999978 ], [ -45.51031439999997, -23.840561799999932 ], [ -45.510469099999966, -23.840652099999943 ], [ -45.510799399999939, -23.840770099999929 ], [ -45.511061899999959, -23.840861 ], [ -45.511352299999942, -23.841042799999968 ], [ -45.511571699999934, -23.841300099999955 ], [ -45.511797499999943, -23.841529299999934 ], [ -45.512013799999977, -23.841700399999979 ], [ -45.512366399999962, -23.841845099999944 ], [ -45.512950799999942, -23.841949099999965 ], [ -45.513343499999962, -23.841956899999957 ], [ -45.513691, -23.842027299999927 ], [ -45.514034399999957, -23.842051599999934 ], [ -45.514329099999941, -23.842159399999957 ], [ -45.514566499999944, -23.842075499999964 ], [ -45.511781399999961, -23.840025299999979 ], [ -45.510972, -23.839497699999981 ], [ -45.51023269999996, -23.839101399999947 ], [ -45.509494, -23.838733099999956 ], [ -45.509527799999944, -23.838849499999981 ], [ -45.509515499999964, -23.838958799999943 ], [ -45.509502099999963, -23.839052799999934 ], [ -45.509442499999977, -23.839132499999948 ], [ -45.509290699999951, -23.839226 ], [ -45.508073299999978, -23.839789099999962 ], [ -45.50698559999995, -23.840118699999948 ], [ -45.506170199999985, -23.840263199999981 ], [ -45.505453499999931, -23.840299 ], [ -45.504593799999952, -23.840170899999976 ], [ -45.503939599999967, -23.84009889999993 ], [ -45.503507099999979, -23.839981099999932 ], [ -45.50302789999995, -23.839746899999966 ], [ -45.502828499999964, -23.839586399999973 ], [ -45.502629, -23.839425799999958 ], [ -45.501724399999944, -23.838844399999971 ], [ -45.500678799999946, -23.838116099999979 ], [ -45.50047909999995, -23.838028299999962 ], [ -45.500263899999936, -23.837861799999928 ], [ -45.50009, -23.837700799999936 ], [ -45.499549, -23.837465899999927 ], [ -45.498694099999966, -23.837305199999946 ], [ -45.498568599999942, -23.837332699999934 ], [ -45.498141499999974, -23.837349399999937 ], [ -45.497846099999947, -23.837394599999982 ], [ -45.49748459999995, -23.837363299999936 ], [ -45.497018299999979, -23.837392799999975 ], [ -45.496813, -23.837370799999974 ], [ -45.496676399999956, -23.837335199999927 ], [ -45.496523, -23.837267 ], [ -45.496226699999966, -23.83708009999998 ], [ -45.495889699999964, -23.836780399999952 ], [ -45.495674099999974, -23.836631199999943 ], [ -45.495473499999946, -23.836532399999953 ], [ -45.495214899999951, -23.836443899999949 ], [ -45.495095, -23.836423499999967 ], [ -45.494245599999942, -23.836404499999958 ], [ -45.494051099999979, -23.836371 ], [ -45.493916399999932, -23.836347799999942 ], [ -45.493586099999959, -23.836232299999949 ], [ -45.493405, -23.836128099999939 ], [ -45.493326099999933, -23.83605069999993 ], [ -45.493190899999945, -23.835854199999972 ], [ -45.493112499999938, -23.835654 ], [ -45.493087799999955, -23.835351499999945 ], [ -45.493125599999985, -23.835216799999955 ], [ -45.493386499999986, -23.834867299999928 ], [ -45.493461199999956, -23.834643 ], [ -45.493649399999981, -23.834290199999941 ], [ -45.493676499999935, -23.834186199999976 ], [ -45.493676099999959, -23.83406969999993 ], [ -45.493620599999986, -23.833955199999934 ], [ -45.493527099999937, -23.833883199999946 ], [ -45.493294899999967, -23.83377379999996 ], [ -45.493119699999966, -23.833662299999958 ], [ -45.492916499999978, -23.833412799999962 ], [ -45.492852299999981, -23.833292899999947 ], [ -45.492606299999977, -23.832644199999947 ], [ -45.492341299999964, -23.832148299999972 ], [ -45.492088599999931, -23.831543899999929 ], [ -45.491952399999946, -23.831081 ], [ -45.491857499999981, -23.830395799999962 ], [ -45.49179369999996, -23.83014129999998 ], [ -45.491786299999944, -23.829998599999954 ], [ -45.491753699999947, -23.829960699999958 ], [ -45.491676599999948, -23.829569 ], [ -45.491477599999939, -23.82886149999996 ], [ -45.491395499999953, -23.828436299999964 ], [ -45.491318099999944, -23.828215299999954 ], [ -45.491238799999962, -23.827754899999945 ], [ -45.491163699999959, -23.827641299999982 ], [ -45.49104269999998, -23.827578499999959 ], [ -45.49081289999998, -23.82755659999998 ], [ -45.490359399999932, -23.827586099999962 ], [ -45.489036899999974, -23.82760559999997 ], [ -45.48836579999994, -23.827729699999963 ], [ -45.488011, -23.827638699999966 ], [ -45.487794599999972, -23.827529199999958 ], [ -45.487603599999943, -23.827395199999955 ], [ -45.487348, -23.827308399999936 ], [ -45.487167599999964, -23.827371299999982 ], [ -45.486791299999936, -23.827574799999979 ], [ -45.486536299999955, -23.827642499999968 ], [ -45.485923599999978, -23.827643499999965 ], [ -45.485309699999959, -23.827581299999963 ], [ -45.484939499999939, -23.827568 ], [ -45.483891, -23.827586699999983 ], [ -45.483390699999973, -23.827719199999933 ], [ -45.482635899999934, -23.828051199999948 ], [ -45.482198499999981, -23.828193499999941 ], [ -45.481942499999946, -23.828246699999966 ], [ -45.481142399999953, -23.828298899999936 ], [ -45.480696499999965, -23.82825779999996 ], [ -45.480373, -23.828136899999947 ], [ -45.479699099999948, -23.827765899999974 ], [ -45.478965799999969, -23.827259699999956 ], [ -45.477949399999943, -23.82642379999993 ], [ -45.477521699999954, -23.825966299999948 ], [ -45.477211699999941, -23.825503899999944 ], [ -45.476948399999969, -23.825193099999979 ], [ -45.476804099999981, -23.824944199999948 ], [ -45.47674139999998, -23.824702299999956 ], [ -45.47676649999994, -23.824600199999963 ], [ -45.476917, -23.824392 ], [ -45.476896, -23.824285499999974 ], [ -45.476641699999959, -23.824017099999935 ], [ -45.476327399999946, -23.823729 ], [ -45.476252399999964, -23.823623599999962 ], [ -45.476113799999951, -23.823316 ], [ -45.475880099999983, -23.823020499999927 ], [ -45.47567429999998, -23.822866699999963 ], [ -45.475453, -23.822765299999958 ], [ -45.47496979999994, -23.82270989999995 ], [ -45.474750599999936, -23.82264639999994 ], [ -45.474537099999964, -23.822524199999975 ], [ -45.474391199999957, -23.822370199999966 ], [ -45.474340899999959, -23.822284599999932 ], [ -45.474246599999958, -23.822021099999972 ], [ -45.474229699999967, -23.821673399999952 ], [ -45.474324, -23.821425699999963 ], [ -45.474642099999983, -23.820892699999945 ], [ -45.47466309999993, -23.820721 ], [ -45.47452119999997, -23.820582299999955 ], [ -45.473929799999951, -23.82049109999997 ], [ -45.473827399999948, -23.820390299999929 ], [ -45.473786599999983, -23.820247699999982 ], [ -45.473785, -23.820090499999935 ], [ -45.473757399999954, -23.820047299999942 ], [ -45.473729699999978, -23.820004 ], [ -45.473674499999959, -23.819917499999974 ], [ -45.473550599999953, -23.819888 ], [ -45.473516699999948, -23.819888 ], [ -45.473175599999934, -23.819888299999946 ], [ -45.473040899999944, -23.819839899999977 ], [ -45.472883399999944, -23.819715699999961 ], [ -45.472625, -23.819385099999977 ], [ -45.47249979999998, -23.819264399999952 ], [ -45.472374699999932, -23.819143799999949 ], [ -45.472140799999977, -23.819065 ], [ -45.471828399999936, -23.819030699999928 ], [ -45.471696899999984, -23.819038299999931 ], [ -45.471439199999963, -23.81891 ], [ -45.471355399999936, -23.81881809999993 ], [ -45.471261299999981, -23.818588099999943 ], [ -45.47110239999995, -23.818348299999968 ], [ -45.470994299999973, -23.818321499999968 ], [ -45.470887299999958, -23.818335399999967 ], [ -45.47041459999997, -23.818472299999939 ], [ -45.470150499999932, -23.818466799999953 ], [ -45.470124, -23.818459899999937 ], [ -45.469896899999981, -23.818400699999927 ], [ -45.469668799999965, -23.818287599999962 ], [ -45.469507199999953, -23.818149 ], [ -45.469417499999963, -23.818029199999955 ], [ -45.469290799999953, -23.817736 ], [ -45.46925959999993, -23.817541 ], [ -45.469272599999954, -23.817325099999948 ], [ -45.469372799999974, -23.81708 ], [ -45.469572199999959, -23.816841 ], [ -45.469588099999953, -23.816828199999975 ], [ -45.470047, -23.81645919999994 ], [ -45.470214299999952, -23.81627629999997 ], [ -45.470346799999959, -23.816018499999927 ], [ -45.470346099999972, -23.815804399999934 ], [ -45.470286299999941, -23.815570599999944 ], [ -45.46999969999996, -23.81530239999995 ], [ -45.469646299999965, -23.815037 ], [ -45.469489499999952, -23.814856799999973 ], [ -45.469232799999986, -23.814457499999946 ], [ -45.469096299999933, -23.814170599999954 ], [ -45.468899799999974, -23.813589799999932 ] ] ] ] } },
{ "type": "Feature", "properties": { "id": "3550704018", "cd_bairro": "3550704018", "bairro": "Toque-Toque Grande", "cd_mun": "3550704", "municipio": "São Sebastião", "cd_dist": "355070405", "distrito": "São Sebastião" }, "geometry": { "type": "Polygon", "coordinates": [ [ [ -45.509494, -23.838733099999956 ], [ -45.51023269999996, -23.839101399999947 ], [ -45.510972, -23.839497699999981 ], [ -45.511781399999961, -23.840025299999979 ], [ -45.514566499999944, -23.842075499999964 ], [ -45.514703599999962, -23.84182 ], [ -45.514648, -23.841686399999958 ], [ -45.514661099999955, -23.841527599999949 ], [ -45.514717, -23.841123799999934 ], [ -45.514693899999941, -23.840898099999947 ], [ -45.514528699999971, -23.840693399999964 ], [ -45.514441599999941, -23.840476 ], [ -45.514377199999956, -23.840254399999935 ], [ -45.514326799999935, -23.840129 ], [ -45.514143599999954, -23.840100099999972 ], [ -45.513933, -23.839958399999944 ], [ -45.513717799999938, -23.839858699999979 ], [ -45.513530199999934, -23.839721299999951 ], [ -45.51332, -23.839647 ], [ -45.513211799999965, -23.839566099999956 ], [ -45.513211799999965, -23.839269399999978 ], [ -45.513211499999954, -23.839010099999939 ], [ -45.51315649999998, -23.838859699999944 ], [ -45.513136599999939, -23.838680899999929 ], [ -45.513017399999967, -23.838526399999978 ], [ -45.51286609999994, -23.838334299999929 ], [ -45.512655399999971, -23.838146499999937 ], [ -45.512481499999978, -23.837987899999973 ], [ -45.512339599999962, -23.837841899999944 ], [ -45.512170599999934, -23.837732399999936 ], [ -45.512024199999985, -23.837544799999932 ], [ -45.511896099999944, -23.837398699999937 ], [ -45.511758799999939, -23.837302799999975 ], [ -45.511694699999964, -23.837127399999929 ], [ -45.511502399999983, -23.836968799999966 ], [ -45.51127809999997, -23.836831099999984 ], [ -45.511155, -23.836714699999959 ], [ -45.511099899999977, -23.836535 ], [ -45.511085799999933, -23.836200499999961 ], [ -45.511112899999944, -23.835995399999945 ], [ -45.511107799999934, -23.835681499999964 ], [ -45.511066099999937, -23.835367 ], [ -45.511065599999938, -23.835090799999932 ], [ -45.511101699999983, -23.834818699999971 ], [ -45.511128699999972, -23.834559199999944 ], [ -45.511160299999972, -23.834308 ], [ -45.511201, -23.834061199999951 ], [ -45.511282699999981, -23.83369689999995 ], [ -45.51136, -23.83344569999997 ], [ -45.511414699999932, -23.833290799999929 ], [ -45.51147839999993, -23.833118199999944 ], [ -45.511537699999963, -23.832984199999942 ], [ -45.511601599999949, -23.83286279999993 ], [ -45.51165629999997, -23.83274549999993 ], [ -45.51171549999998, -23.832624 ], [ -45.511770199999944, -23.832515099999966 ], [ -45.511866099999963, -23.832397799999967 ], [ -45.511952699999938, -23.832309699999939 ], [ -45.512007199999971, -23.832209199999966 ], [ -45.512084699999946, -23.832125399999939 ], [ -45.512194, -23.832037299999968 ], [ -45.512302899999952, -23.831932599999959 ], [ -45.512398299999973, -23.831861499999945 ], [ -45.51247989999996, -23.831790299999966 ], [ -45.51256159999997, -23.83172339999993 ], [ -45.512661399999956, -23.831677399999933 ], [ -45.512761199999943, -23.831618899999967 ], [ -45.51284759999993, -23.831606299999976 ], [ -45.512984399999937, -23.831627 ], [ -45.513107899999966, -23.831651799999975 ], [ -45.513152799999943, -23.831593399999974 ], [ -45.513224799999932, -23.831522499999949 ], [ -45.51334769999994, -23.831522399999983 ], [ -45.51347039999996, -23.831518099999982 ], [ -45.513605299999938, -23.831536799999981 ], [ -45.513774299999966, -23.831599 ], [ -45.51393429999996, -23.831677899999931 ], [ -45.514049899999975, -23.831704099999968 ], [ -45.51416219999993, -23.831731499999933 ], [ -45.514329099999941, -23.831734199999971 ], [ -45.514476799999954, -23.83177429999995 ], [ -45.514602699999955, -23.831854199999952 ], [ -45.514783199999954, -23.831931599999962 ], [ -45.51499089999993, -23.832024 ], [ -45.515202199999976, -23.832133499999941 ], [ -45.515341699999965, -23.832163299999934 ], [ -45.515546799999981, -23.832203 ], [ -45.515713299999959, -23.832260399999939 ], [ -45.515844499999957, -23.832290199999932 ], [ -45.516046899999935, -23.832312499999944 ], [ -45.51621659999995, -23.832349799999974 ], [ -45.516427499999963, -23.83239709999998 ], [ -45.516614, -23.832434499999977 ], [ -45.516737199999966, -23.832406699999979 ], [ -45.517051799999933, -23.832280899999944 ], [ -45.517233099999942, -23.83234079999994 ], [ -45.517329399999937, -23.83238579999994 ], [ -45.517588299999943, -23.832465799999966 ], [ -45.517815299999938, -23.832556799999963 ], [ -45.518156099999942, -23.832621899999936 ], [ -45.518361499999969, -23.83267509999996 ], [ -45.518576099999962, -23.832748 ], [ -45.518647499999986, -23.832697499999938 ], [ -45.518740299999934, -23.832496 ], [ -45.518704, -23.832327599999928 ], [ -45.518722799999978, -23.832184499999983 ], [ -45.518849, -23.832078799999977 ], [ -45.51892289999995, -23.831995799999959 ], [ -45.519101599999942, -23.831902399999933 ], [ -45.519205399999976, -23.831779299999937 ], [ -45.519493399999931, -23.831621499999983 ], [ -45.519553499999972, -23.831443 ], [ -45.519622, -23.831329899999957 ], [ -45.519723299999953, -23.831216799999936 ], [ -45.519838599999957, -23.83119389999996 ], [ -45.519945699999937, -23.83121129999995 ], [ -45.520077899999933, -23.831296499999951 ], [ -45.520207, -23.831261099999949 ], [ -45.520281299999965, -23.831276099999968 ], [ -45.52043539999994, -23.831278299999951 ], [ -45.520581299999947, -23.831295699999941 ], [ -45.520664099999976, -23.831361 ], [ -45.520768699999962, -23.831368399999974 ], [ -45.520859799999982, -23.83146389999996 ], [ -45.520948199999964, -23.83155679999993 ], [ -45.521033899999964, -23.83169769999995 ], [ -45.521023299999968, -23.831821099999956 ], [ -45.520919099999958, -23.831956799999944 ], [ -45.520924799999932, -23.832039899999927 ], [ -45.52100489999998, -23.83214049999998 ], [ -45.521131699999955, -23.832248599999957 ], [ -45.521074, -23.832283899999936 ], [ -45.520928199999958, -23.832299199999966 ], [ -45.520837399999948, -23.832347199999958 ], [ -45.520821099999978, -23.832468099999971 ], [ -45.520879099999945, -23.832566199999974 ], [ -45.520974799999976, -23.832688499999961 ], [ -45.521109899999942, -23.832796499999972 ], [ -45.521231199999932, -23.832902099999956 ], [ -45.521341399999983, -23.83293459999993 ], [ -45.521509299999934, -23.832972099999949 ], [ -45.521748899999977, -23.833059899999967 ], [ -45.52190029999997, -23.833067199999959 ], [ -45.522095599999943, -23.83303669999998 ], [ -45.522194599999978, -23.832943399999976 ], [ -45.52162009999995, -23.831901 ], [ -45.52144, -23.83154 ], [ -45.521207, -23.831258 ], [ -45.521026, -23.83112 ], [ -45.520841, -23.83102 ], [ -45.520594, -23.830934 ], [ -45.520319, -23.830913 ], [ -45.520002, -23.830927 ], [ -45.519678299999953, -23.830877899999962 ], [ -45.51935229999998, -23.830763699999977 ], [ -45.519099199999971, -23.830632499999979 ], [ -45.518671099999949, -23.830463 ], [ -45.518262299999947, -23.830392399999937 ], [ -45.517926199999977, -23.830396399999927 ], [ -45.517835899999966, -23.830384299999935 ], [ -45.517647, -23.830359 ], [ -45.517568399999959, -23.830325499999958 ], [ -45.517206099999953, -23.830181 ], [ -45.516618499999936, -23.830095899999947 ], [ -45.516120599999965, -23.829946099999972 ], [ -45.516041899999948, -23.830146899999932 ], [ -45.515953899999943, -23.830240199999935 ], [ -45.515884799999981, -23.830265 ], [ -45.51568919999994, -23.830335099999957 ], [ -45.515429099999949, -23.830363 ], [ -45.515178599999956, -23.830336799999941 ], [ -45.514659499999937, -23.830168699999945 ], [ -45.514194299999986, -23.829962499999965 ], [ -45.513587, -23.829582499999958 ], [ -45.512857199999985, -23.829260599999941 ], [ -45.512702099999956, -23.829221899999936 ], [ -45.512608299999954, -23.829185399999972 ], [ -45.512096499999984, -23.829070799999954 ], [ -45.511664399999972, -23.829058699999962 ], [ -45.510102699999948, -23.829164099999957 ], [ -45.510026899999957, -23.829157799999962 ], [ -45.508605799999941, -23.829039899999941 ], [ -45.508355299999948, -23.828989199999967 ], [ -45.508108499999935, -23.828897899999959 ], [ -45.507870199999957, -23.828730699999937 ], [ -45.507736299999976, -23.828639 ], [ -45.507642899999951, -23.828614 ], [ -45.507529099999942, -23.828627 ], [ -45.507455899999968, -23.828732099999968 ], [ -45.50733589999993, -23.828947399999947 ], [ -45.507056299999931, -23.82925629999994 ], [ -45.506416599999966, -23.829620599999942 ], [ -45.506050199999947, -23.829837699999928 ], [ -45.505322099999944, -23.830448 ], [ -45.505169399999943, -23.830572199999949 ], [ -45.505009599999937, -23.830635099999938 ], [ -45.504965099999936, -23.830646699999932 ], [ -45.504388099999971, -23.830798299999969 ], [ -45.504375899999957, -23.83080149999995 ], [ -45.503620199999943, -23.830889799999966 ], [ -45.503385799999933, -23.830947499999979 ], [ -45.503172, -23.83102219999995 ], [ -45.50281039999993, -23.831205899999929 ], [ -45.502275699999984, -23.831554399999959 ], [ -45.501727699999947, -23.831799199999978 ], [ -45.501265699999976, -23.831875299999979 ], [ -45.501201799999933, -23.831885799999952 ], [ -45.500714899999934, -23.831890399999963 ], [ -45.500663599999939, -23.831885499999942 ], [ -45.500287299999968, -23.831849599999941 ], [ -45.499939, -23.831877299999974 ], [ -45.499619499999937, -23.832024599999954 ], [ -45.499513799999932, -23.832063 ], [ -45.499341, -23.832125799999972 ], [ -45.499204099999986, -23.832217 ], [ -45.49901, -23.832346299999983 ], [ -45.498753199999953, -23.832463699999948 ], [ -45.498483299999975, -23.832501599999944 ], [ -45.498186799999985, -23.83250339999995 ], [ -45.498041, -23.832637599999941 ], [ -45.498033599999985, -23.83275139999995 ], [ -45.498133399999972, -23.832920899999976 ], [ -45.498443299999963, -23.83332269999994 ], [ -45.498570299999983, -23.833667399999968 ], [ -45.498748099999943, -23.833957599999962 ], [ -45.499175299999933, -23.834488199999953 ], [ -45.499679, -23.835262499999942 ], [ -45.499813599999982, -23.835521299999982 ], [ -45.499870199999975, -23.835690899999975 ], [ -45.50005079999994, -23.835922399999959 ], [ -45.500282499999969, -23.836184499999945 ], [ -45.500606699999935, -23.836469799999975 ], [ -45.500985599999979, -23.836711499999979 ], [ -45.50177709999997, -23.837225599999954 ], [ -45.502171299999929, -23.83761 ], [ -45.502756499999975, -23.838362299999972 ], [ -45.503003, -23.838624299999935 ], [ -45.503235699999948, -23.838863799999956 ], [ -45.50347679999993, -23.839011199999959 ], [ -45.503698, -23.839083599999981 ], [ -45.50399079999994, -23.839129599999978 ], [ -45.504785399999946, -23.839177599999971 ], [ -45.505263799999966, -23.839238299999977 ], [ -45.505579399999931, -23.839332099999979 ], [ -45.506096399999933, -23.839466799999968 ], [ -45.50637039999998, -23.839487599999927 ], [ -45.506655099999932, -23.839457799999934 ], [ -45.506942399999957, -23.839362 ], [ -45.507190199999968, -23.839182299999948 ], [ -45.507906199999979, -23.838483599999961 ], [ -45.508239299999957, -23.838281099999961 ], [ -45.508473799999933, -23.838244199999963 ], [ -45.508717399999966, -23.838253299999963 ], [ -45.508942499999932, -23.838329299999941 ], [ -45.509373699999969, -23.838600699999972 ], [ -45.509494, -23.838733099999956 ] ] ] } },
{ "type": "Feature", "properties": { "id": "3550704019", "cd_bairro": "3550704019", "bairro": "Calhetas", "cd_mun": "3550704", "municipio": "São Sebastião", "cd_dist": "355070405", "distrito": "São Sebastião" }, "geometry": { "type": "Polygon", "coordinates": [ [ [ -45.516120599999965, -23.829946099999972 ], [ -45.516618499999936, -23.830095899999947 ], [ -45.517206099999953, -23.830181 ], [ -45.517568399999959, -23.830325499999958 ], [ -45.517647, -23.830359 ], [ -45.517835899999966, -23.830384299999935 ], [ -45.517926199999977, -23.830396399999927 ], [ -45.518262299999947, -23.830392399999937 ], [ -45.518671099999949, -23.830463 ], [ -45.519099199999971, -23.830632499999979 ], [ -45.51935229999998, -23.830763699999977 ], [ -45.519678299999953, -23.830877899999962 ], [ -45.520002, -23.830927 ], [ -45.520319, -23.830913 ], [ -45.520594, -23.830934 ], [ -45.520841, -23.83102 ], [ -45.521026, -23.83112 ], [ -45.521207, -23.831258 ], [ -45.52144, -23.83154 ], [ -45.52162009999995, -23.831901 ], [ -45.522194599999978, -23.832943399999976 ], [ -45.522324099999935, -23.832915499999956 ], [ -45.52244109999998, -23.832944099999963 ], [ -45.52253479999996, -23.83299169999998 ], [ -45.522540599999957, -23.833102499999939 ], [ -45.522675599999957, -23.833195499999931 ], [ -45.522843599999931, -23.833202799999981 ], [ -45.522942499999942, -23.833114499999965 ], [ -45.522881799999936, -23.833026399999937 ], [ -45.52290359999995, -23.832910599999934 ], [ -45.522961199999941, -23.832797099999937 ], [ -45.52289769999993, -23.83270159999995 ], [ -45.522812099999953, -23.832585799999947 ], [ -45.522770699999967, -23.832485199999951 ], [ -45.522699799999941, -23.832465499999955 ], [ -45.522595099999933, -23.832438 ], [ -45.522528899999941, -23.83239279999998 ], [ -45.522550799999976, -23.832304599999929 ], [ -45.522545, -23.832148399999937 ], [ -45.522464799999966, -23.831977299999949 ], [ -45.522354499999949, -23.831876799999975 ], [ -45.52230179999998, -23.831703199999936 ], [ -45.522304499999962, -23.831645299999934 ], [ -45.522166699999957, -23.831595199999981 ], [ -45.521943699999952, -23.831565499999954 ], [ -45.521877, -23.831442699999968 ], [ -45.521819, -23.831364699999938 ], [ -45.521848599999942, -23.831057599999951 ], [ -45.521851399999946, -23.83105009999997 ], [ -45.521933499999932, -23.830876299999943 ], [ -45.522073499999976, -23.830705 ], [ -45.522076299999981, -23.830702499999973 ], [ -45.52215289999998, -23.830584199999976 ], [ -45.522270499999934, -23.830398099999968 ], [ -45.522360399999968, -23.830203899999958 ], [ -45.522412, -23.830080599999974 ], [ -45.522537099999965, -23.829834299999959 ], [ -45.522428499999933, -23.829544599999963 ], [ -45.522300099999939, -23.829590099999962 ], [ -45.521988599999986, -23.829577699999959 ], [ -45.521735, -23.829470199999946 ], [ -45.521307599999943, -23.829169 ], [ -45.520481199999949, -23.828751799999964 ], [ -45.520068399999957, -23.828400899999963 ], [ -45.519938599999932, -23.828324599999974 ], [ -45.519786299999964, -23.828298 ], [ -45.519756199999961, -23.828320799999972 ], [ -45.519621299999983, -23.827856 ], [ -45.519555899999943, -23.827467799999965 ], [ -45.519522499999937, -23.826935 ], [ -45.519528099999945, -23.826876299999981 ], [ -45.51960669999994, -23.826126399999964 ], [ -45.519605899999931, -23.826119499999947 ], [ -45.519640899999956, -23.82607749999994 ], [ -45.519590799999946, -23.826062299999933 ], [ -45.519540699999936, -23.826047199999948 ], [ -45.519447499999956, -23.826071899999931 ], [ -45.519300599999951, -23.826177099999938 ], [ -45.518978599999969, -23.826419399999963 ], [ -45.518720799999983, -23.826538599999935 ], [ -45.51822169999997, -23.826706399999978 ], [ -45.518000399999949, -23.826860699999941 ], [ -45.517937, -23.82694859999998 ], [ -45.517873499999951, -23.82703639999994 ], [ -45.517679699999974, -23.827185199999974 ], [ -45.517031699999961, -23.827445699999942 ], [ -45.516284399999961, -23.827915099999927 ], [ -45.515782499999943, -23.828117299999974 ], [ -45.515463699999941, -23.828188799999964 ], [ -45.515283199999942, -23.828220199999976 ], [ -45.515156599999955, -23.828251299999977 ], [ -45.515090099999952, -23.828306599999962 ], [ -45.515085799999952, -23.828376599999956 ], [ -45.515083599999969, -23.828411399999936 ], [ -45.515110499999935, -23.828509799999949 ], [ -45.515260799999965, -23.828762199999971 ], [ -45.51561849999996, -23.829144799999938 ], [ -45.515911499999959, -23.829458199999976 ], [ -45.516106299999933, -23.829809799999964 ], [ -45.516120599999965, -23.829946099999972 ] ] ] } },
{ "type": "Feature", "properties": { "id": "3550704020", "cd_bairro": "3550704020", "bairro": "Toque-Toque Pequeno", "cd_mun": "3550704", "municipio": "São Sebastião", "cd_dist": "355070405", "distrito": "São Sebastião" }, "geometry": { "type": "MultiPolygon", "coordinates": [ [ [ [ -45.541777699999955, -23.827322 ], [ -45.541751, -23.827322 ], [ -45.541746499999931, -23.827375599999982 ], [ -45.541826799999967, -23.827384499999937 ], [ -45.54187589999998, -23.827389 ], [ -45.541880399999968, -23.827438 ], [ -45.541813399999967, -23.827491599999973 ], [ -45.541764399999977, -23.827558499999952 ], [ -45.541701899999964, -23.827585299999953 ], [ -45.541670699999941, -23.827598699999953 ], [ -45.541652799999952, -23.827638799999932 ], [ -45.541652799999952, -23.82767 ], [ -45.541679599999952, -23.827705699999967 ], [ -45.541724199999976, -23.827745899999968 ], [ -45.541719699999931, -23.827772699999969 ], [ -45.541728699999965, -23.827826199999947 ], [ -45.541746499999931, -23.827848499999959 ], [ -45.541755399999943, -23.827906499999983 ], [ -45.541751, -23.827911 ], [ -45.541581399999984, -23.827911 ], [ -45.541487699999948, -23.827915399999938 ], [ -45.541394099999934, -23.827933299999927 ], [ -45.541349399999945, -23.827946699999927 ], [ -45.541309299999966, -23.827986799999962 ], [ -45.541264699999942, -23.828031399999929 ], [ -45.541260199999954, -23.82804479999993 ], [ -45.541251299999942, -23.828138499999966 ], [ -45.541237899999942, -23.828192099999967 ], [ -45.541224499999942, -23.828223299999934 ], [ -45.541188799999929, -23.828254499999957 ], [ -45.541157599999963, -23.828325899999982 ], [ -45.541179899999975, -23.828375 ], [ -45.541229, -23.828397299999949 ], [ -45.541322699999967, -23.828370499999949 ], [ -45.541496699999982, -23.828357099999948 ], [ -45.541603699999939, -23.828334799999936 ], [ -45.541795599999944, -23.828294699999958 ], [ -45.542018699999971, -23.828321399999936 ], [ -45.542232799999965, -23.828433 ], [ -45.542380099999946, -23.82849989999994 ], [ -45.542447, -23.828571299999965 ], [ -45.542384499999969, -23.828665 ], [ -45.542389, -23.828803299999947 ], [ -45.542571899999984, -23.828883599999983 ], [ -45.542683499999953, -23.82886579999996 ], [ -45.542750399999932, -23.828705099999979 ], [ -45.542737, -23.828544499999964 ], [ -45.542710199999931, -23.82847309999994 ], [ -45.542652199999964, -23.82842409999995 ], [ -45.542674499999976, -23.828343799999971 ], [ -45.542750399999932, -23.828325899999982 ], [ -45.542674499999976, -23.828147399999978 ], [ -45.542616499999951, -23.828107299999942 ], [ -45.54259419999994, -23.82807159999993 ], [ -45.542603099999951, -23.828027 ], [ -45.54263439999994, -23.828009099999974 ], [ -45.542621, -23.82796449999995 ], [ -45.542558499999984, -23.827893099999983 ], [ -45.542536199999972, -23.827826199999947 ], [ -45.542540699999961, -23.827741399999979 ], [ -45.542464799999948, -23.827661099999943 ], [ -45.542326499999945, -23.827563 ], [ -45.542134699999963, -23.827482699999962 ], [ -45.542041, -23.827375599999982 ], [ -45.541951799999936, -23.827304199999958 ], [ -45.541893799999968, -23.827295299999946 ], [ -45.541822399999944, -23.827308699999946 ], [ -45.541777699999955, -23.827322 ] ] ], [ [ [ -45.534622799999966, -23.818307199999936 ], [ -45.534798699999953, -23.818021399999964 ], [ -45.534925699999974, -23.817803 ], [ -45.535118799999964, -23.817477699999984 ], [ -45.53525389999993, -23.817231699999979 ], [ -45.535397099999955, -23.816951 ], [ -45.535564699999952, -23.816746799999976 ], [ -45.535748799999965, -23.816515699999968 ], [ -45.535882699999945, -23.816276899999934 ], [ -45.53608689999993, -23.816023599999937 ], [ -45.536238399999945, -23.815822299999979 ], [ -45.53648359999994, -23.815534899999932 ], [ -45.536632399999974, -23.815343599999949 ], [ -45.536808299999961, -23.815142399999957 ], [ -45.536813699999982, -23.815139899999963 ], [ -45.536970499999939, -23.81497109999998 ], [ -45.53733, -23.814780499999983 ], [ -45.537287699999979, -23.814699299999972 ], [ -45.536652299999957, -23.81429849999995 ], [ -45.536462799999981, -23.814265199999966 ], [ -45.536232199999972, -23.814263499999981 ], [ -45.536001, -23.814273399999934 ], [ -45.535790799999972, -23.81429339999994 ], [ -45.535534299999938, -23.814295 ], [ -45.535213099999964, -23.814283099999955 ], [ -45.53481869999996, -23.814256399999977 ], [ -45.534569599999941, -23.814271899999937 ], [ -45.534324399999946, -23.814287899999954 ], [ -45.533985599999937, -23.814331299999935 ], [ -45.533709399999964, -23.814323 ], [ -45.534562899999969, -23.813290199999983 ], [ -45.534135899999967, -23.813092499999982 ], [ -45.53391449999998, -23.813017399999978 ], [ -45.533578399999953, -23.81299359999997 ], [ -45.533430099999975, -23.81294029999998 ], [ -45.53322849999995, -23.812841399999968 ], [ -45.532854799999939, -23.812764299999969 ], [ -45.532350699999938, -23.812740599999927 ], [ -45.531376, -23.812813699999936 ], [ -45.530547699999943, -23.812778199999968 ], [ -45.529915099999982, -23.812645699999962 ], [ -45.529499899999962, -23.812529099999949 ], [ -45.529304199999956, -23.812321499999939 ], [ -45.52930269999996, -23.811627199999975 ], [ -45.529003, -23.811501 ], [ -45.528737199999966, -23.81146229999996 ], [ -45.528481799999952, -23.811515399999962 ], [ -45.528267899999946, -23.811668899999972 ], [ -45.528060299999936, -23.811788799999931 ], [ -45.527781599999969, -23.811831299999938 ], [ -45.527645199999938, -23.811843499999952 ], [ -45.52750889999993, -23.81186839999998 ], [ -45.527424599999961, -23.811910199999943 ], [ -45.52741489999994, -23.811949099999936 ], [ -45.527405299999941, -23.811988 ], [ -45.527349199999946, -23.812447899999938 ], [ -45.52725879999997, -23.81266949999997 ], [ -45.527127199999939, -23.812903 ], [ -45.52696409999993, -23.813098599999933 ], [ -45.526626499999963, -23.813382499999932 ], [ -45.525851899999964, -23.813768499999981 ], [ -45.525790299999983, -23.813799299999971 ], [ -45.525788, -23.813800399999934 ], [ -45.525464799999952, -23.813984199999936 ], [ -45.524759399999937, -23.814638 ], [ -45.524526399999957, -23.814795499999946 ], [ -45.524430399999972, -23.81486039999993 ], [ -45.524230699999976, -23.814996599999972 ], [ -45.524160499999937, -23.815127799999971 ], [ -45.52416089999997, -23.815226199999927 ], [ -45.524176699999941, -23.815278499999977 ], [ -45.52419169999996, -23.815328199999954 ], [ -45.52428539999994, -23.815423599999974 ], [ -45.524356799999964, -23.815479599999946 ], [ -45.524537599999974, -23.815621599999929 ], [ -45.52572779999997, -23.816450199999963 ], [ -45.525738699999977, -23.816462599999966 ], [ -45.526403399999936, -23.817222899999933 ], [ -45.526897299999973, -23.817485799999929 ], [ -45.527122899999938, -23.817659399999968 ], [ -45.52725, -23.817771799999946 ], [ -45.52732229999998, -23.817926899999975 ], [ -45.527358199999981, -23.818073099999935 ], [ -45.527321499999971, -23.818226799999934 ], [ -45.527217899999982, -23.818331 ], [ -45.52658219999995, -23.818712599999969 ], [ -45.526405, -23.818833299999937 ], [ -45.526279, -23.818993599999942 ], [ -45.52623959999994, -23.819190599999956 ], [ -45.526248199999941, -23.819379399999946 ], [ -45.526262199999962, -23.819385199999942 ], [ -45.526269899999932, -23.819429599999978 ], [ -45.526531699999964, -23.819792699999937 ], [ -45.526778899999954, -23.819907899999976 ], [ -45.527017199999932, -23.819956499999932 ], [ -45.527472699999976, -23.820154499999944 ], [ -45.527675299999942, -23.820302599999934 ], [ -45.528031099999964, -23.820630499999936 ], [ -45.528205699999944, -23.820852499999944 ], [ -45.528313899999944, -23.821058899999969 ], [ -45.528365899999983, -23.821365699999944 ], [ -45.528377499999976, -23.821707699999934 ], [ -45.528368399999977, -23.822181499999942 ], [ -45.528411799999958, -23.82249429999996 ], [ -45.528483699999981, -23.822800499999971 ], [ -45.528641499999935, -23.823026499999969 ], [ -45.528902099999982, -23.823328099999969 ], [ -45.529194899999936, -23.823588199999961 ], [ -45.52933969999998, -23.823653099999945 ], [ -45.529480299999932, -23.823744 ], [ -45.529755, -23.823955199999943 ], [ -45.529964299999961, -23.824196899999947 ], [ -45.530180599999937, -23.824411699999928 ], [ -45.53061619999994, -23.824762699999951 ], [ -45.530833399999949, -23.824843 ], [ -45.531228799999951, -23.824932199999978 ], [ -45.531431599999962, -23.825002899999959 ], [ -45.531855299999961, -23.825108799999953 ], [ -45.532051299999978, -23.825186 ], [ -45.532632599999943, -23.825431599999945 ], [ -45.532971599999939, -23.825646899999981 ], [ -45.53309889999997, -23.825745099999949 ], [ -45.533469599999933, -23.826126299999942 ], [ -45.533581599999934, -23.826274299999966 ], [ -45.533798099999956, -23.82658559999993 ], [ -45.534324599999934, -23.827413299999932 ], [ -45.534520499999985, -23.827782399999933 ], [ -45.534545199999968, -23.827886199999966 ], [ -45.534542, -23.82802479999998 ], [ -45.534509899999932, -23.828150799999946 ], [ -45.537207, -23.828867 ], [ -45.538389099999961, -23.829210599999954 ], [ -45.538494899999932, -23.829317599999968 ], [ -45.538456399999973, -23.829151199999956 ], [ -45.538372899999956, -23.829054199999973 ], [ -45.538455499999941, -23.828908699999943 ], [ -45.538659699999982, -23.82887409999995 ], [ -45.538894399999947, -23.828832599999942 ], [ -45.539129099999968, -23.828825599999959 ], [ -45.539273, -23.82886 ], [ -45.539515499999936, -23.828922099999943 ], [ -45.539704599999936, -23.828832 ], [ -45.539795, -23.82867959999993 ], [ -45.539726599999938, -23.828506699999934 ], [ -45.539597599999979, -23.828403099999946 ], [ -45.539423299999953, -23.828292599999941 ], [ -45.539248899999961, -23.828189099999975 ], [ -45.539059599999973, -23.828134 ], [ -45.53896089999995, -23.828030399999932 ], [ -45.538900299999966, -23.827871399999935 ], [ -45.538771699999984, -23.827705699999967 ], [ -45.53859, -23.827622899999938 ], [ -45.538370399999963, -23.827554099999929 ], [ -45.538211399999966, -23.827464499999962 ], [ -45.538029699999981, -23.827402599999971 ], [ -45.537817899999936, -23.827340799999945 ], [ -45.537606199999971, -23.827320499999928 ], [ -45.537349399999982, -23.827341799999942 ], [ -45.537153199999977, -23.827369799999929 ], [ -45.536904099999958, -23.827315099999964 ], [ -45.536737699999946, -23.82714969999995 ], [ -45.536579, -23.826991199999952 ], [ -45.536382699999933, -23.826839799999959 ], [ -45.536318699999981, -23.826634799999965 ], [ -45.536250399999972, -23.826393799999948 ], [ -45.536250199999984, -23.826118399999928 ], [ -45.536227199999985, -23.825822 ], [ -45.536158499999942, -23.825562599999955 ], [ -45.536007199999972, -23.825403399999971 ], [ -45.53601679999997, -23.825065599999959 ], [ -45.535806599999944, -23.824991199999943 ], [ -45.535627199999965, -23.824916599999938 ], [ -45.53544949999997, -23.824808099999927 ], [ -45.535280199999931, -23.824700699999937 ], [ -45.53506479999993, -23.824658699999929 ], [ -45.534797899999944, -23.824626 ], [ -45.534680899999955, -23.824507099999948 ], [ -45.534562, -23.824282899999957 ], [ -45.53422889999996, -23.82409789999997 ], [ -45.533977599999957, -23.823896899999966 ], [ -45.533818599999961, -23.823789399999953 ], [ -45.533710099999951, -23.823626299999944 ], [ -45.533497299999965, -23.823503599999981 ], [ -45.533462899999961, -23.823455399999943 ], [ -45.533416099999954, -23.82339 ], [ -45.533392, -23.823356399999966 ], [ -45.533371399999965, -23.823128 ], [ -45.533404299999972, -23.822839 ], [ -45.533400299999983, -23.822585599999968 ], [ -45.533421399999952, -23.822289199999943 ], [ -45.533456299999955, -23.821962199999973 ], [ -45.53350249999994, -23.821695399999953 ], [ -45.533519699999943, -23.821428599999933 ], [ -45.533555099999944, -23.821217799999943 ], [ -45.53361179999996, -23.820959799999969 ], [ -45.533679699999936, -23.820709499999964 ], [ -45.533733299999938, -23.820465799999965 ], [ -45.533761699999957, -23.820271499999933 ], [ -45.533790099999976, -23.820100199999956 ], [ -45.53389379999993, -23.819818199999929 ], [ -45.53402989999995, -23.819488699999965 ], [ -45.53414859999998, -23.819224099999929 ], [ -45.534348699999953, -23.818843799999968 ], [ -45.534479599999941, -23.818573099999981 ], [ -45.534622799999966, -23.818307199999936 ] ] ] ] } },
{ "type": "Feature", "properties": { "id": "3550704021", "cd_bairro": "3550704021", "bairro": "Santiago", "cd_mun": "3550704", "municipio": "São Sebastião", "cd_dist": "355070410", "distrito": "Maresias" }, "geometry": { "type": "Polygon", "coordinates": [ [ [ -45.540016499999979, -23.812084699999957 ], [ -45.540216799999939, -23.811933099999976 ], [ -45.540390099999968, -23.81177619999994 ], [ -45.540523099999973, -23.81166479999996 ], [ -45.540720699999952, -23.811552799999959 ], [ -45.54094559999993, -23.811428299999932 ], [ -45.541116199999976, -23.81128149999995 ], [ -45.54127879999993, -23.811167 ], [ -45.541449599999964, -23.811042599999951 ], [ -45.54159059999995, -23.810947899999974 ], [ -45.541742599999964, -23.810855599999968 ], [ -45.54199159999996, -23.810681799999941 ], [ -45.542143299999964, -23.810582199999942 ], [ -45.542316799999981, -23.81048009999995 ], [ -45.542506599999967, -23.810382899999979 ], [ -45.542658399999937, -23.810288299999968 ], [ -45.542849799999942, -23.810176899999931 ], [ -45.543070099999966, -23.810027399999967 ], [ -45.543325599999946, -23.809895299999937 ], [ -45.543539299999964, -23.809719499999972 ], [ -45.543743499999948, -23.809587599999929 ], [ -45.543893399999945, -23.809473399999945 ], [ -45.544218899999976, -23.809274099999982 ], [ -45.544343099999935, -23.809177499999976 ], [ -45.544486199999938, -23.809072299999968 ], [ -45.544677, -23.809011 ], [ -45.544959499999948, -23.809114099999931 ], [ -45.545080799999937, -23.809149699999978 ], [ -45.545079699999974, -23.809098199999937 ], [ -45.545304099999953, -23.80797309999997 ], [ -45.544877399999962, -23.807617899999968 ], [ -45.544715599999961, -23.80744679999998 ], [ -45.544268299999942, -23.806775499999958 ], [ -45.544114799999932, -23.806455399999948 ], [ -45.544042599999955, -23.806139499999972 ], [ -45.544039, -23.805489199999954 ], [ -45.543978299999935, -23.805281699999966 ], [ -45.543839299999945, -23.805128599999932 ], [ -45.543672, -23.805020899999931 ], [ -45.543466699999954, -23.805017 ], [ -45.542678299999977, -23.805466899999942 ], [ -45.542366399999935, -23.805558299999973 ], [ -45.541667199999949, -23.805700799999954 ], [ -45.540444699999966, -23.806134099999952 ], [ -45.540065199999958, -23.80620319999997 ], [ -45.539849199999935, -23.806199399999969 ], [ -45.539326699999947, -23.806106399999976 ], [ -45.539180299999941, -23.806097899999941 ], [ -45.539083299999959, -23.806147899999928 ], [ -45.539043799999945, -23.806306099999972 ], [ -45.53903, -23.80654549999997 ], [ -45.53899789999997, -23.806645 ], [ -45.538954899999965, -23.806699299999934 ], [ -45.538464399999953, -23.807238499999983 ], [ -45.538269499999956, -23.807568799999956 ], [ -45.53815979999996, -23.807916899999952 ], [ -45.538061899999946, -23.808427599999959 ], [ -45.538079, -23.808779799999968 ], [ -45.53822729999996, -23.809262499999932 ], [ -45.538762599999984, -23.810055499999976 ], [ -45.538843, -23.810217799999975 ], [ -45.538898299999971, -23.810533699999951 ], [ -45.538818899999967, -23.810841099999948 ], [ -45.538724299999956, -23.810972399999969 ], [ -45.538610899999981, -23.811072099999933 ], [ -45.538256099999955, -23.811258499999951 ], [ -45.53805449999993, -23.811394699999937 ], [ -45.538033499999983, -23.81146 ], [ -45.539109899999971, -23.811604799999941 ], [ -45.539229499999976, -23.81162089999998 ], [ -45.539280799999972, -23.81163429999998 ], [ -45.539428199999975, -23.81166989999997 ], [ -45.539612899999952, -23.811755099999971 ], [ -45.539669199999935, -23.811782 ], [ -45.539964899999973, -23.81198379999995 ], [ -45.540016499999979, -23.812084699999957 ] ] ] } },
{ "type": "Feature", "properties": { "id": "3550704022", "cd_bairro": "3550704022", "bairro": "Paúba", "cd_mun": "3550704", "municipio": "São Sebastião", "cd_dist": "355070410", "distrito": "Maresias" }, "geometry": { "type": "Polygon", "coordinates": [ [ [ -45.545356599999934, -23.802996 ], [ -45.54539989999995, -23.803035699999953 ], [ -45.545592499999941, -23.803212099999939 ], [ -45.545992099999978, -23.803712 ], [ -45.546233599999937, -23.803923399999974 ], [ -45.546463899999935, -23.804499199999952 ], [ -45.546672199999932, -23.804608099999939 ], [ -45.547172099999955, -23.804973399999938 ], [ -45.547370699999931, -23.805085599999927 ], [ -45.547559799999931, -23.805015099999935 ], [ -45.547809699999959, -23.804778 ], [ -45.547913299999948, -23.80467589999995 ], [ -45.547999899999979, -23.804725499999961 ], [ -45.548498099999961, -23.804868299999953 ], [ -45.54886149999993, -23.804916699999978 ], [ -45.550099299999943, -23.803573899999947 ], [ -45.550114699999938, -23.803620599999931 ], [ -45.550166299999944, -23.803695499999947 ], [ -45.550256399999967, -23.803797199999963 ], [ -45.550326899999959, -23.803872699999943 ], [ -45.550584799999967, -23.804079599999966 ], [ -45.550726599999962, -23.804155799999933 ], [ -45.550893699999961, -23.804227499999968 ], [ -45.551454099999944, -23.804406099999937 ], [ -45.551559199999986, -23.804478 ], [ -45.552061, -23.804872199999977 ], [ -45.552071299999966, -23.804673599999944 ], [ -45.552090599999985, -23.804491799999937 ], [ -45.552118599999972, -23.804343299999971 ], [ -45.552183, -23.80417 ], [ -45.552227799999969, -23.803939399999933 ], [ -45.552347, -23.803651 ], [ -45.552420499999982, -23.803461499999969 ], [ -45.552494099999933, -23.80324719999993 ], [ -45.552594799999952, -23.803041199999939 ], [ -45.552722399999936, -23.802852 ], [ -45.552804899999956, -23.80266249999994 ], [ -45.552842, -23.802505799999949 ], [ -45.552960699999971, -23.802316499999961 ], [ -45.553062599999976, -23.802122099999963 ], [ -45.553172099999983, -23.801932799999975 ], [ -45.553290799999957, -23.80174349999993 ], [ -45.553463499999964, -23.801579099999969 ], [ -45.55355469999995, -23.801455699999963 ], [ -45.553664, -23.801315799999941 ], [ -45.553800299999978, -23.801200899999969 ], [ -45.553846399999941, -23.801069 ], [ -45.553955599999938, -23.800945699999943 ], [ -45.554035799999951, -23.800996699999928 ], [ -45.554116499999964, -23.801023 ], [ -45.554184099999929, -23.80103889999998 ], [ -45.554283699999985, -23.801080699999943 ], [ -45.554535, -23.800891299999932 ], [ -45.554520799999977, -23.800869399999954 ], [ -45.554068399999949, -23.800174699999957 ], [ -45.553439499999968, -23.799208699999951 ], [ -45.553419799999972, -23.799178499999982 ], [ -45.553383899999972, -23.799229799999978 ], [ -45.553288099999975, -23.799382099999946 ], [ -45.553100899999947, -23.799428 ], [ -45.552842, -23.799423699999977 ], [ -45.552653, -23.79942049999994 ], [ -45.55230819999997, -23.79935409999996 ], [ -45.551619699999947, -23.799257199999943 ], [ -45.55121859999997, -23.799127599999963 ], [ -45.550973399999975, -23.798907199999974 ], [ -45.550497199999938, -23.798217899999941 ], [ -45.549783, -23.797624399999961 ], [ -45.549394199999938, -23.797354799999937 ], [ -45.549029299999972, -23.797161899999935 ], [ -45.548691, -23.797041199999967 ], [ -45.548002399999973, -23.796899099999962 ], [ -45.546963199999936, -23.796771799999931 ], [ -45.546146399999941, -23.796734 ], [ -45.544679099999939, -23.796549499999969 ], [ -45.544334099999958, -23.796442399999933 ], [ -45.544008599999984, -23.796271899999965 ], [ -45.543826299999978, -23.796119 ], [ -45.542921799999931, -23.795115099999975 ], [ -45.542437499999949, -23.794746499999974 ], [ -45.542132399999957, -23.794557899999973 ], [ -45.541981899999939, -23.79449969999996 ], [ -45.541303, -23.794362099999944 ], [ -45.54081629999996, -23.794368299999974 ], [ -45.540438699999982, -23.794441899999981 ], [ -45.539370299999973, -23.794815899999946 ], [ -45.538588599999969, -23.794949599999939 ], [ -45.537663299999963, -23.795273499999951 ], [ -45.53692209999997, -23.795474799999965 ], [ -45.536276499999985, -23.795811199999946 ], [ -45.535910399999977, -23.796074399999952 ], [ -45.535043299999984, -23.796474899999964 ], [ -45.534911099999931, -23.796561199999928 ], [ -45.534839, -23.796678799999938 ], [ -45.534864, -23.796805199999937 ], [ -45.534952, -23.796931299999983 ], [ -45.535083, -23.797021199999961 ], [ -45.535692499999982, -23.797249399999941 ], [ -45.53639469999996, -23.797630799999979 ], [ -45.537084199999981, -23.797908399999983 ], [ -45.537395, -23.798074399999962 ], [ -45.537751399999934, -23.798353199999951 ], [ -45.537906, -23.798438499999975 ], [ -45.538238099999944, -23.798545699999977 ], [ -45.53893869999996, -23.798674199999937 ], [ -45.539214, -23.798790699999927 ], [ -45.53958, -23.799024199999963 ], [ -45.539774799999975, -23.79909129999993 ], [ -45.540244099999938, -23.799170899999979 ], [ -45.540603699999963, -23.799187699999948 ], [ -45.540939599999945, -23.799254299999973 ], [ -45.541196299999967, -23.799384399999951 ], [ -45.541580499999952, -23.799726299999975 ], [ -45.541873899999985, -23.799905899999942 ], [ -45.542217, -23.800013 ], [ -45.542890799999952, -23.800124199999971 ], [ -45.543149099999937, -23.800206299999957 ], [ -45.543230899999969, -23.80023529999994 ], [ -45.543488699999955, -23.800428599999975 ], [ -45.543654599999968, -23.80063569999993 ], [ -45.543990899999983, -23.801253299999928 ], [ -45.544493899999964, -23.801585699999976 ], [ -45.544612299999983, -23.801734299999964 ], [ -45.544749, -23.801986699999929 ], [ -45.544884299999978, -23.802442399999961 ], [ -45.545067099999983, -23.802730699999927 ], [ -45.545356599999934, -23.802996 ] ] ] } },
{ "type": "Feature", "properties": { "id": "3550704023", "cd_bairro": "3550704023", "bairro": "Maresias", "cd_mun": "3550704", "municipio": "São Sebastião", "cd_dist": "355070410", "distrito": "Maresias" }, "geometry": { "type": "Polygon", "coordinates": [ [ [ -45.567261299999984, -23.79205989999997 ], [ -45.568462099999977, -23.792103899999972 ], [ -45.57198649999998, -23.792214599999966 ], [ -45.575490099999968, -23.792294699999957 ], [ -45.579512299999976, -23.792328399999974 ], [ -45.583175499999982, -23.792385299999978 ], [ -45.586460699999975, -23.792506 ], [ -45.587557799999956, -23.792674399999953 ], [ -45.587592099999938, -23.792752 ], [ -45.587653299999943, -23.792878799999983 ], [ -45.587678899999958, -23.79296729999993 ], [ -45.587714299999959, -23.793062899999939 ], [ -45.587771, -23.793181599999969 ], [ -45.587792, -23.793273899999974 ], [ -45.58783429999994, -23.793402399999934 ], [ -45.587840299999982, -23.79359 ], [ -45.587914799999965, -23.793741699999941 ], [ -45.588003699999945, -23.793870399999946 ], [ -45.588084699999968, -23.793841499999928 ], [ -45.589217299999973, -23.792553099999964 ], [ -45.589279, -23.792483499999946 ], [ -45.589629899999977, -23.792087099999947 ], [ -45.589864199999965, -23.791822399999944 ], [ -45.589862699999969, -23.791806699999938 ], [ -45.589858699999979, -23.791763599999967 ], [ -45.589654099999962, -23.791034599999932 ], [ -45.589324899999951, -23.790285199999971 ], [ -45.589233799999931, -23.789884599999937 ], [ -45.589215699999954, -23.789805099999967 ], [ -45.589214699999957, -23.789564 ], [ -45.5893, -23.789336899999967 ], [ -45.589400499999954, -23.789193 ], [ -45.589588299999946, -23.789065799999946 ], [ -45.590007699999944, -23.788862399999971 ], [ -45.590149499999939, -23.788793599999963 ], [ -45.590327599999966, -23.788656499999945 ], [ -45.590479399999936, -23.788384099999973 ], [ -45.590553899999975, -23.788127299999928 ], [ -45.590602599999954, -23.787399099999959 ], [ -45.590657399999941, -23.787141399999939 ], [ -45.591010399999959, -23.786410299999943 ], [ -45.591189699999973, -23.785920099999942 ], [ -45.591367499999933, -23.785079399999972 ], [ -45.591982899999948, -23.78443029999994 ], [ -45.592019799999946, -23.784326299999975 ], [ -45.59196819999994, -23.784202799999946 ], [ -45.591750799999943, -23.784102399999938 ], [ -45.59124079999998, -23.783966199999952 ], [ -45.590420499999937, -23.78379949999993 ], [ -45.589984499999957, -23.783754099999953 ], [ -45.589634899999965, -23.783717599999932 ], [ -45.58932539999995, -23.783653799999968 ], [ -45.588816099999974, -23.783450699999946 ], [ -45.588155499999971, -23.78301149999993 ], [ -45.587924299999941, -23.782888699999944 ], [ -45.587694299999953, -23.782809199999974 ], [ -45.587315299999943, -23.782789799999932 ], [ -45.58690189999993, -23.782964799999945 ], [ -45.586668199999963, -23.78315269999996 ], [ -45.586491599999931, -23.783393599999954 ], [ -45.586314199999947, -23.783878399999935 ], [ -45.586174199999959, -23.784617799999978 ], [ -45.586083, -23.784862899999951 ], [ -45.586062799999979, -23.78489 ], [ -45.585733699999935, -23.785332099999948 ], [ -45.585562599999946, -23.785478199999943 ], [ -45.585353, -23.785580099999947 ], [ -45.58500209999994, -23.78567 ], [ -45.58473609999993, -23.785684499999945 ], [ -45.58447, -23.785656599999982 ], [ -45.583409899999936, -23.785424 ], [ -45.582578499999954, -23.78517869999996 ], [ -45.581867599999953, -23.784901399999967 ], [ -45.581176699999958, -23.784478599999943 ], [ -45.580744799999934, -23.78431409999996 ], [ -45.580674299999941, -23.784287199999937 ], [ -45.580417799999964, -23.784226699999977 ], [ -45.579169099999945, -23.784182699999974 ], [ -45.578853699999968, -23.784098899999947 ], [ -45.578605699999969, -23.783954499999936 ], [ -45.57844289999997, -23.783758199999966 ], [ -45.578350399999977, -23.783485699999972 ], [ -45.57839649999994, -23.78324079999993 ], [ -45.578541599999937, -23.782998199999952 ], [ -45.579121199999975, -23.782223699999975 ], [ -45.57923889999995, -23.781979399999955 ], [ -45.579317199999934, -23.781481499999927 ], [ -45.579210399999965, -23.78131209999998 ], [ -45.579033799999934, -23.781326299999932 ], [ -45.578612799999974, -23.781567199999927 ], [ -45.578366899999935, -23.781669299999976 ], [ -45.577553599999931, -23.781753599999945 ], [ -45.577005899999961, -23.781734899999947 ], [ -45.576766899999939, -23.781632799999954 ], [ -45.576376799999935, -23.781298299999946 ], [ -45.576146499999936, -23.781160899999975 ], [ -45.575883, -23.781063499999959 ], [ -45.575613899999951, -23.781026499999939 ], [ -45.575369199999955, -23.780941699999971 ], [ -45.574904799999956, -23.780695899999955 ], [ -45.57464049999993, -23.780630899999949 ], [ -45.574340099999972, -23.780617599999971 ], [ -45.574084299999981, -23.780681799999968 ], [ -45.573589799999979, -23.78087789999995 ], [ -45.573553199999935, -23.780892399999971 ], [ -45.573026699999957, -23.781015399999944 ], [ -45.572494699999936, -23.781011 ], [ -45.571973599999978, -23.780803399999968 ], [ -45.571777499999939, -23.780617199999938 ], [ -45.571426699999961, -23.780079299999954 ], [ -45.571282399999973, -23.780068099999937 ], [ -45.570895299999961, -23.780216699999983 ], [ -45.570630599999959, -23.780268299999932 ], [ -45.570060199999944, -23.780246 ], [ -45.569272199999943, -23.780040299999939 ], [ -45.568981, -23.779883299999938 ], [ -45.568882, -23.779684 ], [ -45.568907899999942, -23.779551099999935 ], [ -45.569276499999944, -23.77923 ], [ -45.569454899999982, -23.778953 ], [ -45.569444, -23.778708299999948 ], [ -45.569233399999973, -23.778346799999952 ], [ -45.569100599999956, -23.778289499999971 ], [ -45.568702, -23.778254899999979 ], [ -45.568347099999983, -23.778351 ], [ -45.567810099999974, -23.778545399999928 ], [ -45.567468399999939, -23.778499699999941 ], [ -45.567332499999964, -23.778407099999981 ], [ -45.567212, -23.778228 ], [ -45.56719419999996, -23.778201699999954 ], [ -45.567191, -23.777899099999956 ], [ -45.567283399999951, -23.77770819999995 ], [ -45.56768349999993, -23.777172899999982 ], [ -45.567773599999953, -23.776911599999949 ], [ -45.567779799999983, -23.776761599999929 ], [ -45.567528, -23.776186299999949 ], [ -45.56750779999993, -23.775979799999959 ], [ -45.567504399999962, -23.775945199999967 ], [ -45.567448899999931, -23.775809 ], [ -45.567268199999944, -23.77578619999997 ], [ -45.567025299999955, -23.7759 ], [ -45.566769299999976, -23.775950599999931 ], [ -45.566479499999957, -23.775880299999983 ], [ -45.566264899999965, -23.775742899999955 ], [ -45.56585119999994, -23.775395799999956 ], [ -45.565415299999984, -23.77512459999997 ], [ -45.565236, -23.775073199999952 ], [ -45.565176799999961, -23.775043199999971 ], [ -45.564777499999934, -23.774941799999965 ], [ -45.563863099999935, -23.774541399999976 ], [ -45.563373299999967, -23.774070799999947 ], [ -45.562874299999976, -23.773756499999934 ], [ -45.562539, -23.773607799999979 ], [ -45.562243199999955, -23.773521199999948 ], [ -45.561996699999952, -23.773486899999966 ], [ -45.56142269999998, -23.773508 ], [ -45.561285899999973, -23.773433499999953 ], [ -45.561002799999983, -23.773161899999934 ], [ -45.560983399999941, -23.773247 ], [ -45.560993399999973, -23.773410699999943 ], [ -45.560520699999984, -23.773301 ], [ -45.560459699999967, -23.773318899999936 ], [ -45.560215, -23.773287399999958 ], [ -45.56016569999997, -23.773267099999941 ], [ -45.560045799999955, -23.773217799999941 ], [ -45.559664599999962, -23.772934099999929 ], [ -45.558601599999974, -23.771832899999936 ], [ -45.558183199999974, -23.771525299999951 ], [ -45.557554699999969, -23.771182899999928 ], [ -45.556655699999965, -23.770812699999965 ], [ -45.55607219999996, -23.770608 ], [ -45.555623399999945, -23.770505699999944 ], [ -45.55545079999996, -23.770492599999955 ], [ -45.554945499999974, -23.770466499999941 ], [ -45.554567799999973, -23.770414599999981 ], [ -45.554265099999952, -23.770303099999978 ], [ -45.55413649999997, -23.770232599999929 ], [ -45.553920399999981, -23.770089699999971 ], [ -45.553782, -23.769955599999946 ], [ -45.553676899999971, -23.769899699999939 ], [ -45.553543099999956, -23.769899199999941 ], [ -45.553419, -23.769985599999927 ], [ -45.55313979999994, -23.770210099999929 ], [ -45.552916399999958, -23.770299899999941 ], [ -45.552695899999947, -23.77030149999996 ], [ -45.552157, -23.770215299999961 ], [ -45.551848799999959, -23.770094699999959 ], [ -45.551377599999967, -23.769836599999962 ], [ -45.550794899999971, -23.769466 ], [ -45.550600199999963, -23.769361499999945 ], [ -45.549956, -23.769058899999948 ], [ -45.54935, -23.768818899999928 ], [ -45.54882159999994, -23.768532599999958 ], [ -45.548666099999934, -23.768473 ], [ -45.548353099999986, -23.768401799999936 ], [ -45.547979299999952, -23.768236699999932 ], [ -45.547851199999968, -23.768201499999975 ], [ -45.547654299999977, -23.768212 ], [ -45.547606899999948, -23.768261099999961 ], [ -45.547581299999933, -23.76834359999998 ], [ -45.547646, -23.769136299999957 ], [ -45.547696299999984, -23.76934069999993 ], [ -45.547780199999977, -23.769550799999934 ], [ -45.548022899999978, -23.769920699999943 ], [ -45.548059, -23.770010499999955 ], [ -45.548103499999968, -23.77011559999994 ], [ -45.548106699999948, -23.770272499999976 ], [ -45.548097799999937, -23.770494799999938 ], [ -45.548046899999974, -23.770646899999974 ], [ -45.547954799999957, -23.770790399999953 ], [ -45.547836, -23.770900099999949 ], [ -45.547713699999974, -23.770979799999964 ], [ -45.547541599999931, -23.77104049999997 ], [ -45.547273699999948, -23.771167199999979 ], [ -45.547217499999931, -23.771252299999958 ], [ -45.54720089999995, -23.771373 ], [ -45.547238199999981, -23.771469199999956 ], [ -45.547462, -23.771703199999934 ], [ -45.547577199999978, -23.771879099999978 ], [ -45.547777199999985, -23.772292599999957 ], [ -45.54786219999994, -23.772402599999964 ], [ -45.548093899999969, -23.772625699999935 ], [ -45.548513899999932, -23.772863399999949 ], [ -45.548641699999962, -23.772961699999939 ], [ -45.548721899999975, -23.773082399999964 ], [ -45.548766099999966, -23.773200599999939 ], [ -45.54876059999998, -23.773398699999973 ], [ -45.548737099999983, -23.773562899999945 ], [ -45.54873269999996, -23.773690599999952 ], [ -45.548743799999954, -23.773722799999973 ], [ -45.548765399999979, -23.773836 ], [ -45.548858399999972, -23.773936299999946 ], [ -45.549153, -23.774017199999946 ], [ -45.549292299999934, -23.774082399999941 ], [ -45.549549799999966, -23.774279199999967 ], [ -45.549668399999973, -23.774454299999945 ], [ -45.549729799999966, -23.77458 ], [ -45.549768899999947, -23.774760599999979 ], [ -45.549801799999955, -23.775080899999978 ], [ -45.549810799999932, -23.77556809999993 ], [ -45.54984079999997, -23.775712099999964 ], [ -45.549899699999969, -23.775883499999964 ], [ -45.549971399999947, -23.776003599999967 ], [ -45.550246699999946, -23.776289099999929 ], [ -45.550484899999958, -23.776424099999929 ], [ -45.550556399999948, -23.776442499999973 ], [ -45.550627899999938, -23.776460899999961 ], [ -45.550827899999945, -23.776470099999983 ], [ -45.551027899999951, -23.776479299999949 ], [ -45.551303099999984, -23.776582099999928 ], [ -45.551531099999977, -23.776770899999974 ], [ -45.551613499999974, -23.776864199999977 ], [ -45.551742699999977, -23.777134699999976 ], [ -45.551859, -23.777311699999927 ], [ -45.55208829999998, -23.777607 ], [ -45.55230819999997, -23.77778619999998 ], [ -45.552795899999978, -23.77803849999998 ], [ -45.553107, -23.778299699999934 ], [ -45.553372299999978, -23.778588199999945 ], [ -45.553515199999936, -23.778775699999983 ], [ -45.553653099999963, -23.779033799999979 ], [ -45.553739699999937, -23.77925 ], [ -45.553792699999974, -23.779409099999953 ], [ -45.553828799999962, -23.77962139999994 ], [ -45.553872299999966, -23.779877099999965 ], [ -45.554003399999942, -23.780384499999968 ], [ -45.554519399999947, -23.781570899999963 ], [ -45.554599399999972, -23.781824899999947 ], [ -45.554683699999941, -23.782305699999938 ], [ -45.554703599999982, -23.782632099999944 ], [ -45.55470159999993, -23.782749399999943 ], [ -45.554691799999944, -23.782840299999975 ], [ -45.554649199999972, -23.783083899999951 ], [ -45.554559199999971, -23.783228399999928 ], [ -45.554420499999935, -23.78332249999994 ], [ -45.554258199999936, -23.783376099999941 ], [ -45.55378769999993, -23.783471899999938 ], [ -45.55362, -23.783556799999928 ], [ -45.553527199999962, -23.783648399999947 ], [ -45.553507, -23.783718699999952 ], [ -45.553514, -23.783831599999928 ], [ -45.553564799999947, -23.783951299999956 ], [ -45.555070799999953, -23.783957699999974 ], [ -45.554957399999978, -23.784113799999943 ], [ -45.554940699999975, -23.784229899999957 ], [ -45.554961899999967, -23.784373499999958 ], [ -45.555222299999969, -23.784946199999979 ], [ -45.55536479999995, -23.785654699999952 ], [ -45.555344799999943, -23.786061199999949 ], [ -45.555288699999949, -23.786210499999981 ], [ -45.555066, -23.786495799999955 ], [ -45.554917499999931, -23.786631799999952 ], [ -45.554651, -23.786795299999937 ], [ -45.554039599999953, -23.786982699999953 ], [ -45.553744, -23.787015399999973 ], [ -45.553434799999934, -23.787007399999936 ], [ -45.553110699999934, -23.786958899999945 ], [ -45.552327099999957, -23.786614 ], [ -45.552025599999979, -23.786547299999938 ], [ -45.55154529999993, -23.786490299999969 ], [ -45.551086199999986, -23.78637 ], [ -45.550428099999976, -23.785943399999951 ], [ -45.550145599999951, -23.785813399999938 ], [ -45.549829399999965, -23.785755799999947 ], [ -45.549509499999942, -23.785756899999967 ], [ -45.54826989999998, -23.786018799999965 ], [ -45.54793189999998, -23.78616 ], [ -45.547722799999974, -23.786422699999946 ], [ -45.547700299999974, -23.786892399999942 ], [ -45.547647899999959, -23.787041599999952 ], [ -45.547505199999932, -23.787186599999927 ], [ -45.547344599999974, -23.787286599999959 ], [ -45.54726729999993, -23.787368099999981 ], [ -45.547257899999977, -23.787463 ], [ -45.547290099999941, -23.787598399999979 ], [ -45.54749709999993, -23.787805399999968 ], [ -45.548033799999985, -23.788246099999981 ], [ -45.548503499999981, -23.788822499999981 ], [ -45.548777599999937, -23.789101499999958 ], [ -45.54944729999994, -23.789676 ], [ -45.549915399999975, -23.790077399999973 ], [ -45.550246699999946, -23.790455599999973 ], [ -45.550382799999966, -23.79086609999996 ], [ -45.550331799999981, -23.791575299999977 ], [ -45.550182499999949, -23.792032 ], [ -45.549968199999967, -23.792443399999968 ], [ -45.549572099999978, -23.793203799999958 ], [ -45.549534199999982, -23.793511 ], [ -45.549659499999962, -23.793713799999978 ], [ -45.550078499999984, -23.794141399999944 ], [ -45.550522799999953, -23.794758499999944 ], [ -45.550774899999965, -23.795186599999965 ], [ -45.551140299999986, -23.795912399999963 ], [ -45.551391399999943, -23.79631349999994 ], [ -45.55164149999996, -23.796493199999929 ], [ -45.551931599999932, -23.796609599999954 ], [ -45.552796699999931, -23.796714899999984 ], [ -45.553165899999954, -23.796961899999928 ], [ -45.554265, -23.796937899999932 ], [ -45.554383599999937, -23.796936799999969 ], [ -45.554451799999981, -23.796880299999941 ], [ -45.554446599999949, -23.796802799999966 ], [ -45.554428099999939, -23.796745899999962 ], [ -45.55440219999997, -23.796670199999937 ], [ -45.554417599999965, -23.796618699999954 ], [ -45.554468899999961, -23.796555199999943 ], [ -45.554542799999979, -23.796491899999978 ], [ -45.554641199999935, -23.796451099999956 ], [ -45.55472229999998, -23.796468699999934 ], [ -45.554815099999985, -23.796427799999947 ], [ -45.554898599999945, -23.796364399999959 ], [ -45.554958499999941, -23.796300699999961 ], [ -45.554983499999935, -23.796230099999946 ], [ -45.555084099999931, -23.796149599999978 ], [ -45.555163799999946, -23.796087899999975 ], [ -45.555194599999936, -23.795996499999944 ], [ -45.555202799999961, -23.795906799999955 ], [ -45.555226199999936, -23.79580679999998 ], [ -45.55526059999994, -23.795741299999975 ], [ -45.555255599999953, -23.795653199999947 ], [ -45.555210799999941, -23.795582899999943 ], [ -45.555165899999963, -23.795520499999952 ], [ -45.555134499999951, -23.795432199999937 ], [ -45.555125499999974, -23.795371699999976 ], [ -45.555126199999961, -23.795287 ], [ -45.555123299999934, -23.795160899999928 ], [ -45.555155899999932, -23.795085 ], [ -45.555148899999949, -23.795014299999934 ], [ -45.555448, -23.794816399999945 ], [ -45.556580599999961, -23.794113699999969 ], [ -45.558108199999936, -23.793265799999972 ], [ -45.559187, -23.792886299999964 ], [ -45.560195499999963, -23.792531599999961 ], [ -45.562369099999955, -23.792087199999969 ], [ -45.565422399999932, -23.791992599999958 ], [ -45.567261299999984, -23.79205989999997 ] ] ] } },
{ "type": "Feature", "properties": { "id": "3550704024", "cd_bairro": "3550704024", "bairro": "Boiçucanga", "cd_mun": "3550704", "municipio": "São Sebastião", "cd_dist": "355070410", "distrito": "Maresias" }, "geometry": { "type": "Polygon", "coordinates": [ [ [ -45.608133699999939, -23.763314399999956 ], [ -45.607881799999973, -23.763172599999962 ], [ -45.607414699999936, -23.762757199999953 ], [ -45.607188299999962, -23.76260179999997 ], [ -45.606939399999931, -23.762474499999939 ], [ -45.606719299999952, -23.76240219999994 ], [ -45.605780899999957, -23.762366199999974 ], [ -45.605701699999941, -23.762411699999973 ], [ -45.605620599999952, -23.762507699999958 ], [ -45.605612299999962, -23.762612499999932 ], [ -45.60563129999997, -23.76269549999995 ], [ -45.60575149999994, -23.763010299999962 ], [ -45.605838099999971, -23.763267399999961 ], [ -45.605843799999946, -23.763433499999962 ], [ -45.605815799999959, -23.763547499999959 ], [ -45.605736899999954, -23.763656199999957 ], [ -45.605616699999985, -23.763765899999953 ], [ -45.605484599999954, -23.763849499999935 ], [ -45.605344399999979, -23.763882599999931 ], [ -45.604774599999985, -23.763960299999951 ], [ -45.604730399999937, -23.763966299999936 ], [ -45.604190199999948, -23.764068699999939 ], [ -45.604113799999936, -23.76411319999994 ], [ -45.604067, -23.764165799999944 ], [ -45.604081299999962, -23.764290399999936 ], [ -45.60413479999994, -23.764398599999936 ], [ -45.604816, -23.765289199999927 ], [ -45.604874799999948, -23.765474099999949 ], [ -45.604838099999938, -23.765614299999982 ], [ -45.60476019999993, -23.765732 ], [ -45.604598899999985, -23.765872599999966 ], [ -45.604371699999945, -23.765967399999965 ], [ -45.603835599999968, -23.766122199999927 ], [ -45.603725099999963, -23.766208399999982 ], [ -45.603682599999956, -23.766305199999977 ], [ -45.603677499999947, -23.766317 ], [ -45.603691099999935, -23.766512 ], [ -45.603804, -23.766728399999977 ], [ -45.604378499999939, -23.767444199999943 ], [ -45.604697099999953, -23.768012 ], [ -45.604753199999948, -23.768251099999929 ], [ -45.604740599999957, -23.768501299999969 ], [ -45.604719099999954, -23.768729899999983 ], [ -45.604629599999953, -23.768896499999983 ], [ -45.604511399999978, -23.769027899999969 ], [ -45.60430109999993, -23.769166 ], [ -45.604068, -23.769269 ], [ -45.603796199999977, -23.769297199999983 ], [ -45.603545799999949, -23.769254799999942 ], [ -45.602823299999955, -23.768994799999973 ], [ -45.60158, -23.768386299999975 ], [ -45.600331199999971, -23.767861899999957 ], [ -45.599901, -23.767564599999957 ], [ -45.599326299999973, -23.767010399999947 ], [ -45.599145399999941, -23.766719399999943 ], [ -45.598933099999954, -23.766218 ], [ -45.598828399999945, -23.766069399999935 ], [ -45.59869029999993, -23.765934499999958 ], [ -45.598521199999936, -23.765865599999927 ], [ -45.598143199999981, -23.765831799999944 ], [ -45.597878099999946, -23.76579849999996 ], [ -45.597739399999966, -23.765728599999932 ], [ -45.597644699999933, -23.765610599999945 ], [ -45.597562899999957, -23.765321 ], [ -45.597500599999933, -23.765210199999956 ], [ -45.597392399999933, -23.76516 ], [ -45.597233499999959, -23.765179599999954 ], [ -45.596981299999982, -23.765188699999953 ], [ -45.596707299999935, -23.765147299999967 ], [ -45.596295, -23.76489689999994 ], [ -45.59576329999993, -23.76472549999994 ], [ -45.595568399999934, -23.764596199999971 ], [ -45.595482, -23.764367099999959 ], [ -45.595397, -23.764252699999929 ], [ -45.595280099999968, -23.764212499999928 ], [ -45.595147699999984, -23.764232899999968 ], [ -45.594638799999984, -23.764332399999944 ], [ -45.594084499999951, -23.764371599999947 ], [ -45.593807399999946, -23.764295899999979 ], [ -45.593555599999945, -23.76416949999998 ], [ -45.592882499999973, -23.763753 ], [ -45.59262769999998, -23.763622099999964 ], [ -45.592384099999947, -23.763569699999948 ], [ -45.592111199999977, -23.763537399999962 ], [ -45.591321, -23.763491599999952 ], [ -45.590494699999965, -23.763513799999942 ], [ -45.589952299999936, -23.763357799999937 ], [ -45.589438099999938, -23.763131199999975 ], [ -45.588898699999959, -23.763000499999976 ], [ -45.588652899999943, -23.76289479999997 ], [ -45.58817369999997, -23.762613099999953 ], [ -45.587952599999937, -23.762544399999967 ], [ -45.58713419999998, -23.762549299999932 ], [ -45.586875899999939, -23.76250779999998 ], [ -45.586692, -23.76242 ], [ -45.586599299999932, -23.762322799999936 ], [ -45.586541899999986, -23.76221819999995 ], [ -45.586485299999936, -23.76205589999995 ], [ -45.586476599999969, -23.761872499999981 ], [ -45.586433799999952, -23.761736299999939 ], [ -45.586300899999969, -23.761654599999929 ], [ -45.586064299999975, -23.761632899999938 ], [ -45.585825799999952, -23.761614 ], [ -45.58561039999995, -23.761530099999959 ], [ -45.585586899999953, -23.761521 ], [ -45.585339799999986, -23.761349399999972 ], [ -45.585117399999945, -23.761217399999964 ], [ -45.584805499999959, -23.761028 ], [ -45.584512599999982, -23.760929799999928 ], [ -45.584124899999949, -23.760905099999945 ], [ -45.583699399999944, -23.760782 ], [ -45.58321959999995, -23.760572499999967 ], [ -45.582709699999953, -23.760442499999954 ], [ -45.582686699999954, -23.760439699999949 ], [ -45.58196049999998, -23.760351399999934 ], [ -45.581458399999974, -23.760194299999966 ], [ -45.580716699999982, -23.760020099999963 ], [ -45.580466399999978, -23.75999939999997 ], [ -45.579974899999968, -23.760043699999983 ], [ -45.579614599999957, -23.760001699999975 ], [ -45.57926729999997, -23.75980149999998 ], [ -45.579189799999938, -23.759806399999945 ], [ -45.579090299999962, -23.759947599999975 ], [ -45.579037299999982, -23.760155599999962 ], [ -45.579022599999973, -23.760389599999939 ], [ -45.579047099999968, -23.760615299999984 ], [ -45.579183, -23.760936299999969 ], [ -45.579473399999983, -23.761149299999943 ], [ -45.579908099999955, -23.761344599999973 ], [ -45.580466299999955, -23.761527599999965 ], [ -45.580976199999952, -23.761658499999953 ], [ -45.58146679999993, -23.761866199999929 ], [ -45.581655, -23.762038899999936 ], [ -45.581773799999951, -23.762278699999968 ], [ -45.581722199999945, -23.762819 ], [ -45.58173469999997, -23.762959899999942 ], [ -45.581801599999949, -23.763001199999962 ], [ -45.581934099999955, -23.763022399999954 ], [ -45.582184199999972, -23.76297169999998 ], [ -45.582434499999977, -23.762985299999968 ], [ -45.582774399999948, -23.763069799999982 ], [ -45.583078899999975, -23.763364 ], [ -45.583520499999963, -23.764011699999969 ], [ -45.583764599999938, -23.764179699999943 ], [ -45.584269199999937, -23.764431599999966 ], [ -45.584441399999946, -23.76454659999996 ], [ -45.584515599999975, -23.76466279999994 ], [ -45.584548599999948, -23.764818899999966 ], [ -45.584570099999951, -23.765004 ], [ -45.584581699999944, -23.765199099999961 ], [ -45.584624399999939, -23.765296499999977 ], [ -45.584763, -23.765344699999957 ], [ -45.58488959999994, -23.765354199999933 ], [ -45.584995599999957, -23.765343799999982 ], [ -45.585313099999951, -23.765245099999959 ], [ -45.585556399999973, -23.765224299999943 ], [ -45.585768599999938, -23.765272299999936 ], [ -45.585960199999931, -23.765340199999969 ], [ -45.586262099999942, -23.765462799999966 ], [ -45.586540499999956, -23.765615299999979 ], [ -45.58722169999993, -23.76608779999998 ], [ -45.588057, -23.766778299999942 ], [ -45.589395199999956, -23.767777599999931 ], [ -45.589643, -23.76788769999996 ], [ -45.590426299999933, -23.767919899999981 ], [ -45.590793099999985, -23.768086499999981 ], [ -45.591370099999949, -23.768726499999957 ], [ -45.591746599999965, -23.769084599999928 ], [ -45.591980699999965, -23.769193 ], [ -45.59251519999998, -23.769336299999964 ], [ -45.592781699999932, -23.769450899999981 ], [ -45.593007299999954, -23.76963429999995 ], [ -45.593182899999931, -23.769845 ], [ -45.593426699999952, -23.770358 ], [ -45.59350459999996, -23.770444399999974 ], [ -45.593709599999954, -23.770417399999928 ], [ -45.593979, -23.770317 ], [ -45.594222399999978, -23.770308899999975 ], [ -45.594503399999951, -23.770378199999982 ], [ -45.594736799999964, -23.770561599999951 ], [ -45.59490349999993, -23.770745199999965 ], [ -45.59509909999997, -23.771037099999944 ], [ -45.595209299999965, -23.771298599999966 ], [ -45.595343, -23.771777699999973 ], [ -45.59548239999998, -23.772019199999932 ], [ -45.595791399999939, -23.772298399999954 ], [ -45.595885599999974, -23.772407699999974 ], [ -45.595971199999951, -23.772460799999976 ], [ -45.596115499999939, -23.772675199999981 ], [ -45.596335499999952, -23.77335 ], [ -45.596484099999941, -23.773443399999962 ], [ -45.59662069999996, -23.773479 ], [ -45.597227, -23.773440499999936 ], [ -45.59754369999996, -23.773590099999979 ], [ -45.597736899999973, -23.773975 ], [ -45.597785199999976, -23.774457199999972 ], [ -45.59785009999996, -23.774704399999962 ], [ -45.597983699999986, -23.774948599999959 ], [ -45.59819559999994, -23.775142 ], [ -45.598379499999965, -23.775213599999972 ], [ -45.59865039999994, -23.775210699999946 ], [ -45.598930699999983, -23.775128299999949 ], [ -45.599776499999962, -23.774656299999947 ], [ -45.600013799999942, -23.774625499999956 ], [ -45.600102299999946, -23.774657699999977 ], [ -45.600332799999933, -23.774836599999958 ], [ -45.600414799999953, -23.775005299999975 ], [ -45.60046159999996, -23.775101599999971 ], [ -45.60046269999998, -23.775346399999933 ], [ -45.600358099999937, -23.776073 ], [ -45.600367099999971, -23.776317699999936 ], [ -45.600406799999973, -23.77641239999997 ], [ -45.600578799999937, -23.776474099999973 ], [ -45.600746599999979, -23.776467099999934 ], [ -45.600910699999986, -23.776513399999942 ], [ -45.601024299999949, -23.776680099999965 ], [ -45.601094, -23.776883 ], [ -45.601259499999969, -23.777013299999965 ], [ -45.60138429999995, -23.777049 ], [ -45.601515799999959, -23.777054799999974 ], [ -45.601648, -23.776990199999943 ], [ -45.601953799999933, -23.776674599999978 ], [ -45.602324899999985, -23.776271299999962 ], [ -45.602399299999945, -23.776246599999979 ], [ -45.602504299999964, -23.776246199999946 ], [ -45.602586199999962, -23.776321699999983 ], [ -45.602594299999964, -23.776388499999939 ], [ -45.602588599999933, -23.776640499999928 ], [ -45.602514699999972, -23.77700939999994 ], [ -45.602545799999973, -23.777139299999931 ], [ -45.602650399999959, -23.77727619999996 ], [ -45.602755899999977, -23.777372399999933 ], [ -45.602752399999986, -23.777453399999956 ], [ -45.602850699999976, -23.777413199999955 ], [ -45.602897499999983, -23.777433299999927 ], [ -45.603081199999963, -23.777468699999929 ], [ -45.603621099999941, -23.777481899999941 ], [ -45.603886599999953, -23.777593799999977 ], [ -45.604146599999979, -23.777787899999964 ], [ -45.604555799999957, -23.778228299999967 ], [ -45.604563799999937, -23.778236899999968 ], [ -45.604865299999972, -23.778487799999937 ], [ -45.605111099999931, -23.77858249999997 ], [ -45.605385199999944, -23.778640199999927 ], [ -45.605913299999941, -23.778667 ], [ -45.606466399999931, -23.778777699999978 ], [ -45.606761499999948, -23.778924699999948 ], [ -45.606997899999953, -23.779091799999946 ], [ -45.607213099999967, -23.779364599999951 ], [ -45.607301499999949, -23.779593699999964 ], [ -45.607333099999948, -23.779848299999969 ], [ -45.607218299999943, -23.780274099999929 ], [ -45.607218599999953, -23.780342799999971 ], [ -45.607220899999959, -23.780410499999959 ], [ -45.607264399999963, -23.780466299999944 ], [ -45.607316499999968, -23.780494099999942 ], [ -45.607436199999938, -23.780493699999965 ], [ -45.607607799999982, -23.780445099999952 ], [ -45.608081199999958, -23.780309599999953 ], [ -45.608414299999936, -23.780174599999953 ], [ -45.608593699999972, -23.780132299999934 ], [ -45.608746699999983, -23.780115499999965 ], [ -45.608868599999937, -23.780147499999941 ], [ -45.609068, -23.780189199999938 ], [ -45.609232399999939, -23.780290599999944 ], [ -45.609363499999972, -23.780404799999928 ], [ -45.609356899999966, -23.780429 ], [ -45.609528299999965, -23.780624899999964 ], [ -45.609984499999939, -23.781410299999948 ], [ -45.610023299999966, -23.781738 ], [ -45.609826, -23.782311 ], [ -45.609800599999971, -23.782384699999966 ], [ -45.609829199999979, -23.782453099999941 ], [ -45.609929, -23.78267 ], [ -45.610019899999941, -23.782761099999959 ], [ -45.610107599999935, -23.782833599999947 ], [ -45.610217, -23.782890699999939 ], [ -45.610356099999933, -23.78291379999996 ], [ -45.61042759999998, -23.78293709999997 ], [ -45.610595499999931, -23.782995799999981 ], [ -45.611221599999965, -23.782754799999964 ], [ -45.611579, -23.782785 ], [ -45.611741599999959, -23.782918099999961 ], [ -45.611863299999982, -23.783132599999931 ], [ -45.611876, -23.783531699999969 ], [ -45.611794199999963, -23.783685599999956 ], [ -45.611522799999932, -23.783995599999969 ], [ -45.611267399999974, -23.784151899999983 ], [ -45.610943199999952, -23.784295899999961 ], [ -45.610726299999953, -23.784517199999982 ], [ -45.61079239999998, -23.784787 ], [ -45.611009199999955, -23.784978499999966 ], [ -45.611196099999972, -23.785078899999974 ], [ -45.611408099999949, -23.785272299999974 ], [ -45.610815199999934, -23.786077 ], [ -45.611689, -23.786672099999976 ], [ -45.612566799999968, -23.785742899999946 ], [ -45.612647699999968, -23.785260499999936 ], [ -45.612964899999952, -23.785093599999982 ], [ -45.613296199999979, -23.784999199999959 ], [ -45.613701699999979, -23.785020199999963 ], [ -45.614107299999944, -23.785275099999978 ], [ -45.614394399999981, -23.785388699999942 ], [ -45.614621899999975, -23.785352499999931 ], [ -45.614842199999941, -23.785237 ], [ -45.615149, -23.785134599999935 ], [ -45.615242299999977, -23.785152299999936 ], [ -45.615407, -23.785329499999932 ], [ -45.615476799999954, -23.785546899999929 ], [ -45.61547, -23.785784499999977 ], [ -45.61536179999996, -23.786134499999946 ], [ -45.61510839999994, -23.78652029999995 ], [ -45.615014299999984, -23.786765399999979 ], [ -45.614984099999958, -23.787022099999945 ], [ -45.615021799999965, -23.787510599999962 ], [ -45.614954099999977, -23.787739299999942 ], [ -45.61462419999998, -23.788335899999936 ], [ -45.614593, -23.788588899999979 ], [ -45.61468739999998, -23.788841399999967 ], [ -45.615101099999947, -23.789348299999972 ], [ -45.615181899999982, -23.78963159999995 ], [ -45.615178199999946, -23.78970929999997 ], [ -45.615329499999973, -23.789800299999968 ], [ -45.61531969999993, -23.789996699999961 ], [ -45.615349599999945, -23.790197199999966 ], [ -45.615425, -23.790196899999955 ], [ -45.615708599999948, -23.790182199999947 ], [ -45.615977899999962, -23.790236299999947 ], [ -45.616128199999935, -23.790342899999928 ], [ -45.616247699999974, -23.79042759999993 ], [ -45.616261899999984, -23.790439399999968 ], [ -45.616398, -23.790535299999931 ], [ -45.616579299999955, -23.790685399999973 ], [ -45.616645699999935, -23.790728599999966 ], [ -45.616815799999983, -23.790791099999979 ], [ -45.617045499999961, -23.790796499999942 ], [ -45.617278899999974, -23.790759399999956 ], [ -45.617974499999946, -23.790483 ], [ -45.618525299999931, -23.790310099999942 ], [ -45.618976799999984, -23.79029289999994 ], [ -45.619225299999982, -23.790334399999949 ], [ -45.619455599999981, -23.790457199999935 ], [ -45.619620299999951, -23.790626299999929 ], [ -45.619676299999981, -23.790855499999964 ], [ -45.619656099999986, -23.791147299999977 ], [ -45.619688599999961, -23.791368499999976 ], [ -45.619746099999929, -23.791498299999944 ], [ -45.619897599999945, -23.791566399999965 ], [ -45.620082199999956, -23.791575599999931 ], [ -45.620574899999951, -23.791366699999969 ], [ -45.620843699999966, -23.791329499999961 ], [ -45.620952699999975, -23.791343499999982 ], [ -45.621094399999947, -23.791407099999958 ], [ -45.621282599999972, -23.791558099999975 ], [ -45.621393499999954, -23.791758199999947 ], [ -45.621482499999956, -23.792110099999945 ], [ -45.621728599999983, -23.792269799999929 ], [ -45.621982899999978, -23.792270599999938 ], [ -45.62255, -23.792017199999975 ], [ -45.622782599999937, -23.79201269999993 ], [ -45.623092299999939, -23.792126099999962 ], [ -45.623207699999966, -23.792236799999955 ], [ -45.623329699999942, -23.792503599999975 ], [ -45.623355599999968, -23.792792599999927 ], [ -45.623229199999969, -23.79344969999994 ], [ -45.6231, -23.793930699999976 ], [ -45.622808799999973, -23.794426 ], [ -45.622303599999952, -23.795097299999952 ], [ -45.622057599999948, -23.795596 ], [ -45.621918699999981, -23.796112299999947 ], [ -45.621863, -23.796584899999971 ], [ -45.621966499999985, -23.797086599999943 ], [ -45.622225, -23.797559799999931 ], [ -45.622426399999938, -23.797808299999929 ], [ -45.623111499999936, -23.798412499999984 ], [ -45.623361299999942, -23.798710399999948 ], [ -45.623463499999957, -23.798946599999965 ], [ -45.623525299999983, -23.799336599999947 ], [ -45.623502099999939, -23.799427 ], [ -45.623359899999969, -23.799664199999938 ], [ -45.623139899999956, -23.799843899999928 ], [ -45.622820599999955, -23.799992499999973 ], [ -45.62226279999993, -23.800151899999946 ], [ -45.621933699999943, -23.800297699999931 ], [ -45.621685599999978, -23.800557 ], [ -45.621640199999945, -23.800700799999959 ], [ -45.621621299999958, -23.801061299999958 ], [ -45.621681799999976, -23.801204599999949 ], [ -45.62204829999996, -23.801689099999976 ], [ -45.622145699999976, -23.801940699999932 ], [ -45.622116799999958, -23.802264199999968 ], [ -45.621939699999984, -23.802388599999972 ], [ -45.621663199999944, -23.802442099999951 ], [ -45.621620099999973, -23.802533399999959 ], [ -45.622449499999959, -23.804255599999976 ], [ -45.622798099999955, -23.80502 ], [ -45.62290889999997, -23.805079099999944 ], [ -45.622968799999967, -23.805093899999974 ], [ -45.62310679999996, -23.805081299999983 ], [ -45.623189299999979, -23.80500539999997 ], [ -45.623247099999958, -23.804952899999932 ], [ -45.623323299999981, -23.804852 ], [ -45.623353299999962, -23.80477209999998 ], [ -45.623278899999946, -23.804668899999967 ], [ -45.623257499999966, -23.804536599999949 ], [ -45.62323669999995, -23.804464799999948 ], [ -45.623266499999943, -23.804370199999937 ], [ -45.623342299999933, -23.804317799999978 ], [ -45.623452799999939, -23.804290799999933 ], [ -45.623478099999943, -23.804234 ], [ -45.623540199999979, -23.804204599999935 ], [ -45.623611399999959, -23.804158299999983 ], [ -45.623735699999941, -23.804164699999944 ], [ -45.623800399999936, -23.804116299999976 ], [ -45.623786499999937, -23.803998499999977 ], [ -45.623712499999954, -23.803912399999945 ], [ -45.62366609999998, -23.803864199999964 ], [ -45.62360549999994, -23.803703 ], [ -45.623598199999947, -23.803588199999979 ], [ -45.623579499999948, -23.803517299999953 ], [ -45.62352889999994, -23.80347919999997 ], [ -45.623484899999937, -23.803374299999973 ], [ -45.623466099999973, -23.803227799999945 ], [ -45.623534699999936, -23.803161499999931 ], [ -45.623566899999958, -23.803031899999951 ], [ -45.623621599999979, -23.802908799999955 ], [ -45.623664799999972, -23.802854499999967 ], [ -45.623776199999952, -23.802752099999964 ], [ -45.623858299999938, -23.802643299999943 ], [ -45.623956299999975, -23.802555199999972 ], [ -45.624095799999964, -23.802441499999929 ], [ -45.624100399999975, -23.802295 ], [ -45.624150199999974, -23.802253899999982 ], [ -45.624235, -23.802218399999958 ], [ -45.624255599999969, -23.802186899999981 ], [ -45.62430379999995, -23.802161799999965 ], [ -45.624457699999937, -23.802202 ], [ -45.624517599999933, -23.802235799999949 ], [ -45.624575099999959, -23.802229599999976 ], [ -45.62465549999996, -23.802158099999929 ], [ -45.624740699999961, -23.802143499999943 ], [ -45.624874499999976, -23.802179499999966 ], [ -45.624901899999941, -23.802124799999945 ], [ -45.624848699999973, -23.802017399999954 ], [ -45.624712399999964, -23.801916399999982 ], [ -45.624638499999946, -23.801838699999962 ], [ -45.624672699999962, -23.801777899999934 ], [ -45.624761799999931, -23.80168569999995 ], [ -45.624853199999961, -23.801633299999935 ], [ -45.624972199999945, -23.801576799999964 ], [ -45.625020099999972, -23.801539099999957 ], [ -45.625105099999985, -23.801530699999944 ], [ -45.625167099999942, -23.801520099999948 ], [ -45.62521339999995, -23.801545099999942 ], [ -45.625245699999937, -23.801540899999964 ], [ -45.625284599999929, -23.801505299999974 ], [ -45.625356799999963, -23.801384399999961 ], [ -45.62552809999994, -23.801364 ], [ -45.625693099999978, -23.801359899999966 ], [ -45.625904, -23.801310199999932 ], [ -45.62601189999998, -23.801196899999979 ], [ -45.626129, -23.801077 ], [ -45.62620469999996, -23.80093839999995 ], [ -45.626241299999947, -23.800801799999931 ], [ -45.626269799999932, -23.800640299999941 ], [ -45.626324799999963, -23.800482799999941 ], [ -45.626409599999931, -23.800272899999982 ], [ -45.626540399999953, -23.800193499999978 ], [ -45.626561, -23.800063399999942 ], [ -45.62661849999995, -23.79999209999994 ], [ -45.626581599999952, -23.799857699999961 ], [ -45.626469, -23.799731899999983 ], [ -45.626388799999972, -23.799595799999963 ], [ -45.626384199999961, -23.799522499999966 ], [ -45.626278799999966, -23.799466299999949 ], [ -45.626235399999985, -23.799443399999973 ], [ -45.626178299999935, -23.799357899999961 ], [ -45.62620789999994, -23.799288699999977 ], [ -45.626205699999957, -23.799223799999936 ], [ -45.626327299999957, -23.799023599999941 ], [ -45.626272399999948, -23.798918799999967 ], [ -45.626183599999933, -23.798880699999927 ], [ -45.626088099999947, -23.798846799999978 ], [ -45.626031199999943, -23.798746899999969 ], [ -45.625897799999962, -23.798588399999971 ], [ -45.625822899999946, -23.79844449999996 ], [ -45.625736899999936, -23.798389699999973 ], [ -45.625643299999979, -23.798307499999964 ], [ -45.625575899999944, -23.798208199999976 ], [ -45.625504699999965, -23.798098599999946 ], [ -45.625407299999949, -23.797992399999941 ], [ -45.625309899999934, -23.797886199999937 ], [ -45.625193699999954, -23.797759399999961 ], [ -45.625083099999983, -23.797646499999928 ], [ -45.624967, -23.797506 ], [ -45.624895799999933, -23.797355299999936 ], [ -45.624802099999954, -23.79716 ], [ -45.624723199999949, -23.796971499999927 ], [ -45.624599499999931, -23.796776099999931 ], [ -45.624487299999942, -23.796745299999941 ], [ -45.624341299999969, -23.796591099999944 ], [ -45.624215099999958, -23.79624629999995 ], [ -45.624109799999985, -23.796071199999972 ], [ -45.624049799999966, -23.79583139999994 ], [ -45.624162499999954, -23.795595 ], [ -45.624229899999932, -23.795440799999938 ], [ -45.624204099999986, -23.795338499999957 ], [ -45.62436189999994, -23.795297 ], [ -45.624380799999983, -23.795297 ], [ -45.624603199999967, -23.79532729999994 ], [ -45.624704699999938, -23.795227699999941 ], [ -45.624628899999948, -23.795128499999976 ], [ -45.62454189999994, -23.795046699999943 ], [ -45.624537399999952, -23.794940899999972 ], [ -45.624722399999939, -23.794977699999947 ], [ -45.624858599999982, -23.795004499999948 ], [ -45.625054899999952, -23.795003899999983 ], [ -45.625198299999965, -23.794976099999928 ], [ -45.625341799999944, -23.794924199999969 ], [ -45.625504799999931, -23.794903 ], [ -45.625722799999949, -23.794851699999981 ], [ -45.625805599999978, -23.79478279999995 ], [ -45.62563259999996, -23.794669099999965 ], [ -45.625553599999932, -23.794545099999937 ], [ -45.625396, -23.794407399999955 ], [ -45.625268699999936, -23.794300799999974 ], [ -45.625190699999962, -23.79426 ], [ -45.625097399999959, -23.794213 ], [ -45.625033299999984, -23.794124699999941 ], [ -45.625007399999959, -23.794006899999943 ], [ -45.625026199999979, -23.793842099999949 ], [ -45.624981, -23.793677199999934 ], [ -45.624898, -23.79361849999998 ], [ -45.624878799999976, -23.793518399999982 ], [ -45.624815099999978, -23.793353799999977 ], [ -45.624745099999984, -23.793171699999959 ], [ -45.624631, -23.79301369999996 ], [ -45.624561, -23.792820099999972 ], [ -45.62456039999995, -23.792672899999957 ], [ -45.624623699999972, -23.792554699999982 ], [ -45.624649099999942, -23.792372199999932 ], [ -45.624744, -23.792182599999933 ], [ -45.624795199999937, -23.792041199999971 ], [ -45.624680199999943, -23.791929299999936 ], [ -45.624603499999978, -23.791799899999944 ], [ -45.624507799999947, -23.791653 ], [ -45.624507899999969, -23.79148859999998 ], [ -45.624642199999982, -23.791376699999944 ], [ -45.624764199999959, -23.791300199999966 ], [ -45.624828899999955, -23.791106299999967 ], [ -45.625105, -23.791064799999958 ], [ -45.625278499999979, -23.791052799999932 ], [ -45.625452099999961, -23.791023099999961 ], [ -45.625696599999969, -23.790993499999956 ], [ -45.625928399999964, -23.790975499999945 ], [ -45.626141, -23.790939899999955 ], [ -45.626315, -23.790904399999931 ], [ -45.626489099999958, -23.790910099999962 ], [ -45.626663399999984, -23.790951099999972 ], [ -45.626805399999967, -23.790962699999966 ], [ -45.626966799999934, -23.790944899999943 ], [ -45.62707, -23.790938899999958 ], [ -45.627011899999957, -23.790832799999976 ], [ -45.627024799999958, -23.790714899999955 ], [ -45.627108699999951, -23.790638099999967 ], [ -45.627276599999959, -23.790714699999967 ], [ -45.62740569999994, -23.790814799999964 ], [ -45.627528499999983, -23.790738 ], [ -45.627522, -23.790614099999971 ], [ -45.627444499999967, -23.790425399999947 ], [ -45.627341199999933, -23.790372399999967 ], [ -45.627199099999984, -23.790337199999954 ], [ -45.626979699999936, -23.790243099999941 ], [ -45.626863599999979, -23.79013109999994 ], [ -45.626689399999975, -23.790066499999966 ], [ -45.626566899999943, -23.789978099999928 ], [ -45.626321899999937, -23.789907699999958 ], [ -45.626173599999959, -23.789902099999949 ], [ -45.626012599999967, -23.789843099999928 ], [ -45.625851499999953, -23.789778299999966 ], [ -45.625703299999941, -23.789790399999958 ], [ -45.625452099999961, -23.789885599999934 ], [ -45.625307, -23.789940199999933 ], [ -45.625137299999949, -23.789940099999967 ], [ -45.62497639999998, -23.789632199999971 ], [ -45.624913599999957, -23.789459499999964 ], [ -45.624879499999963, -23.789350299999967 ], [ -45.62484969999997, -23.789268399999969 ], [ -45.624836899999934, -23.789182499999981 ], [ -45.624836099999982, -23.789079299999969 ], [ -45.624831799999981, -23.788946799999962 ], [ -45.624840199999937, -23.788837699999931 ], [ -45.62484029999996, -23.788763399999937 ], [ -45.624853099999939, -23.788689099999942 ], [ -45.624848799999938, -23.78861489999997 ], [ -45.624861599999974, -23.788540599999976 ], [ -45.624870199999975, -23.788474199999939 ], [ -45.624887299999955, -23.788415599999951 ], [ -45.624900099999934, -23.788357 ], [ -45.624921399999948, -23.788302299999941 ], [ -45.624938499999985, -23.788243699999953 ], [ -45.624947, -23.78818519999993 ], [ -45.624968299999978, -23.788122699999974 ], [ -45.624993899999936, -23.788064099999929 ], [ -45.625006699999972, -23.78800949999993 ], [ -45.62503229999993, -23.787954799999966 ], [ -45.625053699999967, -23.787896299999943 ], [ -45.625065399999983, -23.787832399999957 ], [ -45.625089699999933, -23.787767699999961 ], [ -45.625122899999951, -23.787703099999931 ], [ -45.625147099999936, -23.787656599999934 ], [ -45.625191399999949, -23.787612299999978 ], [ -45.625222199999939, -23.787529499999948 ], [ -45.625275199999976, -23.78744869999997 ], [ -45.625314899999978, -23.787390199999948 ], [ -45.625359, -23.787343699999951 ], [ -45.625383299999953, -23.787293199999965 ], [ -45.625423, -23.787248699999964 ], [ -45.625453899999968, -23.787198199999978 ], [ -45.625498099999959, -23.787141599999927 ], [ -45.625515699999937, -23.787101199999938 ], [ -45.625553499999967, -23.787067599999943 ], [ -45.625591099999951, -23.787015099999962 ], [ -45.625646199999949, -23.786960499999964 ], [ -45.625699199999985, -23.786889799999983 ], [ -45.625752199999965, -23.786831199999938 ], [ -45.625809599999968, -23.786772599999949 ], [ -45.625840599999947, -23.78673219999996 ], [ -45.625884799999938, -23.786679599999957 ], [ -45.62591569999995, -23.786649299999965 ], [ -45.62594219999994, -23.786616899999956 ], [ -45.625979799999982, -23.786574399999949 ], [ -45.626015099999961, -23.786536 ], [ -45.626068199999963, -23.786483499999974 ], [ -45.626143299999967, -23.786422799999968 ], [ -45.626187499999958, -23.786378299999967 ], [ -45.626249299999984, -23.786305599999935 ], [ -45.62629789999994, -23.786260299999981 ], [ -45.626341299999979, -23.786216799999977 ], [ -45.626399599999957, -23.786170199999958 ], [ -45.626472499999977, -23.786083499999961 ], [ -45.626552699999934, -23.786010199999964 ], [ -45.626662, -23.785903499999961 ], [ -45.626763099999948, -23.785830199999964 ], [ -45.626845199999934, -23.785763499999973 ], [ -45.626946199999963, -23.785703399999932 ], [ -45.627022899999986, -23.785655 ], [ -45.627091299999961, -23.785588299999972 ], [ -45.627205299999957, -23.785513199999968 ], [ -45.627319299999954, -23.785454799999968 ], [ -45.627465299999983, -23.785371299999952 ], [ -45.627579299999979, -23.785296199999948 ], [ -45.627701199999933, -23.78524 ], [ -45.627874499999962, -23.78514389999998 ], [ -45.627965599999982, -23.785102199999983 ], [ -45.62824779999994, -23.784980799999971 ], [ -45.628501, -23.78490979999998 ], [ -45.628710799999965, -23.784838899999954 ], [ -45.628956899999935, -23.784738799999957 ], [ -45.629175799999985, -23.784680299999934 ], [ -45.62932619999998, -23.784609399999965 ], [ -45.629421499999978, -23.784567699999968 ], [ -45.629594699999984, -23.784521799999936 ], [ -45.62971779999998, -23.784475899999961 ], [ -45.629854499999965, -23.784442599999977 ], [ -45.629977499999939, -23.78440919999997 ], [ -45.630118799999934, -23.784359199999983 ], [ -45.630205299999943, -23.78433 ], [ -45.630337499999939, -23.784284099999979 ], [ -45.63044229999997, -23.784263199999941 ], [ -45.630588099999954, -23.784234 ], [ -45.630683799999986, -23.784209 ], [ -45.630825, -23.784171399999934 ], [ -45.63098, -23.784125499999959 ], [ -45.631144099999972, -23.784079599999927 ], [ -45.631317299999978, -23.784029499999974 ], [ -45.63156349999997, -23.783967 ], [ -45.631659199999945, -23.783929399999977 ], [ -45.631782199999975, -23.783896099999936 ], [ -45.631916899999965, -23.783865 ], [ -45.632163099999957, -23.783802299999934 ], [ -45.632318099999964, -23.783764699999949 ], [ -45.632459399999959, -23.783739699999956 ], [ -45.632664499999976, -23.783706299999949 ], [ -45.63282849999996, -23.783685399999968 ], [ -45.632969799999955, -23.783668699999964 ], [ -45.63308829999994, -23.783643699999971 ], [ -45.633092799999986, -23.783639499999936 ], [ -45.633288799999946, -23.783610299999964 ], [ -45.633457399999941, -23.783610299999964 ], [ -45.633621399999981, -23.78358929999996 ], [ -45.633830899999964, -23.783568399999979 ], [ -45.633967599999949, -23.783560099999931 ], [ -45.634099699999979, -23.783551799999941 ], [ -45.634263799999985, -23.783539299999973 ], [ -45.634414199999981, -23.783526799999947 ], [ -45.634556599999939, -23.783492799999976 ], [ -45.63478, -23.783447 ], [ -45.635012499999959, -23.78343469999993 ], [ -45.635185799999931, -23.783418099999949 ], [ -45.635427199999981, -23.783392899999967 ], [ -45.635600299999965, -23.783359399999938 ], [ -45.635700499999984, -23.783359299999972 ], [ -45.635868799999969, -23.783325699999978 ], [ -45.636082499999929, -23.783329599999945 ], [ -45.636318499999959, -23.783308399999953 ], [ -45.636513799999932, -23.783320699999933 ], [ -45.636648799999932, -23.783316599999978 ], [ -45.636768, -23.783305699999971 ], [ -45.636911199999986, -23.783316699999943 ], [ -45.63704249999995, -23.783331299999929 ], [ -45.637265099999979, -23.783335 ], [ -45.63746059999994, -23.783353199999965 ], [ -45.63764, -23.783364099999972 ], [ -45.63778949999994, -23.783367699999928 ], [ -45.637929099999951, -23.783378699999957 ], [ -45.638080599999967, -23.783389599999964 ], [ -45.638272, -23.783375 ], [ -45.638415399999985, -23.78334209999997 ], [ -45.638554499999941, -23.783294799999965 ], [ -45.638661699999943, -23.783265699999959 ], [ -45.638770099999931, -23.78334579999995 ], [ -45.638885899999934, -23.783389499999942 ], [ -45.639065399999936, -23.783440599999949 ], [ -45.639185199999986, -23.783480699999927 ], [ -45.639301199999977, -23.783539 ], [ -45.639457299999947, -23.783601099999942 ], [ -45.639585499999953, -23.783670499999971 ], [ -45.639722099999972, -23.783705699999928 ], [ -45.639885899999967, -23.783771499999943 ], [ -45.640021799999943, -23.783819 ], [ -45.640137899999957, -23.783851899999945 ], [ -45.640262, -23.783899499999961 ], [ -45.640370399999938, -23.783958 ], [ -45.64049069999993, -23.783998299999951 ], [ -45.640598799999964, -23.784020299999952 ], [ -45.640718899999968, -23.784027699999967 ], [ -45.640863, -23.78407889999994 ], [ -45.640987, -23.784071599999947 ], [ -45.641127099999949, -23.78407889999994 ], [ -45.641187199999933, -23.784053299999982 ], [ -45.641259199999979, -23.784075299999927 ], [ -45.641398299999935, -23.784114 ], [ -45.641518299999973, -23.784212799999978 ], [ -45.641622299999938, -23.784300599999938 ], [ -45.64162639999995, -23.784388399999955 ], [ -45.641518399999939, -23.784384799999941 ], [ -45.641462499999932, -23.784425099999964 ], [ -45.641474499999958, -23.784505599999932 ], [ -45.641602499999976, -23.784575099999927 ], [ -45.64176649999996, -23.784622599999977 ], [ -45.641886499999941, -23.784608 ], [ -45.642002499999933, -23.78457869999994 ], [ -45.642130499999951, -23.78457869999994 ], [ -45.642162499999984, -23.784487199999944 ], [ -45.642138399999965, -23.784366399999954 ], [ -45.642082399999936, -23.784275 ], [ -45.641990399999941, -23.78422009999997 ], [ -45.641854399999943, -23.784168899999941 ], [ -45.641778399999964, -23.784132299999953 ], [ -45.641622299999938, -23.784062799999958 ], [ -45.641514099999938, -23.783956699999976 ], [ -45.641378, -23.783876199999952 ], [ -45.64050119999996, -23.783315499999958 ], [ -45.638820499999952, -23.782752799999969 ], [ -45.638820199999941, -23.782697 ], [ -45.638817099999983, -23.782069799999931 ], [ -45.638425199999972, -23.782122299999969 ], [ -45.638200199999972, -23.782080399999927 ], [ -45.638106799999946, -23.782104699999934 ], [ -45.637874799999963, -23.782051899999942 ], [ -45.637503699999968, -23.782020299999942 ], [ -45.637184299999944, -23.781898 ], [ -45.636932299999955, -23.781839 ], [ -45.636851599999943, -23.781784499999958 ], [ -45.636610299999973, -23.781698799999958 ], [ -45.636377499999981, -23.781589499999939 ], [ -45.636219799999935, -23.781533899999943 ], [ -45.635772399999951, -23.781376199999954 ], [ -45.635689799999966, -23.781364199999928 ], [ -45.635264899999981, -23.781185199999982 ], [ -45.635122199999955, -23.781146599999943 ], [ -45.634505899999965, -23.780816 ], [ -45.634444899999949, -23.780741499999976 ], [ -45.634383899999932, -23.780667 ], [ -45.634325499999932, -23.780566799999974 ], [ -45.634308499999975, -23.780537599999946 ], [ -45.634249799999964, -23.780474899999945 ], [ -45.634191, -23.780412199999944 ], [ -45.633992599999942, -23.780110399999955 ], [ -45.633951899999943, -23.780087399999957 ], [ -45.63394059999996, -23.78003 ], [ -45.633901799999933, -23.77999669999997 ], [ -45.633870099999967, -23.779926899999964 ], [ -45.633816099999933, -23.779903599999955 ], [ -45.63370759999998, -23.779775099999938 ], [ -45.633553599999971, -23.779658099999949 ], [ -45.633372599999973, -23.779435099999944 ], [ -45.63328249999995, -23.779196699999943 ], [ -45.633295399999952, -23.779141299999935 ], [ -45.63325169999996, -23.77892479999997 ], [ -45.63322, -23.778857799999969 ], [ -45.63323719999994, -23.778785499999969 ], [ -45.633178899999962, -23.778522199999941 ], [ -45.633172399999978, -23.778493 ], [ -45.633175199999982, -23.778482899999972 ], [ -45.633195499999943, -23.778410699999938 ], [ -45.633122499999956, -23.778275199999939 ], [ -45.633049699999958, -23.778197099999943 ], [ -45.632923, -23.77812769999997 ], [ -45.632778599999938, -23.778019299999983 ], [ -45.632528199999967, -23.777929699999959 ], [ -45.632353399999943, -23.777908199999956 ], [ -45.632021099999974, -23.777817399999947 ], [ -45.631631599999935, -23.777748799999983 ], [ -45.631553199999985, -23.777748899999949 ], [ -45.631488, -23.777784299999951 ], [ -45.631433, -23.778035 ], [ -45.631420399999968, -23.778350299999943 ], [ -45.631371, -23.778469899999948 ], [ -45.631275, -23.778581299999928 ], [ -45.631163599999979, -23.778675 ], [ -45.631005899999934, -23.778743499999962 ], [ -45.630620399999941, -23.778789899999936 ], [ -45.630389799999932, -23.778750099999968 ], [ -45.629971399999931, -23.778758799999935 ], [ -45.629451499999959, -23.778772499999945 ], [ -45.629417, -23.778786299999979 ], [ -45.628910599999983, -23.778964299999927 ], [ -45.62863509999994, -23.779036799999972 ], [ -45.628472199999976, -23.779044699999929 ], [ -45.628295399999956, -23.779001199999982 ], [ -45.628023, -23.778893 ], [ -45.62776, -23.778702599999974 ], [ -45.627300099999957, -23.778175199999964 ], [ -45.627133699999945, -23.778004299999964 ], [ -45.627075, -23.777927699999964 ], [ -45.626811199999963, -23.777621699999941 ], [ -45.626741899999956, -23.777602099999967 ], [ -45.626359299999933, -23.777023799999938 ], [ -45.625951699999973, -23.775954199999944 ], [ -45.625791399999969, -23.775665799999956 ], [ -45.625587, -23.775403799999935 ], [ -45.62534839999995, -23.775179 ], [ -45.625096199999973, -23.774984899999936 ], [ -45.624522799999966, -23.77472169999993 ], [ -45.62353719999993, -23.774466399999937 ], [ -45.623200399999973, -23.774238399999945 ], [ -45.622458799999947, -23.773683199999937 ], [ -45.621877599999948, -23.773037 ], [ -45.621445, -23.772451599999954 ], [ -45.620994699999983, -23.771666799999934 ], [ -45.620807099999979, -23.77143 ], [ -45.620697499999949, -23.771278699999982 ], [ -45.620656899999972, -23.771202 ], [ -45.620627899999931, -23.771090199999946 ], [ -45.620647599999984, -23.770901299999935 ], [ -45.620632499999942, -23.770819199999949 ], [ -45.620569299999943, -23.770731799999965 ], [ -45.620478699999978, -23.77067349999993 ], [ -45.620383499999946, -23.770665699999938 ], [ -45.620305, -23.770676899999955 ], [ -45.620127599999932, -23.770721 ], [ -45.619840599999975, -23.770842199999947 ], [ -45.619349899999975, -23.771057399999961 ], [ -45.618961, -23.771204299999965 ], [ -45.618599199999949, -23.771274399999982 ], [ -45.618168499999967, -23.77130139999997 ], [ -45.61753959999993, -23.771341899999982 ], [ -45.617256299999951, -23.771424299999978 ], [ -45.616635, -23.77161289999998 ], [ -45.615654399999983, -23.771779399999957 ], [ -45.615388899999971, -23.771887899999967 ], [ -45.614586699999961, -23.772417699999949 ], [ -45.614327799999955, -23.77247019999993 ], [ -45.614250599999934, -23.772457499999973 ], [ -45.613998799999933, -23.772405399999968 ], [ -45.613807, -23.772326799999973 ], [ -45.613589399999967, -23.772172299999966 ], [ -45.613424599999973, -23.771992399999931 ], [ -45.613195499999961, -23.771475699999939 ], [ -45.61285369999996, -23.770993899999951 ], [ -45.612693799999931, -23.770592599999929 ], [ -45.612464599999953, -23.770477899999946 ], [ -45.612196099999949, -23.770560199999977 ], [ -45.611662299999978, -23.770793499999968 ], [ -45.611168, -23.77087 ], [ -45.61113469999998, -23.770875099999955 ], [ -45.61088929999994, -23.770869799999957 ], [ -45.610645399999953, -23.770754199999942 ], [ -45.610252299999956, -23.770434199999954 ], [ -45.610116599999969, -23.77038239999996 ], [ -45.609987099999955, -23.770384699999966 ], [ -45.609888, -23.770396799999958 ], [ -45.609774499999958, -23.770466799999951 ], [ -45.609515699999974, -23.770732499999951 ], [ -45.609485799999959, -23.770757399999979 ], [ -45.609344599999986, -23.770875 ], [ -45.609144699999945, -23.770947099999944 ], [ -45.608852299999967, -23.770961799999952 ], [ -45.608684299999936, -23.770912799999962 ], [ -45.608545399999969, -23.770818499999962 ], [ -45.608427199999937, -23.770721399999957 ], [ -45.608331499999963, -23.770598099999972 ], [ -45.60827, -23.770472799999936 ], [ -45.608231199999977, -23.77034649999996 ], [ -45.608244199999945, -23.770197399999972 ], [ -45.608281699999964, -23.770019299999944 ], [ -45.608507399999951, -23.769608299999959 ], [ -45.608621, -23.769119199999977 ], [ -45.608626699999945, -23.768869 ], [ -45.608562599999971, -23.768392399999982 ], [ -45.608576, -23.767899199999931 ], [ -45.608645499999966, -23.767655 ], [ -45.608924099999967, -23.767187899999954 ], [ -45.609132899999963, -23.766936899999962 ], [ -45.609391399999936, -23.766605299999981 ], [ -45.609436099999982, -23.766511099999946 ], [ -45.609437699999944, -23.766421699999967 ], [ -45.609391199999948, -23.766345099999967 ], [ -45.609052399999939, -23.766150799999934 ], [ -45.609023, -23.766111 ], [ -45.608953299999939, -23.766094 ], [ -45.608842099999947, -23.766025699999943 ], [ -45.608717899999931, -23.765908799999977 ], [ -45.608675099999971, -23.765790699999968 ], [ -45.608652, -23.765667899999983 ], [ -45.608630699999935, -23.765524399999947 ], [ -45.60866139999996, -23.765358099999958 ], [ -45.608905199999981, -23.764818799999944 ], [ -45.608974699999976, -23.764577399999951 ], [ -45.609004, -23.764332499999966 ], [ -45.608986099999981, -23.764076899999964 ], [ -45.608957399999952, -23.763995299999976 ], [ -45.608906599999955, -23.763850499999933 ], [ -45.608623299999977, -23.763500299999976 ], [ -45.608133699999939, -23.763314399999956 ] ] ] } },
{ "type": "Feature", "properties": { "id": "3550704025", "cd_bairro": "3550704025", "bairro": "Camburi", "cd_mun": "3550704", "municipio": "São Sebastião", "cd_dist": "355070410", "distrito": "Maresias" }, "geometry": { "type": "Polygon", "coordinates": [ [ [ -45.623127799999963, -23.754444599999943 ], [ -45.622882799999957, -23.75451419999996 ], [ -45.622562799999969, -23.754507399999966 ], [ -45.621653099999946, -23.754291599999931 ], [ -45.621156399999961, -23.754257399999972 ], [ -45.620899, -23.754192499999931 ], [ -45.620669899999939, -23.754076899999973 ], [ -45.620361499999944, -23.753814399999953 ], [ -45.620072899999968, -23.753393799999969 ], [ -45.619953099999975, -23.753163899999947 ], [ -45.619692699999973, -23.752870499999972 ], [ -45.618784799999958, -23.752416199999971 ], [ -45.617947799999968, -23.75179 ], [ -45.617504199999985, -23.751564199999962 ], [ -45.616761599999961, -23.751418099999967 ], [ -45.616518699999972, -23.751303499999949 ], [ -45.616209499999968, -23.751059899999973 ], [ -45.616123899999934, -23.751021399999956 ], [ -45.616002199999969, -23.751013799999953 ], [ -45.61594649999995, -23.751072699999952 ], [ -45.61583319999994, -23.751379399999962 ], [ -45.615826, -23.751724399999944 ], [ -45.61588009999997, -23.751964499999929 ], [ -45.616013599999974, -23.752187899999967 ], [ -45.616302899999937, -23.752565199999935 ], [ -45.616422799999953, -23.75281229999996 ], [ -45.616478799999982, -23.753036899999927 ], [ -45.616480899999942, -23.753279899999939 ], [ -45.616434799999979, -23.75347789999995 ], [ -45.616303499999958, -23.753736699999934 ], [ -45.616123699999946, -23.753902699999969 ], [ -45.615838899999972, -23.754047499999956 ], [ -45.615582099999983, -23.754128899999955 ], [ -45.615083099999936, -23.754224799999974 ], [ -45.614759399999969, -23.754246 ], [ -45.613581599999975, -23.754194699999971 ], [ -45.612981699999978, -23.754306 ], [ -45.612979499999938, -23.754306399999962 ], [ -45.612636499999951, -23.75437 ], [ -45.612401899999952, -23.754350199999976 ], [ -45.611912699999948, -23.754251799999963 ], [ -45.611682099999939, -23.754252799999961 ], [ -45.611592, -23.754292899999939 ], [ -45.611586, -23.754471699999954 ], [ -45.611683299999982, -23.754707099999962 ], [ -45.611758, -23.755164699999966 ], [ -45.61171029999997, -23.755867599999931 ], [ -45.611731799999973, -23.756070799999975 ], [ -45.611835, -23.756313299999931 ], [ -45.612004799999966, -23.756520399999943 ], [ -45.612623699999972, -23.757086099999981 ], [ -45.613036799999975, -23.757714899999939 ], [ -45.613289399999985, -23.75800739999994 ], [ -45.613489199999947, -23.758144799999968 ], [ -45.614059499999939, -23.75836929999997 ], [ -45.614200499999981, -23.758524 ], [ -45.614546299999972, -23.759014899999954 ], [ -45.614752899999985, -23.75933109999994 ], [ -45.614818899999932, -23.759602699999959 ], [ -45.614978099999973, -23.760065499999939 ], [ -45.615283599999941, -23.760554699999943 ], [ -45.615451199999939, -23.760913499999958 ], [ -45.615527899999961, -23.760955699999954 ], [ -45.61561219999993, -23.76092639999996 ], [ -45.615894799999978, -23.760723 ], [ -45.61643209999994, -23.760404699999981 ], [ -45.616686199999947, -23.760184199999969 ], [ -45.616839899999945, -23.760109499999942 ], [ -45.616975199999956, -23.76009629999993 ], [ -45.617256199999986, -23.760152099999971 ], [ -45.617820299999948, -23.760343199999966 ], [ -45.618199, -23.760322699999961 ], [ -45.618367399999954, -23.760241599999972 ], [ -45.618632099999957, -23.760182699999973 ], [ -45.618898, -23.760174499999948 ], [ -45.619179899999949, -23.760221199999933 ], [ -45.619422899999961, -23.760361099999955 ], [ -45.619794599999977, -23.760727199999963 ], [ -45.62012969999995, -23.761220899999955 ], [ -45.620539, -23.761669 ], [ -45.621352599999966, -23.762298899999962 ], [ -45.621774699999946, -23.762740699999938 ], [ -45.622074299999952, -23.763005899999939 ], [ -45.622345799999948, -23.763143 ], [ -45.622877599999981, -23.763326099999972 ], [ -45.623131, -23.763372899999979 ], [ -45.624198899999953, -23.763412 ], [ -45.624712699999975, -23.763522799999976 ], [ -45.624928, -23.76361309999993 ], [ -45.625266, -23.763892699999928 ], [ -45.625427, -23.764108799999974 ], [ -45.62546679999997, -23.764234199999976 ], [ -45.625463699999955, -23.76440219999995 ], [ -45.625392699999963, -23.764533399999948 ], [ -45.625258799999983, -23.764648699999952 ], [ -45.625028699999973, -23.764754399999958 ], [ -45.624611199999947, -23.764883399999974 ], [ -45.624221899999952, -23.764948199999935 ], [ -45.623832599999957, -23.765000399999963 ], [ -45.623450399999967, -23.76510849999994 ], [ -45.623142599999937, -23.765191899999934 ], [ -45.622924, -23.765230799999983 ], [ -45.622623699999963, -23.765232899999944 ], [ -45.622446199999956, -23.765263399999981 ], [ -45.62231689999993, -23.765322599999934 ], [ -45.622138699999937, -23.76541009999994 ], [ -45.621975599999985, -23.765574199999946 ], [ -45.621911599999976, -23.765724399999954 ], [ -45.621780199999932, -23.766381599999931 ], [ -45.621505599999978, -23.767230799999936 ], [ -45.621520499999974, -23.767481799999928 ], [ -45.621623299999953, -23.767638599999941 ], [ -45.62176889999995, -23.767713899999933 ], [ -45.621925199999964, -23.767763799999955 ], [ -45.622137099999975, -23.767750299999932 ], [ -45.623064899999974, -23.767409699999973 ], [ -45.623327699999948, -23.767381499999942 ], [ -45.623560399999974, -23.76740129999996 ], [ -45.624064399999952, -23.767514899999981 ], [ -45.624994399999935, -23.767845399999942 ], [ -45.625540799999953, -23.768002099999933 ], [ -45.625788299999954, -23.768056199999933 ], [ -45.626075799999967, -23.768036099999961 ], [ -45.626389299999971, -23.767921899999976 ], [ -45.627159399999982, -23.767465399999935 ], [ -45.627851, -23.766981099999953 ], [ -45.62800459999994, -23.766883 ], [ -45.628147599999977, -23.766832699999952 ], [ -45.628304699999944, -23.766838399999983 ], [ -45.628468699999985, -23.766862099999969 ], [ -45.628565099999946, -23.76691859999994 ], [ -45.628665599999977, -23.767009399999949 ], [ -45.628820699999949, -23.767206599999952 ], [ -45.628908399999943, -23.767487099999983 ], [ -45.62890619999996, -23.768469 ], [ -45.628957599999978, -23.768754199999933 ], [ -45.629067299999974, -23.768904599999928 ], [ -45.629257499999937, -23.769073599999956 ], [ -45.629761499999972, -23.769375899999943 ], [ -45.630058499999961, -23.769717 ], [ -45.630294, -23.769911199999967 ], [ -45.630908699999964, -23.770183199999963 ], [ -45.631070499999964, -23.770299099999932 ], [ -45.631147, -23.770353899999975 ], [ -45.631655299999977, -23.770942499999933 ], [ -45.632106499999963, -23.77130649999998 ], [ -45.632260299999984, -23.771454899999981 ], [ -45.632348399999955, -23.771601699999962 ], [ -45.632388299999946, -23.771745199999941 ], [ -45.632392399999958, -23.771977299999946 ], [ -45.632346299999938, -23.772380299999952 ], [ -45.632279799999935, -23.772639799999979 ], [ -45.632273099999964, -23.772888199999954 ], [ -45.632369599999947, -23.773347599999965 ], [ -45.632393199999967, -23.773573299999953 ], [ -45.632393699999966, -23.77366 ], [ -45.632380499999954, -23.77378559999994 ], [ -45.632317299999954, -23.773893299999941 ], [ -45.632263599999931, -23.773968499999967 ], [ -45.632106399999941, -23.774121799999932 ], [ -45.631476, -23.774671699999942 ], [ -45.63131379999993, -23.774817799999937 ], [ -45.631214299999954, -23.774942799999963 ], [ -45.63118129999998, -23.775013399999978 ], [ -45.631185499999958, -23.775079299999959 ], [ -45.63124259999995, -23.775126099999966 ], [ -45.63137839999996, -23.775196 ], [ -45.631549499999949, -23.775266599999952 ], [ -45.631934499999943, -23.775518899999952 ], [ -45.632031899999959, -23.775564499999973 ], [ -45.632149799999979, -23.775588399999947 ], [ -45.632885299999941, -23.77548059999998 ], [ -45.633162199999958, -23.775498499999969 ], [ -45.633402399999966, -23.775447799999938 ], [ -45.633598199999938, -23.775347699999941 ], [ -45.634053599999959, -23.774948399999971 ], [ -45.635070399999961, -23.77475 ], [ -45.635651099999961, -23.774482099999943 ], [ -45.636049, -23.774365699999976 ], [ -45.636443799999938, -23.774413799999934 ], [ -45.636694499999976, -23.774512099999981 ], [ -45.637090199999932, -23.774758799999972 ], [ -45.63804829999998, -23.77561019999996 ], [ -45.638921699999969, -23.776176599999928 ], [ -45.639123, -23.776417799999933 ], [ -45.639282199999968, -23.776845299999934 ], [ -45.639342499999941, -23.777349 ], [ -45.639602, -23.778224899999941 ], [ -45.639689699999963, -23.778902899999935 ], [ -45.639701099999968, -23.779415899999947 ], [ -45.639674599999978, -23.779615599999943 ], [ -45.63960069999996, -23.77976039999993 ], [ -45.639287599999932, -23.78016 ], [ -45.63917559999993, -23.780343 ], [ -45.639136399999984, -23.78055 ], [ -45.639122799999939, -23.780793899999935 ], [ -45.639130699999953, -23.780986199999973 ], [ -45.639129799999978, -23.78122019999995 ], [ -45.63912629999993, -23.781501099999957 ], [ -45.639104299999985, -23.781613199999981 ], [ -45.639032199999974, -23.781721 ], [ -45.638913, -23.781833399999982 ], [ -45.638816399999939, -23.781921799999964 ], [ -45.638817099999983, -23.782069799999931 ], [ -45.638820199999941, -23.782697 ], [ -45.638820499999952, -23.782752799999969 ], [ -45.64050119999996, -23.783315499999958 ], [ -45.641378, -23.783876199999952 ], [ -45.641401799999983, -23.78375189999997 ], [ -45.641429499999958, -23.783623899999952 ], [ -45.641435399999978, -23.783423899999946 ], [ -45.64135529999993, -23.783314099999927 ], [ -45.641251099999977, -23.783244499999967 ], [ -45.64113889999993, -23.783171299999935 ], [ -45.641066899999942, -23.783098099999961 ], [ -45.641030799999953, -23.783010499999932 ], [ -45.640966799999944, -23.782908199999952 ], [ -45.640950699999962, -23.782817 ], [ -45.64090669999996, -23.782718399999965 ], [ -45.640838799999983, -23.782641899999931 ], [ -45.640790799999934, -23.782525299999975 ], [ -45.64074949999997, -23.782374399999981 ], [ -45.640673899999967, -23.782275699999957 ], [ -45.640638099999933, -23.78218819999995 ], [ -45.640602299999955, -23.782093299999929 ], [ -45.640626199999986, -23.781976799999939 ], [ -45.64064209999998, -23.781893 ], [ -45.640697799999941, -23.781831099999977 ], [ -45.640793299999984, -23.781751 ], [ -45.640872899999977, -23.781667199999958 ], [ -45.640948599999945, -23.78161259999996 ], [ -45.641028199999937, -23.781536 ], [ -45.641012299999943, -23.781455899999969 ], [ -45.640995499999974, -23.781363699999929 ], [ -45.641099199999985, -23.781250799999953 ], [ -45.641191, -23.781185299999947 ], [ -45.641250899999932, -23.781068799999957 ], [ -45.641331099999945, -23.780948499999965 ], [ -45.641319, -23.780809899999952 ], [ -45.641274799999962, -23.780718699999966 ], [ -45.641298699999936, -23.780547 ], [ -45.641302699999983, -23.780426599999942 ], [ -45.641310699999963, -23.780302699999936 ], [ -45.641370799999947, -23.780178699999965 ], [ -45.641466799999932, -23.780094799999972 ], [ -45.641498899999931, -23.779957199999956 ], [ -45.641546299999959, -23.77971969999993 ], [ -45.641601699999967, -23.779548 ], [ -45.641661499999941, -23.779438599999935 ], [ -45.641693399999951, -23.779365599999949 ], [ -45.641596799999945, -23.779263299999968 ], [ -45.641596599999957, -23.779161199999976 ], [ -45.641592499999945, -23.779051899999956 ], [ -45.641544299999964, -23.778938899999957 ], [ -45.641540199999952, -23.778858799999966 ], [ -45.641536099999939, -23.778771399999982 ], [ -45.641636299999959, -23.778727599999968 ], [ -45.64178069999997, -23.778687199999979 ], [ -45.641925399999934, -23.778679599999975 ], [ -45.642082199999948, -23.778730499999938 ], [ -45.642218699999944, -23.778829 ], [ -45.642347199999961, -23.778935 ], [ -45.642459699999961, -23.778880099999981 ], [ -45.642479799999933, -23.778788599999928 ], [ -45.64242349999995, -23.778671699999961 ], [ -45.642411699999968, -23.778522599999974 ], [ -45.642327399999942, -23.77840539999994 ], [ -45.642267199999935, -23.77836149999996 ], [ -45.642197599999974, -23.778213299999948 ], [ -45.642365499999983, -23.778094599999974 ], [ -45.642698199999984, -23.777907599999935 ], [ -45.643118499999957, -23.777726299999983 ], [ -45.643603499999983, -23.777592399999946 ], [ -45.644211699999971, -23.777514399999973 ], [ -45.644819899999959, -23.777504599999929 ], [ -45.645399099999963, -23.777542199999971 ], [ -45.645965599999954, -23.777668699999936 ], [ -45.646441599999946, -23.777848499999948 ], [ -45.646389899999974, -23.777916699999935 ], [ -45.646386899999982, -23.778023299999973 ], [ -45.646403199999952, -23.778138799999965 ], [ -45.646413199999984, -23.778289799999982 ], [ -45.646451, -23.778450499999963 ], [ -45.646442899999954, -23.778589499999953 ], [ -45.646434899999974, -23.778717499999971 ], [ -45.646502799999951, -23.778831299999979 ], [ -45.646522799999957, -23.778955699999983 ], [ -45.646550699999977, -23.779032499999971 ], [ -45.646534699999961, -23.779091 ], [ -45.646410899999978, -23.779039799999964 ], [ -45.646346899999969, -23.779006899999956 ], [ -45.646307, -23.779058199999952 ], [ -45.646330899999953, -23.779113 ], [ -45.646382899999935, -23.779186099999947 ], [ -45.646382899999935, -23.779284899999936 ], [ -45.646375, -23.779354499999954 ], [ -45.646367099999964, -23.779446 ], [ -45.646397, -23.779515599999968 ], [ -45.646445, -23.779566799999941 ], [ -45.646521, -23.779607 ], [ -45.646577, -23.779661899999951 ], [ -45.646605, -23.779738699999939 ], [ -45.646681, -23.779753399999947 ], [ -45.646753, -23.779800899999941 ], [ -45.646872899999948, -23.779892399999937 ], [ -45.646996899999976, -23.77995459999994 ], [ -45.647116799999935, -23.779972799999939 ], [ -45.647160699999972, -23.779943499999945 ], [ -45.64732859999998, -23.779991 ], [ -45.647428599999955, -23.780056899999977 ], [ -45.64752859999993, -23.780086099999949 ], [ -45.647652499999936, -23.780100699999934 ], [ -45.647780499999953, -23.78013 ], [ -45.647892599999977, -23.780166699999938 ], [ -45.648004699999944, -23.780163099999982 ], [ -45.648052699999937, -23.780086299999937 ], [ -45.648120799999958, -23.780009399999983 ], [ -45.648100699999929, -23.779885 ], [ -45.648060399999963, -23.779786099999967 ], [ -45.647984199999939, -23.779723799999942 ], [ -45.647891899999934, -23.779643299999975 ], [ -45.647799799999973, -23.779577399999937 ], [ -45.647815599999944, -23.779526099999941 ], [ -45.647871699999939, -23.779515199999935 ], [ -45.647975899999949, -23.779551799999979 ], [ -45.648068099999932, -23.779614099999947 ], [ -45.648204399999941, -23.779606799999954 ], [ -45.648256199999935, -23.779515299999957 ], [ -45.64820009999994, -23.779409199999975 ], [ -45.648159899999939, -23.779343299999937 ], [ -45.648107799999934, -23.779284799999971 ], [ -45.648107699999969, -23.779218899999933 ], [ -45.648159799999974, -23.779167699999959 ], [ -45.648147899999969, -23.77911279999995 ], [ -45.648075899999981, -23.779072599999949 ], [ -45.648058299999946, -23.779005799999936 ], [ -45.648006399999986, -23.778929 ], [ -45.647945499999935, -23.778834899999936 ], [ -45.647967799999947, -23.778721499999961 ], [ -45.648128899999961, -23.77853239999996 ], [ -45.648413699999935, -23.778308699999968 ], [ -45.648782299999937, -23.778136399999937 ], [ -45.64923239999996, -23.777991499999928 ], [ -45.649810299999956, -23.777942499999938 ], [ -45.651397799999984, -23.77806709999993 ], [ -45.653385199999946, -23.778228799999965 ], [ -45.654875599999968, -23.778405 ], [ -45.656414799999936, -23.778715099999943 ], [ -45.658228699999938, -23.778973 ], [ -45.658281399999964, -23.779045 ], [ -45.658344499999941, -23.779152499999952 ], [ -45.658373199999971, -23.779239099999927 ], [ -45.65839079999995, -23.779338899999971 ], [ -45.658442599999944, -23.779433499999982 ], [ -45.658503099999962, -23.779546499999981 ], [ -45.658626799999979, -23.779625799999963 ], [ -45.658707299999946, -23.779770299999939 ], [ -45.65881939999997, -23.779909599999939 ], [ -45.658982899999955, -23.779980299999977 ], [ -45.659097599999939, -23.780053799999962 ], [ -45.659200799999951, -23.780135099999939 ], [ -45.659260899999936, -23.780182199999956 ], [ -45.659298099999944, -23.78023989999997 ], [ -45.659369599999934, -23.78032369999994 ], [ -45.65946109999993, -23.780433699999946 ], [ -45.659515599999963, -23.780525499999953 ], [ -45.659555699999942, -23.780592099999978 ], [ -45.659595899999943, -23.780649799999935 ], [ -45.659673099999964, -23.780712699999981 ], [ -45.659701899999959, -23.780767799999978 ], [ -45.659756099999981, -23.780801799999949 ], [ -45.659830499999941, -23.78087249999993 ], [ -45.659882099999948, -23.780948499999965 ], [ -45.659973299999933, -23.781039899999939 ], [ -45.660002099999986, -23.781118599999957 ], [ -45.660047599999984, -23.781168199999968 ], [ -45.659954099999936, -23.781148 ], [ -45.659871599999974, -23.781098699999973 ], [ -45.65984, -23.781054099999949 ], [ -45.65977179999993, -23.781088699999941 ], [ -45.659786399999973, -23.781167799999935 ], [ -45.659772299999986, -23.781262599999934 ], [ -45.659809699999983, -23.781315199999938 ], [ -45.659926499999983, -23.781280099999947 ], [ -45.659960499999954, -23.781277099999954 ], [ -45.659972599999946, -23.781361599999968 ], [ -45.659941599999968, -23.781456799999944 ], [ -45.659985699999936, -23.781630499999949 ], [ -45.659957099999986, -23.781717499999957 ], [ -45.65987679999995, -23.781762499999957 ], [ -45.659945799999946, -23.781843899999956 ], [ -45.659977399999946, -23.781946499999947 ], [ -45.66009239999994, -23.782046299999934 ], [ -45.660158399999943, -23.782085599999959 ], [ -45.660255899999981, -23.782127299999956 ], [ -45.660371399999974, -23.782209099999932 ], [ -45.660506299999952, -23.782272 ], [ -45.660583799999984, -23.782319299999983 ], [ -45.660684499999945, -23.782395599999973 ], [ -45.660790899999938, -23.782458899999938 ], [ -45.660796599999969, -23.782458799999972 ], [ -45.66090289999994, -23.782474599999944 ], [ -45.661035099999935, -23.782498199999964 ], [ -45.661115499999937, -23.782508699999937 ], [ -45.66116349999993, -23.782450299999937 ], [ -45.661245799999961, -23.782405099999949 ], [ -45.66137759999998, -23.78241289999994 ], [ -45.66144879999996, -23.782383799999934 ], [ -45.661592499999983, -23.78243109999994 ], [ -45.661595299999931, -23.782425799999942 ], [ -45.661654899999974, -23.782396799999958 ], [ -45.661722099999963, -23.782328 ], [ -45.66178629999996, -23.78225939999993 ], [ -45.661828, -23.782212099999981 ], [ -45.661911199999963, -23.782256599999982 ], [ -45.662042299999939, -23.78228 ], [ -45.662164799999971, -23.782303399999932 ], [ -45.662250699999959, -23.78234 ], [ -45.662339, -23.782353 ], [ -45.662374799999952, -23.782297799999981 ], [ -45.662399199999982, -23.782247899999959 ], [ -45.662418399999979, -23.782213799999965 ], [ -45.662445799999944, -23.78217189999998 ], [ -45.662471599999947, -23.782179699999972 ], [ -45.662456199999951, -23.782238499999949 ], [ -45.662499199999957, -23.782264599999962 ], [ -45.662556699999982, -23.782298499999968 ], [ -45.662645, -23.782332399999973 ], [ -45.662709899999982, -23.782350699999938 ], [ -45.662727699999948, -23.782405499999982 ], [ -45.662683199999947, -23.782429 ], [ -45.662647299999946, -23.782473499999981 ], [ -45.662626, -23.782546899999943 ], [ -45.662635799999975, -23.782628199999976 ], [ -45.662650599999949, -23.782709499999953 ], [ -45.662662099999977, -23.782775 ], [ -45.662707399999931, -23.782814199999962 ], [ -45.662766899999951, -23.782848 ], [ -45.662795199999948, -23.782876699999974 ], [ -45.662837699999955, -23.782929 ], [ -45.662874399999964, -23.782957599999975 ], [ -45.662928, -23.782988799999941 ], [ -45.662968399999954, -23.783026099999972 ], [ -45.662999799999966, -23.783104499999979 ], [ -45.662988599999949, -23.783149 ], [ -45.66291769999998, -23.783162199999936 ], [ -45.662866799999961, -23.783199 ], [ -45.662852699999974, -23.783261899999957 ], [ -45.662878399999954, -23.783316799999966 ], [ -45.662920899999961, -23.783355899999947 ], [ -45.662934899999982, -23.783410799999956 ], [ -45.662900799999932, -23.783429199999944 ], [ -45.66285449999998, -23.783471 ], [ -45.662814499999968, -23.783531299999936 ], [ -45.662734199999932, -23.783549499999936 ], [ -45.66268249999996, -23.783559699999955 ], [ -45.662599199999931, -23.78358309999993 ], [ -45.662567599999932, -23.783659199999931 ], [ -45.662636599999985, -23.783727499999941 ], [ -45.662765799999931, -23.783714599999939 ], [ -45.662695099999951, -23.783814599999971 ], [ -45.662646699999982, -23.78389089999996 ], [ -45.662626799999941, -23.783967099999927 ], [ -45.662635399999942, -23.78407459999994 ], [ -45.662669799999946, -23.784176899999977 ], [ -45.662702699999954, -23.784259799999973 ], [ -45.662711299999955, -23.784343699999965 ], [ -45.662725699999953, -23.784404099999961 ], [ -45.66274, -23.78447749999998 ], [ -45.662748599999929, -23.784551 ], [ -45.66275429999996, -23.784593099999938 ], [ -45.662745, -23.784682199999963 ], [ -45.662713099999962, -23.784776699999952 ], [ -45.662761799999942, -23.784868699999947 ], [ -45.66281349999997, -23.784944899999971 ], [ -45.662856599999941, -23.785013099999958 ], [ -45.662902599999939, -23.785078799999951 ], [ -45.662962899999968, -23.78512859999995 ], [ -45.663034699999969, -23.785191599999962 ], [ -45.663100699999973, -23.785254499999951 ], [ -45.663155199999949, -23.78530429999995 ], [ -45.663207599999964, -23.785343799999964 ], [ -45.663270699999941, -23.785380499999974 ], [ -45.663328299999932, -23.785380399999951 ], [ -45.66337429999993, -23.78536459999998 ], [ -45.663420199999962, -23.785359199999959 ], [ -45.663486099999943, -23.785406399999943 ], [ -45.663552099999947, -23.785435099999972 ], [ -45.663612199999932, -23.785479699999939 ], [ -45.663681, -23.785516299999983 ], [ -45.663766899999985, -23.785531799999944 ], [ -45.66384979999998, -23.78555259999996 ], [ -45.66392419999994, -23.785576 ], [ -45.664015599999971, -23.785596799999951 ], [ -45.664075799999978, -23.785628299999928 ], [ -45.664173099999971, -23.785651799999982 ], [ -45.664244599999961, -23.785672799999929 ], [ -45.664364699999965, -23.785696299999927 ], [ -45.664442, -23.785714599999949 ], [ -45.664564899999959, -23.785745899999938 ], [ -45.664656599999944, -23.78578 ], [ -45.664756899999929, -23.785803699999974 ], [ -45.664828599999964, -23.785814199999948 ], [ -45.664903199999969, -23.78582739999996 ], [ -45.665003899999931, -23.785861699999941 ], [ -45.665098499999942, -23.785867 ], [ -45.665178699999956, -23.78585389999995 ], [ -45.665233799999953, -23.785898699999962 ], [ -45.66523669999998, -23.785896099999945 ], [ -45.665286, -23.785935799999947 ], [ -45.665348499999936, -23.785869899999966 ], [ -45.665500599999973, -23.785849 ], [ -45.66559529999995, -23.785833299999979 ], [ -45.665719699999954, -23.785883499999954 ], [ -45.66578949999996, -23.785925899999938 ], [ -45.665931399999977, -23.78595009999998 ], [ -45.666038199999946, -23.785934199999929 ], [ -45.666164499999979, -23.78588689999998 ], [ -45.666210299999932, -23.785839599999974 ], [ -45.666284599999983, -23.785734599999955 ], [ -45.663974199999984, -23.782836199999963 ], [ -45.660500499999955, -23.778478399999983 ], [ -45.660318599999982, -23.776278699999978 ], [ -45.660813299999973, -23.774863099999948 ], [ -45.660004699999945, -23.774461499999973 ], [ -45.659600499999954, -23.774399899999935 ], [ -45.659213899999941, -23.774378 ], [ -45.658805299999983, -23.774452699999983 ], [ -45.65775629999996, -23.773957399999972 ], [ -45.656308299999978, -23.774027399999966 ], [ -45.654726899999957, -23.774037 ], [ -45.651664599999947, -23.770721099999946 ], [ -45.651375099999939, -23.769666699999959 ], [ -45.652551, -23.76970689999996 ], [ -45.652203199999974, -23.768622599999958 ], [ -45.650555399999973, -23.768662499999948 ], [ -45.65054779999997, -23.768446299999937 ], [ -45.650520499999971, -23.766916099999946 ], [ -45.650486599999965, -23.766594699999928 ], [ -45.650682699999948, -23.766412699999933 ], [ -45.651093099999969, -23.766074899999978 ], [ -45.651621099999943, -23.765572599999928 ], [ -45.651622, -23.765571699999953 ], [ -45.652012, -23.765212299999973 ], [ -45.652787, -23.764628699999946 ], [ -45.653404599999931, -23.764235599999949 ], [ -45.654134499999941, -23.763870199999928 ], [ -45.654386099999954, -23.763760399999967 ], [ -45.656156399999929, -23.763158099999941 ], [ -45.657064299999945, -23.76292049999995 ], [ -45.65737839999997, -23.762814099999957 ], [ -45.657933199999945, -23.762652299999957 ], [ -45.658439899999962, -23.762513099999978 ], [ -45.659964299999956, -23.76204759999996 ], [ -45.658963599999936, -23.755234099999939 ], [ -45.661034, -23.755518599999959 ], [ -45.660472499999969, -23.750959299999977 ], [ -45.660362599999985, -23.751152199999979 ], [ -45.660265, -23.751262799999949 ], [ -45.660172199999977, -23.75134079999998 ], [ -45.65999979999998, -23.751403 ], [ -45.65978309999997, -23.751435499999957 ], [ -45.65860779999997, -23.751468599999953 ], [ -45.65860379999998, -23.75146849999993 ], [ -45.658402699999954, -23.75146669999998 ], [ -45.658260299999938, -23.751447499999983 ], [ -45.658162899999979, -23.751402699999971 ], [ -45.658086899999944, -23.751320799999974 ], [ -45.658029499999941, -23.751221699999974 ], [ -45.657926499999974, -23.751025299999981 ], [ -45.657854799999939, -23.750919 ], [ -45.657832499999984, -23.750905899999964 ], [ -45.657758599999966, -23.750811899999974 ], [ -45.657595199999946, -23.750710599999934 ], [ -45.657489, -23.750665799999979 ], [ -45.657341799999983, -23.750654699999927 ], [ -45.657165099999986, -23.750655499999937 ], [ -45.657031699999948, -23.750663299999928 ], [ -45.65655229999993, -23.75075019999997 ], [ -45.656317799999954, -23.750748499999929 ], [ -45.65621079999994, -23.750732699999958 ], [ -45.656086899999934, -23.750688099999934 ], [ -45.655988399999956, -23.750618899999949 ], [ -45.655885, -23.750531399999943 ], [ -45.655783499999984, -23.750447299999962 ], [ -45.655761599999948, -23.75041989999994 ], [ -45.655762399999958, -23.750333099999978 ], [ -45.655709599999966, -23.75035459999998 ], [ -45.655667799999947, -23.750266 ], [ -45.65566739999997, -23.75018149999994 ], [ -45.655702, -23.750050199999976 ], [ -45.65579, -23.749982099999954 ], [ -45.656081699999959, -23.749851699999965 ], [ -45.656383499999947, -23.749764599999935 ], [ -45.656594, -23.749673399999949 ], [ -45.656916699999954, -23.749450699999954 ], [ -45.657088899999962, -23.749159199999951 ], [ -45.657142199999953, -23.749022599999932 ], [ -45.657241, -23.748569599999939 ], [ -45.657342599999936, -23.74827659999994 ], [ -45.65762019999994, -23.747872499999971 ], [ -45.657662799999969, -23.747752199999979 ], [ -45.657645599999967, -23.747660199999927 ], [ -45.657530099999974, -23.747508899999957 ], [ -45.657234499999959, -23.747265399999947 ], [ -45.657034799999963, -23.74677939999998 ], [ -45.65695489999996, -23.746491599999956 ], [ -45.656886899999961, -23.746050199999956 ], [ -45.656749099999956, -23.745772599999952 ], [ -45.656645399999945, -23.745638499999927 ], [ -45.656377299999974, -23.745394 ], [ -45.655757799999947, -23.744917 ], [ -45.655417299999954, -23.744526399999927 ], [ -45.655177, -23.744354 ], [ -45.654858399999966, -23.744213599999966 ], [ -45.653938599999947, -23.74394019999994 ], [ -45.653680899999983, -23.743802199999948 ], [ -45.653490399999953, -23.743588 ], [ -45.653454599999975, -23.743491499999948 ], [ -45.653478299999961, -23.743327 ], [ -45.653586599999983, -23.743195599999979 ], [ -45.653855399999941, -23.742997599999967 ], [ -45.653961899999956, -23.742910399999971 ], [ -45.654006599999946, -23.742816299999959 ], [ -45.653957, -23.742712599999948 ], [ -45.653858599999978, -23.742650699999956 ], [ -45.653685699999983, -23.742615299999954 ], [ -45.653575899999964, -23.742621199999974 ], [ -45.653463099999954, -23.742629799999975 ], [ -45.652969199999973, -23.742565099999979 ], [ -45.652731199999948, -23.742455 ], [ -45.65248, -23.742251899999928 ], [ -45.652382199999977, -23.742125899999962 ], [ -45.652311899999972, -23.741984399999978 ], [ -45.652214699999945, -23.741592799999978 ], [ -45.652219399999979, -23.741339899999957 ], [ -45.652290599999958, -23.74106409999996 ], [ -45.652287399999977, -23.74082379999993 ], [ -45.652255699999955, -23.740756199999964 ], [ -45.652186899999947, -23.74073809999993 ], [ -45.652117199999964, -23.740719799999965 ], [ -45.652014699999938, -23.740627199999949 ], [ -45.651934, -23.740588699999932 ], [ -45.651887, -23.740594299999941 ], [ -45.651792899999975, -23.740621799999928 ], [ -45.651548799999944, -23.740870299999983 ], [ -45.651267599999983, -23.740940099999932 ], [ -45.65095139999994, -23.740888199999972 ], [ -45.650684699999942, -23.740735699999959 ], [ -45.650569699999949, -23.740697399999931 ], [ -45.650469699999974, -23.740697799999964 ], [ -45.650292599999943, -23.740808699999945 ], [ -45.650026299999979, -23.741112399999963 ], [ -45.649961299999973, -23.741131 ], [ -45.649897899999985, -23.741149099999973 ], [ -45.649547899999959, -23.741203 ], [ -45.649402099999975, -23.741286699999932 ], [ -45.649332199999947, -23.741433299999983 ], [ -45.649218299999973, -23.741817599999933 ], [ -45.649219599999981, -23.742085 ], [ -45.649285799999973, -23.742362899999932 ], [ -45.649403199999938, -23.742692099999942 ], [ -45.649745799999948, -23.743323799999928 ], [ -45.649774099999945, -23.743489899999929 ], [ -45.649707499999977, -23.743707799999981 ], [ -45.649589399999968, -23.743831199999931 ], [ -45.649501499999985, -23.743907399999955 ], [ -45.64945709999995, -23.743924599999957 ], [ -45.649313399999983, -23.743980499999964 ], [ -45.649076199999968, -23.744032 ], [ -45.648775, -23.744036899999969 ], [ -45.648443, -23.743961499999955 ], [ -45.647672299999954, -23.743666699999949 ], [ -45.64752169999997, -23.743583299999955 ], [ -45.647294099999954, -23.743381099999965 ], [ -45.647101499999962, -23.743133499999942 ], [ -45.646958799999936, -23.742844099999957 ], [ -45.646818499999938, -23.742646 ], [ -45.646736799999985, -23.742592199999933 ], [ -45.646603199999959, -23.742567399999928 ], [ -45.646542899999986, -23.742671599999937 ], [ -45.646479199999931, -23.742882299999962 ], [ -45.646411699999931, -23.742926799999964 ], [ -45.646315499999957, -23.742921799999976 ], [ -45.646153199999958, -23.742828499999973 ], [ -45.646040299999981, -23.742821799999945 ], [ -45.645989399999962, -23.742846399999962 ], [ -45.645920099999955, -23.743114899999966 ], [ -45.645914399999981, -23.743549399999949 ], [ -45.645871899999975, -23.743684199999961 ], [ -45.645795799999973, -23.743782 ], [ -45.645732199999941, -23.743822 ], [ -45.645252099999936, -23.743951399999958 ], [ -45.645183799999984, -23.744030299999963 ], [ -45.645130399999971, -23.744157799999982 ], [ -45.645122299999969, -23.744290599999943 ], [ -45.64534139999995, -23.744954499999949 ], [ -45.64539469999994, -23.745208099999957 ], [ -45.645411599999932, -23.745465399999944 ], [ -45.645523799999978, -23.745726899999966 ], [ -45.645723299999986, -23.745983499999966 ], [ -45.645977799999969, -23.746257 ], [ -45.646129499999972, -23.746382799999935 ], [ -45.646462, -23.746763499999929 ], [ -45.646700799999962, -23.747220399999946 ], [ -45.646729599999958, -23.747490399999947 ], [ -45.646689499999979, -23.747727199999929 ], [ -45.64651589999994, -23.747933799999942 ], [ -45.646146499999929, -23.748042 ], [ -45.645528899999931, -23.747956 ], [ -45.644973, -23.747851799999978 ], [ -45.644587899999976, -23.747764 ], [ -45.644256, -23.747506099999953 ], [ -45.644022299999961, -23.747270399999934 ], [ -45.643805899999961, -23.746959699999934 ], [ -45.643458299999963, -23.746313599999951 ], [ -45.643238899999972, -23.746000199999969 ], [ -45.643166399999984, -23.745819799999936 ], [ -45.643077, -23.745406499999945 ], [ -45.643043499999976, -23.744974 ], [ -45.643070299999977, -23.744041799999934 ], [ -45.643025199999954, -23.743846899999937 ], [ -45.642864699999961, -23.743521499999929 ], [ -45.64272509999995, -23.74346879999996 ], [ -45.642605699999933, -23.743533399999933 ], [ -45.642424499999947, -23.743791599999952 ], [ -45.642313899999976, -23.743866099999934 ], [ -45.642145399999947, -23.743918299999962 ], [ -45.641928499999949, -23.743904699999973 ], [ -45.641517599999986, -23.743741099999966 ], [ -45.641464599999949, -23.74374679999994 ], [ -45.641421699999967, -23.743791199999976 ], [ -45.641403499999967, -23.743884299999934 ], [ -45.641407099999981, -23.744429799999978 ], [ -45.641342, -23.744564699999955 ], [ -45.641207, -23.744637499999953 ], [ -45.641030699999931, -23.744700599999931 ], [ -45.639815399999975, -23.745584399999927 ], [ -45.639456199999984, -23.745775599999945 ], [ -45.638990099999944, -23.745969 ], [ -45.638493199999971, -23.746291699999972 ], [ -45.638221699999974, -23.746551199999942 ], [ -45.638013399999977, -23.746699199999966 ], [ -45.637836199999981, -23.746791199999961 ], [ -45.63731619999993, -23.746989299999939 ], [ -45.63683709999998, -23.747134 ], [ -45.63509369999997, -23.747386899999981 ], [ -45.634908699999983, -23.747485199999971 ], [ -45.634860899999978, -23.747537799999975 ], [ -45.63483089999994, -23.74763 ], [ -45.634835399999986, -23.747745599999973 ], [ -45.634956, -23.747932099999957 ], [ -45.635086199999932, -23.748074299999928 ], [ -45.63527629999993, -23.748425699999927 ], [ -45.635535699999934, -23.748692 ], [ -45.635921499999938, -23.749144699999931 ], [ -45.635984899999983, -23.749240899999961 ], [ -45.636087499999974, -23.74929439999994 ], [ -45.636270799999977, -23.749534399999959 ], [ -45.636406699999952, -23.749847299999942 ], [ -45.636489299999937, -23.750147499999969 ], [ -45.636595599999964, -23.750303499999973 ], [ -45.636770799999965, -23.750433799999939 ], [ -45.637051799999938, -23.750614399999961 ], [ -45.637365099999954, -23.750820199999964 ], [ -45.637796699999967, -23.751174699999979 ], [ -45.63807689999993, -23.751480599999979 ], [ -45.638525299999969, -23.751875299999938 ], [ -45.638811299999929, -23.752168599999948 ], [ -45.638894499999935, -23.752329 ], [ -45.638928499999963, -23.752454399999976 ], [ -45.639003199999934, -23.753080899999929 ], [ -45.639038399999947, -23.753263199999935 ], [ -45.639093899999978, -23.753378599999962 ], [ -45.639369899999963, -23.753823699999941 ], [ -45.640075799999977, -23.754713099999947 ], [ -45.640273299999933, -23.755158499999936 ], [ -45.640326399999935, -23.755384099999958 ], [ -45.64035789999997, -23.75559979999997 ], [ -45.640329299999962, -23.755767 ], [ -45.640265199999931, -23.755901 ], [ -45.640190099999984, -23.755997899999954 ], [ -45.639969399999984, -23.756224599999939 ], [ -45.639702499999942, -23.756419 ], [ -45.63944429999998, -23.756598 ], [ -45.639203399999985, -23.756711 ], [ -45.638997699999948, -23.756787799999927 ], [ -45.638708399999985, -23.756811499999969 ], [ -45.638504199999943, -23.756805099999951 ], [ -45.638278299999968, -23.756751 ], [ -45.63782029999993, -23.756621 ], [ -45.63746539999994, -23.756487 ], [ -45.637043299999959, -23.756247599999938 ], [ -45.636505399999976, -23.755823499999963 ], [ -45.636204299999974, -23.755627499999946 ], [ -45.636194699999976, -23.755621299999973 ], [ -45.636166599999967, -23.755603 ], [ -45.635759299999961, -23.755337899999972 ], [ -45.635354799999959, -23.755091199999981 ], [ -45.635053099999936, -23.754801599999951 ], [ -45.634843899999964, -23.754575699999975 ], [ -45.634619099999952, -23.754349899999966 ], [ -45.634371599999952, -23.75409529999996 ], [ -45.634255, -23.753926 ], [ -45.634162, -23.753777399999933 ], [ -45.634129899999948, -23.753628499999934 ], [ -45.634159799999964, -23.753330299999959 ], [ -45.634196899999949, -23.753089 ], [ -45.63421539999996, -23.752855 ], [ -45.634164299999952, -23.752634799999953 ], [ -45.634065, -23.752395799999931 ], [ -45.634045399999934, -23.751990399999954 ], [ -45.634137099999975, -23.751870799999949 ], [ -45.634390199999984, -23.751662 ], [ -45.63452129999996, -23.751569299999971 ], [ -45.634589499999947, -23.751469699999973 ], [ -45.634582199999954, -23.751384799999983 ], [ -45.634534699999961, -23.75130009999998 ], [ -45.634411499999942, -23.751201299999934 ], [ -45.634295599999973, -23.751166499999954 ], [ -45.634028, -23.751031199999943 ], [ -45.633901099999946, -23.750955 ], [ -45.633677199999966, -23.750722 ], [ -45.63347639999995, -23.750588199999981 ], [ -45.633192799999961, -23.750384299999951 ], [ -45.63303639999998, -23.750284299999976 ], [ -45.632917799999973, -23.750138 ], [ -45.632829099999981, -23.749860099999978 ], [ -45.632766099999969, -23.749801699999978 ], [ -45.632543699999985, -23.749466599999948 ], [ -45.632339, -23.748952599999939 ], [ -45.632125299999984, -23.748573199999953 ], [ -45.63159909999996, -23.747914199999968 ], [ -45.631255299999964, -23.747438699999975 ], [ -45.631064299999935, -23.746689799999956 ], [ -45.631043799999929, -23.745905899999968 ], [ -45.631002299999977, -23.745639599999947 ], [ -45.630920599999968, -23.745374399999946 ], [ -45.63082849999995, -23.745199599999978 ], [ -45.630738, -23.745155699999941 ], [ -45.630591599999946, -23.745118299999945 ], [ -45.630293499999937, -23.745049399999971 ], [ -45.630261599999983, -23.745042 ], [ -45.630211299999985, -23.744998899999928 ], [ -45.630116299999941, -23.74482219999993 ], [ -45.630123599999934, -23.744704799999965 ], [ -45.630200399999978, -23.744572599999969 ], [ -45.630216599999983, -23.74445419999995 ], [ -45.630147499999964, -23.744376799999941 ], [ -45.630002099999956, -23.744332199999974 ], [ -45.629796099999965, -23.744348399999978 ], [ -45.629426399999943, -23.744596499999943 ], [ -45.62929319999995, -23.744654899999944 ], [ -45.629014799999936, -23.744712899999968 ], [ -45.628875799999946, -23.744769499999961 ], [ -45.62850549999996, -23.74509519999998 ], [ -45.628318699999966, -23.745224199999939 ], [ -45.628152, -23.745252899999969 ], [ -45.628010499999959, -23.745209199999977 ], [ -45.627957199999969, -23.745152599999983 ], [ -45.627877, -23.744990299999984 ], [ -45.627868599999942, -23.744885599999975 ], [ -45.627890399999956, -23.744723799999974 ], [ -45.627984899999944, -23.744571699999938 ], [ -45.628193599999975, -23.744111099999941 ], [ -45.628218499999946, -23.743971899999963 ], [ -45.628231599999935, -23.743443399999933 ], [ -45.628074499999968, -23.742804599999943 ], [ -45.627863, -23.742268899999942 ], [ -45.627736899999945, -23.741755499999954 ], [ -45.627717399999938, -23.74157409999998 ], [ -45.627753699999971, -23.741375199999936 ], [ -45.62781659999996, -23.74119879999995 ], [ -45.627952299999947, -23.741053799999975 ], [ -45.628333, -23.740857099999971 ], [ -45.628440599999976, -23.74077269999998 ], [ -45.628607099999954, -23.740508299999931 ], [ -45.628665599999977, -23.740238899999952 ], [ -45.628647199999932, -23.73946669999998 ], [ -45.628762799999947, -23.739221399999963 ], [ -45.629010599999958, -23.738926899999967 ], [ -45.629082299999936, -23.738727 ], [ -45.629083799999933, -23.738646599999981 ], [ -45.629056, -23.738581699999941 ], [ -45.628902499999981, -23.738471199999935 ], [ -45.628476, -23.738334699999939 ], [ -45.628126799999961, -23.738152799999966 ], [ -45.628017499999942, -23.738066499999945 ], [ -45.627843599999949, -23.737816099999975 ], [ -45.627746, -23.737718099999938 ], [ -45.627152299999977, -23.736672799999951 ], [ -45.626976699999943, -23.736281499999961 ], [ -45.626804199999981, -23.735492699999952 ], [ -45.62675379999996, -23.73534369999993 ], [ -45.626706499999955, -23.735329199999967 ], [ -45.626664799999958, -23.735259399999961 ], [ -45.626607599999943, -23.735208099999966 ], [ -45.626535899999965, -23.735200299999974 ], [ -45.62641549999995, -23.735245899999939 ], [ -45.626294599999937, -23.735409899999979 ], [ -45.62610559999996, -23.736092599999949 ], [ -45.625964599999975, -23.736362299999939 ], [ -45.625819799999931, -23.736456 ], [ -45.625666699999954, -23.736445699999933 ], [ -45.625380599999971, -23.736328599999979 ], [ -45.625224499999945, -23.73629939999995 ], [ -45.625127599999985, -23.73634409999994 ], [ -45.625085799999965, -23.736422799999957 ], [ -45.625053299999934, -23.736618 ], [ -45.625047299999949, -23.737006399999927 ], [ -45.624847099999954, -23.737403799999981 ], [ -45.624440199999981, -23.737867899999969 ], [ -45.624228699999946, -23.737959899999964 ], [ -45.623377299999959, -23.738014899999939 ], [ -45.623098299999981, -23.738151499999958 ], [ -45.62286759999995, -23.738337599999966 ], [ -45.622775099999956, -23.738466199999948 ], [ -45.622714899999949, -23.738612699999976 ], [ -45.622609899999929, -23.739022299999931 ], [ -45.622589499999947, -23.739276199999949 ], [ -45.622662599999956, -23.73979259999993 ], [ -45.622639399999969, -23.740059099999939 ], [ -45.622567699999934, -23.740256299999942 ], [ -45.622501299999954, -23.740315299999963 ], [ -45.622302599999955, -23.740420899999947 ], [ -45.62210349999998, -23.740442399999949 ], [ -45.621897799999942, -23.740317699999935 ], [ -45.621743, -23.740155799999968 ], [ -45.62160659999995, -23.739930499999957 ], [ -45.621465599999965, -23.739794699999948 ], [ -45.621318199999962, -23.739750099999981 ], [ -45.62089919999994, -23.73973639999997 ], [ -45.620640499999979, -23.73959659999997 ], [ -45.620342, -23.739340399999946 ], [ -45.620154499999956, -23.739125199999933 ], [ -45.619881499999963, -23.738869799999975 ], [ -45.619343799999967, -23.73844379999997 ], [ -45.619037299999945, -23.738157799999954 ], [ -45.618780399999935, -23.737991799999975 ], [ -45.618351099999984, -23.737867 ], [ -45.617782699999964, -23.737811499999964 ], [ -45.617623899999955, -23.737830199999962 ], [ -45.617481899999973, -23.737883199999942 ], [ -45.617388099999971, -23.737965699999961 ], [ -45.61738859999997, -23.738080399999944 ], [ -45.617442, -23.738179599999967 ], [ -45.617507099999955, -23.738248 ], [ -45.617928199999938, -23.738494699999933 ], [ -45.618176499999947, -23.738701399999968 ], [ -45.618320399999959, -23.738855299999955 ], [ -45.618344799999932, -23.739018699999974 ], [ -45.618317099999956, -23.739390899999933 ], [ -45.618421, -23.739582 ], [ -45.618708699999956, -23.739845499999944 ], [ -45.618903499999931, -23.740147299999933 ], [ -45.618963699999938, -23.740427899999929 ], [ -45.618961399999932, -23.740780199999961 ], [ -45.618913299999974, -23.740993599999968 ], [ -45.618475599999954, -23.741581499999938 ], [ -45.618444799999963, -23.741704499999969 ], [ -45.618477699999971, -23.741827199999932 ], [ -45.618665799999974, -23.742179599999929 ], [ -45.618660599999941, -23.742320499999948 ], [ -45.618617099999938, -23.742463399999963 ], [ -45.618538099999967, -23.742562199999952 ], [ -45.618190799999979, -23.742996199999936 ], [ -45.618168599999933, -23.743271799999945 ], [ -45.618191899999943, -23.743435099999942 ], [ -45.618162899999959, -23.743722499999933 ], [ -45.618187399999954, -23.743941899999982 ], [ -45.618261599999983, -23.744054499999947 ], [ -45.618601699999942, -23.744390899999928 ], [ -45.618639499999972, -23.744504599999971 ], [ -45.618664399999943, -23.744791699999951 ], [ -45.618832299999951, -23.745226399999979 ], [ -45.618934, -23.745368699999972 ], [ -45.619075899999984, -23.745485499999972 ], [ -45.619186, -23.745542899999975 ], [ -45.619517599999938, -23.74593 ], [ -45.619835199999955, -23.746071399999948 ], [ -45.620008799999937, -23.746064399999966 ], [ -45.620181299999956, -23.746027599999934 ], [ -45.62035659999998, -23.745943799999964 ], [ -45.620628099999976, -23.745886699999971 ], [ -45.620736199999953, -23.745923299999959 ], [ -45.620912299999929, -23.74602729999998 ], [ -45.621038099999964, -23.746205799999927 ], [ -45.62114, -23.746270299999935 ], [ -45.621184399999947, -23.746311799999944 ], [ -45.62161969999994, -23.74683559999994 ], [ -45.621720099999948, -23.747117 ], [ -45.622002, -23.747574699999973 ], [ -45.622070399999984, -23.747728 ], [ -45.622110099999929, -23.748018599999966 ], [ -45.622064799999976, -23.748209399999951 ], [ -45.621884299999977, -23.748422399999981 ], [ -45.621607799999936, -23.74867729999994 ], [ -45.621561099999951, -23.748762399999976 ], [ -45.621574399999986, -23.748861699999964 ], [ -45.621799, -23.749255499999947 ], [ -45.621781, -23.749392899999975 ], [ -45.621696099999951, -23.749625899999955 ], [ -45.621627499999931, -23.749876099999938 ], [ -45.621612899999946, -23.750076 ], [ -45.621629299999938, -23.750268799999958 ], [ -45.621679699999959, -23.750384099999962 ], [ -45.62173839999997, -23.750539199999935 ], [ -45.621826399999975, -23.750695099999973 ], [ -45.621942799999943, -23.750824699999953 ], [ -45.622065, -23.750934399999949 ], [ -45.622510099999943, -23.751256 ], [ -45.62321959999997, -23.751678499999969 ], [ -45.623395799999969, -23.751806099999953 ], [ -45.623666199999946, -23.752124699999968 ], [ -45.623808, -23.752437599999951 ], [ -45.623897499999941, -23.752891499999976 ], [ -45.623883, -23.753134599999953 ], [ -45.623759499999949, -23.753584899999964 ], [ -45.623553699999945, -23.75405 ], [ -45.623342099999945, -23.754322699999932 ], [ -45.623127799999963, -23.754444599999943 ] ] ] } },
{ "type": "Feature", "properties": { "id": "3550704026", "cd_bairro": "3550704026", "bairro": "Baleia", "cd_mun": "3550704", "municipio": "São Sebastião", "cd_dist": "355070410", "distrito": "Maresias" }, "geometry": { "type": "Polygon", "coordinates": [ [ [ -45.660813299999973, -23.774863099999948 ], [ -45.660318599999982, -23.776278699999978 ], [ -45.660500499999955, -23.778478399999983 ], [ -45.663974199999984, -23.782836199999963 ], [ -45.666284599999983, -23.785734599999955 ], [ -45.666402599999969, -23.785663499999941 ], [ -45.666448799999955, -23.785561 ], [ -45.666480499999977, -23.785424199999966 ], [ -45.666633899999965, -23.785392199999933 ], [ -45.666665399999943, -23.785279199999934 ], [ -45.66657639999994, -23.785258899999974 ], [ -45.666541699999982, -23.785201 ], [ -45.666550299999983, -23.785130099999947 ], [ -45.666639799999984, -23.785111699999959 ], [ -45.66659059999995, -23.785025 ], [ -45.666561699999932, -23.784922599999959 ], [ -45.666552899999942, -23.784804399999928 ], [ -45.666515299999958, -23.784709899999939 ], [ -45.666469199999938, -23.78466949999995 ], [ -45.666411599999947, -23.784580099999971 ], [ -45.66637129999998, -23.784467199999938 ], [ -45.66625629999993, -23.78440919999997 ], [ -45.666135599999961, -23.784359199999983 ], [ -45.666038, -23.784290899999974 ], [ -45.66592049999997, -23.784201699999983 ], [ -45.665811799999972, -23.78401 ], [ -45.665857599999981, -23.783916499999975 ], [ -45.665811799999972, -23.783843199999978 ], [ -45.665786, -23.783741299999974 ], [ -45.665783099999942, -23.783655 ], [ -45.665751599999965, -23.783542399999931 ], [ -45.665711499999929, -23.783516199999951 ], [ -45.66564859999994, -23.783495199999948 ], [ -45.665605599999935, -23.783414 ], [ -45.665565499999957, -23.783353799999929 ], [ -45.66556259999993, -23.783277899999973 ], [ -45.665614099999971, -23.783228099999974 ], [ -45.665665499999932, -23.783165099999962 ], [ -45.665639699999986, -23.783086499999968 ], [ -45.665572399999974, -23.783039299999928 ], [ -45.665512599999943, -23.78300779999995 ], [ -45.665435799999955, -23.782986799999946 ], [ -45.665381799999977, -23.782952699999953 ], [ -45.665361799999971, -23.782900299999937 ], [ -45.665412899999978, -23.782850599999961 ], [ -45.66548389999997, -23.782821899999931 ], [ -45.665520899999933, -23.782772099999931 ], [ -45.665623399999959, -23.782761599999958 ], [ -45.665683299999955, -23.782724899999948 ], [ -45.665666099999953, -23.782667199999935 ], [ -45.665577599999949, -23.782617499999958 ], [ -45.665537699999959, -23.782583399999965 ], [ -45.665568899999982, -23.782538799999941 ], [ -45.665538, -23.782488799999953 ], [ -45.665483699999982, -23.782449399999962 ], [ -45.665435099999968, -23.782397 ], [ -45.665369399999975, -23.782339299999933 ], [ -45.665349299999946, -23.782247599999948 ], [ -45.665329099999951, -23.782163799999978 ], [ -45.665266299999985, -23.782074799999975 ], [ -45.665246199999956, -23.781990899999983 ], [ -45.665188899999976, -23.781899299999964 ], [ -45.665134599999931, -23.781831199999942 ], [ -45.664968499999929, -23.781682599999954 ], [ -45.664911299999972, -23.781625 ], [ -45.664802599999973, -23.781517599999972 ], [ -45.664756699999941, -23.781402499999956 ], [ -45.664702299999931, -23.781274199999928 ], [ -45.664625, -23.781193099999939 ], [ -45.664522, -23.781088399999931 ], [ -45.664401899999973, -23.780949699999951 ], [ -45.664299, -23.780858199999955 ], [ -45.664233399999944, -23.780647899999963 ], [ -45.66415029999996, -23.780509199999983 ], [ -45.664014099999974, -23.78037379999995 ], [ -45.663904399999979, -23.780192199999931 ], [ -45.663877799999966, -23.780027099999927 ], [ -45.663806699999952, -23.779899599999965 ], [ -45.663809599999979, -23.779799399999945 ], [ -45.663857099999973, -23.77966379999998 ], [ -45.663889799999936, -23.779525299999932 ], [ -45.663927699999931, -23.779416099999935 ], [ -45.663961699999959, -23.779299599999945 ], [ -45.663984399999947, -23.779196 ], [ -45.664049599999942, -23.779076599999939 ], [ -45.664078, -23.77898579999993 ], [ -45.664225599999952, -23.778866299999947 ], [ -45.664302099999929, -23.778775399999972 ], [ -45.664412699999957, -23.77867939999993 ], [ -45.664472299999943, -23.778606799999977 ], [ -45.664551699999947, -23.778513299999929 ], [ -45.664639699999952, -23.778438 ], [ -45.664779, -23.778330199999971 ], [ -45.664893099999972, -23.778219699999966 ], [ -45.665061499999979, -23.778080099999954 ], [ -45.665222, -23.777947799999936 ], [ -45.665398499999981, -23.777822899999933 ], [ -45.665542899999934, -23.777698 ], [ -45.665775599999961, -23.777507 ], [ -45.665928, -23.777382099999954 ], [ -45.666104599999983, -23.777249899999958 ], [ -45.666224899999975, -23.777132399999971 ], [ -45.666384099999959, -23.777034 ], [ -45.66652849999997, -23.77694589999993 ], [ -45.66668089999996, -23.776865 ], [ -45.666889599999934, -23.776725399999975 ], [ -45.667034, -23.776615199999981 ], [ -45.667218499999933, -23.776512399999945 ], [ -45.667403, -23.776409499999943 ], [ -45.667635699999948, -23.776262499999973 ], [ -45.667868399999975, -23.776167 ], [ -45.668109099999981, -23.776064099999928 ], [ -45.668333799999971, -23.775990499999978 ], [ -45.668534399999942, -23.775909699999943 ], [ -45.668823299999985, -23.775799399999983 ], [ -45.669144399999936, -23.775718599999948 ], [ -45.669385099999943, -23.775637699999947 ], [ -45.669641899999931, -23.775534799999946 ], [ -45.669882599999937, -23.775483399999928 ], [ -45.670083199999965, -23.775417299999958 ], [ -45.670291799999973, -23.77533649999998 ], [ -45.670588799999962, -23.775255499999957 ], [ -45.67083759999997, -23.775203899999951 ], [ -45.671126499999957, -23.775130399999966 ], [ -45.671391399999948, -23.775086199999976 ], [ -45.67165609999995, -23.774998099999948 ], [ -45.671840599999939, -23.774961299999973 ], [ -45.672049299999969, -23.774946599999964 ], [ -45.672282099999961, -23.774895 ], [ -45.672451299999977, -23.774860599999954 ], [ -45.672595699999931, -23.774831199999937 ], [ -45.672756199999981, -23.774801799999977 ], [ -45.672972899999934, -23.774787 ], [ -45.673093299999948, -23.774765 ], [ -45.673285899999939, -23.77475759999993 ], [ -45.673502599999949, -23.774713399999939 ], [ -45.673703199999977, -23.774706 ], [ -45.673887799999932, -23.77469119999995 ], [ -45.674104499999942, -23.774669099999983 ], [ -45.674345199999948, -23.774654399999974 ], [ -45.674626099999955, -23.774624899999935 ], [ -45.67480269999993, -23.774610199999927 ], [ -45.674971199999959, -23.774595399999953 ], [ -45.67515579999997, -23.774588 ], [ -45.675316299999963, -23.77456589999997 ], [ -45.675517, -23.774565799999948 ], [ -45.675717599999984, -23.77455109999994 ], [ -45.675878099999977, -23.774558399999933 ], [ -45.67609479999993, -23.774543599999959 ], [ -45.676247299999943, -23.774558199999944 ], [ -45.676435, -23.774550799999929 ], [ -45.676611499999979, -23.774550799999929 ], [ -45.676756, -23.77454339999997 ], [ -45.676940599999966, -23.774536 ], [ -45.677117099999975, -23.774535899999933 ], [ -45.677325799999949, -23.774535799999967 ], [ -45.67750239999998, -23.774550499999975 ], [ -45.677679, -23.774550399999953 ], [ -45.677871599999946, -23.774535599999979 ], [ -45.678104299999973, -23.774550199999965 ], [ -45.678321, -23.774542799999949 ], [ -45.678497599999957, -23.774550099999942 ], [ -45.67865, -23.774557399999935 ], [ -45.678802399999938, -23.774542599999961 ], [ -45.678954699999963, -23.774549799999932 ], [ -45.679147199999932, -23.774571799999933 ], [ -45.679355799999939, -23.774557 ], [ -45.679556399999967, -23.774564299999952 ], [ -45.679797199999939, -23.774593599999946 ], [ -45.679983599999957, -23.774625699999945 ], [ -45.680176199999948, -23.77464029999993 ], [ -45.68036879999994, -23.774647499999958 ], [ -45.680553299999985, -23.774669499999959 ], [ -45.680753899999957, -23.774662099999944 ], [ -45.680978599999946, -23.774669299999971 ], [ -45.681179199999974, -23.774676599999964 ], [ -45.681315599999948, -23.774698599999965 ], [ -45.681500199999959, -23.774705799999936 ], [ -45.681676699999969, -23.774727799999937 ], [ -45.681829099999959, -23.77474239999998 ], [ -45.682053799999949, -23.774757 ], [ -45.68223039999998, -23.774793699999975 ], [ -45.682374899999957, -23.774815699999976 ], [ -45.68256759999997, -23.774852399999929 ], [ -45.682744199999945, -23.774889 ], [ -45.682952899999975, -23.774933099999942 ], [ -45.683121399999948, -23.774933 ], [ -45.683274, -23.774984399999937 ], [ -45.68346669999994, -23.775013699999931 ], [ -45.683611199999973, -23.775065099999949 ], [ -45.683715599999971, -23.775109099999952 ], [ -45.683876199999986, -23.775138399999946 ], [ -45.68404449999997, -23.775175 ], [ -45.684244799999931, -23.775233499999956 ], [ -45.684453099999985, -23.775306799999953 ], [ -45.684653, -23.775423899999964 ], [ -45.684820199999933, -23.775562799999932 ], [ -45.68482819999997, -23.775680199999954 ], [ -45.684689, -23.775855699999966 ], [ -45.684680799999967, -23.775995299999977 ], [ -45.684688699999981, -23.776208099999963 ], [ -45.684728499999949, -23.776406299999962 ], [ -45.684728499999949, -23.776597 ], [ -45.684835499999963, -23.776678199999935 ], [ -45.684843599999965, -23.776854299999968 ], [ -45.684851599999945, -23.77701559999997 ], [ -45.684859699999947, -23.777140299999928 ], [ -45.684868, -23.777265099999966 ], [ -45.684844399999974, -23.777382599999953 ], [ -45.684844699999985, -23.777536699999928 ], [ -45.684844899999973, -23.777690899999982 ], [ -45.684869099999958, -23.77785229999995 ], [ -45.684901599999932, -23.777992 ], [ -45.68483509999993, -23.778043099999934 ], [ -45.684751299999959, -23.778030499999943 ], [ -45.68472, -23.778119799999956 ], [ -45.684803599999952, -23.778173899999956 ], [ -45.684848899999963, -23.778237599999954 ], [ -45.684876699999961, -23.778320399999927 ], [ -45.684901099999934, -23.778381 ], [ -45.684862799999962, -23.778422499999976 ], [ -45.684876699999961, -23.778486199999975 ], [ -45.684949899999935, -23.778518 ], [ -45.685054399999956, -23.77854009999993 ], [ -45.685169299999984, -23.778552699999977 ], [ -45.685319, -23.778539599999931 ], [ -45.685413, -23.778516799999977 ], [ -45.685499899999968, -23.778548499999943 ], [ -45.685597399999949, -23.778637599999968 ], [ -45.685666899999944, -23.778650099999936 ], [ -45.685757099999933, -23.778637 ], [ -45.685837, -23.778646199999969 ], [ -45.685909899999956, -23.778674699999954 ], [ -45.68599329999995, -23.778709599999956 ], [ -45.686097599999982, -23.778732 ], [ -45.686167299999966, -23.778763899999944 ], [ -45.686267, -23.778781299999935 ], [ -45.68634, -23.77878759999993 ], [ -45.686475599999937, -23.778765 ], [ -45.686590199999955, -23.778761599999939 ], [ -45.686684, -23.778710399999966 ], [ -45.686760399999969, -23.778665599999954 ], [ -45.686843599999975, -23.778605099999936 ], [ -45.686639, -23.771966299999974 ], [ -45.686622, -23.771936 ], [ -45.68664, -23.771932199999981 ], [ -45.686618, -23.771687699999973 ], [ -45.686886, -23.771042 ], [ -45.686916, -23.770918 ], [ -45.686843, -23.770777 ], [ -45.686729, -23.770645 ], [ -45.686728, -23.770427 ], [ -45.68658389999996, -23.770374699999934 ], [ -45.686398, -23.770343 ], [ -45.68612, -23.770335 ], [ -45.686037, -23.770316 ], [ -45.685976, -23.770279 ], [ -45.685717, -23.770034 ], [ -45.685655, -23.76994 ], [ -45.685674, -23.769807 ], [ -45.685725, -23.769683899999961 ], [ -45.685828899999933, -23.769551 ], [ -45.686022, -23.769323 ], [ -45.686081, -23.769124 ], [ -45.686071, -23.769043 ], [ -45.686011, -23.768953 ], [ -45.685869, -23.768797 ], [ -45.68574, -23.768705 ], [ -45.685609, -23.768677 ], [ -45.685512, -23.768616 ], [ -45.685492, -23.768595 ], [ -45.685479, -23.768511 ], [ -45.685581, -23.768376 ], [ -45.685707, -23.768252 ], [ -45.685784, -23.768113 ], [ -45.685898, -23.768001 ], [ -45.685944, -23.767935 ], [ -45.685971, -23.767862 ], [ -45.685964, -23.767771 ], [ -45.685939, -23.767737 ], [ -45.685866, -23.767698 ], [ -45.685768, -23.767686 ], [ -45.685564, -23.767766 ], [ -45.685508, -23.76775 ], [ -45.685475, -23.76769 ], [ -45.68547, -23.767651 ], [ -45.685514, -23.767491 ], [ -45.685579, -23.767353 ], [ -45.685597, -23.767277 ], [ -45.685674, -23.767106 ], [ -45.685792, -23.76699 ], [ -45.685807, -23.766941 ], [ -45.685796, -23.766903 ], [ -45.685715, -23.766839 ], [ -45.685327, -23.766719 ], [ -45.685273, -23.766729 ], [ -45.685202, -23.766782 ], [ -45.68513, -23.766809 ], [ -45.685065, -23.766815 ], [ -45.685023, -23.766779 ], [ -45.684969, -23.766685 ], [ -45.684916, -23.766493 ], [ -45.684915, -23.766266 ], [ -45.684848, -23.766193 ], [ -45.684592, -23.766044 ], [ -45.684512, -23.76593 ], [ -45.684519, -23.765879 ], [ -45.684609, -23.765781 ], [ -45.684731, -23.765721 ], [ -45.684967, -23.765699 ], [ -45.685091, -23.765655 ], [ -45.685141, -23.76559 ], [ -45.685142, -23.765535 ], [ -45.685088, -23.765488 ], [ -45.684961, -23.765431 ], [ -45.684671, -23.765417 ], [ -45.684474, -23.765373 ], [ -45.684361, -23.765378 ], [ -45.684324, -23.765364 ], [ -45.684275, -23.765302 ], [ -45.684269, -23.76521 ], [ -45.684285, -23.765138 ], [ -45.684432, -23.764862 ], [ -45.684447, -23.764817 ], [ -45.684446, -23.764705 ], [ -45.684472, -23.764625 ], [ -45.684511, -23.764552 ], [ -45.684554, -23.764515 ], [ -45.684633, -23.764488 ], [ -45.684782, -23.764489 ], [ -45.684963, -23.764375 ], [ -45.685177, -23.764339 ], [ -45.685419, -23.764266 ], [ -45.685494, -23.76421 ], [ -45.68553, -23.764108 ], [ -45.685474, -23.763911 ], [ -45.685349, -23.763791 ], [ -45.685361, -23.76366 ], [ -45.685402, -23.763581 ], [ -45.685545, -23.763497 ], [ -45.685623, -23.763487 ], [ -45.685725, -23.763504 ], [ -45.685844, -23.763453 ], [ -45.68612, -23.763404 ], [ -45.686227, -23.763425 ], [ -45.6863, -23.763394 ], [ -45.686339, -23.76335 ], [ -45.686359, -23.763284 ], [ -45.686349, -23.76319 ], [ -45.686256, -23.762986 ], [ -45.686212, -23.762954 ], [ -45.686139, -23.762937 ], [ -45.685934, -23.762925 ], [ -45.685883, -23.762882 ], [ -45.685866, -23.762841 ], [ -45.685869, -23.762788 ], [ -45.685923, -23.762663 ], [ -45.686003, -23.762609 ], [ -45.686019, -23.762571 ], [ -45.68603, -23.762519 ], [ -45.686011, -23.762437 ], [ -45.686022, -23.762288 ], [ -45.686081, -23.762084 ], [ -45.686161, -23.761983 ], [ -45.686474, -23.761746 ], [ -45.686511, -23.761688 ], [ -45.686577, -23.76151 ], [ -45.68659, -23.761414 ], [ -45.686395, -23.760986 ], [ -45.686386, -23.760903 ], [ -45.686406, -23.76045 ], [ -45.686395, -23.760244 ], [ -45.686354, -23.760064 ], [ -45.686227, -23.7597 ], [ -45.6861, -23.759659 ], [ -45.68605, -23.759677 ], [ -45.685987, -23.759726 ], [ -45.685907, -23.759849 ], [ -45.685838, -23.760027 ], [ -45.685745, -23.760102 ], [ -45.685652, -23.7601 ], [ -45.685499, -23.760001 ], [ -45.685448, -23.759952 ], [ -45.68536, -23.75979 ], [ -45.685346, -23.75968 ], [ -45.685387, -23.75958 ], [ -45.685595, -23.759352 ], [ -45.685587, -23.759271 ], [ -45.685557, -23.759194 ], [ -45.685364, -23.758998 ], [ -45.685175, -23.758752 ], [ -45.685106, -23.758633 ], [ -45.685042, -23.758472 ], [ -45.684844, -23.758214 ], [ -45.684816, -23.758124 ], [ -45.684912, -23.758016 ], [ -45.684916, -23.757976 ], [ -45.684878, -23.757895 ], [ -45.684839, -23.757847 ], [ -45.684784, -23.757835 ], [ -45.684668, -23.757838 ], [ -45.684526, -23.757873 ], [ -45.68438, -23.757873 ], [ -45.684178, -23.757849 ], [ -45.684056, -23.757796 ], [ -45.683965, -23.757719 ], [ -45.683957, -23.757634 ], [ -45.684137, -23.757267 ], [ -45.684204, -23.756982 ], [ -45.684179, -23.756606 ], [ -45.684172, -23.756558 ], [ -45.684107, -23.756427 ], [ -45.683843, -23.756174 ], [ -45.683812, -23.756122 ], [ -45.683807, -23.756065 ], [ -45.683877, -23.755958 ], [ -45.684034, -23.755876 ], [ -45.68407, -23.755871 ], [ -45.684174, -23.755907 ], [ -45.684296, -23.75588 ], [ -45.684435, -23.755908 ], [ -45.684464, -23.755903 ], [ -45.684564, -23.75583 ], [ -45.684614, -23.755722 ], [ -45.684699, -23.755654 ], [ -45.684707, -23.755629 ], [ -45.684708, -23.755542 ], [ -45.684672, -23.755414 ], [ -45.684645, -23.7552 ], [ -45.684652, -23.755142 ], [ -45.684706, -23.755072 ], [ -45.684688, -23.754887 ], [ -45.684623, -23.754786 ], [ -45.684504, -23.754669 ], [ -45.684405, -23.754517 ], [ -45.684368, -23.75437 ], [ -45.684255, -23.754163 ], [ -45.684147, -23.753866 ], [ -45.684072, -23.753785 ], [ -45.684016, -23.753752 ], [ -45.683918, -23.753632 ], [ -45.683759, -23.753579 ], [ -45.683615, -23.753479 ], [ -45.683535, -23.753381 ], [ -45.683501, -23.753309 ], [ -45.683488, -23.75304 ], [ -45.68351, -23.752925 ], [ -45.683696, -23.752643 ], [ -45.683816, -23.752278899999965 ], [ -45.683819, -23.752212 ], [ -45.68368, -23.751914 ], [ -45.683641, -23.751624 ], [ -45.683718, -23.751458 ], [ -45.683743, -23.751309 ], [ -45.683669, -23.750964 ], [ -45.683815, -23.750278 ], [ -45.683824, -23.750233 ], [ -45.683831, -23.749987 ], [ -45.683811, -23.749886 ], [ -45.683752, -23.749756 ], [ -45.683751, -23.749613 ], [ -45.683757, -23.749523 ], [ -45.683789, -23.74944 ], [ -45.683789, -23.749345 ], [ -45.683852, -23.749142 ], [ -45.683837, -23.748726 ], [ -45.68381, -23.748547 ], [ -45.68382349999996, -23.748480499999971 ], [ -45.683994899999959, -23.748106699999937 ], [ -45.683469199999934, -23.747764 ], [ -45.683349199999952, -23.747714 ], [ -45.683142099999941, -23.74770129999996 ], [ -45.683066699999983, -23.747729699999979 ], [ -45.682942599999933, -23.747824099999946 ], [ -45.682878199999948, -23.74790749999994 ], [ -45.682874699999957, -23.747978 ], [ -45.682847399999957, -23.74800879999998 ], [ -45.682888099999957, -23.748481899999945 ], [ -45.682883299999958, -23.748889299999973 ], [ -45.682797499999936, -23.749181399999941 ], [ -45.682700099999977, -23.749308299999939 ], [ -45.682619899999963, -23.749362799999972 ], [ -45.682374799999934, -23.749401899999953 ], [ -45.68216259999997, -23.749359399999946 ], [ -45.681563499999982, -23.749441599999955 ], [ -45.681274599999938, -23.749545799999964 ], [ -45.68085, -23.749780699999974 ], [ -45.680282199999965, -23.750037899999938 ], [ -45.68011649999994, -23.750064799999961 ], [ -45.679685599999971, -23.750037799999973 ], [ -45.678735099999983, -23.75009979999993 ], [ -45.677967499999966, -23.750060699999949 ], [ -45.677665499999932, -23.750104499999964 ], [ -45.677238299999942, -23.75003049999998 ], [ -45.676512199999934, -23.749847599999953 ], [ -45.675395899999955, -23.749334099999942 ], [ -45.674244399999964, -23.748671599999966 ], [ -45.673828599999979, -23.748529799999972 ], [ -45.672509899999966, -23.74796559999993 ], [ -45.672111099999938, -23.747704499999941 ], [ -45.672016499999984, -23.747611 ], [ -45.67184229999998, -23.747316399999931 ], [ -45.671753599999931, -23.747052099999962 ], [ -45.671765899999968, -23.746773899999937 ], [ -45.671845899999937, -23.746494499999983 ], [ -45.671882799999935, -23.746231499999965 ], [ -45.671825399999932, -23.745949 ], [ -45.671363799999938, -23.745280799999932 ], [ -45.671215299999972, -23.745024099999966 ], [ -45.671044799999947, -23.744498199999953 ], [ -45.670896299999981, -23.744241399999964 ], [ -45.670785799999976, -23.744128099999955 ], [ -45.67069429999998, -23.744081599999959 ], [ -45.670612899999981, -23.744081899999969 ], [ -45.670506199999977, -23.744126599999959 ], [ -45.670355899999947, -23.744285299999945 ], [ -45.670165199999985, -23.744802799999945 ], [ -45.66990919999995, -23.74596269999995 ], [ -45.669836099999941, -23.746066 ], [ -45.669731399999932, -23.746123399999931 ], [ -45.669574599999976, -23.746162 ], [ -45.669461799999965, -23.746162499999969 ], [ -45.669128599999965, -23.746055499999954 ], [ -45.669018699999981, -23.746055099999978 ], [ -45.668440399999952, -23.74618049999998 ], [ -45.668278499999985, -23.746182099999942 ], [ -45.668126199999961, -23.746133899999961 ], [ -45.667849699999977, -23.745987 ], [ -45.667665399999976, -23.745815299999947 ], [ -45.667558699999972, -23.745679399999972 ], [ -45.667349499999943, -23.745254899999964 ], [ -45.667244799999935, -23.745111699999939 ], [ -45.667118899999934, -23.745048099999963 ], [ -45.666999199999964, -23.745054 ], [ -45.666869, -23.74512139999996 ], [ -45.666769599999952, -23.745243799999969 ], [ -45.666699499999936, -23.745558399999936 ], [ -45.666613899999959, -23.745707799999934 ], [ -45.666507499999966, -23.745808499999953 ], [ -45.666371599999934, -23.745894 ], [ -45.666176599999972, -23.745959 ], [ -45.665551799999946, -23.745997799999941 ], [ -45.665406799999971, -23.746042699999975 ], [ -45.665232599999968, -23.746132899999964 ], [ -45.66504649999996, -23.74638479999993 ], [ -45.664878599999952, -23.746948199999963 ], [ -45.664741499999934, -23.747201699999948 ], [ -45.664183299999934, -23.747798399999965 ], [ -45.663742799999966, -23.748201299999948 ], [ -45.663442699999962, -23.748432 ], [ -45.662968199999966, -23.748703199999966 ], [ -45.662839299999973, -23.748821199999952 ], [ -45.662734099999966, -23.748969799999941 ], [ -45.662574699999936, -23.749272099999928 ], [ -45.662307399999975, -23.749592099999973 ], [ -45.662139199999956, -23.749710299999947 ], [ -45.661928699999976, -23.749800599999958 ], [ -45.661544499999934, -23.749949299999969 ], [ -45.66119649999996, -23.750153699999942 ], [ -45.660931799999958, -23.750384699999927 ], [ -45.660701199999949, -23.750574499999971 ], [ -45.66058419999996, -23.75073029999993 ], [ -45.660472499999969, -23.750959299999977 ], [ -45.661034, -23.755518599999959 ], [ -45.658963599999936, -23.755234099999939 ], [ -45.659964299999956, -23.76204759999996 ], [ -45.658439899999962, -23.762513099999978 ], [ -45.657933199999945, -23.762652299999957 ], [ -45.65737839999997, -23.762814099999957 ], [ -45.657064299999945, -23.76292049999995 ], [ -45.656156399999929, -23.763158099999941 ], [ -45.654386099999954, -23.763760399999967 ], [ -45.654134499999941, -23.763870199999928 ], [ -45.653404599999931, -23.764235599999949 ], [ -45.652787, -23.764628699999946 ], [ -45.652012, -23.765212299999973 ], [ -45.651622, -23.765571699999953 ], [ -45.651621099999943, -23.765572599999928 ], [ -45.651093099999969, -23.766074899999978 ], [ -45.650682699999948, -23.766412699999933 ], [ -45.650486599999965, -23.766594699999928 ], [ -45.650520499999971, -23.766916099999946 ], [ -45.65054779999997, -23.768446299999937 ], [ -45.650555399999973, -23.768662499999948 ], [ -45.652203199999974, -23.768622599999958 ], [ -45.652551, -23.76970689999996 ], [ -45.651375099999939, -23.769666699999959 ], [ -45.651664599999947, -23.770721099999946 ], [ -45.654726899999957, -23.774037 ], [ -45.656308299999978, -23.774027399999966 ], [ -45.65775629999996, -23.773957399999972 ], [ -45.658805299999983, -23.774452699999983 ], [ -45.659213899999941, -23.774378 ], [ -45.659600499999954, -23.774399899999935 ], [ -45.660004699999945, -23.774461499999973 ], [ -45.660813299999973, -23.774863099999948 ] ] ] } },
{ "type": "Feature", "properties": { "id": "3550704027", "cd_bairro": "3550704027", "bairro": "Barra do Sahy", "cd_mun": "3550704", "municipio": "São Sebastião", "cd_dist": "355070410", "distrito": "Maresias" }, "geometry": { "type": "Polygon", "coordinates": [ [ [ -45.693825799999956, -23.776126799999929 ], [ -45.693923499999983, -23.775934899999982 ], [ -45.694050499999946, -23.775747799999976 ], [ -45.694208699999933, -23.775556299999948 ], [ -45.694986599999936, -23.774929199999974 ], [ -45.697040399999935, -23.773945 ], [ -45.698529299999961, -23.773223799999982 ], [ -45.699626399999943, -23.77281389999996 ], [ -45.700366199999962, -23.77273 ], [ -45.701344699999936, -23.772660199999962 ], [ -45.702195599999982, -23.772869399999934 ], [ -45.702238199999954, -23.772949799999935 ], [ -45.702246899999977, -23.773038099999951 ], [ -45.70227529999994, -23.773116099999982 ], [ -45.702303899999947, -23.773204499999963 ], [ -45.702369199999964, -23.773259 ], [ -45.702442899999937, -23.773297799999966 ], [ -45.70249, -23.773352599999953 ], [ -45.702524099999948, -23.773399299999937 ], [ -45.702552499999967, -23.773466799999937 ], [ -45.702589399999965, -23.773516099999938 ], [ -45.70255839999993, -23.773591599999975 ], [ -45.702507399999945, -23.773594399999979 ], [ -45.70243929999998, -23.773558299999934 ], [ -45.702399699999944, -23.773597399999971 ], [ -45.702422499999955, -23.773654599999929 ], [ -45.702445199999943, -23.773711899999967 ], [ -45.702485099999933, -23.773795099999973 ], [ -45.702519199999983, -23.77385229999993 ], [ -45.702536299999963, -23.773927699999945 ], [ -45.702508, -23.773998 ], [ -45.702437, -23.774026799999945 ], [ -45.702366, -23.773993099999927 ], [ -45.702285199999949, -23.773981299999946 ], [ -45.70225709999994, -23.774108799999965 ], [ -45.702248699999984, -23.774192099999937 ], [ -45.702345299999934, -23.774225799999954 ], [ -45.702353899999935, -23.774298699999974 ], [ -45.702396699999952, -23.774395 ], [ -45.702521699999977, -23.774459899999954 ], [ -45.702640899999949, -23.774493499999949 ], [ -45.702745899999968, -23.774508899999944 ], [ -45.70280809999997, -23.774464499999965 ], [ -45.702890099999934, -23.774422699999946 ], [ -45.702969199999984, -23.774375799999973 ], [ -45.703005399999938, -23.774250799999948 ], [ -45.702940399999932, -23.774214499999971 ], [ -45.702849799999967, -23.774188699999968 ], [ -45.702784699999938, -23.774170599999934 ], [ -45.702787399999977, -23.774116 ], [ -45.702801399999942, -23.77408209999993 ], [ -45.702815, -23.774017 ], [ -45.702857299999948, -23.774027299999943 ], [ -45.702913699999954, -23.774048 ], [ -45.702961799999969, -23.77408429999997 ], [ -45.703029199999946, -23.774105399999939 ], [ -45.703091499999971, -23.774139199999979 ], [ -45.703159699999958, -23.774183199999982 ], [ -45.703264899999965, -23.774219499999958 ], [ -45.703378499999985, -23.774229799999944 ], [ -45.703475099999935, -23.77423749999997 ], [ -45.703551699999934, -23.774229699999978 ], [ -45.703613699999948, -23.774172599999929 ], [ -45.703661299999965, -23.774110399999927 ], [ -45.703708899999981, -23.774050799999941 ], [ -45.703798899999981, -23.773993899999937 ], [ -45.703892599999961, -23.773999 ], [ -45.704000599999972, -23.774009199999966 ], [ -45.704079899999954, -23.773985799999934 ], [ -45.704116299999953, -23.773931499999946 ], [ -45.70412129999994, -23.773861599999975 ], [ -45.704174699999953, -23.77380729999993 ], [ -45.704268499999955, -23.773794199999941 ], [ -45.704343199999983, -23.773755799999947 ], [ -45.704442399999948, -23.773724699999946 ], [ -45.704469899999935, -23.773654699999952 ], [ -45.704537099999982, -23.773577099999954 ], [ -45.70462729999997, -23.773522699999944 ], [ -45.704688699999963, -23.773447699999963 ], [ -45.704710499999976, -23.773385799999971 ], [ -45.704743699999938, -23.773326499999939 ], [ -45.704831799999965, -23.773292699999956 ], [ -45.704506099999946, -23.770921199999975 ], [ -45.704484399999956, -23.770846499999948 ], [ -45.704488599999934, -23.769750399999964 ], [ -45.704223299999967, -23.76969379999997 ], [ -45.70402729999995, -23.769558299999971 ], [ -45.703882, -23.769372899999951 ], [ -45.703781499999934, -23.769117799999947 ], [ -45.703732099999968, -23.768693499999983 ], [ -45.703791599999931, -23.768078199999934 ], [ -45.703759399999967, -23.767920199999935 ], [ -45.703679499999964, -23.767842 ], [ -45.703556599999956, -23.767806499999949 ], [ -45.703431199999955, -23.767842199999961 ], [ -45.702904, -23.768173399999966 ], [ -45.702631699999984, -23.768276699999944 ], [ -45.702424599999972, -23.768276799999967 ], [ -45.70226839999998, -23.768237699999929 ], [ -45.70213739999997, -23.768156099999942 ], [ -45.702042699999936, -23.768058099999962 ], [ -45.701987199999962, -23.76795629999998 ], [ -45.701983699999971, -23.767675399999973 ], [ -45.702075, -23.767491699999937 ], [ -45.702304, -23.767196199999944 ], [ -45.702389799999935, -23.767080199999953 ], [ -45.702448, -23.766953399999977 ], [ -45.702465, -23.766829599999937 ], [ -45.702424099999973, -23.766709699999979 ], [ -45.70236639999996, -23.766562699999952 ], [ -45.702255, -23.766471099999933 ], [ -45.701980499999934, -23.766336 ], [ -45.701463299999944, -23.766161299999965 ], [ -45.701087199999961, -23.765931799999976 ], [ -45.699675099999979, -23.765206599999942 ], [ -45.699466499999971, -23.765109099999961 ], [ -45.69931239999994, -23.765093499999978 ], [ -45.699164199999984, -23.765099599999928 ], [ -45.698975099999984, -23.765154699999982 ], [ -45.698470899999961, -23.76538 ], [ -45.698223899999959, -23.76542539999997 ], [ -45.697910899999954, -23.765434899999946 ], [ -45.697685, -23.765406199999973 ], [ -45.697492199999942, -23.765316699999971 ], [ -45.696376899999962, -23.764505199999974 ], [ -45.695997099999943, -23.764124 ], [ -45.69568929999997, -23.763638499999956 ], [ -45.695601099999976, -23.763473599999941 ], [ -45.69555749999995, -23.763201099999947 ], [ -45.695496899999966, -23.762890599999935 ], [ -45.695442799999967, -23.762673199999938 ], [ -45.695388299999934, -23.762580399999933 ], [ -45.695335099999966, -23.762531899999942 ], [ -45.69524569999993, -23.762526899999955 ], [ -45.695169299999975, -23.762554299999977 ], [ -45.694998099999964, -23.762653499999942 ], [ -45.694673199999954, -23.76281309999996 ], [ -45.694229099999973, -23.762896299999966 ], [ -45.69384569999994, -23.762898599999971 ], [ -45.693553899999984, -23.762900299999956 ], [ -45.69326209999997, -23.762965899999983 ], [ -45.692512, -23.763134399999956 ], [ -45.691729, -23.763158699999963 ], [ -45.691449599999942, -23.763211399999932 ], [ -45.691187199999945, -23.763324599999976 ], [ -45.690946699999984, -23.763498199999958 ], [ -45.690754699999957, -23.763736599999959 ], [ -45.690617599999939, -23.763977399999931 ], [ -45.690393799999981, -23.76471179999993 ], [ -45.69029, -23.764948899999979 ], [ -45.68977609999996, -23.765763199999981 ], [ -45.689552, -23.766252899999927 ], [ -45.689142499999946, -23.767316899999969 ], [ -45.688907099999938, -23.767718899999977 ], [ -45.688756799999965, -23.76787859999996 ], [ -45.688620899999933, -23.767965899999979 ], [ -45.688473, -23.76802159999994 ], [ -45.688313199999982, -23.768054899999981 ], [ -45.688103099999978, -23.768030499999952 ], [ -45.687957599999947, -23.767979699999955 ], [ -45.687832399999934, -23.767882699999973 ], [ -45.687754, -23.767714099999978 ], [ -45.687764699999946, -23.767517199999929 ], [ -45.687823399999957, -23.767293799999948 ], [ -45.687914699999965, -23.767110099999968 ], [ -45.688183, -23.76662209999995 ], [ -45.688489, -23.765660599999933 ], [ -45.68869449999994, -23.76517819999998 ], [ -45.689050299999963, -23.764715099999933 ], [ -45.689354, -23.764432899999974 ], [ -45.689626199999964, -23.764121799999941 ], [ -45.689967099999933, -23.763631699999962 ], [ -45.690435499999978, -23.76312919999998 ], [ -45.690797199999963, -23.762688599999933 ], [ -45.690883399999962, -23.762470599999972 ], [ -45.690984899999933, -23.762001399999974 ], [ -45.69107189999994, -23.761749899999927 ], [ -45.691496, -23.76103349999994 ], [ -45.691787399999953, -23.760284399999932 ], [ -45.692052799999942, -23.75980629999998 ], [ -45.692247099999975, -23.759618399999965 ], [ -45.69236449999994, -23.759545699999933 ], [ -45.69264469999996, -23.75947309999998 ], [ -45.69317239999998, -23.75942729999997 ], [ -45.693437899999935, -23.759347599999955 ], [ -45.693663, -23.759221 ], [ -45.693920899999966, -23.75901209999995 ], [ -45.694225499999959, -23.758896899999968 ], [ -45.694739399999946, -23.758835899999951 ], [ -45.695145199999956, -23.758757299999957 ], [ -45.695298199999968, -23.758725 ], [ -45.69537349999996, -23.758692199999928 ], [ -45.695433, -23.75861059999994 ], [ -45.695431599999949, -23.758537499999932 ], [ -45.695397699999944, -23.758429199999966 ], [ -45.69527039999997, -23.758297 ], [ -45.694991899999934, -23.758158299999934 ], [ -45.694520099999977, -23.757999599999948 ], [ -45.694027199999937, -23.757760699999949 ], [ -45.693843699999945, -23.757592599999953 ], [ -45.693633399999953, -23.757337899999982 ], [ -45.693446199999983, -23.757194299999981 ], [ -45.693214, -23.757076099999949 ], [ -45.693065599999954, -23.757046 ], [ -45.692542399999979, -23.757005 ], [ -45.692338099999972, -23.756971599999929 ], [ -45.692196399999943, -23.75690359999993 ], [ -45.692086, -23.756813799999975 ], [ -45.691580299999941, -23.756376199999977 ], [ -45.691177099999948, -23.75620639999994 ], [ -45.690888199999961, -23.756132699999966 ], [ -45.690650199999936, -23.756021799999928 ], [ -45.690320799999938, -23.755708899999945 ], [ -45.690263699999946, -23.75550329999993 ], [ -45.69036, -23.754771199999936 ], [ -45.690305499999965, -23.754489699999965 ], [ -45.690304099999935, -23.754234099999962 ], [ -45.69041969999995, -23.754006799999956 ], [ -45.69073979999996, -23.753677499999981 ], [ -45.69087, -23.753418599999975 ], [ -45.690898, -23.753159299999936 ], [ -45.690820099999939, -23.75290039999993 ], [ -45.690794799999935, -23.752755099999945 ], [ -45.690794099999948, -23.752615099999957 ], [ -45.690895599999976, -23.752505399999961 ], [ -45.69104939999994, -23.752471299999968 ], [ -45.69159819999993, -23.752510399999949 ], [ -45.692033299999935, -23.752590599999962 ], [ -45.692519, -23.752776299999937 ], [ -45.692798399999958, -23.75291679999998 ], [ -45.693357699999979, -23.75327649999997 ], [ -45.693633199999965, -23.753418 ], [ -45.693911399999934, -23.753508899999929 ], [ -45.695253099999945, -23.753559799999948 ], [ -45.69549829999994, -23.75355049999996 ], [ -45.695633399999963, -23.753495699999974 ], [ -45.695725899999957, -23.753355299999953 ], [ -45.695707099999936, -23.753144899999938 ], [ -45.695748599999945, -23.753004799999928 ], [ -45.69585589999997, -23.752890499999978 ], [ -45.696186499999953, -23.752676699999938 ], [ -45.696468899999957, -23.752453299999956 ], [ -45.696556099999952, -23.752255099999957 ], [ -45.696623699999975, -23.752043399999934 ], [ -45.696761599999945, -23.751786299999935 ], [ -45.697429, -23.751063399999964 ], [ -45.697479099999953, -23.75088889999995 ], [ -45.69747609999996, -23.750708199999963 ], [ -45.697423299999969, -23.750531299999977 ], [ -45.697113299999955, -23.750093099999958 ], [ -45.697002299999951, -23.749954099999968 ], [ -45.696910099999968, -23.749882599999978 ], [ -45.696803299999942, -23.749841499999945 ], [ -45.696686499999942, -23.749832099999935 ], [ -45.696532699999977, -23.749876099999938 ], [ -45.696180499999969, -23.74999159999993 ], [ -45.695728899999949, -23.750032399999952 ], [ -45.69543, -23.750106 ], [ -45.695145299999979, -23.750078299999927 ], [ -45.695046099999956, -23.750071599999956 ], [ -45.694917799999985, -23.750107399999933 ], [ -45.694786599999929, -23.750166699999966 ], [ -45.694589099999973, -23.750400299999967 ], [ -45.694360399999937, -23.750574699999959 ], [ -45.694181899999933, -23.750662499999976 ], [ -45.693843499999957, -23.750702899999965 ], [ -45.693489199999931, -23.75069 ], [ -45.693304199999943, -23.750588799999946 ], [ -45.693190299999969, -23.750383399999976 ], [ -45.693132599999956, -23.75027579999994 ], [ -45.69310889999997, -23.750136399999974 ], [ -45.693126499999948, -23.74998839999995 ], [ -45.69316189999995, -23.749830699999961 ], [ -45.693216699999937, -23.74944389999996 ], [ -45.693469799999946, -23.748867399999938 ], [ -45.693564499999979, -23.748593299999982 ], [ -45.69350929999996, -23.74800289999996 ], [ -45.693539099999953, -23.747508699999969 ], [ -45.69360839999996, -23.74724649999996 ], [ -45.693860399999949, -23.746850599999959 ], [ -45.693943399999966, -23.746585599999946 ], [ -45.693863, -23.74604039999997 ], [ -45.693877199999974, -23.745937399999946 ], [ -45.694057899999962, -23.745604199999946 ], [ -45.694157399999938, -23.745315599999969 ], [ -45.694156699999951, -23.745179199999939 ], [ -45.694051199999933, -23.744904199999951 ], [ -45.693875299999945, -23.744658399999935 ], [ -45.693508699999938, -23.744353 ], [ -45.693443199999933, -23.744213299999956 ], [ -45.693443399999978, -23.744076 ], [ -45.693474099999946, -23.743948499999931 ], [ -45.693543099999943, -23.743820899999946 ], [ -45.693640699999946, -23.743708399999946 ], [ -45.693969099999947, -23.743468499999949 ], [ -45.69432519999998, -23.743267299999957 ], [ -45.694460699999979, -23.743101399999944 ], [ -45.694596499999932, -23.743070299999943 ], [ -45.694499, -23.742956399999969 ], [ -45.694476499999951, -23.742952 ], [ -45.69445769999993, -23.742907199999934 ], [ -45.694292399999938, -23.74282489999996 ], [ -45.693860399999949, -23.742765399999939 ], [ -45.693719699999974, -23.742702799999961 ], [ -45.693640199999948, -23.742511699999966 ], [ -45.693701699999963, -23.742263899999955 ], [ -45.693767699999967, -23.74212719999997 ], [ -45.693881699999963, -23.741972299999929 ], [ -45.694048399999986, -23.741593099999932 ], [ -45.694058499999983, -23.741451199999972 ], [ -45.694022399999938, -23.741312299999947 ], [ -45.693976099999929, -23.741285399999981 ], [ -45.693865199999948, -23.741278699999953 ], [ -45.693414399999938, -23.74137369999994 ], [ -45.693185699999958, -23.741361199999972 ], [ -45.693136399999958, -23.741313499999933 ], [ -45.69307189999995, -23.741171099999974 ], [ -45.693063199999983, -23.741017599999964 ], [ -45.69308609999996, -23.740892 ], [ -45.693309599999964, -23.740485399999955 ], [ -45.69338879999998, -23.740237599999944 ], [ -45.693387299999983, -23.740150899999946 ], [ -45.693354, -23.739973099999929 ], [ -45.693297299999983, -23.739827899999966 ], [ -45.693189, -23.739750799999968 ], [ -45.693041799999946, -23.739742399999955 ], [ -45.692788299999961, -23.739866399999983 ], [ -45.69263129999996, -23.739859799999977 ], [ -45.692566299999953, -23.739824 ], [ -45.692472499999951, -23.739706099999978 ], [ -45.692438899999956, -23.739481299999966 ], [ -45.692357399999935, -23.73928479999995 ], [ -45.692256699999973, -23.739167799999962 ], [ -45.69214089999997, -23.739152099999956 ], [ -45.691979099999969, -23.739183499999967 ], [ -45.691843399999982, -23.739300699999944 ], [ -45.691619399999979, -23.739625 ], [ -45.691489299999944, -23.73969059999996 ], [ -45.691316699999959, -23.739704899999936 ], [ -45.690894299999968, -23.739614699999947 ], [ -45.690733299999977, -23.739607299999932 ], [ -45.690566799999942, -23.739665799999955 ], [ -45.690495899999974, -23.739788099999942 ], [ -45.690471099999968, -23.739928199999952 ], [ -45.690425599999969, -23.740427 ], [ -45.690314799999953, -23.740613499999938 ], [ -45.690174299999967, -23.740764099999978 ], [ -45.689979299999948, -23.740824599999939 ], [ -45.689667499999985, -23.740853099999981 ], [ -45.68941609999996, -23.740809 ], [ -45.689010099999962, -23.740668099999937 ], [ -45.688862899999947, -23.740658899999971 ], [ -45.688727599999936, -23.74069019999996 ], [ -45.688647699999933, -23.740791699999932 ], [ -45.688615099999936, -23.740941799999973 ], [ -45.688631799999939, -23.741117799999927 ], [ -45.688748699999962, -23.741327699999943 ], [ -45.688830499999938, -23.741588399999955 ], [ -45.68882549999995, -23.741944299999943 ], [ -45.688686299999972, -23.742160799999965 ], [ -45.688428699999974, -23.742246799999975 ], [ -45.68815109999997, -23.742255299999954 ], [ -45.687255099999959, -23.742034399999966 ], [ -45.686994, -23.742026499999952 ], [ -45.686664599999972, -23.742065899999943 ], [ -45.686452, -23.742132799999979 ], [ -45.686385599999937, -23.742199899999946 ], [ -45.686352899999974, -23.742322899999976 ], [ -45.686423399999967, -23.742479699999933 ], [ -45.686804699999982, -23.742779699999971 ], [ -45.68759069999993, -23.74317 ], [ -45.68794749999995, -23.743473699999981 ], [ -45.688073399999951, -23.743538199999932 ], [ -45.688647, -23.743640399999947 ], [ -45.688811199999975, -23.743715599999973 ], [ -45.688924699999973, -23.743829799999958 ], [ -45.688994199999968, -23.743987499999946 ], [ -45.689025299999969, -23.744108399999959 ], [ -45.688994799999932, -23.744281099999967 ], [ -45.68878959999995, -23.744458099999974 ], [ -45.688321499999972, -23.744630899999947 ], [ -45.687766599999975, -23.744717399999956 ], [ -45.68748549999998, -23.744805299999939 ], [ -45.687064, -23.744885799999963 ], [ -45.686589099999935, -23.745069399999977 ], [ -45.686446199999978, -23.745150499999966 ], [ -45.686345899999935, -23.74529629999995 ], [ -45.686312399999963, -23.74545 ], [ -45.686304199999938, -23.745570199999975 ], [ -45.686313499999983, -23.745660499999929 ], [ -45.686370899999986, -23.745749599999954 ], [ -45.686618399999929, -23.74597609999995 ], [ -45.686759599999959, -23.746158 ], [ -45.686795699999948, -23.746294199999966 ], [ -45.686782599999958, -23.746417099999974 ], [ -45.686719599999947, -23.746565499999974 ], [ -45.686485199999936, -23.746775199999945 ], [ -45.686307, -23.746861799999976 ], [ -45.685667899999942, -23.746983799999953 ], [ -45.68547609999996, -23.747072299999957 ], [ -45.685265499999957, -23.747326099999952 ], [ -45.685063899999932, -23.747819299999946 ], [ -45.68491709999995, -23.748067399999968 ], [ -45.684779299999946, -23.748178199999927 ], [ -45.684585199999958, -23.74822329999995 ], [ -45.684443899999962, -23.748217599999975 ], [ -45.683994899999959, -23.748106699999937 ], [ -45.68382349999996, -23.748480499999971 ], [ -45.68381, -23.748547 ], [ -45.683837, -23.748726 ], [ -45.683852, -23.749142 ], [ -45.683789, -23.749345 ], [ -45.683789, -23.74944 ], [ -45.683757, -23.749523 ], [ -45.683751, -23.749613 ], [ -45.683752, -23.749756 ], [ -45.683811, -23.749886 ], [ -45.683831, -23.749987 ], [ -45.683824, -23.750233 ], [ -45.683815, -23.750278 ], [ -45.683669, -23.750964 ], [ -45.683743, -23.751309 ], [ -45.683718, -23.751458 ], [ -45.683641, -23.751624 ], [ -45.68368, -23.751914 ], [ -45.683819, -23.752212 ], [ -45.683816, -23.752278899999965 ], [ -45.683696, -23.752643 ], [ -45.68351, -23.752925 ], [ -45.683488, -23.75304 ], [ -45.683501, -23.753309 ], [ -45.683535, -23.753381 ], [ -45.683615, -23.753479 ], [ -45.683759, -23.753579 ], [ -45.683918, -23.753632 ], [ -45.684016, -23.753752 ], [ -45.684072, -23.753785 ], [ -45.684147, -23.753866 ], [ -45.684255, -23.754163 ], [ -45.684368, -23.75437 ], [ -45.684405, -23.754517 ], [ -45.684504, -23.754669 ], [ -45.684623, -23.754786 ], [ -45.684688, -23.754887 ], [ -45.684706, -23.755072 ], [ -45.684652, -23.755142 ], [ -45.684645, -23.7552 ], [ -45.684672, -23.755414 ], [ -45.684708, -23.755542 ], [ -45.684707, -23.755629 ], [ -45.684699, -23.755654 ], [ -45.684614, -23.755722 ], [ -45.684564, -23.75583 ], [ -45.684464, -23.755903 ], [ -45.684435, -23.755908 ], [ -45.684296, -23.75588 ], [ -45.684174, -23.755907 ], [ -45.68407, -23.755871 ], [ -45.684034, -23.755876 ], [ -45.683877, -23.755958 ], [ -45.683807, -23.756065 ], [ -45.683812, -23.756122 ], [ -45.683843, -23.756174 ], [ -45.684107, -23.756427 ], [ -45.684172, -23.756558 ], [ -45.684179, -23.756606 ], [ -45.684204, -23.756982 ], [ -45.684137, -23.757267 ], [ -45.683957, -23.757634 ], [ -45.683965, -23.757719 ], [ -45.684056, -23.757796 ], [ -45.684178, -23.757849 ], [ -45.68438, -23.757873 ], [ -45.684526, -23.757873 ], [ -45.684668, -23.757838 ], [ -45.684784, -23.757835 ], [ -45.684839, -23.757847 ], [ -45.684878, -23.757895 ], [ -45.684916, -23.757976 ], [ -45.684912, -23.758016 ], [ -45.684816, -23.758124 ], [ -45.684844, -23.758214 ], [ -45.685042, -23.758472 ], [ -45.685106, -23.758633 ], [ -45.685175, -23.758752 ], [ -45.685364, -23.758998 ], [ -45.685557, -23.759194 ], [ -45.685587, -23.759271 ], [ -45.685595, -23.759352 ], [ -45.685387, -23.75958 ], [ -45.685346, -23.75968 ], [ -45.68536, -23.75979 ], [ -45.685448, -23.759952 ], [ -45.685499, -23.760001 ], [ -45.685652, -23.7601 ], [ -45.685745, -23.760102 ], [ -45.685838, -23.760027 ], [ -45.685907, -23.759849 ], [ -45.685987, -23.759726 ], [ -45.68605, -23.759677 ], [ -45.6861, -23.759659 ], [ -45.686227, -23.7597 ], [ -45.686354, -23.760064 ], [ -45.686395, -23.760244 ], [ -45.686406, -23.76045 ], [ -45.686386, -23.760903 ], [ -45.686395, -23.760986 ], [ -45.68659, -23.761414 ], [ -45.686577, -23.76151 ], [ -45.686511, -23.761688 ], [ -45.686474, -23.761746 ], [ -45.686161, -23.761983 ], [ -45.686081, -23.762084 ], [ -45.686022, -23.762288 ], [ -45.686011, -23.762437 ], [ -45.68603, -23.762519 ], [ -45.686019, -23.762571 ], [ -45.686003, -23.762609 ], [ -45.685923, -23.762663 ], [ -45.685869, -23.762788 ], [ -45.685866, -23.762841 ], [ -45.685883, -23.762882 ], [ -45.685934, -23.762925 ], [ -45.686139, -23.762937 ], [ -45.686212, -23.762954 ], [ -45.686256, -23.762986 ], [ -45.686349, -23.76319 ], [ -45.686359, -23.763284 ], [ -45.686339, -23.76335 ], [ -45.6863, -23.763394 ], [ -45.686227, -23.763425 ], [ -45.68612, -23.763404 ], [ -45.685844, -23.763453 ], [ -45.685725, -23.763504 ], [ -45.685623, -23.763487 ], [ -45.685545, -23.763497 ], [ -45.685402, -23.763581 ], [ -45.685361, -23.76366 ], [ -45.685349, -23.763791 ], [ -45.685474, -23.763911 ], [ -45.68553, -23.764108 ], [ -45.685494, -23.76421 ], [ -45.685419, -23.764266 ], [ -45.685177, -23.764339 ], [ -45.684963, -23.764375 ], [ -45.684782, -23.764489 ], [ -45.684633, -23.764488 ], [ -45.684554, -23.764515 ], [ -45.684511, -23.764552 ], [ -45.684472, -23.764625 ], [ -45.684446, -23.764705 ], [ -45.684447, -23.764817 ], [ -45.684432, -23.764862 ], [ -45.684285, -23.765138 ], [ -45.684269, -23.76521 ], [ -45.684275, -23.765302 ], [ -45.684324, -23.765364 ], [ -45.684361, -23.765378 ], [ -45.684474, -23.765373 ], [ -45.684671, -23.765417 ], [ -45.684961, -23.765431 ], [ -45.685088, -23.765488 ], [ -45.685142, -23.765535 ], [ -45.685141, -23.76559 ], [ -45.685091, -23.765655 ], [ -45.684967, -23.765699 ], [ -45.684731, -23.765721 ], [ -45.684609, -23.765781 ], [ -45.684519, -23.765879 ], [ -45.684512, -23.76593 ], [ -45.684592, -23.766044 ], [ -45.684848, -23.766193 ], [ -45.684915, -23.766266 ], [ -45.684916, -23.766493 ], [ -45.684969, -23.766685 ], [ -45.685023, -23.766779 ], [ -45.685065, -23.766815 ], [ -45.68513, -23.766809 ], [ -45.685202, -23.766782 ], [ -45.685273, -23.766729 ], [ -45.685327, -23.766719 ], [ -45.685715, -23.766839 ], [ -45.685796, -23.766903 ], [ -45.685807, -23.766941 ], [ -45.685792, -23.76699 ], [ -45.685674, -23.767106 ], [ -45.685597, -23.767277 ], [ -45.685579, -23.767353 ], [ -45.685514, -23.767491 ], [ -45.68547, -23.767651 ], [ -45.685475, -23.76769 ], [ -45.685508, -23.76775 ], [ -45.685564, -23.767766 ], [ -45.685768, -23.767686 ], [ -45.685866, -23.767698 ], [ -45.685939, -23.767737 ], [ -45.685964, -23.767771 ], [ -45.685971, -23.767862 ], [ -45.685944, -23.767935 ], [ -45.685898, -23.768001 ], [ -45.685784, -23.768113 ], [ -45.685707, -23.768252 ], [ -45.685581, -23.768376 ], [ -45.685479, -23.768511 ], [ -45.685492, -23.768595 ], [ -45.685512, -23.768616 ], [ -45.685609, -23.768677 ], [ -45.68574, -23.768705 ], [ -45.685869, -23.768797 ], [ -45.686011, -23.768953 ], [ -45.686071, -23.769043 ], [ -45.686081, -23.769124 ], [ -45.686022, -23.769323 ], [ -45.685828899999933, -23.769551 ], [ -45.685725, -23.769683899999961 ], [ -45.685674, -23.769807 ], [ -45.685655, -23.76994 ], [ -45.685717, -23.770034 ], [ -45.685976, -23.770279 ], [ -45.686037, -23.770316 ], [ -45.68612, -23.770335 ], [ -45.686398, -23.770343 ], [ -45.68658389999996, -23.770374699999934 ], [ -45.686728, -23.770427 ], [ -45.686729, -23.770645 ], [ -45.686843, -23.770777 ], [ -45.686916, -23.770918 ], [ -45.686886, -23.771042 ], [ -45.686618, -23.771687699999973 ], [ -45.68664, -23.771932199999981 ], [ -45.686622, -23.771936 ], [ -45.686639, -23.771966299999974 ], [ -45.686843599999975, -23.778605099999936 ], [ -45.686954699999944, -23.778570299999956 ], [ -45.68707969999997, -23.778532199999972 ], [ -45.687180299999966, -23.77850669999998 ], [ -45.687246199999947, -23.778481099999965 ], [ -45.687298, -23.778436399999975 ], [ -45.687436299999945, -23.778359699999953 ], [ -45.687487699999963, -23.778292699999952 ], [ -45.68756, -23.778241699999967 ], [ -45.68771959999998, -23.778257699999983 ], [ -45.687876099999983, -23.778264199999967 ], [ -45.687959299999932, -23.778241899999955 ], [ -45.688149399999986, -23.77818039999994 ], [ -45.688246399999969, -23.778196199999968 ], [ -45.688336399999969, -23.778208799999959 ], [ -45.688433499999974, -23.778237399999966 ], [ -45.688510099999974, -23.778275699999938 ], [ -45.688624699999934, -23.778314 ], [ -45.688817699999959, -23.778372599999955 ], [ -45.688873199999932, -23.778423399999951 ], [ -45.688925299999937, -23.778471 ], [ -45.689022199999954, -23.778502599999968 ], [ -45.689084599999944, -23.778543799999966 ], [ -45.689164299999959, -23.778597499999933 ], [ -45.689247399999942, -23.77865769999994 ], [ -45.689306299999942, -23.778708399999971 ], [ -45.689365299999963, -23.778781299999935 ], [ -45.689451899999938, -23.77884789999996 ], [ -45.689500599999974, -23.77891139999997 ], [ -45.689542499999959, -23.778978199999983 ], [ -45.689580299999932, -23.779053799999929 ], [ -45.689615099999969, -23.779123699999957 ], [ -45.689694899999949, -23.779193499999963 ], [ -45.689715899999953, -23.779266599999971 ], [ -45.689702199999942, -23.779339899999968 ], [ -45.689764599999933, -23.779361899999969 ], [ -45.689858, -23.779393399999947 ], [ -45.689913599999954, -23.779469499999948 ], [ -45.689982799999939, -23.779507399999943 ], [ -45.689976199999933, -23.779593499999976 ], [ -45.689993799999968, -23.779679399999964 ], [ -45.689904099999978, -23.779730899999947 ], [ -45.689921599999934, -23.779823299999975 ], [ -45.689992899999936, -23.779917699999942 ], [ -45.690027599999951, -23.779981299999974 ], [ -45.690093599999955, -23.780047899999943 ], [ -45.690173199999947, -23.780123499999945 ], [ -45.690245699999934, -23.78016729999996 ], [ -45.690307899999937, -23.780242899999962 ], [ -45.690380399999981, -23.780343799999969 ], [ -45.690460399999949, -23.780426199999965 ], [ -45.690488199999947, -23.780505299999959 ], [ -45.690502099999946, -23.780600399999969 ], [ -45.690460599999938, -23.780692699999975 ], [ -45.690436499999976, -23.78082 ], [ -45.690471199999934, -23.780921599999942 ], [ -45.690460899999948, -23.781048899999973 ], [ -45.690440199999955, -23.781157099999973 ], [ -45.690426299999956, -23.78123039999997 ], [ -45.690360399999975, -23.781281899999954 ], [ -45.690337199999931, -23.78136319999993 ], [ -45.690368399999954, -23.781452299999955 ], [ -45.690427599999964, -23.781544499999939 ], [ -45.690500699999973, -23.78162709999998 ], [ -45.690521499999932, -23.781697099999974 ], [ -45.69050059999995, -23.78181189999998 ], [ -45.690545899999961, -23.78190079999996 ], [ -45.69057719999995, -23.78198029999993 ], [ -45.690639799999985, -23.782031099999983 ], [ -45.690692, -23.782078799999965 ], [ -45.690775499999972, -23.782123199999944 ], [ -45.690852, -23.782151599999963 ], [ -45.690918, -23.782170599999972 ], [ -45.690942399999983, -23.782245099999955 ], [ -45.691039699999976, -23.782324599999981 ], [ -45.691102299999955, -23.782372299999963 ], [ -45.69118229999998, -23.782381699999974 ], [ -45.691313899999955, -23.78234939999993 ], [ -45.691435299999966, -23.782406399999957 ], [ -45.69153259999996, -23.782457299999976 ], [ -45.691598599999963, -23.782479499999965 ], [ -45.691692399999965, -23.782508099999973 ], [ -45.691793099999984, -23.782523899999944 ], [ -45.69188319999995, -23.782527 ], [ -45.692001299999959, -23.782552399999929 ], [ -45.692091199999936, -23.782552199999941 ], [ -45.69215429999997, -23.782612799999981 ], [ -45.692286399999944, -23.782678399999952 ], [ -45.692449599999975, -23.782703699999956 ], [ -45.692613, -23.782735399999979 ], [ -45.692727299999945, -23.782694 ], [ -45.692827799999975, -23.782678099999941 ], [ -45.692924799999957, -23.782649399999968 ], [ -45.693035699999939, -23.782636699999955 ], [ -45.693202299999939, -23.782633399999952 ], [ -45.693306699999937, -23.78264919999998 ], [ -45.693413899999939, -23.782626899999968 ], [ -45.693542199999968, -23.782617399999936 ], [ -45.693639899999937, -23.78261729999997 ], [ -45.693733399999985, -23.782585499999982 ], [ -45.693802399999981, -23.782553699999937 ], [ -45.693867699999942, -23.782515599999954 ], [ -45.693975, -23.782480599999928 ], [ -45.694059299999935, -23.782499599999937 ], [ -45.694230199999936, -23.782556399999976 ], [ -45.694386399999985, -23.782505399999934 ], [ -45.694528799999944, -23.782467199999928 ], [ -45.694650599999932, -23.782476699999961 ], [ -45.694814099999974, -23.782448099999954 ], [ -45.694935899999962, -23.782425899999964 ], [ -45.694956299999944, -23.782362199999966 ], [ -45.695000599999958, -23.782260299999962 ], [ -45.695090299999947, -23.782193599999971 ], [ -45.695212199999958, -23.782158599999946 ], [ -45.695288799999958, -23.78212039999994 ], [ -45.695316399999967, -23.78205689999993 ], [ -45.695347399999946, -23.781974299999945 ], [ -45.695353199999943, -23.781888799999933 ], [ -45.695362599999953, -23.781812899999977 ], [ -45.69534909999993, -23.781756899999948 ], [ -45.695366199999967, -23.781693399999938 ], [ -45.695449599999961, -23.781665 ], [ -45.69552589999995, -23.781582599999979 ], [ -45.695560399999977, -23.781516 ], [ -45.695556299999964, -23.781417699999963 ], [ -45.69561479999993, -23.781328899999949 ], [ -45.695673699999986, -23.781246599999974 ], [ -45.695742899999971, -23.781173699999954 ], [ -45.695796899999948, -23.781142 ], [ -45.695907699999964, -23.781084799999974 ], [ -45.695987299999956, -23.780996 ], [ -45.696064099999944, -23.78091859999995 ], [ -45.696109099999944, -23.780867899999976 ], [ -45.696161, -23.780810899999949 ], [ -45.696226799999977, -23.780766599999936 ], [ -45.696313399999951, -23.780741199999966 ], [ -45.696410599999979, -23.78076029999994 ], [ -45.696511399999963, -23.780744499999969 ], [ -45.696598299999948, -23.780674599999941 ], [ -45.696723299999974, -23.780521499999963 ], [ -45.69676149999998, -23.780477 ], [ -45.69682419999998, -23.78040059999995 ], [ -45.696845, -23.780337 ], [ -45.696796199999937, -23.780260699999928 ], [ -45.69686059999998, -23.780152099999952 ], [ -45.696822299999951, -23.780082199999981 ], [ -45.696756199999982, -23.779999199999963 ], [ -45.696679599999982, -23.779894 ], [ -45.696589299999971, -23.779792 ], [ -45.696540699999957, -23.779738 ], [ -45.696492099999944, -23.779642899999942 ], [ -45.69644349999993, -23.779573099999936 ], [ -45.69637419999998, -23.7795 ], [ -45.696318599999984, -23.77941119999997 ], [ -45.69627, -23.779316 ], [ -45.69620759999998, -23.779262099999983 ], [ -45.696166, -23.779185899999959 ], [ -45.696103599999958, -23.779116199999976 ], [ -45.69605839999997, -23.779030499999976 ], [ -45.696054599999968, -23.778932099999963 ], [ -45.696127199999978, -23.778903399999933 ], [ -45.696127, -23.778814399999931 ], [ -45.696026499999959, -23.778763699999956 ], [ -45.695946799999945, -23.778709799999945 ], [ -45.695808199999931, -23.778614799999957 ], [ -45.695756, -23.77851 ], [ -45.695645099999979, -23.778408599999977 ], [ -45.69549139999998, -23.778261699999973 ], [ -45.69534589999995, -23.778153699999962 ], [ -45.695210599999939, -23.777995199999964 ], [ -45.695103299999971, -23.777906399999949 ], [ -45.69502, -23.77779229999993 ], [ -45.695002199999976, -23.777684299999976 ], [ -45.694953299999952, -23.777554099999975 ], [ -45.694890599999951, -23.777443 ], [ -45.694819299999949, -23.777282199999945 ], [ -45.694742799999972, -23.777161599999943 ], [ -45.694662799999946, -23.777031499999964 ], [ -45.69461739999997, -23.77693 ], [ -45.694554599999947, -23.776812499999949 ], [ -45.694443699999965, -23.776761699999952 ], [ -45.69431869999994, -23.776698199999942 ], [ -45.693979699999943, -23.776759799999979 ], [ -45.693845499999952, -23.776750899999968 ], [ -45.693765699999972, -23.776735 ], [ -45.693738799999949, -23.776364799999953 ], [ -45.693762499999934, -23.776289499999962 ], [ -45.693825799999956, -23.776126799999929 ] ] ] } },
{ "type": "Feature", "properties": { "id": "3550704028", "cd_bairro": "3550704028", "bairro": "Juqueí", "cd_mun": "3550704", "municipio": "São Sebastião", "cd_dist": "355070410", "distrito": "Maresias" }, "geometry": { "type": "MultiPolygon", "coordinates": [ [ [ [ -45.747122299999944, -23.771963299999982 ], [ -45.747135899999932, -23.771963199999959 ], [ -45.747253399999977, -23.771880099999976 ], [ -45.747139799999957, -23.771718699999951 ], [ -45.746949099999938, -23.771528399999966 ], [ -45.746726599999931, -23.771334099999933 ], [ -45.746636, -23.771326 ], [ -45.746541199999967, -23.771442299999933 ], [ -45.746536699999979, -23.77145059999998 ], [ -45.746442199999933, -23.771666299999936 ], [ -45.746442299999956, -23.771691199999964 ], [ -45.746528699999942, -23.771840199999929 ], [ -45.746569499999964, -23.771860899999979 ], [ -45.746592199999952, -23.771873199999959 ], [ -45.746778, -23.771935 ], [ -45.746800699999937, -23.77193909999994 ], [ -45.746823399999982, -23.771951499999943 ], [ -45.747122299999944, -23.771963299999982 ] ] ], [ [ [ -45.753542, -23.769773499999928 ], [ -45.753748499999972, -23.769755299999929 ], [ -45.753761399999973, -23.769755299999929 ], [ -45.753844899999933, -23.769604499999957 ], [ -45.753767, -23.769454 ], [ -45.753763799999945, -23.769448099999977 ], [ -45.753583, -23.769421899999941 ], [ -45.753476499999977, -23.76941329999994 ], [ -45.753399099999967, -23.769457799999941 ], [ -45.753392699999949, -23.76946369999996 ], [ -45.75335739999997, -23.769549499999982 ], [ -45.753357499999936, -23.769558299999971 ], [ -45.753419099999974, -23.769673399999931 ], [ -45.753428799999938, -23.769685199999969 ], [ -45.753435299999978, -23.769694 ], [ -45.75352909999998, -23.769773499999928 ], [ -45.753542, -23.769773499999928 ] ] ], [ [ [ -45.729449699999975, -23.769255499999929 ], [ -45.732523499999957, -23.768691199999978 ], [ -45.735635699999932, -23.76825539999993 ], [ -45.736475899999959, -23.768137699999954 ], [ -45.736706699999957, -23.768107399999963 ], [ -45.740119299999947, -23.767659699999967 ], [ -45.743061099999977, -23.767546799999934 ], [ -45.745038099999931, -23.767747899999961 ], [ -45.748000099999956, -23.767725599999949 ], [ -45.750329099999931, -23.767503199999965 ], [ -45.752332799999976, -23.767653 ], [ -45.75357669999994, -23.767922799999951 ], [ -45.754789, -23.768394 ], [ -45.754760199999964, -23.768500899999935 ], [ -45.754822099999956, -23.768642399999976 ], [ -45.75486079999996, -23.76876969999995 ], [ -45.754845799999941, -23.768988899999954 ], [ -45.754830899999945, -23.76920819999998 ], [ -45.754784799999982, -23.769314399999928 ], [ -45.754823699999974, -23.76949129999997 ], [ -45.755055499999969, -23.769590099999959 ], [ -45.755348599999934, -23.769653299999959 ], [ -45.755549099999939, -23.769723699999929 ], [ -45.755664899999942, -23.769787199999939 ], [ -45.755696, -23.769850799999972 ], [ -45.755688799999973, -23.76995 ], [ -45.755789099999959, -23.769999299999938 ], [ -45.755858699999976, -23.770048699999961 ], [ -45.755805, -23.770103699999936 ], [ -45.755729499999973, -23.770187199999953 ], [ -45.755704599999945, -23.770317099999943 ], [ -45.755831299999954, -23.770405 ], [ -45.755968, -23.770483599999977 ], [ -45.756160099999931, -23.770520399999953 ], [ -45.756347299999959, -23.770580399999972 ], [ -45.756494, -23.770617199999947 ], [ -45.756579899999963, -23.770635599999935 ], [ -45.756716099999949, -23.770584399999962 ], [ -45.756812299999979, -23.770556599999964 ], [ -45.756913899999972, -23.770593699999949 ], [ -45.757041, -23.770635499999969 ], [ -45.757167699999968, -23.770607699999971 ], [ -45.757212799999934, -23.770510199999933 ], [ -45.757222399999932, -23.770436 ], [ -45.757085299999972, -23.770412799999974 ], [ -45.756932899999981, -23.770371099999977 ], [ -45.756795799999963, -23.770338599999945 ], [ -45.756684, -23.770292299999937 ], [ -45.756638099999975, -23.770232 ], [ -45.756657599999983, -23.770181 ], [ -45.756738299999938, -23.770167 ], [ -45.756870099999958, -23.770180899999957 ], [ -45.756971499999963, -23.770180799999935 ], [ -45.757093, -23.770171499999947 ], [ -45.757280699999967, -23.770185399999946 ], [ -45.757294399999978, -23.770078699999942 ], [ -45.757399299999975, -23.769976699999972 ], [ -45.757556199999954, -23.769948899999974 ], [ -45.757672499999956, -23.769916399999943 ], [ -45.757783699999948, -23.769851599999981 ], [ -45.757895799999972, -23.769847 ], [ -45.758023, -23.769819199999972 ], [ -45.758237699999938, -23.769718 ], [ -45.758379399999967, -23.769630099999972 ], [ -45.758474899999953, -23.769546599999956 ], [ -45.758494299999938, -23.76948619999996 ], [ -45.758558799999946, -23.769384199999934 ], [ -45.758598599999971, -23.769296199999928 ], [ -45.758643199999938, -23.769194399999947 ], [ -45.758672599999954, -23.769097299999942 ], [ -45.75865559999994, -23.768963199999973 ], [ -45.758653399999957, -23.768801699999983 ], [ -45.758657, -23.768691 ], [ -45.758713099999966, -23.768691 ], [ -45.758770199999958, -23.768769299999974 ], [ -45.758847699999933, -23.76884309999997 ], [ -45.758945599999947, -23.768916899999965 ], [ -45.759068199999945, -23.76894 ], [ -45.758669, -23.768144 ], [ -45.757189, -23.766122 ], [ -45.756423, -23.765357 ], [ -45.756426, -23.765336 ], [ -45.75637409999996, -23.765320299999928 ], [ -45.75503759999998, -23.764375399999949 ], [ -45.754822, -23.764147699999967 ], [ -45.754585399999939, -23.763920699999971 ], [ -45.753625, -23.763511199999982 ], [ -45.753463099999976, -23.763692599999956 ], [ -45.753232099999934, -23.76379309999993 ], [ -45.75314869999994, -23.763790799999981 ], [ -45.752829199999951, -23.763686699999937 ], [ -45.752521799999954, -23.763653 ], [ -45.752346399999965, -23.763704399999938 ], [ -45.752064699999949, -23.763865599999974 ], [ -45.751976599999978, -23.763894099999959 ], [ -45.751897, -23.763881799999979 ], [ -45.751822199999935, -23.763847799999951 ], [ -45.751747199999954, -23.763765099999944 ], [ -45.751326399999982, -23.763113199999964 ], [ -45.750977499999976, -23.762506199999962 ], [ -45.750754499999971, -23.762291399999981 ], [ -45.750575199999957, -23.762184799999943 ], [ -45.750473899999974, -23.762141899999961 ], [ -45.750222899999983, -23.762001099999964 ], [ -45.749981599999956, -23.761928399999931 ], [ -45.749725799999965, -23.761918899999955 ], [ -45.749448299999983, -23.76196269999997 ], [ -45.749157799999978, -23.761950599999977 ], [ -45.748857699999974, -23.761807499999975 ], [ -45.748632099999952, -23.761660499999948 ], [ -45.748491, -23.761688299999946 ], [ -45.748175, -23.762034799999981 ], [ -45.747932299999945, -23.762148899999943 ], [ -45.747645, -23.762193699999955 ], [ -45.747338599999978, -23.762329699999952 ], [ -45.747015699999963, -23.762661 ], [ -45.746585899999957, -23.763520199999959 ], [ -45.746373499999947, -23.763788499999976 ], [ -45.746154599999954, -23.763949499999967 ], [ -45.745763099999976, -23.764130199999954 ], [ -45.74524839999998, -23.764227499999947 ], [ -45.744882599999983, -23.764258199999972 ], [ -45.744298199999946, -23.764182399999981 ], [ -45.743698699999982, -23.764026299999955 ], [ -45.74310829999996, -23.763922599999944 ], [ -45.742550599999959, -23.763919899999962 ], [ -45.742263399999956, -23.763918499999932 ], [ -45.741982399999983, -23.763862099999983 ], [ -45.741641899999934, -23.763691199999982 ], [ -45.741534799999954, -23.763501099999928 ], [ -45.74153339999998, -23.763249199999962 ], [ -45.741786599999955, -23.762909199999967 ], [ -45.74197369999996, -23.762678899999969 ], [ -45.742061499999977, -23.762404799999956 ], [ -45.742073799999957, -23.762146499999972 ], [ -45.742026099999975, -23.76188019999995 ], [ -45.741879199999971, -23.761585599999933 ], [ -45.741203299999938, -23.760754299999974 ], [ -45.740824399999951, -23.760218699999939 ], [ -45.740714799999978, -23.759922099999983 ], [ -45.740699699999936, -23.759684599999957 ], [ -45.740783799999974, -23.759461099999953 ], [ -45.740760299999977, -23.759288699999956 ], [ -45.740647099999933, -23.759235899999965 ], [ -45.740216299999986, -23.75923709999995 ], [ -45.739944299999934, -23.759195099999943 ], [ -45.739840299999969, -23.759206399999982 ], [ -45.73974869999995, -23.75931339999994 ], [ -45.739692, -23.759524099999965 ], [ -45.739653199999964, -23.759783499999969 ], [ -45.739544099999932, -23.760095699999965 ], [ -45.739345, -23.760296199999971 ], [ -45.738942599999973, -23.760459799999978 ], [ -45.738691699999947, -23.760511599999973 ], [ -45.738218899999936, -23.760541 ], [ -45.737529, -23.760530699999947 ], [ -45.736947499999985, -23.760441399999934 ], [ -45.736607399999968, -23.760339099999953 ], [ -45.736190499999964, -23.760129899999981 ], [ -45.735707, -23.759887299999946 ], [ -45.734797499999956, -23.759581799999978 ], [ -45.734333499999934, -23.759424099999933 ], [ -45.734008599999981, -23.75923419999998 ], [ -45.733892699999956, -23.759042399999942 ], [ -45.733809199999939, -23.758862099999931 ], [ -45.733773699999972, -23.758649099999957 ], [ -45.733877, -23.758347 ], [ -45.734256, -23.757865599999946 ], [ -45.734292099999948, -23.757639599999948 ], [ -45.734184599999935, -23.757370099999946 ], [ -45.733653699999934, -23.756664499999943 ], [ -45.733122899999955, -23.75615849999997 ], [ -45.732772299999965, -23.755755499999964 ], [ -45.732607499999972, -23.75576529999995 ], [ -45.732486399999971, -23.755870699999946 ], [ -45.732323799999961, -23.756094499999961 ], [ -45.732191, -23.756563899999946 ], [ -45.73204039999996, -23.757716199999948 ], [ -45.73188289999996, -23.758151399999974 ], [ -45.731689299999971, -23.758446799999945 ], [ -45.731534199999942, -23.75862 ], [ -45.730884099999969, -23.758886799999971 ], [ -45.73041939999996, -23.758966699999974 ], [ -45.730170099999953, -23.758954299999971 ], [ -45.729396299999962, -23.758686099999977 ], [ -45.728461899999957, -23.758468299999947 ], [ -45.728130399999941, -23.758329899999978 ], [ -45.72794289999996, -23.758142899999939 ], [ -45.727863199999945, -23.757928299999946 ], [ -45.727876699999968, -23.757709699999964 ], [ -45.728056699999968, -23.75742159999993 ], [ -45.728421199999957, -23.756969199999958 ], [ -45.728549399999963, -23.756733799999949 ], [ -45.728612799999951, -23.756496799999979 ], [ -45.728604, -23.756148199999927 ], [ -45.728391199999976, -23.755821399999945 ], [ -45.727830099999949, -23.75531639999997 ], [ -45.72766189999993, -23.75507239999996 ], [ -45.727426799999932, -23.754612899999927 ], [ -45.727312499999982, -23.754177199999958 ], [ -45.727291199999968, -23.753700399999957 ], [ -45.727352699999983, -23.75347069999998 ], [ -45.727797099999975, -23.752554599999939 ], [ -45.72787029999995, -23.752313099999981 ], [ -45.727962899999966, -23.75142349999993 ], [ -45.727951799999971, -23.751069299999983 ], [ -45.727904, -23.750723599999958 ], [ -45.727847899999972, -23.750521399999968 ], [ -45.727804499999934, -23.750399499999958 ], [ -45.727868399999977, -23.7501 ], [ -45.728091499999948, -23.74973609999995 ], [ -45.728129099999933, -23.749617599999965 ], [ -45.728269, -23.749113 ], [ -45.728223399999933, -23.74876 ], [ -45.728284099999939, -23.748592899999949 ], [ -45.728295299999957, -23.748460699999953 ], [ -45.728430099999969, -23.748162899999954 ], [ -45.729166899999939, -23.747092699999939 ], [ -45.729322099999933, -23.746600599999965 ], [ -45.729328799999962, -23.746205 ], [ -45.729579899999976, -23.74554379999995 ], [ -45.729513699999984, -23.745315799999958 ], [ -45.728906, -23.745517799999959 ], [ -45.728330399999948, -23.745381099999975 ], [ -45.728064199999949, -23.74526869999994 ], [ -45.72780709999995, -23.74517069999996 ], [ -45.727613399999939, -23.745131699999945 ], [ -45.727356, -23.74523709999994 ], [ -45.727306899999974, -23.745487099999934 ], [ -45.727338799999984, -23.745602299999973 ], [ -45.727470499999981, -23.745673199999942 ], [ -45.727588699999956, -23.745765799999958 ], [ -45.727721599999938, -23.745869599999935 ], [ -45.728325599999948, -23.746148 ], [ -45.728117199999986, -23.747107899999946 ], [ -45.727820899999983, -23.747043899999937 ], [ -45.727458199999944, -23.747748199999933 ], [ -45.727105199999983, -23.748443799999961 ], [ -45.726767199999983, -23.748826 ], [ -45.726329, -23.749180599999931 ], [ -45.725887, -23.749352599999952 ], [ -45.725144199999932, -23.749380499999972 ], [ -45.724679899999956, -23.749616 ], [ -45.72473789999998, -23.749728399999981 ], [ -45.72392119999995, -23.750455399999964 ], [ -45.723470599999985, -23.750294 ], [ -45.723315099999979, -23.750015599999983 ], [ -45.723180399999933, -23.749412499999949 ], [ -45.723022699999945, -23.749282299999948 ], [ -45.722783, -23.749029299999961 ], [ -45.722094199999958, -23.748662499999966 ], [ -45.721671, -23.748559499999942 ], [ -45.721446199999946, -23.748448499999938 ], [ -45.721362699999986, -23.7482 ], [ -45.721074399999964, -23.747904299999959 ], [ -45.720926799999972, -23.748062899999979 ], [ -45.721046499999943, -23.748678 ], [ -45.721002599999963, -23.749044099999935 ], [ -45.721273899999971, -23.74937639999996 ], [ -45.721594099999948, -23.749309599999947 ], [ -45.722083899999973, -23.749416399999973 ], [ -45.722518399999956, -23.749392799999953 ], [ -45.722594899999933, -23.749570099999971 ], [ -45.722621799999956, -23.749913499999934 ], [ -45.722726799999975, -23.750158699999929 ], [ -45.723024299999963, -23.750508699999955 ], [ -45.722802699999932, -23.750909799999931 ], [ -45.723284299999932, -23.751313299999936 ], [ -45.723515799999973, -23.751296699999955 ], [ -45.723694199999954, -23.751364299999977 ], [ -45.724128099999973, -23.751445799999942 ], [ -45.724183099999948, -23.751683899999932 ], [ -45.724285399999985, -23.752125899999953 ], [ -45.724243099999967, -23.752609599999971 ], [ -45.724072399999955, -23.752681199999927 ], [ -45.723911699999974, -23.752795499999934 ], [ -45.723903699999937, -23.752991299999962 ], [ -45.724137399999961, -23.753508499999953 ], [ -45.724199899999974, -23.75375379999997 ], [ -45.724013499999955, -23.754418699999974 ], [ -45.723952699999984, -23.754566399999931 ], [ -45.723623299999986, -23.754537099999936 ], [ -45.723543099999972, -23.754702699999939 ], [ -45.723439199999973, -23.754709099999957 ], [ -45.723387399999979, -23.754883599999971 ], [ -45.723184099999969, -23.754892 ], [ -45.723034299999938, -23.755116699999974 ], [ -45.723025799999959, -23.755385399999966 ], [ -45.722856, -23.755416899999943 ], [ -45.722759799999949, -23.755582699999934 ], [ -45.722105399999975, -23.75512249999997 ], [ -45.721768499999939, -23.754989799999976 ], [ -45.721262199999956, -23.754918399999951 ], [ -45.721203799999955, -23.755041199999937 ], [ -45.721886099999949, -23.755436 ], [ -45.72202429999993, -23.755576299999973 ], [ -45.722418, -23.756051599999978 ], [ -45.72221849999994, -23.756218599999954 ], [ -45.722458499999959, -23.756543199999953 ], [ -45.722680699999955, -23.756556099999955 ], [ -45.723170599999946, -23.75703969999995 ], [ -45.723082199999965, -23.75750869999996 ], [ -45.72266209999998, -23.757263799999976 ], [ -45.722270499999979, -23.757639599999948 ], [ -45.721759199999951, -23.757947 ], [ -45.721656199999984, -23.757666 ], [ -45.72108019999996, -23.756095 ], [ -45.720757299999946, -23.756255499999952 ], [ -45.72047619999995, -23.756346199999939 ], [ -45.719548, -23.756544699999949 ], [ -45.719289199999935, -23.75655409999996 ], [ -45.719145699999956, -23.756559299999935 ], [ -45.718665899999962, -23.756387199999949 ], [ -45.718378, -23.756319 ], [ -45.718202299999973, -23.756313499999976 ], [ -45.718077899999969, -23.756351099999961 ], [ -45.717793399999948, -23.756530299999952 ], [ -45.717542399999957, -23.756763599999942 ], [ -45.717266399999971, -23.75689129999995 ], [ -45.716977799999938, -23.756871899999965 ], [ -45.716677199999936, -23.756801899999971 ], [ -45.716383599999972, -23.756774399999983 ], [ -45.716180699999938, -23.756810599999937 ], [ -45.716115099999968, -23.75684519999993 ], [ -45.716081199999962, -23.756915799999945 ], [ -45.716073299999948, -23.757102799999927 ], [ -45.716125199999965, -23.757258799999931 ], [ -45.716478499999937, -23.757614899999965 ], [ -45.716768399999978, -23.75787269999995 ], [ -45.71701429999996, -23.758152499999937 ], [ -45.717186399999946, -23.758407299999931 ], [ -45.717269899999962, -23.758597499999951 ], [ -45.717337099999952, -23.75886 ], [ -45.71733839999996, -23.759109299999977 ], [ -45.717213799999968, -23.759282399999961 ], [ -45.717094499999973, -23.759362399999929 ], [ -45.716882599999963, -23.759369699999979 ], [ -45.71673409999994, -23.759322499999939 ], [ -45.71654239999998, -23.759252099999969 ], [ -45.716227299999957, -23.759061199999962 ], [ -45.715476099999933, -23.758241799999951 ], [ -45.715289899999959, -23.75792649999994 ], [ -45.714904199999978, -23.756841799999961 ], [ -45.714843599999938, -23.756706599999973 ], [ -45.714780299999973, -23.756610199999955 ], [ -45.714706199999966, -23.756528399999979 ], [ -45.714624499999957, -23.756470899999954 ], [ -45.714514299999962, -23.756429899999944 ], [ -45.714389499999982, -23.756392499999947 ], [ -45.71356609999998, -23.75620129999993 ], [ -45.713260399999967, -23.756099699999936 ], [ -45.712990599999955, -23.755932 ], [ -45.712769699999967, -23.755730699999958 ], [ -45.711871799999983, -23.755184799999938 ], [ -45.711684299999945, -23.754993299999967 ], [ -45.711512399999947, -23.754958899999963 ], [ -45.711369499999932, -23.75503 ], [ -45.71121839999995, -23.755214899999942 ], [ -45.711009599999954, -23.755434499999978 ], [ -45.710695099999953, -23.755524399999956 ], [ -45.710302299999967, -23.755467499999952 ], [ -45.709960499999966, -23.755413099999942 ], [ -45.709589899999969, -23.755473499999937 ], [ -45.70911209999997, -23.755478399999959 ], [ -45.708669, -23.755388299999936 ], [ -45.708284599999956, -23.755252799999937 ], [ -45.708011499999941, -23.755197099999975 ], [ -45.707881, -23.755195 ], [ -45.707776399999943, -23.755274099999951 ], [ -45.707758399999932, -23.755388 ], [ -45.707816199999968, -23.755551199999957 ], [ -45.707905799999935, -23.755796499999974 ], [ -45.707948299999941, -23.756032 ], [ -45.707916299999965, -23.757186499999932 ], [ -45.707996, -23.757415499999979 ], [ -45.708162199999947, -23.757649599999979 ], [ -45.708255099999974, -23.757955299999935 ], [ -45.70816119999995, -23.758202299999937 ], [ -45.70722509999996, -23.758929199999955 ], [ -45.707009399999947, -23.759157799999969 ], [ -45.706613799999957, -23.759667199999967 ], [ -45.706462399999964, -23.759981299999936 ], [ -45.706251099999974, -23.760281299999974 ], [ -45.706024199999945, -23.760435799999982 ], [ -45.705768399999954, -23.760491199999933 ], [ -45.705514099999959, -23.760463499999958 ], [ -45.705279, -23.760362499999928 ], [ -45.704627199999948, -23.759959899999956 ], [ -45.704119, -23.759793299999956 ], [ -45.703903499999967, -23.759691299999929 ], [ -45.703263499999935, -23.759289599999931 ], [ -45.703021599999943, -23.759202199999947 ], [ -45.702803599999982, -23.759160699999939 ], [ -45.702604399999984, -23.759163399999977 ], [ -45.702516099999968, -23.759176499999967 ], [ -45.702469199999939, -23.759215499999982 ], [ -45.702445, -23.759242 ], [ -45.702435099999946, -23.759252699999934 ], [ -45.702449299999955, -23.75934929999994 ], [ -45.70277539999995, -23.759768699999938 ], [ -45.702903599999956, -23.76006979999994 ], [ -45.703055, -23.760302199999956 ], [ -45.703254199999947, -23.760469199999932 ], [ -45.703948699999955, -23.760793 ], [ -45.704342699999984, -23.761064 ], [ -45.70469369999995, -23.761555599999951 ], [ -45.704884899999968, -23.76170819999993 ], [ -45.705246399999965, -23.761777 ], [ -45.705610199999967, -23.761909099999968 ], [ -45.705747299999985, -23.762027699999976 ], [ -45.705898599999955, -23.762242799999967 ], [ -45.706116699999939, -23.762468499999954 ], [ -45.706272199999944, -23.762569 ], [ -45.706471699999952, -23.762619599999937 ], [ -45.707526599999937, -23.762600299999974 ], [ -45.707737699999939, -23.762621 ], [ -45.707906799999932, -23.762679799999944 ], [ -45.708190299999956, -23.762855599999966 ], [ -45.709384899999975, -23.763621399999977 ], [ -45.709847, -23.763781899999969 ], [ -45.710348, -23.763881599999934 ], [ -45.710861399999942, -23.764093299999956 ], [ -45.711500399999977, -23.764489599999933 ], [ -45.711756099999945, -23.764582399999938 ], [ -45.712251299999934, -23.764687599999945 ], [ -45.712499099999945, -23.764779399999952 ], [ -45.712931199999957, -23.765015 ], [ -45.713740199999961, -23.765533799999957 ], [ -45.71459939999994, -23.766084799999931 ], [ -45.71510619999998, -23.766337199999953 ], [ -45.715297299999975, -23.766476299999965 ], [ -45.715568799999971, -23.766758599999946 ], [ -45.715732099999968, -23.767008099999941 ], [ -45.716179599999975, -23.767549699999961 ], [ -45.716674699999942, -23.768000799999982 ], [ -45.716862499999934, -23.768237499999941 ], [ -45.717134499999986, -23.768457499999954 ], [ -45.717595299999971, -23.768735399999969 ], [ -45.718899, -23.769352499999968 ], [ -45.719427199999984, -23.769563199999936 ], [ -45.71969009999998, -23.769712 ], [ -45.719934499999965, -23.769900499999949 ], [ -45.72002649999996, -23.770042799999942 ], [ -45.720106, -23.770224799999937 ], [ -45.720118, -23.770433399999945 ], [ -45.720098099999973, -23.770564499999978 ], [ -45.720026899999937, -23.770642499999951 ], [ -45.719909399999949, -23.770694499999934 ], [ -45.719789899999967, -23.770731199999943 ], [ -45.719560099999967, -23.770705199999952 ], [ -45.719272699999976, -23.770554799999957 ], [ -45.719062799999961, -23.770407599999942 ], [ -45.718909699999983, -23.77022409999995 ], [ -45.718561499999964, -23.769902399999978 ], [ -45.718126799999936, -23.769725599999958 ], [ -45.717321399999946, -23.769605599999977 ], [ -45.71652359999996, -23.76943579999994 ], [ -45.715725499999962, -23.769404299999962 ], [ -45.715193299999953, -23.76934179999995 ], [ -45.71491229999998, -23.769277099999954 ], [ -45.714414799999986, -23.769108699999947 ], [ -45.713882499999954, -23.769038 ], [ -45.713669, -23.768946 ], [ -45.713397099999952, -23.768577799999946 ], [ -45.713267, -23.768468199999973 ], [ -45.713088399999947, -23.768469099999948 ], [ -45.712945299999944, -23.768510399999968 ], [ -45.712671899999975, -23.768591099999981 ], [ -45.71241, -23.768613099999982 ], [ -45.712139799999932, -23.768542099999934 ], [ -45.711682399999972, -23.768361699999957 ], [ -45.711408399999982, -23.768309699999975 ], [ -45.710885499999961, -23.768346399999928 ], [ -45.710083599999962, -23.768516299999931 ], [ -45.709279199999969, -23.768563399999948 ], [ -45.708754799999952, -23.768508899999972 ], [ -45.708219, -23.768511299999943 ], [ -45.707936699999948, -23.768567699999949 ], [ -45.707429199999979, -23.768731699999933 ], [ -45.706916199999966, -23.768775599999969 ], [ -45.706371399999966, -23.76876459999994 ], [ -45.705997899999943, -23.768832199999963 ], [ -45.70561669999995, -23.769123 ], [ -45.705408899999952, -23.769351499999971 ], [ -45.705063, -23.769627699999944 ], [ -45.704750499999932, -23.769735699999956 ], [ -45.704488599999934, -23.769750399999964 ], [ -45.704484399999956, -23.770846499999948 ], [ -45.704506099999946, -23.770921199999975 ], [ -45.704831799999965, -23.773292699999956 ], [ -45.704917399999943, -23.773271699999952 ], [ -45.704980199999966, -23.773250799999971 ], [ -45.705091799999934, -23.773254699999939 ], [ -45.705199799999946, -23.773249499999963 ], [ -45.705267799999945, -23.773231299999964 ], [ -45.705321499999968, -23.773174299999937 ], [ -45.705335699999978, -23.773104299999943 ], [ -45.705307199999936, -23.773055099999965 ], [ -45.70536119999997, -23.773013599999956 ], [ -45.705429099999947, -23.772925399999963 ], [ -45.705439799999965, -23.772819299999981 ], [ -45.705418099999974, -23.772674099999961 ], [ -45.705503299999975, -23.772511 ], [ -45.705548799999974, -23.772376299999962 ], [ -45.705642699999942, -23.772186899999951 ], [ -45.705678, -23.772079 ], [ -45.705718899999965, -23.771983899999952 ], [ -45.705710799999963, -23.771875499999965 ], [ -45.705706499999962, -23.771780799999931 ], [ -45.705663799999968, -23.771730599999955 ], [ -45.70563379999993, -23.771645599999943 ], [ -45.705667399999982, -23.771567699999935 ], [ -45.705712099999971, -23.771506899999963 ], [ -45.705786299999943, -23.771442399999955 ], [ -45.705864399999939, -23.771401699999956 ], [ -45.705961099999968, -23.771384799999964 ], [ -45.706042799999977, -23.771354199999962 ], [ -45.706172899999956, -23.771316799999965 ], [ -45.706258399999967, -23.771293 ], [ -45.706373799999938, -23.771269299999972 ], [ -45.706449499999962, -23.771252599999968 ], [ -45.70652, -23.77122879999996 ], [ -45.706586899999934, -23.771222 ], [ -45.70667229999998, -23.771225299999969 ], [ -45.706768899999986, -23.771198099999935 ], [ -45.706872899999951, -23.771198 ], [ -45.706958399999962, -23.771214899999961 ], [ -45.707036499999958, -23.771238699999969 ], [ -45.707110899999975, -23.771252199999935 ], [ -45.707200099999966, -23.771265799999981 ], [ -45.707311699999934, -23.771269099999927 ], [ -45.707449299999951, -23.77128259999995 ], [ -45.707568299999934, -23.771286 ], [ -45.707672499999944, -23.771285899999953 ], [ -45.707743099999959, -23.771268899999939 ], [ -45.707813699999974, -23.771248399999934 ], [ -45.707876699999986, -23.771197399999949 ], [ -45.707924899999966, -23.77115989999993 ], [ -45.707999099999938, -23.771136099999978 ], [ -45.708065699999963, -23.771085099999937 ], [ -45.708139899999935, -23.771054499999934 ], [ -45.708229099999983, -23.771027199999935 ], [ -45.708289099999945, -23.77102 ], [ -45.708382, -23.771023399999933 ], [ -45.708445199999971, -23.771023299999968 ], [ -45.708515899999952, -23.771030099999962 ], [ -45.708593899999983, -23.771009699999979 ], [ -45.708649599999944, -23.770985799999949 ], [ -45.708712699999978, -23.770951799999978 ], [ -45.708775599999967, -23.770900799999936 ], [ -45.708834899999943, -23.770870099999968 ], [ -45.70891649999993, -23.770839499999965 ], [ -45.708990599999936, -23.770805499999938 ], [ -45.709049899999968, -23.77078169999993 ], [ -45.709146399999952, -23.770747599999936 ], [ -45.709250399999974, -23.77071019999994 ], [ -45.709324699999968, -23.770686399999931 ], [ -45.709417599999938, -23.770686299999966 ], [ -45.70951059999993, -23.770693 ], [ -45.709614899999963, -23.770709899999929 ], [ -45.709700599999962, -23.770730199999946 ], [ -45.709782899999936, -23.77077769999994 ], [ -45.709901799999955, -23.77080419999993 ], [ -45.709983399999942, -23.770756499999948 ], [ -45.710079899999982, -23.770732599999974 ], [ -45.710191399999985, -23.770715499999937 ], [ -45.710273099999938, -23.770705199999952 ], [ -45.710395799999958, -23.770708599999978 ], [ -45.710473799999932, -23.770708499999955 ], [ -45.710729799999967, -23.770790399999953 ], [ -45.710931499999958, -23.770849 ], [ -45.711023199999943, -23.770865699999945 ], [ -45.711160699999937, -23.770920199999978 ], [ -45.711353299999985, -23.770983 ], [ -45.711477, -23.77100809999996 ], [ -45.711582499999963, -23.771041599999933 ], [ -45.711669599999937, -23.771104499999979 ], [ -45.711802599999942, -23.77117149999998 ], [ -45.71187139999995, -23.771217599999943 ], [ -45.711940299999981, -23.771276399999977 ], [ -45.712036699999942, -23.771356099999934 ], [ -45.712128599999971, -23.771452599999975 ], [ -45.712188399999945, -23.771528199999977 ], [ -45.712239199999942, -23.771582399999943 ], [ -45.712317199999973, -23.771649499999967 ], [ -45.712413599999934, -23.771716599999934 ], [ -45.712528299999974, -23.771787899999936 ], [ -45.71265219999998, -23.771850799999982 ], [ -45.712776, -23.771888499999932 ], [ -45.712950399999954, -23.771905099999969 ], [ -45.713092499999959, -23.771863099999962 ], [ -45.713225399999942, -23.771791599999972 ], [ -45.713248199999953, -23.771695099999931 ], [ -45.713307699999973, -23.771632099999977 ], [ -45.713404499999967, -23.771622699999966 ], [ -45.713500799999963, -23.77163939999997 ], [ -45.713606299999981, -23.771693899999946 ], [ -45.713698, -23.771727399999975 ], [ -45.71381729999996, -23.771794499999942 ], [ -45.713936599999954, -23.771857399999931 ], [ -45.714120099999946, -23.771958099999949 ], [ -45.71431739999997, -23.772054599999933 ], [ -45.71448259999994, -23.772151099999974 ], [ -45.714634099999955, -23.772264399999983 ], [ -45.714785699999936, -23.772381899999971 ], [ -45.714836199999979, -23.772482699999955 ], [ -45.714882299999942, -23.77268 ], [ -45.714903199999981, -23.772819099999936 ], [ -45.715004199999953, -23.772949299999937 ], [ -45.715183299999978, -23.773066699999958 ], [ -45.715385099999935, -23.77309589999993 ], [ -45.715600599999959, -23.773003399999936 ], [ -45.715674, -23.77294459999996 ], [ -45.715797799999962, -23.772885699999961 ], [ -45.715898699999968, -23.772894 ], [ -45.716027099999963, -23.772940099999971 ], [ -45.716164699999979, -23.772977699999956 ], [ -45.716325099999949, -23.773019499999975 ], [ -45.716453499999943, -23.773086599999942 ], [ -45.716559, -23.773162 ], [ -45.716650799999968, -23.77322909999998 ], [ -45.716719699999942, -23.773317199999951 ], [ -45.716797799999938, -23.77344729999993 ], [ -45.71683, -23.773531299999945 ], [ -45.716734, -23.773636499999952 ], [ -45.716615899999965, -23.773611099999982 ], [ -45.716560899999934, -23.773669899999959 ], [ -45.716606799999965, -23.773787399999947 ], [ -45.716675699999939, -23.773846099999957 ], [ -45.716758399999947, -23.773955199999932 ], [ -45.716822699999966, -23.77409369999998 ], [ -45.716882399999974, -23.774215399999946 ], [ -45.716965099999982, -23.774374899999941 ], [ -45.71711659999994, -23.774496599999964 ], [ -45.717336799999941, -23.774601399999938 ], [ -45.717524799999978, -23.774634799999944 ], [ -45.717680799999982, -23.774630399999978 ], [ -45.717781699999932, -23.774559 ], [ -45.717933099999982, -23.774458299999935 ], [ -45.717978799999969, -23.774323899999956 ], [ -45.718038199999967, -23.774185299999942 ], [ -45.718074699999931, -23.774092899999971 ], [ -45.718157299999973, -23.774046599999963 ], [ -45.718239799999935, -23.774000399999977 ], [ -45.718354499999975, -23.774021299999959 ], [ -45.718487499999981, -23.773996099999977 ], [ -45.718446, -23.773882699999945 ], [ -45.718395299999941, -23.773761 ], [ -45.718399399999953, -23.773618299999953 ], [ -45.718421899999953, -23.773521799999969 ], [ -45.718458299999952, -23.773433699999941 ], [ -45.718517599999984, -23.773362299999974 ], [ -45.718595199999982, -23.773303599999963 ], [ -45.718695699999955, -23.773249 ], [ -45.718786799999975, -23.773177699999962 ], [ -45.718891699999972, -23.773119 ], [ -45.719016, -23.773070899999937 ], [ -45.719094, -23.773096 ], [ -45.719176599999969, -23.773108599999944 ], [ -45.719286499999953, -23.773079199999927 ], [ -45.719424, -23.773083299999939 ], [ -45.719579799999963, -23.773058 ], [ -45.719694299999958, -23.773032799999953 ], [ -45.719785599999966, -23.772978199999955 ], [ -45.719885699999963, -23.77289849999994 ], [ -45.720009499999946, -23.77289 ], [ -45.720165699999939, -23.772898299999952 ], [ -45.720224899999948, -23.772818699999959 ], [ -45.720283799999947, -23.772718099999963 ], [ -45.72034229999997, -23.772584 ], [ -45.720438099999967, -23.77252539999995 ], [ -45.720585599999936, -23.772546099999943 ], [ -45.720733, -23.772491399999979 ], [ -45.72088489999993, -23.772415799999976 ], [ -45.72101379999998, -23.772352699999942 ], [ -45.721159899999975, -23.772256199999958 ], [ -45.721263099999931, -23.772163599999942 ], [ -45.721262299999978, -23.772075399999949 ], [ -45.721325899999954, -23.771962199999962 ], [ -45.721422599999983, -23.771874199999957 ], [ -45.721519599999965, -23.77181969999998 ], [ -45.721649199999945, -23.771807099999933 ], [ -45.721690199999955, -23.771702199999936 ], [ -45.721717099999978, -23.771605699999952 ], [ -45.721706499999982, -23.771484299999941 ], [ -45.721732699999961, -23.771367099999964 ], [ -45.722503, -23.771113399999933 ], [ -45.725170699999978, -23.770310499999937 ], [ -45.726531799999975, -23.76995519999997 ], [ -45.728648599999985, -23.769402599999978 ], [ -45.729449699999975, -23.769255499999929 ] ] ] ] } },
{ "type": "Feature", "properties": { "id": "3550704029", "cd_bairro": "3550704029", "bairro": "Barra do Una", "cd_mun": "3550704", "municipio": "São Sebastião", "cd_dist": "355070410", "distrito": "Maresias" }, "geometry": { "type": "Polygon", "coordinates": [ [ [ -45.760949899999957, -23.766510599999947 ], [ -45.761087, -23.766144499999939 ], [ -45.761045899999942, -23.765987399999972 ], [ -45.760896299999956, -23.765830499999936 ], [ -45.760737699999936, -23.765674399999966 ], [ -45.76074159999996, -23.765450899999962 ], [ -45.760885, -23.764954 ], [ -45.761087399999951, -23.764552099999946 ], [ -45.761479599999973, -23.764091899999983 ], [ -45.761818, -23.763851899999963 ], [ -45.762461599999938, -23.763399399999969 ], [ -45.763328499999943, -23.763004399999943 ], [ -45.764280399999961, -23.762758199999951 ], [ -45.764969299999962, -23.762647499999957 ], [ -45.76592519999997, -23.762493899999981 ], [ -45.767056099999934, -23.762449599999968 ], [ -45.767515799999956, -23.762432299999944 ], [ -45.769496199999935, -23.762415499999975 ], [ -45.770562199999972, -23.762475199999983 ], [ -45.772433099999944, -23.762655199999983 ], [ -45.774251199999981, -23.7628 ], [ -45.775670399999967, -23.762970699999983 ], [ -45.776307499999973, -23.763046599999939 ], [ -45.776400899999942, -23.763057699999933 ], [ -45.77648279999994, -23.763125699999932 ], [ -45.776523699999984, -23.763149399999975 ], [ -45.776590799999951, -23.763220899999965 ], [ -45.776657799999953, -23.763288899999964 ], [ -45.776728499999933, -23.763350099999968 ], [ -45.776780699999961, -23.763418199999933 ], [ -45.776832799999966, -23.763448699999969 ], [ -45.776881299999957, -23.763544 ], [ -45.776944599999979, -23.763622199999929 ], [ -45.777019299999949, -23.763713399999972 ], [ -45.777090099999953, -23.763754199999937 ], [ -45.777198099999964, -23.763788199999965 ], [ -45.777283599999976, -23.763788099999942 ], [ -45.777331899999979, -23.763754099999971 ], [ -45.777380199999982, -23.763771 ], [ -45.777398799999958, -23.763832199999968 ], [ -45.777346899999941, -23.763896799999941 ], [ -45.777291199999979, -23.763947899999948 ], [ -45.77730239999994, -23.764015899999947 ], [ -45.777354499999944, -23.764077099999952 ], [ -45.777376799999956, -23.764124699999968 ], [ -45.777410299999985, -23.764172299999927 ], [ -45.777451299999939, -23.764223299999969 ], [ -45.777455, -23.764274399999977 ], [ -45.777447699999982, -23.764346 ], [ -45.77743659999993, -23.764414199999976 ], [ -45.777373399999931, -23.764469 ], [ -45.777328799999964, -23.764516899999933 ], [ -45.777295299999935, -23.764571599999954 ], [ -45.777291599999955, -23.764670699999954 ], [ -45.777306599999974, -23.764773199999979 ], [ -45.777366299999983, -23.764863899999966 ], [ -45.777414799999974, -23.764891099999943 ], [ -45.777493, -23.764918099999932 ], [ -45.777530399999932, -23.764993199999935 ], [ -45.77758259999996, -23.765051099999937 ], [ -45.777698099999952, -23.765095 ], [ -45.777813299999934, -23.765070599999945 ], [ -45.777906199999961, -23.765066699999977 ], [ -45.778006599999969, -23.76511069999998 ], [ -45.778084699999965, -23.765151299999957 ], [ -45.77817749999997, -23.765144 ], [ -45.778233, -23.765170499999954 ], [ -45.778318599999977, -23.765214499999956 ], [ -45.778374399999961, -23.765316699999971 ], [ -45.778420199999971, -23.765393399999937 ], [ -45.778493, -23.765482099999929 ], [ -45.778542399999935, -23.76554589999995 ], [ -45.778643599999953, -23.765634599999942 ], [ -45.778732599999955, -23.765712299999961 ], [ -45.77884169999993, -23.76575669999994 ], [ -45.778991399999938, -23.765812099999948 ], [ -45.779104699999948, -23.765886199999954 ], [ -45.779205799999943, -23.765930599999933 ], [ -45.779302899999948, -23.765971199999967 ], [ -45.779464899999937, -23.766041799999982 ], [ -45.779546099999948, -23.766105099999947 ], [ -45.779651499999943, -23.766138699999942 ], [ -45.779756799999973, -23.766135 ], [ -45.779851399999984, -23.766100199999983 ], [ -45.779976899999951, -23.766070699999943 ], [ -45.780076699999938, -23.76607649999994 ], [ -45.780121699999938, -23.766017499999975 ], [ -45.780189099999973, -23.765958499999954 ], [ -45.780263099999956, -23.765929 ], [ -45.780362799999978, -23.765881799999931 ], [ -45.780495, -23.765837499999975 ], [ -45.780498099999932, -23.765755 ], [ -45.780443099999957, -23.765663699999948 ], [ -45.780391399999985, -23.765607899999964 ], [ -45.780446, -23.765495899999962 ], [ -45.780481399999985, -23.765448699999979 ], [ -45.780429699999956, -23.76537819999993 ], [ -45.780406899999946, -23.765269499999931 ], [ -45.780371199999934, -23.765178499999934 ], [ -45.780332399999963, -23.765074099999936 ], [ -45.7803, -23.764959499999975 ], [ -45.780238699999984, -23.764877199999944 ], [ -45.780196799999942, -23.764789099999973 ], [ -45.78020319999996, -23.764709699999969 ], [ -45.780209599999978, -23.764636099999962 ], [ -45.780334299999936, -23.764534099999935 ], [ -45.779274799999939, -23.763728899999933 ], [ -45.779199399999982, -23.763517699999966 ], [ -45.77924459999997, -23.763170699999932 ], [ -45.779154099999971, -23.762823699999956 ], [ -45.778973099999973, -23.76236739999996 ], [ -45.778882599999974, -23.762035499999968 ], [ -45.778912799999944, -23.761824399999966 ], [ -45.778973099999973, -23.761703699999941 ], [ -45.778958, -23.76141709999996 ], [ -45.778837299999964, -23.761055 ], [ -45.778686499999935, -23.760753299999976 ], [ -45.779086, -23.760813 ], [ -45.779605, -23.761345 ], [ -45.780269, -23.761816 ], [ -45.78030519999993, -23.761923499999966 ], [ -45.780561, -23.762097 ], [ -45.780917, -23.762214 ], [ -45.781886, -23.762417 ], [ -45.78238, -23.762511 ], [ -45.782388199999957, -23.761803599999951 ], [ -45.782367299999976, -23.75959169999993 ], [ -45.782397399999979, -23.757238499999971 ], [ -45.782427599999949, -23.756363499999964 ], [ -45.783378, -23.756393699999933 ], [ -45.78333269999996, -23.75689529999994 ], [ -45.783347799999945, -23.760229099999947 ], [ -45.783318399999985, -23.762678 ], [ -45.783807, -23.762749 ], [ -45.784117199999969, -23.762793599999952 ], [ -45.784469, -23.762828099999979 ], [ -45.784677099999953, -23.762841599999945 ], [ -45.784957399999939, -23.762821499999973 ], [ -45.785062599999947, -23.762751299999934 ], [ -45.785191199999986, -23.762644799999975 ], [ -45.785280399999976, -23.762484 ], [ -45.785319899999934, -23.762310499999955 ], [ -45.785336099999938, -23.762178799999958 ], [ -45.785314799999981, -23.762068799999952 ], [ -45.78525019999995, -23.761831399999949 ], [ -45.785227199999952, -23.761588899999936 ], [ -45.78523169999994, -23.761388699999941 ], [ -45.78524619999996, -23.761234699999932 ], [ -45.785297, -23.761049 ], [ -45.78538889999993, -23.760997299999929 ], [ -45.785367099999974, -23.754008499999941 ], [ -45.785387, -23.751846399999977 ], [ -45.778960499999982, -23.753090899999961 ], [ -45.775915299999951, -23.75365759999994 ], [ -45.775349, -23.753717399999971 ], [ -45.773871299999939, -23.753870699999936 ], [ -45.772021299999949, -23.754017699999963 ], [ -45.769401499999958, -23.753996399999949 ], [ -45.768146799999954, -23.753931199999954 ], [ -45.766762, -23.753652 ], [ -45.766802, -23.752298 ], [ -45.766767199999947, -23.751603299999942 ], [ -45.765422099999967, -23.751188399999933 ], [ -45.764941799999974, -23.751051 ], [ -45.764694299999974, -23.750797399999954 ], [ -45.764554199999964, -23.750653899999975 ], [ -45.764470399999936, -23.750727199999972 ], [ -45.763980599999968, -23.75116 ], [ -45.763825699999984, -23.751296799999977 ], [ -45.764247299999965, -23.751396 ], [ -45.764464699999962, -23.75144709999995 ], [ -45.764583899999934, -23.751556 ], [ -45.765152, -23.752075199999979 ], [ -45.765425799999946, -23.752251099999967 ], [ -45.765477799999985, -23.75249139999994 ], [ -45.765486599999974, -23.752532299999928 ], [ -45.765419299999962, -23.753595699999948 ], [ -45.764038199999959, -23.753709699999945 ], [ -45.763132299999938, -23.75366379999997 ], [ -45.763135199999965, -23.753758699999935 ], [ -45.763073599999984, -23.753754 ], [ -45.761861799999963, -23.753712 ], [ -45.761779, -23.753522 ], [ -45.761877, -23.753418 ], [ -45.761988, -23.753276 ], [ -45.762015, -23.753082 ], [ -45.762036099999932, -23.752882799999952 ], [ -45.762041, -23.752837 ], [ -45.761983, -23.752399 ], [ -45.761755899999969, -23.751088699999968 ], [ -45.763224599999944, -23.746360599999946 ], [ -45.762795799999935, -23.746149599999967 ], [ -45.757701099999963, -23.743620499999963 ], [ -45.754203899999936, -23.741884499999969 ], [ -45.753956799999969, -23.726918799999964 ], [ -45.75388849999996, -23.726574399999947 ], [ -45.753829099999962, -23.726422 ], [ -45.753800899999931, -23.726271299999951 ], [ -45.753900399999964, -23.725933299999951 ], [ -45.754019899999946, -23.725681299999962 ], [ -45.754100199999982, -23.725404399999945 ], [ -45.754062599999941, -23.724964599999964 ], [ -45.753967899999964, -23.724781899999982 ], [ -45.753834799999936, -23.724703499999976 ], [ -45.753697299999942, -23.724524599999938 ], [ -45.753665099999978, -23.724359599999957 ], [ -45.753718599999956, -23.724158199999977 ], [ -45.753778699999941, -23.723766499999954 ], [ -45.753940499999942, -23.723410099999967 ], [ -45.754304299999944, -23.722912699999938 ], [ -45.754712899999959, -23.722066799999936 ], [ -45.754952399999979, -23.721649 ], [ -45.754997599999967, -23.721368699999971 ], [ -45.75486079999996, -23.720651099999941 ], [ -45.755224299999952, -23.720099799999957 ], [ -45.755612699999972, -23.719803399999932 ], [ -45.756001199999957, -23.719542899999965 ], [ -45.756101099999967, -23.719269499999939 ], [ -45.75609129999998, -23.718924799999968 ], [ -45.755785399999979, -23.718192199999976 ], [ -45.755577399999936, -23.718688199999974 ], [ -45.755397899999934, -23.718876 ], [ -45.755309799999964, -23.718900799999972 ], [ -45.755104499999959, -23.718847599999947 ], [ -45.754883399999983, -23.71862109999995 ], [ -45.754706299999953, -23.718363599999975 ], [ -45.754609699999946, -23.718271099999981 ], [ -45.754555699999969, -23.718273099999976 ], [ -45.754433499999948, -23.718343299999958 ], [ -45.754309, -23.718531799999937 ], [ -45.754233799999952, -23.718581799999981 ], [ -45.754134699999952, -23.718581399999948 ], [ -45.753988099999958, -23.718510699999968 ], [ -45.753759199999934, -23.718275199999937 ], [ -45.753666899999985, -23.718262099999947 ], [ -45.753592399999945, -23.718282399999964 ], [ -45.753495, -23.718391199999928 ], [ -45.753349, -23.718774899999971 ], [ -45.753202899999962, -23.719300399999952 ], [ -45.753185599999938, -23.719533499999955 ], [ -45.753126399999985, -23.719635799999935 ], [ -45.753050299999984, -23.719714799999963 ], [ -45.752751899999964, -23.719858 ], [ -45.752620199999967, -23.719975199999965 ], [ -45.752540299999964, -23.72001709999995 ], [ -45.752536499999962, -23.720193199999983 ], [ -45.752535099999932, -23.720196899999962 ], [ -45.752528899999959, -23.720473299999981 ], [ -45.752624599999933, -23.720925299999976 ], [ -45.752596799999935, -23.72119639999994 ], [ -45.752512099999933, -23.721322399999963 ], [ -45.752409599999964, -23.721409599999959 ], [ -45.752273599999967, -23.721459 ], [ -45.752195099999938, -23.721464799999978 ], [ -45.75206049999997, -23.721426699999938 ], [ -45.751868599999966, -23.721316499999944 ], [ -45.75149289999996, -23.720989599999939 ], [ -45.751332699999978, -23.720933399999979 ], [ -45.750929799999938, -23.720857599999931 ], [ -45.750582799999961, -23.720804799999939 ], [ -45.750293299999953, -23.720676699999956 ], [ -45.749729299999956, -23.720531299999948 ], [ -45.749595599999964, -23.72047589999994 ], [ -45.749452699999949, -23.720359199999962 ], [ -45.749342799999965, -23.720185399999934 ], [ -45.749133799999981, -23.719325699999956 ], [ -45.749088, -23.719209399999954 ], [ -45.748997399999951, -23.719147499999963 ], [ -45.748871699999938, -23.719121 ], [ -45.748750399999949, -23.719170399999939 ], [ -45.748513899999978, -23.71933139999993 ], [ -45.748113699999976, -23.719691 ], [ -45.748005, -23.719717699999933 ], [ -45.747882299999958, -23.719710199999952 ], [ -45.74775829999993, -23.719644799999969 ], [ -45.747676599999977, -23.719419399999936 ], [ -45.747624299999984, -23.719328699999949 ], [ -45.747602299999983, -23.719290599999965 ], [ -45.747488899999951, -23.719192699999951 ], [ -45.747360299999968, -23.719166199999961 ], [ -45.747228, -23.71919939999998 ], [ -45.747023399999932, -23.719280799999979 ], [ -45.746427299999937, -23.719672 ], [ -45.746278199999949, -23.719680899999958 ], [ -45.746154399999966, -23.719640799999979 ], [ -45.746044799999936, -23.719357699999932 ], [ -45.745966099999976, -23.71931479999995 ], [ -45.745790499999941, -23.719306599999982 ], [ -45.745677699999931, -23.719319799999937 ], [ -45.745588, -23.719247 ], [ -45.745587299999954, -23.719114299999944 ], [ -45.745695799999964, -23.718884299999957 ], [ -45.745695199999943, -23.718764199999953 ], [ -45.74561129999995, -23.718513499999972 ], [ -45.745530499999973, -23.718448899999942 ], [ -45.745391299999937, -23.718468499999972 ], [ -45.745171599999935, -23.718635799999959 ], [ -45.745038099999931, -23.718626499999971 ], [ -45.745010699999966, -23.718608499999959 ], [ -45.744928799999968, -23.71855469999997 ], [ -45.744866099999967, -23.718404199999952 ], [ -45.744859299999973, -23.718056499999932 ], [ -45.744775599999969, -23.717838299999983 ], [ -45.744641499999943, -23.717708899999934 ], [ -45.744444199999975, -23.717697199999975 ], [ -45.744325899999978, -23.71776639999996 ], [ -45.744256, -23.717885099999933 ], [ -45.74400959999997, -23.71838669999994 ], [ -45.743832399999974, -23.718616899999972 ], [ -45.743371, -23.71908609999997 ], [ -45.742908799999952, -23.719407199999978 ], [ -45.742356399999949, -23.719566099999952 ], [ -45.742311899999947, -23.719903899999963 ], [ -45.742156, -23.719957399999942 ], [ -45.742031699999984, -23.719978 ], [ -45.741630399999963, -23.719728499999974 ], [ -45.741443899999979, -23.719695099999967 ], [ -45.741350499999953, -23.719672899999978 ], [ -45.741218699999934, -23.719601299999965 ], [ -45.741158199999973, -23.719479699999965 ], [ -45.741141, -23.719214199999954 ], [ -45.74120279999994, -23.719042299999956 ], [ -45.741233699999952, -23.71896 ], [ -45.741171, -23.718810299999973 ], [ -45.74108519999993, -23.718719499999963 ], [ -45.74092, -23.718656199999941 ], [ -45.74074429999996, -23.718627199999958 ], [ -45.740491299999974, -23.718643799999938 ], [ -45.740030799999943, -23.718753499999934 ], [ -45.739950199999953, -23.718720399999938 ], [ -45.739847, -23.718682099999967 ], [ -45.739812099999938, -23.718582899999944 ], [ -45.739823199999933, -23.718474499999957 ], [ -45.739909799999964, -23.718338599999981 ], [ -45.739923699999963, -23.718193099999951 ], [ -45.739866099999972, -23.718068699999947 ], [ -45.739787, -23.717965199999981 ], [ -45.739681899999937, -23.717936799999961 ], [ -45.739564199999961, -23.717939199999932 ], [ -45.739343799999972, -23.718010699999979 ], [ -45.738924099999963, -23.718208699999934 ], [ -45.738749599999949, -23.718230299999959 ], [ -45.738568, -23.718209499999944 ], [ -45.738450899999975, -23.718136 ], [ -45.738303899999948, -23.718000299999972 ], [ -45.738188299999933, -23.717676599999947 ], [ -45.738117, -23.717556799999954 ], [ -45.737912899999969, -23.717381699999976 ], [ -45.737794099999974, -23.717347 ], [ -45.737639, -23.717337799999939 ], [ -45.737494399999946, -23.717440599999975 ], [ -45.737396099999955, -23.717579199999932 ], [ -45.737224, -23.718195099999946 ], [ -45.737260499999934, -23.719103599999983 ], [ -45.737231899999983, -23.719440599999928 ], [ -45.73714549999994, -23.719603599999971 ], [ -45.736982399999931, -23.719726299999934 ], [ -45.736888399999941, -23.719761099999971 ], [ -45.736784399999976, -23.71976159999997 ], [ -45.736495699999978, -23.719703399999958 ], [ -45.735536399999944, -23.719384599999955 ], [ -45.734596299999964, -23.719144299999982 ], [ -45.734111499999983, -23.719116799999938 ], [ -45.733548599999949, -23.719155599999965 ], [ -45.732853899999952, -23.719122699999957 ], [ -45.73250719999993, -23.719056599999931 ], [ -45.732333199999971, -23.718991499999959 ], [ -45.732047899999941, -23.718835699999943 ], [ -45.73173769999994, -23.718452399999933 ], [ -45.731652299999951, -23.718261299999938 ], [ -45.731520199999977, -23.717801299999962 ], [ -45.731395899999939, -23.717668199999935 ], [ -45.731227799999942, -23.717613899999947 ], [ -45.73105529999998, -23.717636399999947 ], [ -45.730542199999945, -23.717810499999928 ], [ -45.730228699999941, -23.717879699999969 ], [ -45.729865399999937, -23.717822699999942 ], [ -45.729698, -23.717705199999955 ], [ -45.729619899999932, -23.717597099999978 ], [ -45.729579499999943, -23.71739139999994 ], [ -45.72958639999996, -23.717227 ], [ -45.729694599999959, -23.716746899999976 ], [ -45.729700599999944, -23.716589699999929 ], [ -45.729643899999985, -23.716447199999948 ], [ -45.729456899999946, -23.71633879999996 ], [ -45.729141599999934, -23.716261699999961 ], [ -45.728994799999953, -23.716154899999935 ], [ -45.728882099999964, -23.716003699999931 ], [ -45.728742099999977, -23.715526599999976 ], [ -45.72841429999994, -23.714074899999957 ], [ -45.728317, -23.713879299999974 ], [ -45.728141299999947, -23.713680499999953 ], [ -45.728081399999951, -23.713665499999934 ], [ -45.727964899999961, -23.713711199999977 ], [ -45.727839099999983, -23.713841799999955 ], [ -45.72773989999996, -23.713997699999936 ], [ -45.727466599999957, -23.714773899999955 ], [ -45.727367199999946, -23.715247699999964 ], [ -45.727368199999944, -23.715422 ], [ -45.727523099999985, -23.716463499999975 ], [ -45.727518, -23.716786 ], [ -45.727478699999949, -23.71694789999998 ], [ -45.727335399999959, -23.717110199999979 ], [ -45.727171899999973, -23.717174199999931 ], [ -45.726976699999966, -23.717170599999974 ], [ -45.726823399999944, -23.717131599999959 ], [ -45.726324599999941, -23.716872899999942 ], [ -45.725873499999977, -23.716548099999955 ], [ -45.725184099999979, -23.716235199999971 ], [ -45.724709799999971, -23.71614169999998 ], [ -45.724010299999975, -23.716129599999931 ], [ -45.72377849999998, -23.716073799999947 ], [ -45.723686899999961, -23.716007399999967 ], [ -45.723628899999937, -23.715994099999932 ], [ -45.72351939999993, -23.715887099999975 ], [ -45.723387599999967, -23.71563569999995 ], [ -45.723416799999939, -23.715238199999931 ], [ -45.723376799999983, -23.715103799999952 ], [ -45.723297, -23.715045399999951 ], [ -45.72318219999994, -23.715033299999959 ], [ -45.723053799999946, -23.715061899999966 ], [ -45.722923699999967, -23.71513479999993 ], [ -45.722527199999945, -23.71544739999996 ], [ -45.722413599999982, -23.715485799999954 ], [ -45.722301499999958, -23.71544119999993 ], [ -45.722195599999964, -23.715259199999934 ], [ -45.722170299999959, -23.714943199999936 ], [ -45.722107599999958, -23.714780899999937 ], [ -45.722027499999967, -23.714668399999937 ], [ -45.721969499999943, -23.714651499999945 ], [ -45.721837199999982, -23.714667499999962 ], [ -45.721710199999961, -23.714763799999957 ], [ -45.721584399999983, -23.714901699999928 ], [ -45.721242899999936, -23.715406399999949 ], [ -45.721105, -23.715491899999961 ], [ -45.720880699999952, -23.715548099999978 ], [ -45.72075209999997, -23.715536899999961 ], [ -45.720548199999939, -23.715390699999944 ], [ -45.72043519999994, -23.715164499999958 ], [ -45.720294799999976, -23.714786699999934 ], [ -45.720207699999946, -23.714648 ], [ -45.72010419999998, -23.714565399999969 ], [ -45.719990299999949, -23.714536099999975 ], [ -45.719878699999981, -23.714589899999964 ], [ -45.719785799999954, -23.714642699999956 ], [ -45.719709, -23.714771299999938 ], [ -45.719598399999938, -23.71517289999997 ], [ -45.71935609999997, -23.715529899999979 ], [ -45.719245899999976, -23.715645099999961 ], [ -45.718956299999945, -23.715782799999943 ], [ -45.718868, -23.715783199999976 ], [ -45.718715699999962, -23.715743299999929 ], [ -45.718552799999941, -23.715549899999928 ], [ -45.718472599999984, -23.715233199999943 ], [ -45.718368599999962, -23.71505209999998 ], [ -45.718253299999958, -23.714961499999959 ], [ -45.718073799999956, -23.714961399999936 ], [ -45.717961499999944, -23.715047699999957 ], [ -45.71785959999994, -23.715248699999961 ], [ -45.717751499999963, -23.715568899999937 ], [ -45.71762229999996, -23.715799 ], [ -45.717512, -23.715902399999948 ], [ -45.717164899999943, -23.716119 ], [ -45.716845299999932, -23.716155699999945 ], [ -45.716575399999954, -23.71612719999996 ], [ -45.716432699999984, -23.716039299999977 ], [ -45.716198, -23.715817299999969 ], [ -45.716052599999955, -23.715431399999943 ], [ -45.716021399999931, -23.715274399999942 ], [ -45.716044, -23.715114399999948 ], [ -45.716169899999954, -23.71480669999994 ], [ -45.716286599999933, -23.714631 ], [ -45.716370899999959, -23.714425499999948 ], [ -45.716361699999936, -23.714183499999933 ], [ -45.71629919999998, -23.71406369999994 ], [ -45.716171299999985, -23.713990199999955 ], [ -45.715915499999937, -23.71403289999995 ], [ -45.715798099999972, -23.71408409999998 ], [ -45.715630099999942, -23.714042399999983 ], [ -45.715397199999984, -23.71379509999997 ], [ -45.715026699999953, -23.713486099999955 ], [ -45.714819, -23.713348 ], [ -45.714552699999956, -23.713259799999946 ], [ -45.714330599999982, -23.713198499999976 ], [ -45.71413339999998, -23.713189499999942 ], [ -45.714003199999979, -23.713235199999929 ], [ -45.713929099999973, -23.713316799999973 ], [ -45.713832, -23.713505199999929 ], [ -45.713749099999973, -23.713600399999962 ], [ -45.713617, -23.71365789999993 ], [ -45.713473299999976, -23.71374979999996 ], [ -45.713404399999945, -23.713888299999951 ], [ -45.713408, -23.714012899999943 ], [ -45.713584799999978, -23.714199099999973 ], [ -45.713821399999972, -23.714448199999936 ], [ -45.71397479999996, -23.71469129999997 ], [ -45.714017, -23.714792599999953 ], [ -45.714087099999972, -23.714960899999937 ], [ -45.714087799999959, -23.71496529999996 ], [ -45.714250799999945, -23.716006 ], [ -45.714222199999938, -23.716354799999976 ], [ -45.714238, -23.71653809999998 ], [ -45.71417809999997, -23.716891499999974 ], [ -45.714213499999971, -23.717098199999953 ], [ -45.714308599999981, -23.71725129999993 ], [ -45.714425699999936, -23.717317599999944 ], [ -45.714904199999978, -23.717468 ], [ -45.715271099999939, -23.717651499999931 ], [ -45.715557599999954, -23.717829 ], [ -45.715731, -23.717962799999952 ], [ -45.716322299999945, -23.71863929999995 ], [ -45.716674399999931, -23.719166 ], [ -45.717097, -23.720023899999944 ], [ -45.717193399999985, -23.720074099999977 ], [ -45.717380699999978, -23.72006319999997 ], [ -45.717782099999965, -23.719729 ], [ -45.717921, -23.719651599999963 ], [ -45.718040799999983, -23.719673599999965 ], [ -45.718145399999969, -23.719786 ], [ -45.718174799999986, -23.719960199999946 ], [ -45.718146699999977, -23.720215 ], [ -45.718185699999935, -23.720344 ], [ -45.718309599999941, -23.72040579999998 ], [ -45.718497799999966, -23.720377799999937 ], [ -45.719064599999967, -23.720154799999932 ], [ -45.719277699999964, -23.720184499999959 ], [ -45.719528799999978, -23.720364 ], [ -45.719554399999936, -23.720402499999977 ], [ -45.719650699999931, -23.720510399999966 ], [ -45.719708699999956, -23.720615099999975 ], [ -45.71977389999995, -23.721052899999961 ], [ -45.719745299999943, -23.721189399999957 ], [ -45.719587599999954, -23.721605599999975 ], [ -45.719542899999965, -23.721857799999952 ], [ -45.71954489999996, -23.722047499999974 ], [ -45.71961239999996, -23.722191699999939 ], [ -45.719669099999976, -23.722238199999936 ], [ -45.719681399999956, -23.722248299999933 ], [ -45.719896099999971, -23.722226499999977 ], [ -45.72037169999993, -23.721998499999927 ], [ -45.720673399999953, -23.721916699999952 ], [ -45.721102799999983, -23.721864099999948 ], [ -45.721729599999946, -23.721862099999953 ], [ -45.722199899999964, -23.721917699999949 ], [ -45.72279709999998, -23.722066699999971 ], [ -45.723321699999985, -23.722372199999938 ], [ -45.723705, -23.722674799999936 ], [ -45.724033799999972, -23.723060699999962 ], [ -45.724171599999977, -23.723323799999946 ], [ -45.724280699999952, -23.72370989999996 ], [ -45.724285399999985, -23.724023299999942 ], [ -45.724233, -23.724305299999969 ], [ -45.72417, -23.724451899999963 ], [ -45.723851299999978, -23.724831 ], [ -45.72385, -23.724914899999931 ], [ -45.723848399999952, -23.725013399999966 ], [ -45.723898899999938, -23.725096299999962 ], [ -45.723994499999947, -23.725184399999932 ], [ -45.725322799999958, -23.725878099999932 ], [ -45.725486299999943, -23.725989399999946 ], [ -45.725607599999933, -23.726114299999949 ], [ -45.725764, -23.72636289999997 ], [ -45.725874099999942, -23.726751699999966 ], [ -45.725893699999972, -23.726919599999974 ], [ -45.725841299999956, -23.727204299999983 ], [ -45.725841399999979, -23.727404799999931 ], [ -45.725899899999945, -23.72751379999994 ], [ -45.726091, -23.727648399999964 ], [ -45.726323499999978, -23.727654599999937 ], [ -45.726943199999937, -23.727593799999966 ], [ -45.727487, -23.727648199999976 ], [ -45.727962299999945, -23.727733599999965 ], [ -45.728409599999964, -23.727885899999933 ], [ -45.728696899999932, -23.728048899999976 ], [ -45.72896019999996, -23.728279799999939 ], [ -45.729094699999962, -23.728485099999943 ], [ -45.72922, -23.72878529999997 ], [ -45.729336799999942, -23.729322199999956 ], [ -45.729317199999969, -23.729845199999943 ], [ -45.729247199999975, -23.730137299999967 ], [ -45.729102099999977, -23.730333099999939 ], [ -45.728840699999978, -23.730605299999979 ], [ -45.728683899999965, -23.730819199999928 ], [ -45.728633399999978, -23.730910599999959 ], [ -45.728644399999951, -23.730944499999964 ], [ -45.728680299999951, -23.731055799999979 ], [ -45.72877509999995, -23.731163799999933 ], [ -45.729157799999939, -23.731351599999982 ], [ -45.72929309999995, -23.731515399999978 ], [ -45.729317399999957, -23.731658899999957 ], [ -45.729243199999985, -23.731895 ], [ -45.72868109999996, -23.732430499999964 ], [ -45.728504599999951, -23.732632699999954 ], [ -45.728443299999981, -23.73289589999996 ], [ -45.728419799999983, -23.732911299999955 ], [ -45.728421899999944, -23.73311 ], [ -45.728453099999967, -23.733239899999944 ], [ -45.728852699999948, -23.733834199999933 ], [ -45.728910399999961, -23.733965799999964 ], [ -45.728923099999975, -23.734131899999966 ], [ -45.728885799999944, -23.734484299999963 ], [ -45.728903, -23.73475609999997 ], [ -45.729057099999977, -23.735127499999976 ], [ -45.72920419999997, -23.735283099999947 ], [ -45.729514499999937, -23.735517399999935 ], [ -45.730592899999976, -23.736240199999941 ], [ -45.730724, -23.736351599999978 ], [ -45.730908699999929, -23.736572 ], [ -45.730962299999931, -23.736854499999936 ], [ -45.73095189999998, -23.737098399999979 ], [ -45.73087049999998, -23.737283 ], [ -45.730748399999982, -23.737388399999929 ], [ -45.730532, -23.737458099999969 ], [ -45.729968699999972, -23.737605199999962 ], [ -45.729857099999947, -23.737663599999962 ], [ -45.729775299999972, -23.737757899999963 ], [ -45.729755, -23.737813099999983 ], [ -45.729773399999942, -23.73795389999998 ], [ -45.729943799999944, -23.738068699999928 ], [ -45.730074599999966, -23.738125 ], [ -45.730655199999944, -23.738265 ], [ -45.731411599999944, -23.738601899999935 ], [ -45.731822499999964, -23.73874079999996 ], [ -45.732464, -23.738892299999975 ], [ -45.732598799999948, -23.738949399999967 ], [ -45.732936499999937, -23.739156499999979 ], [ -45.733081499999969, -23.739294 ], [ -45.733329499999968, -23.739600799999948 ], [ -45.733369399999958, -23.739727899999934 ], [ -45.733356, -23.740141699999981 ], [ -45.733257199999969, -23.740367 ], [ -45.733097699999973, -23.740619799999934 ], [ -45.732838099999981, -23.740862199999981 ], [ -45.732481, -23.74104 ], [ -45.73166509999993, -23.741303099999982 ], [ -45.730852299999981, -23.741410799999983 ], [ -45.730664199999978, -23.741457799999978 ], [ -45.730456799999956, -23.741559 ], [ -45.73037869999996, -23.741645199999937 ], [ -45.730353099999945, -23.741802399999983 ], [ -45.73039979999993, -23.741898 ], [ -45.730571399999974, -23.742063299999927 ], [ -45.730827399999953, -23.742213899999967 ], [ -45.731024399999967, -23.742295199999944 ], [ -45.732038899999964, -23.74270219999994 ], [ -45.732330399999967, -23.74288869999998 ], [ -45.732555299999945, -23.743104399999936 ], [ -45.732927699999948, -23.743371799999977 ], [ -45.733273199999985, -23.743575199999952 ], [ -45.734156799999937, -23.744023499999969 ], [ -45.734486599999968, -23.744220599999949 ], [ -45.734810899999957, -23.744481 ], [ -45.735307299999931, -23.74498989999995 ], [ -45.735875599999986, -23.745717 ], [ -45.736521499999981, -23.746473499999979 ], [ -45.737080899999967, -23.746842 ], [ -45.737367399999982, -23.746999599999981 ], [ -45.737691899999959, -23.747135399999934 ], [ -45.737995099999978, -23.74731 ], [ -45.738832599999967, -23.747915699999965 ], [ -45.739018899999962, -23.748076499999968 ], [ -45.73931129999994, -23.748414699999955 ], [ -45.739500699999951, -23.748758799999962 ], [ -45.739639199999942, -23.749141099999974 ], [ -45.739732299999957, -23.749287899999956 ], [ -45.739870399999973, -23.749414599999966 ], [ -45.739974599999982, -23.749462899999969 ], [ -45.740573199999972, -23.749460899999974 ], [ -45.74071559999993, -23.749486399999967 ], [ -45.741130099999964, -23.749742699999956 ], [ -45.741243199999985, -23.749773799999957 ], [ -45.741363699999965, -23.74975429999995 ], [ -45.741537199999982, -23.749711 ], [ -45.741728599999931, -23.749719099999936 ], [ -45.74189169999994, -23.749761699999965 ], [ -45.742070899999931, -23.749878199999955 ], [ -45.742260599999952, -23.750080699999955 ], [ -45.742410899999982, -23.750270199999932 ], [ -45.742511, -23.750375399999939 ], [ -45.742673199999956, -23.750645799999972 ], [ -45.742804, -23.750936899999942 ], [ -45.742978799999946, -23.751127499999939 ], [ -45.743236699999954, -23.751277099999982 ], [ -45.743520799999942, -23.751367899999934 ], [ -45.743907699999966, -23.751404799999932 ], [ -45.744813699999952, -23.751468199999977 ], [ -45.745118199999979, -23.751519099999939 ], [ -45.745332699999949, -23.751623799999948 ], [ -45.745501099999956, -23.75174039999996 ], [ -45.745710699999961, -23.752008499999931 ], [ -45.745770299999947, -23.752476099999967 ], [ -45.745800399999951, -23.753111799999942 ], [ -45.745919099999981, -23.753284699999938 ], [ -45.746121099999982, -23.753436299999976 ], [ -45.746388699999954, -23.753549699999951 ], [ -45.746697099999949, -23.753593399999943 ], [ -45.747407499999952, -23.753587299999936 ], [ -45.747939, -23.753536799999949 ], [ -45.748783299999957, -23.753612199999964 ], [ -45.749005499999953, -23.753684299999975 ], [ -45.749229899999932, -23.753803299999959 ], [ -45.749399099999948, -23.754052699999932 ], [ -45.749600899999962, -23.754503299999953 ], [ -45.749770099999978, -23.754753599999958 ], [ -45.750004599999954, -23.754919599999937 ], [ -45.750474199999985, -23.755179099999964 ], [ -45.750589499999933, -23.755260699999951 ], [ -45.750721, -23.755253799999934 ], [ -45.750835199999983, -23.755155699999932 ], [ -45.750979699999959, -23.754677199999946 ], [ -45.751165, -23.754490199999964 ], [ -45.751357, -23.754437799999948 ], [ -45.751672099999951, -23.75445069999995 ], [ -45.75199779999997, -23.754610799999966 ], [ -45.752344499999936, -23.754838499999948 ], [ -45.752941299999975, -23.755381199999931 ], [ -45.75317229999996, -23.755611299999941 ], [ -45.753824599999973, -23.756084099999953 ], [ -45.753910299999973, -23.756145099999969 ], [ -45.754476899999986, -23.756550599999969 ], [ -45.754625099999942, -23.756726 ], [ -45.754888299999948, -23.757110299999965 ], [ -45.754924099999982, -23.757188699999972 ], [ -45.75520709999995, -23.757758199999955 ], [ -45.755686299999979, -23.758495599999947 ], [ -45.756099399999982, -23.758837699999958 ], [ -45.756333799999936, -23.759150799999929 ], [ -45.756493599999942, -23.759469799999977 ], [ -45.756550299999958, -23.759941899999944 ], [ -45.756809899999951, -23.760715599999969 ], [ -45.756848099999957, -23.761038699999972 ], [ -45.756840099999977, -23.761185099999977 ], [ -45.756786099999943, -23.761337099999935 ], [ -45.756664199999932, -23.761475 ], [ -45.756436099999974, -23.761572699999931 ], [ -45.75619359999996, -23.761559499999976 ], [ -45.755405, -23.761453099999983 ], [ -45.754604799999981, -23.761208699999941 ], [ -45.754469599999936, -23.761237299999948 ], [ -45.754401199999961, -23.76128639999996 ], [ -45.754265199999963, -23.76154269999995 ], [ -45.753875299999947, -23.761998 ], [ -45.753763399999968, -23.762160199999983 ], [ -45.753691799999956, -23.762324099999944 ], [ -45.753646499999945, -23.762653899999975 ], [ -45.753676199999973, -23.763196599999958 ], [ -45.753625, -23.763511199999982 ], [ -45.754585399999939, -23.763920699999971 ], [ -45.754822, -23.764147699999967 ], [ -45.75503759999998, -23.764375399999949 ], [ -45.75637409999996, -23.765320299999928 ], [ -45.756426, -23.765336 ], [ -45.756423, -23.765357 ], [ -45.757189, -23.766122 ], [ -45.758669, -23.768144 ], [ -45.759068199999945, -23.76894 ], [ -45.759235399999966, -23.768842799999959 ], [ -45.759372699999972, -23.768785299999934 ], [ -45.759519699999942, -23.768753 ], [ -45.759646499999974, -23.768753099999969 ], [ -45.759854699999948, -23.768757899999969 ], [ -45.759971899999982, -23.768790499999966 ], [ -45.760129, -23.768748799999969 ], [ -45.760372199999949, -23.768739399999959 ], [ -45.760452499999985, -23.76868369999994 ], [ -45.760466099999974, -23.768549 ], [ -45.760496, -23.768479499999955 ], [ -45.760556299999962, -23.76839149999995 ], [ -45.760668099999975, -23.768368399999929 ], [ -45.76078, -23.768363799999975 ], [ -45.760856599999954, -23.768405499999972 ], [ -45.760988299999951, -23.768359099999941 ], [ -45.761084899999958, -23.768271099999936 ], [ -45.761062899999956, -23.768141399999934 ], [ -45.761114099999986, -23.768068899999946 ], [ -45.761149299999943, -23.768022499999972 ], [ -45.76121, -23.767994699999974 ], [ -45.761296099999981, -23.767943899999977 ], [ -45.761397899999963, -23.767967499999941 ], [ -45.761499399999934, -23.767921399999977 ], [ -45.76145809999997, -23.767800499999964 ], [ -45.761518599999931, -23.767721699999981 ], [ -45.761609599999986, -23.767693899999983 ], [ -45.761721399999942, -23.767726499999981 ], [ -45.761812899999939, -23.767740499999945 ], [ -45.76189409999995, -23.767671099999973 ], [ -45.761995499999955, -23.767601699999943 ], [ -45.762117499999931, -23.767550799999981 ], [ -45.762280099999941, -23.767555499999958 ], [ -45.762432299999944, -23.767564799999946 ], [ -45.762401899999929, -23.767486 ], [ -45.762310599999978, -23.767407299999945 ], [ -45.76224469999994, -23.767314699999929 ], [ -45.762148499999967, -23.767161899999962 ], [ -45.762102899999945, -23.767064599999969 ], [ -45.762062299999968, -23.767009 ], [ -45.761940599999946, -23.767027599999949 ], [ -45.761783299999934, -23.767037 ], [ -45.761636299999964, -23.766976799999952 ], [ -45.761463499999934, -23.766972199999941 ], [ -45.761316199999953, -23.766944499999966 ], [ -45.76119929999993, -23.76696759999993 ], [ -45.761026799999968, -23.766944499999966 ], [ -45.760826499999951, -23.766840099999968 ], [ -45.760949899999957, -23.766510599999947 ] ] ] } },
{ "type": "Feature", "properties": { "id": "3550704030", "cd_bairro": "3550704030", "bairro": "Boracéia", "cd_mun": "3550704", "municipio": "São Sebastião", "cd_dist": "355070410", "distrito": "Maresias" }, "geometry": { "type": "Polygon", "coordinates": [ [ [ -45.813228, -23.75813729999993 ], [ -45.816278599999976, -23.757799499999976 ], [ -45.818429799999933, -23.757561299999963 ], [ -45.818647399999975, -23.757545599999958 ], [ -45.821429599999931, -23.757448899999929 ], [ -45.824164499999938, -23.757348199999967 ], [ -45.829061699999954, -23.757503499999927 ], [ -45.832892899999933, -23.757625 ], [ -45.841156299999966, -23.758084199999928 ], [ -45.842402299999947, -23.758196 ], [ -45.842179, -23.757979 ], [ -45.840007299999968, -23.755916299999967 ], [ -45.839037799999971, -23.754995399999927 ], [ -45.835146399999985, -23.751299299999971 ], [ -45.833669699999973, -23.749883899999929 ], [ -45.833642699999984, -23.749858 ], [ -45.827127399999938, -23.74365819999997 ], [ -45.823736699999984, -23.740425199999947 ], [ -45.822101499999974, -23.738899299999957 ], [ -45.820040099999972, -23.736932 ], [ -45.820017, -23.738722799999948 ], [ -45.819983799999932, -23.73897009999996 ], [ -45.819842299999948, -23.739561899999956 ], [ -45.819746699999939, -23.739808399999959 ], [ -45.819555199999968, -23.740173899999945 ], [ -45.819618199999979, -23.740341599999965 ], [ -45.819195799999932, -23.740613099999962 ], [ -45.81827, -23.741586699999971 ], [ -45.818600099999969, -23.741962699999931 ], [ -45.817250499999943, -23.742791199999942 ], [ -45.816586299999983, -23.742583199999956 ], [ -45.815569799999935, -23.742655399999933 ], [ -45.81569159999998, -23.741657499999974 ], [ -45.814113099999986, -23.741449 ], [ -45.813305899999932, -23.741630699999973 ], [ -45.813394, -23.742415499999936 ], [ -45.813216499999953, -23.742632199999946 ], [ -45.813231599999938, -23.745596499999976 ], [ -45.813261799999964, -23.747904499999947 ], [ -45.813126, -23.754474099999982 ], [ -45.813143499999967, -23.755338499999937 ], [ -45.811487, -23.755497 ], [ -45.811058199999934, -23.755556399999932 ], [ -45.80744059999995, -23.756433199999947 ], [ -45.806460099999981, -23.756684299999961 ], [ -45.80613139999997, -23.756743399999948 ], [ -45.805771299999947, -23.756781499999931 ], [ -45.805477, -23.756688599999961 ], [ -45.805255299999942, -23.756608699999958 ], [ -45.804978299999959, -23.756483599999967 ], [ -45.804759099999956, -23.756348699999933 ], [ -45.802487299999939, -23.754871 ], [ -45.796470499999941, -23.75092449999994 ], [ -45.79580169999997, -23.750576299999977 ], [ -45.795493699999952, -23.75043949999997 ], [ -45.795312699999954, -23.750395899999944 ], [ -45.795305399999961, -23.759941699999956 ], [ -45.795302799999945, -23.769686299999933 ], [ -45.795392499999934, -23.769725599999958 ], [ -45.795489, -23.769774 ], [ -45.795608799999968, -23.769807199999946 ], [ -45.795735299999933, -23.769837499999937 ], [ -45.795845199999974, -23.769864699999971 ], [ -45.795964799999979, -23.769864599999948 ], [ -45.796061299999963, -23.769864499999983 ], [ -45.796171099999981, -23.769825 ], [ -45.796241299999963, -23.769867499999975 ], [ -45.796398099999976, -23.769837 ], [ -45.796511399999986, -23.769773099999952 ], [ -45.796537699999931, -23.769675899999982 ], [ -45.796490799999958, -23.769587899999976 ], [ -45.796393299999977, -23.769521299999951 ], [ -45.796312499999942, -23.769436499999983 ], [ -45.79628839999998, -23.769336499999952 ], [ -45.796344599999941, -23.769233299999939 ], [ -45.796260599999982, -23.769154899999933 ], [ -45.7963, -23.769033599999943 ], [ -45.796375799999964, -23.768903299999977 ], [ -45.796428099999957, -23.768827699999974 ], [ -45.796451499999932, -23.768710899999974 ], [ -45.796550699999955, -23.768629 ], [ -45.79656719999997, -23.768619899999976 ], [ -45.796639699999957, -23.768541099999936 ], [ -45.796668799999964, -23.768426 ], [ -45.796764099999962, -23.768353199999979 ], [ -45.79682379999997, -23.768289 ], [ -45.796925199999976, -23.768267599999945 ], [ -45.797055499999942, -23.768248599999936 ], [ -45.797159599999929, -23.768191299999955 ], [ -45.797206599999981, -23.768184199999951 ], [ -45.797274499999958, -23.768217599999957 ], [ -45.797370899999976, -23.768215099999964 ], [ -45.797420399999965, -23.768193599999961 ], [ -45.797435599999972, -23.768124299999954 ], [ -45.797527299999956, -23.768149 ], [ -45.797648899999956, -23.768144799999959 ], [ -45.797687899999971, -23.767999399999951 ], [ -45.797709599999962, -23.767949099999953 ], [ -45.797780899999964, -23.767923899999971 ], [ -45.797890799999948, -23.767918699999939 ], [ -45.798038599999984, -23.767918499999951 ], [ -45.798213899999951, -23.767933299999982 ], [ -45.798290399999985, -23.767938199999946 ], [ -45.798328599999934, -23.767943199999934 ], [ -45.798394799999983, -23.768003399999941 ], [ -45.798467, -23.768103899999971 ], [ -45.798516899999981, -23.768164199999944 ], [ -45.798593499999981, -23.768199299999935 ], [ -45.798653799999954, -23.768234399999983 ], [ -45.798725199999978, -23.76828949999998 ], [ -45.798823499999969, -23.768339599999933 ], [ -45.798883699999976, -23.768374599999959 ], [ -45.798917599999982, -23.76844159999996 ], [ -45.798975299999938, -23.768502499999954 ], [ -45.799012, -23.768585499999972 ], [ -45.799027399999943, -23.76864089999998 ], [ -45.799066899999957, -23.768688 ], [ -45.799100399999986, -23.768726899999933 ], [ -45.799136899999951, -23.768762899999956 ], [ -45.79923059999993, -23.768779499999937 ], [ -45.799327099999971, -23.768832199999963 ], [ -45.799417399999982, -23.768879199999958 ], [ -45.799487, -23.768959499999937 ], [ -45.799532499999941, -23.769012 ], [ -45.799598899999978, -23.769072899999969 ], [ -45.799665499999946, -23.769150299999978 ], [ -45.799707599999977, -23.769177899999931 ], [ -45.799765099999945, -23.769247 ], [ -45.799816399999941, -23.769296699999927 ], [ -45.799906699999951, -23.76936829999994 ], [ -45.799973299999976, -23.769420899999943 ], [ -45.800027799999953, -23.769446499999958 ], [ -45.800107099999934, -23.769488599999931 ], [ -45.800223299999971, -23.769517499999949 ], [ -45.800294, -23.769543299999953 ], [ -45.800342199999932, -23.769564 ], [ -45.800444099999936, -23.769589699999983 ], [ -45.80052859999995, -23.76963139999998 ], [ -45.800668, -23.769685199999969 ], [ -45.800778099999945, -23.769693399999937 ], [ -45.800888099999952, -23.769707299999936 ], [ -45.801031799999976, -23.76973229999993 ], [ -45.80115109999997, -23.769732199999964 ], [ -45.801273499999979, -23.769732 ], [ -45.801377599999967, -23.769734699999958 ], [ -45.801506, -23.76976819999993 ], [ -45.80161, -23.769796 ], [ -45.801711, -23.769773499999928 ], [ -45.801775199999952, -23.769753799999933 ], [ -45.801857899999959, -23.769728599999951 ], [ -45.801946499999985, -23.769700499999942 ], [ -45.80202, -23.769711599999937 ], [ -45.802148399999965, -23.76969459999998 ], [ -45.802286299999935, -23.769702099999961 ], [ -45.802393099999961, -23.769769499999938 ], [ -45.802516099999934, -23.769761899999935 ], [ -45.802647299999933, -23.769761699999947 ], [ -45.802811099999985, -23.769739 ], [ -45.802892799999938, -23.769678899999974 ], [ -45.802999199999931, -23.769656299999951 ], [ -45.803114, -23.769678699999929 ], [ -45.803228899999965, -23.769716099999982 ], [ -45.803376599999979, -23.769768399999975 ], [ -45.803442299999972, -23.769783299999972 ], [ -45.803573899999947, -23.769828199999949 ], [ -45.803713699999946, -23.769843 ], [ -45.803911399999947, -23.769865299999935 ], [ -45.803993699999978, -23.769872699999951 ], [ -45.80410889999996, -23.769872599999928 ], [ -45.80419889999996, -23.769812399999978 ], [ -45.804256, -23.769669699999952 ], [ -45.804281099999969, -23.769556299999977 ], [ -45.804323099999976, -23.769421399999942 ], [ -45.804358, -23.769338 ], [ -45.804337, -23.769197099999928 ], [ -45.804315899999949, -23.769062699999949 ], [ -45.804249399999946, -23.768912599999965 ], [ -45.804280699999936, -23.768762399999957 ], [ -45.804259699999932, -23.768615699999941 ], [ -45.804294399999947, -23.768421 ], [ -45.804318699999953, -23.768299499999955 ], [ -45.804366499999958, -23.768137699999954 ], [ -45.804435799999965, -23.768023 ], [ -45.80448789999997, -23.767892 ], [ -45.80446319999993, -23.767760799999962 ], [ -45.804382799999985, -23.767655199999979 ], [ -45.804323299999965, -23.767498899999964 ], [ -45.804222099999947, -23.767437899999948 ], [ -45.804152, -23.767294199999981 ], [ -45.804120099999977, -23.76718539999996 ], [ -45.80412, -23.767060799999967 ], [ -45.804130399999963, -23.766977699999927 ], [ -45.804109299999936, -23.766885 ], [ -45.804042599999946, -23.766750699999932 ], [ -45.804028499999959, -23.766632299999969 ], [ -45.80401779999994, -23.766513699999962 ], [ -45.803961699999945, -23.766424 ], [ -45.803867, -23.766347199999927 ], [ -45.803842299999985, -23.766241399999956 ], [ -45.803835, -23.766116099999977 ], [ -45.80379279999994, -23.766019799999981 ], [ -45.803705099999945, -23.765968599999951 ], [ -45.803617499999973, -23.765923799999939 ], [ -45.803571799999986, -23.765862799999979 ], [ -45.803536599999973, -23.765801799999963 ], [ -45.803435099999945, -23.765795699999956 ], [ -45.803337299999953, -23.765837899999951 ], [ -45.803246799999954, -23.765918599999964 ], [ -45.803163299999937, -23.765992799999935 ], [ -45.803111299999955, -23.766031599999963 ], [ -45.803025699999978, -23.766003499999954 ], [ -45.80294559999993, -23.765945 ], [ -45.802428299999974, -23.76525 ], [ -45.801890299999968, -23.764523199999928 ], [ -45.801807699999983, -23.764266699999951 ], [ -45.801654399999961, -23.763796499999955 ], [ -45.801606299999946, -23.763347299999964 ], [ -45.801733699999943, -23.762940599999979 ], [ -45.801919299999952, -23.762448099999972 ], [ -45.802221699999961, -23.761955299999954 ], [ -45.802804199999969, -23.761322799999959 ], [ -45.803597199999956, -23.760743199999979 ], [ -45.805079399999954, -23.760044299999947 ], [ -45.80771139999996, -23.75910719999996 ], [ -45.812794099999962, -23.75818529999998 ], [ -45.813228, -23.75813729999993 ] ] ] } },
{ "type": "Feature", "properties": { "id": "3550704031", "cd_bairro": "3550704031", "bairro": "Canto do Mar", "cd_mun": "3550704", "municipio": "São Sebastião", "cd_dist": "355070415", "distrito": "São Francisco da Praia" }, "geometry": { "type": "Polygon", "coordinates": [ [ [ -45.423866099999941, -23.717036 ], [ -45.423837899999967, -23.717128399999979 ], [ -45.423772799999938, -23.717313799999943 ], [ -45.423642399999949, -23.71751729999994 ], [ -45.423512, -23.717726699999957 ], [ -45.423453499999937, -23.718035699999973 ], [ -45.423342699999978, -23.718251099999975 ], [ -45.42319939999993, -23.71858009999994 ], [ -45.42310729999997, -23.718847199999971 ], [ -45.425321899999972, -23.719787899999972 ], [ -45.425398899999948, -23.719821599999932 ], [ -45.425448399999937, -23.719842399999948 ], [ -45.430338899999981, -23.721774899999957 ], [ -45.430488, -23.721465 ], [ -45.430687099999943, -23.721546199999977 ], [ -45.430900399999985, -23.721018399999934 ], [ -45.430916299999978, -23.720977799999957 ], [ -45.431155099999955, -23.720494099999939 ], [ -45.43139709999997, -23.720589599999983 ], [ -45.433159199999977, -23.721285399999942 ], [ -45.433333, -23.721354 ], [ -45.433788, -23.721534 ], [ -45.434636, -23.721868 ], [ -45.434882799999968, -23.721726899999965 ], [ -45.436411299999975, -23.722315099999946 ], [ -45.438761199999931, -23.723255499999937 ], [ -45.438804599999969, -23.723040699999956 ], [ -45.439131, -23.721397 ], [ -45.43907, -23.721367 ], [ -45.439009, -23.721337 ], [ -45.438902, -23.721283 ], [ -45.438855, -23.721259 ], [ -45.438807499999939, -23.721235 ], [ -45.438727, -23.721193 ], [ -45.438656, -23.721155 ], [ -45.438596, -23.721119 ], [ -45.438543, -23.721084 ], [ -45.438496, -23.721048 ], [ -45.438454, -23.721012 ], [ -45.438414, -23.720972 ], [ -45.438375, -23.72093 ], [ -45.438335, -23.720882 ], [ -45.438295, -23.720832 ], [ -45.438256, -23.72078 ], [ -45.438218, -23.720729 ], [ -45.438182, -23.720681 ], [ -45.438149, -23.720637 ], [ -45.438119, -23.720597 ], [ -45.438092, -23.72056 ], [ -45.438066, -23.720528 ], [ -45.438054, -23.720513 ], [ -45.438042, -23.720498 ], [ -45.438018, -23.720471 ], [ -45.437995, -23.720446 ], [ -45.437972, -23.720422 ], [ -45.437948, -23.720397 ], [ -45.437922, -23.720372 ], [ -45.437894, -23.720345 ], [ -45.437866, -23.720317 ], [ -45.437838, -23.720289 ], [ -45.437812, -23.720262 ], [ -45.435400799999968, -23.719260099999929 ], [ -45.435053599999947, -23.719032899999945 ], [ -45.43515009999993, -23.71883889999998 ], [ -45.435599199999956, -23.717848199999935 ], [ -45.43565179999996, -23.71773369999994 ], [ -45.436044, -23.716928 ], [ -45.436033, -23.716912 ], [ -45.436022, -23.716896 ], [ -45.436011, -23.716878 ], [ -45.436, -23.71686 ], [ -45.435989, -23.716841 ], [ -45.435977, -23.716821 ], [ -45.435966, -23.716802 ], [ -45.435955, -23.716783 ], [ -45.435944, -23.716765 ], [ -45.435933, -23.716747 ], [ -45.435922, -23.716728 ], [ -45.435911, -23.716709 ], [ -45.435898, -23.716688 ], [ -45.435883, -23.716666 ], [ -45.435868, -23.716642 ], [ -45.435851, -23.716616 ], [ -45.435833, -23.716588 ], [ -45.435815, -23.716558 ], [ -45.435797, -23.716525 ], [ -45.435779, -23.716492 ], [ -45.435761, -23.716457 ], [ -45.435743, -23.716421 ], [ -45.435725, -23.716385 ], [ -45.435707, -23.716349 ], [ -45.435689, -23.716312 ], [ -45.435671, -23.716276 ], [ -45.435652, -23.71624 ], [ -45.435634, -23.716203 ], [ -45.435616, -23.716167 ], [ -45.435597, -23.716129 ], [ -45.435576, -23.71609 ], [ -45.435553, -23.716048 ], [ -45.435527, -23.716002 ], [ -45.435497, -23.715953 ], [ -45.435463, -23.7159 ], [ -45.435427, -23.715845 ], [ -45.435389, -23.715788 ], [ -45.435349, -23.715731 ], [ -45.435308, -23.715674 ], [ -45.435266, -23.715617 ], [ -45.435223, -23.715561 ], [ -45.435179, -23.715504 ], [ -45.435134, -23.715448 ], [ -45.435089, -23.71539 ], [ -45.435044, -23.715334 ], [ -45.435, -23.71528 ], [ -45.434959, -23.71523 ], [ -45.434939499999984, -23.715207 ], [ -45.43492, -23.715184 ], [ -45.434886, -23.715145 ], [ -45.434856, -23.715112 ], [ -45.434827, -23.715082 ], [ -45.434801, -23.715054 ], [ -45.434776, -23.715028 ], [ -45.43475, -23.715003 ], [ -45.434725, -23.714977 ], [ -45.4347, -23.714951 ], [ -45.434674, -23.714925 ], [ -45.434649, -23.7149 ], [ -45.434624, -23.714874 ], [ -45.434598, -23.714847 ], [ -45.434571, -23.71482 ], [ -45.434543, -23.714792 ], [ -45.434513, -23.714762 ], [ -45.43448, -23.71473 ], [ -45.434446, -23.714696 ], [ -45.434411, -23.714661 ], [ -45.434374, -23.714625 ], [ -45.434337, -23.714588 ], [ -45.4343, -23.714552 ], [ -45.434263, -23.714515 ], [ -45.434226, -23.714479 ], [ -45.434189, -23.714442 ], [ -45.434152, -23.714406 ], [ -45.434115, -23.71437 ], [ -45.434078, -23.714334 ], [ -45.434042, -23.714299 ], [ -45.434025, -23.71428149999997 ], [ -45.434008, -23.714264 ], [ -45.433991499999934, -23.714247499999942 ], [ -45.433975, -23.714231 ], [ -45.433943, -23.714199 ], [ -45.433914, -23.714168 ], [ -45.433887, -23.714138 ], [ -45.433861, -23.714108 ], [ -45.433836, -23.71408 ], [ -45.433813, -23.714051 ], [ -45.433791, -23.714023 ], [ -45.433780499999955, -23.714009 ], [ -45.43377, -23.713995 ], [ -45.433749, -23.713968 ], [ -45.433728, -23.71394 ], [ -45.433708, -23.713912 ], [ -45.433688, -23.713885 ], [ -45.433667, -23.713857 ], [ -45.433647, -23.713829 ], [ -45.433626, -23.713801 ], [ -45.433606, -23.713773 ], [ -45.433595499999967, -23.713759 ], [ -45.433585, -23.713745 ], [ -45.433564, -23.713717 ], [ -45.433543, -23.713687 ], [ -45.433521, -23.713657 ], [ -45.433499, -23.713626 ], [ -45.433476, -23.713595 ], [ -45.433453, -23.713563 ], [ -45.433431, -23.713533 ], [ -45.433409, -23.713503 ], [ -45.433398, -23.713489 ], [ -45.433387, -23.713475 ], [ -45.433367, -23.713449 ], [ -45.433348, -23.713424 ], [ -45.43333, -23.713401 ], [ -45.433313, -23.71338 ], [ -45.433297, -23.71336 ], [ -45.433282, -23.713341 ], [ -45.433268, -23.713324 ], [ -45.433255, -23.713308 ], [ -45.433242, -23.713293 ], [ -45.43323, -23.713279 ], [ -45.433219, -23.713266 ], [ -45.433208, -23.713254 ], [ -45.433198, -23.713243 ], [ -45.433188, -23.713234 ], [ -45.433179, -23.713225 ], [ -45.433171, -23.713217 ], [ -45.43316649999997, -23.713214 ], [ -45.433162, -23.713211 ], [ -45.433154, -23.713204 ], [ -45.433145, -23.713199 ], [ -45.433135, -23.713193 ], [ -45.433126, -23.713188 ], [ -45.433116, -23.713183 ], [ -45.433105, -23.713179 ], [ -45.433094, -23.713174 ], [ -45.433082, -23.71317 ], [ -45.433069, -23.713167 ], [ -45.433057, -23.713164 ], [ -45.433044, -23.713161 ], [ -45.433031, -23.713159 ], [ -45.433018, -23.713158 ], [ -45.433004, -23.713158 ], [ -45.432989, -23.713158 ], [ -45.43298, -23.713158499999963 ], [ -45.432971, -23.713159 ], [ -45.432952, -23.713161 ], [ -45.432929, -23.713163 ], [ -45.432915, -23.713164 ], [ -45.432901, -23.713165 ], [ -45.432868, -23.713168 ], [ -45.432829, -23.713172 ], [ -45.432782, -23.713176 ], [ -45.432726, -23.71318 ], [ -45.432663, -23.713185 ], [ -45.432595, -23.71319 ], [ -45.432524, -23.713195 ], [ -45.43245, -23.7132 ], [ -45.432377, -23.713206 ], [ -45.432303, -23.713211 ], [ -45.432229, -23.713216 ], [ -45.432155, -23.713221 ], [ -45.432082, -23.713226 ], [ -45.432008, -23.713231 ], [ -45.431938, -23.713236 ], [ -45.431872, -23.713241 ], [ -45.431814, -23.713244 ], [ -45.431766, -23.713247 ], [ -45.43173, -23.713248 ], [ -45.431704, -23.713249 ], [ -45.431685, -23.713249 ], [ -45.43167, -23.713248 ], [ -45.431656, -23.713246 ], [ -45.431641, -23.713244 ], [ -45.431625, -23.713242 ], [ -45.431607, -23.713239 ], [ -45.43159, -23.713236 ], [ -45.431572, -23.713233 ], [ -45.431554, -23.713229 ], [ -45.431536, -23.713225 ], [ -45.431515, -23.71322 ], [ -45.43149, -23.713213 ], [ -45.431461, -23.713206 ], [ -45.431426, -23.713197 ], [ -45.431387, -23.713186 ], [ -45.431345, -23.713175 ], [ -45.431302, -23.713162 ], [ -45.43126, -23.713149 ], [ -45.43122, -23.713136 ], [ -45.431181, -23.713122 ], [ -45.431145, -23.713109 ], [ -45.431109, -23.713095 ], [ -45.431075, -23.713082 ], [ -45.431041, -23.713069 ], [ -45.431024499999978, -23.713062499999978 ], [ -45.431008, -23.713056 ], [ -45.430977, -23.713044 ], [ -45.430947, -23.713033 ], [ -45.430919, -23.713022 ], [ -45.430893, -23.713013 ], [ -45.430868, -23.713004 ], [ -45.430845, -23.712996 ], [ -45.430822, -23.712989 ], [ -45.430816499999935, -23.71298749999994 ], [ -45.430811, -23.712986 ], [ -45.4308, -23.712983 ], [ -45.430794, -23.712981699999943 ], [ -45.430776, -23.712978 ], [ -45.430751, -23.712973 ], [ -45.430723, -23.712969 ], [ -45.430691, -23.712966 ], [ -45.430654, -23.712963 ], [ -45.430611, -23.71296 ], [ -45.430564, -23.712958 ], [ -45.430517, -23.712956 ], [ -45.43047, -23.712953 ], [ -45.430429, -23.71295 ], [ -45.430393, -23.712947 ], [ -45.430363, -23.712943 ], [ -45.430338, -23.712939 ], [ -45.430316, -23.712934 ], [ -45.430297, -23.712929 ], [ -45.430278, -23.712923 ], [ -45.43026, -23.712916 ], [ -45.430241, -23.712907 ], [ -45.430218, -23.712897 ], [ -45.430193, -23.712885 ], [ -45.430163, -23.712871 ], [ -45.430128, -23.712855 ], [ -45.430091, -23.712837 ], [ -45.430052, -23.712818 ], [ -45.430012, -23.712799 ], [ -45.429972, -23.712779 ], [ -45.429959, -23.712773499999969 ], [ -45.429946, -23.712768 ], [ -45.429912, -23.712751 ], [ -45.429892, -23.712741 ], [ -45.429852, -23.712721 ], [ -45.429811, -23.712702 ], [ -45.429771, -23.712682 ], [ -45.429732, -23.712663 ], [ -45.429695, -23.712645 ], [ -45.429661, -23.712628 ], [ -45.429631, -23.712613 ], [ -45.429605, -23.712601 ], [ -45.429582, -23.71259 ], [ -45.429563, -23.71258 ], [ -45.429545, -23.71257 ], [ -45.429529, -23.71256 ], [ -45.429512, -23.712548 ], [ -45.429494, -23.712535 ], [ -45.429475, -23.71252 ], [ -45.429453, -23.712504 ], [ -45.42943, -23.712486 ], [ -45.429403, -23.712465 ], [ -45.429375, -23.712444 ], [ -45.429346, -23.712421 ], [ -45.429317, -23.712399 ], [ -45.429289, -23.712377 ], [ -45.429263, -23.712357 ], [ -45.429239, -23.712338 ], [ -45.429216, -23.71232 ], [ -45.429193, -23.712303 ], [ -45.42917, -23.712288 ], [ -45.429147, -23.712273 ], [ -45.429124, -23.712259 ], [ -45.4291, -23.712246 ], [ -45.429076, -23.712235 ], [ -45.429053, -23.712225 ], [ -45.42903, -23.712217 ], [ -45.429007, -23.712212 ], [ -45.428986, -23.712207 ], [ -45.428965, -23.712205 ], [ -45.428945, -23.712203 ], [ -45.428926, -23.712202 ], [ -45.428908, -23.712202 ], [ -45.428891, -23.712203 ], [ -45.428876, -23.712203 ], [ -45.428862, -23.712204 ], [ -45.428849, -23.712205 ], [ -45.428837, -23.712206 ], [ -45.428826, -23.712206 ], [ -45.428815, -23.712206 ], [ -45.428805, -23.712206 ], [ -45.428794, -23.712205 ], [ -45.428782, -23.712204 ], [ -45.42877, -23.712202 ], [ -45.428758, -23.7122 ], [ -45.428745, -23.712197 ], [ -45.428732, -23.712193 ], [ -45.428718, -23.712188 ], [ -45.428703, -23.712181 ], [ -45.428685, -23.712172 ], [ -45.428665, -23.712161 ], [ -45.428642, -23.712147 ], [ -45.428617, -23.712131 ], [ -45.428591, -23.712114 ], [ -45.428566, -23.712097 ], [ -45.428543, -23.71208 ], [ -45.428523, -23.712065 ], [ -45.428505, -23.712048 ], [ -45.428485, -23.712031 ], [ -45.428473499999939, -23.712020499999937 ], [ -45.428462, -23.71201 ], [ -45.428434, -23.711984 ], [ -45.428398, -23.711953 ], [ -45.428357, -23.711917 ], [ -45.428312, -23.711878 ], [ -45.428266, -23.711837 ], [ -45.428243499999951, -23.711816 ], [ -45.428221, -23.711795 ], [ -45.428177, -23.711754 ], [ -45.428157, -23.711734 ], [ -45.428137, -23.711714 ], [ -45.4281, -23.711678 ], [ -45.428067, -23.711644 ], [ -45.428052, -23.71163 ], [ -45.428037, -23.711616 ], [ -45.42801, -23.711593 ], [ -45.427988, -23.711574 ], [ -45.427967, -23.71156 ], [ -45.427949, -23.711548 ], [ -45.427931, -23.711538 ], [ -45.427914, -23.711529 ], [ -45.427898, -23.71152 ], [ -45.427881, -23.711513 ], [ -45.427865, -23.711506 ], [ -45.427848, -23.7115 ], [ -45.427831, -23.711494 ], [ -45.427814, -23.711488 ], [ -45.427796, -23.711483 ], [ -45.427778, -23.711479 ], [ -45.427761, -23.711475 ], [ -45.427742, -23.711472 ], [ -45.427719, -23.711471 ], [ -45.427686, -23.711474 ], [ -45.427638, -23.711481 ], [ -45.427571, -23.711494 ], [ -45.427482, -23.711514 ], [ -45.427485499999932, -23.711378599999932 ], [ -45.427997, -23.710171299999956 ], [ -45.428113599999961, -23.70989609999998 ], [ -45.42811949999998, -23.709590899999966 ], [ -45.428130299999964, -23.709301699999969 ], [ -45.428133599999967, -23.70921409999994 ], [ -45.428139599999952, -23.709053299999937 ], [ -45.427987799999983, -23.708942099999945 ], [ -45.427836, -23.708831 ], [ -45.42776159999994, -23.708788099999936 ], [ -45.427642899999967, -23.708719699999961 ], [ -45.427524199999937, -23.708651199999963 ], [ -45.427365299999963, -23.708559599999944 ], [ -45.427229, -23.708481 ], [ -45.427043699999956, -23.70841779999995 ], [ -45.427188299999955, -23.709331199999951 ], [ -45.42710349999993, -23.709474799999953 ], [ -45.427025399999934, -23.709666299999981 ], [ -45.426935499999956, -23.70982859999998 ], [ -45.426844199999948, -23.709990199999936 ], [ -45.426733399999932, -23.710217499999942 ], [ -45.426550799999973, -23.710421 ], [ -45.426165699999956, -23.710684499999957 ], [ -45.426068099999952, -23.710989599999948 ], [ -45.425865099999953, -23.711319099999969 ], [ -45.425757199999964, -23.711554399999955 ], [ -45.425708699999973, -23.711660199999983 ], [ -45.425598, -23.711965299999974 ], [ -45.425519899999983, -23.712234499999965 ], [ -45.425448399999937, -23.712485699999945 ], [ -45.425369899999964, -23.712720199999978 ], [ -45.425304799999935, -23.712917599999969 ], [ -45.425239699999963, -23.713103099999955 ], [ -45.42511589999998, -23.713354399999957 ], [ -45.425076899999965, -23.713533799999936 ], [ -45.424992199999963, -23.713737199999969 ], [ -45.424907599999983, -23.714048299999945 ], [ -45.424809899999957, -23.714257699999962 ], [ -45.424738299999945, -23.714526899999953 ], [ -45.424627599999951, -23.714790099999959 ], [ -45.424529899999982, -23.715047399999946 ], [ -45.424461099999974, -23.715273699999955 ], [ -45.424396, -23.715453099999934 ], [ -45.424291699999969, -23.715668499999936 ], [ -45.42423969999993, -23.715883899999938 ], [ -45.424142, -23.716153099999929 ], [ -45.424076899999932, -23.716338499999949 ], [ -45.424018299999943, -23.716553899999951 ], [ -45.423944399999982, -23.71677909999994 ], [ -45.423866099999941, -23.717036 ] ] ] } },
{ "type": "Feature", "properties": { "id": "3550704034", "cd_bairro": "3550704034", "bairro": "Vila Amélia", "cd_mun": "3550704", "municipio": "São Sebastião", "cd_dist": "355070405", "distrito": "São Sebastião" }, "geometry": { "type": "Polygon", "coordinates": [ [ [ -45.40626919999994, -23.801111 ], [ -45.405991, -23.800641 ], [ -45.406393, -23.800447 ], [ -45.407042, -23.800148 ], [ -45.407628, -23.799878 ], [ -45.407866, -23.799767 ], [ -45.40865, -23.799373 ], [ -45.409429599999953, -23.799012399999981 ], [ -45.409047, -23.798040199999946 ], [ -45.408673, -23.797076 ], [ -45.408555599999943, -23.796807399999977 ], [ -45.407607, -23.797273599999983 ], [ -45.406927, -23.797614799999963 ], [ -45.40666, -23.797730799999954 ], [ -45.404496, -23.798803 ], [ -45.40270849999996, -23.799667799999952 ], [ -45.402605799999947, -23.799725799999976 ], [ -45.402502799999979, -23.799768599999936 ], [ -45.402155299999947, -23.799977199999944 ], [ -45.402227899999957, -23.800182199999938 ], [ -45.402300099999934, -23.800388 ], [ -45.402554699999939, -23.801112199999977 ], [ -45.402918, -23.802106 ], [ -45.403331, -23.803296 ], [ -45.40334, -23.80331949999993 ], [ -45.403344, -23.80333 ], [ -45.403519, -23.803835 ], [ -45.403543099999979, -23.803905 ], [ -45.403607699999952, -23.804093099999932 ], [ -45.403638399999977, -23.804171499999939 ], [ -45.403608, -23.804372 ], [ -45.403944, -23.804243 ], [ -45.404138, -23.804213 ], [ -45.404358, -23.804189 ], [ -45.404505099999938, -23.80418009999994 ], [ -45.404626, -23.804213 ], [ -45.404651899999976, -23.80425189999994 ], [ -45.404899, -23.804623 ], [ -45.40522, -23.804456 ], [ -45.405642, -23.80423 ], [ -45.406281, -23.803884 ], [ -45.406927, -23.803532 ], [ -45.407322, -23.803322 ], [ -45.407509, -23.803211 ], [ -45.407573, -23.803173 ], [ -45.40626919999994, -23.801111 ] ] ] } },
{ "type": "Feature", "properties": { "id": "3550704035", "cd_bairro": "3550704035", "bairro": "Reserve Du Moulin", "cd_mun": "3550704", "municipio": "São Sebastião", "cd_dist": "355070415", "distrito": "São Francisco da Praia" }, "geometry": { "type": "Polygon", "coordinates": [ [ [ -45.407177199999978, -23.775282699999934 ], [ -45.405860599999983, -23.774972899999966 ], [ -45.405738799999938, -23.774937099999931 ], [ -45.404647399999931, -23.774626199999943 ], [ -45.403912899999966, -23.774468099999979 ], [ -45.40314369999993, -23.774464 ], [ -45.402371899999935, -23.774432099999956 ], [ -45.402026199999966, -23.774349899999947 ], [ -45.40202789999995, -23.77450319999997 ], [ -45.402016299999957, -23.775155099999949 ], [ -45.401947699999937, -23.775464499999941 ], [ -45.402234299999975, -23.775477299999977 ], [ -45.402649099999962, -23.775419599999964 ], [ -45.403765399999941, -23.77547009999995 ], [ -45.405107799999939, -23.775824399999976 ], [ -45.40503, -23.776527299999941 ], [ -45.406824699999959, -23.776849899999945 ], [ -45.406920399999933, -23.776656099999968 ], [ -45.407089299999939, -23.77676189999994 ], [ -45.407929699999954, -23.777038199999936 ], [ -45.408324499999935, -23.77735569999993 ], [ -45.409120399999949, -23.777753299999972 ], [ -45.409449, -23.777790299999936 ], [ -45.409756199999947, -23.777796199999955 ], [ -45.410311399999955, -23.777920199999983 ], [ -45.410890299999949, -23.778062 ], [ -45.41125059999996, -23.778227399999935 ], [ -45.411599099999933, -23.778457799999956 ], [ -45.412030299999969, -23.778587699999946 ], [ -45.412260599999968, -23.778646799999933 ], [ -45.412674099999947, -23.778652699999952 ], [ -45.412898599999949, -23.77873539999996 ], [ -45.413285499999972, -23.778859399999931 ], [ -45.414106499999946, -23.779083899999932 ], [ -45.415169699999979, -23.779757199999949 ], [ -45.417739199999971, -23.781198499999959 ], [ -45.418081799999982, -23.781210299999941 ], [ -45.418618199999969, -23.781501899999967 ], [ -45.418683099999953, -23.78140929999995 ], [ -45.41868779999993, -23.781326899999954 ], [ -45.418656799999951, -23.781257699999969 ], [ -45.418604499999958, -23.781207099999961 ], [ -45.418492899999933, -23.781155199999944 ], [ -45.418279299999938, -23.78109 ], [ -45.418149799999981, -23.781019199999946 ], [ -45.417935399999976, -23.780863299999965 ], [ -45.417544599999985, -23.780534299999943 ], [ -45.417160499999966, -23.780138799999975 ], [ -45.41710889999996, -23.780057799999952 ], [ -45.416936299999975, -23.779643199999953 ], [ -45.416810899999973, -23.779410199999973 ], [ -45.416671399999984, -23.779277899999954 ], [ -45.416515599999968, -23.779178699999932 ], [ -45.415693399999952, -23.778809 ], [ -45.415557899999953, -23.778715399999953 ], [ -45.415488499999981, -23.778630499999963 ], [ -45.41543269999994, -23.778524799999957 ], [ -45.415409299999965, -23.778358199999957 ], [ -45.41545629999996, -23.778242599999942 ], [ -45.415534099999945, -23.778150299999936 ], [ -45.415758399999959, -23.777997099999936 ], [ -45.416008899999952, -23.777882699999964 ], [ -45.416213299999981, -23.777841599999931 ], [ -45.416701499999931, -23.777837599999941 ], [ -45.416887499999973, -23.777821099999983 ], [ -45.417637599999978, -23.777678399999957 ], [ -45.418405399999983, -23.777669 ], [ -45.418499399999973, -23.777646 ], [ -45.418569299999945, -23.777606099999957 ], [ -45.418603399999938, -23.777541199999973 ], [ -45.418599299999983, -23.77745479999993 ], [ -45.418545299999948, -23.777364499999976 ], [ -45.418428099999971, -23.777276099999938 ], [ -45.417833799999983, -23.776942799999972 ], [ -45.417645899999968, -23.776718599999981 ], [ -45.417606199999966, -23.776592599999958 ], [ -45.417575199999931, -23.776323599999955 ], [ -45.417507799999953, -23.776254399999971 ], [ -45.417435099999977, -23.776225499999953 ], [ -45.417339899999945, -23.776211699999976 ], [ -45.417168099999969, -23.776216199999965 ], [ -45.416546599999947, -23.77637169999997 ], [ -45.416294499999935, -23.776373899999953 ], [ -45.416178099999968, -23.77634919999997 ], [ -45.416063099999974, -23.776293899999928 ], [ -45.415690299999937, -23.776064099999928 ], [ -45.415498299999967, -23.776011799999935 ], [ -45.414987699999983, -23.776158899999928 ], [ -45.414785, -23.776129 ], [ -45.414720099999954, -23.776066 ], [ -45.414586099999951, -23.775836799999979 ], [ -45.414507599999979, -23.775783699999977 ], [ -45.41425449999997, -23.775745799999982 ], [ -45.414055499999961, -23.775777599999969 ], [ -45.413862199999983, -23.775775899999928 ], [ -45.413767499999949, -23.775741599999947 ], [ -45.413708699999972, -23.775684299999966 ], [ -45.413685, -23.775606899999957 ], [ -45.413689199999965, -23.775478299999975 ], [ -45.413853399999937, -23.77514709999997 ], [ -45.413863799999945, -23.775004699999954 ], [ -45.41383639999998, -23.774888399999952 ], [ -45.41377719999997, -23.774835699999983 ], [ -45.413695699999948, -23.774804299999971 ], [ -45.413593399999968, -23.774798699999963 ], [ -45.413474599999972, -23.774834799999951 ], [ -45.41321419999997, -23.774967199999935 ], [ -45.412918699999977, -23.775155299999938 ], [ -45.412732, -23.775246599999946 ], [ -45.412639699999943, -23.775270299999931 ], [ -45.412517799999932, -23.775275699999952 ], [ -45.412411199999951, -23.775255899999934 ], [ -45.412287299999946, -23.775210299999969 ], [ -45.412055099999975, -23.775181799999928 ], [ -45.411558799999966, -23.775207899999941 ], [ -45.41121069999997, -23.775199399999963 ], [ -45.411150299999974, -23.775130799999943 ], [ -45.411098899999956, -23.775026699999955 ], [ -45.41110139999995, -23.774912799999981 ], [ -45.411175, -23.774729 ], [ -45.411366, -23.774439699999959 ], [ -45.411464299999977, -23.77421789999994 ], [ -45.411469599999975, -23.774130099999979 ], [ -45.411448699999937, -23.774037 ], [ -45.411412699999971, -23.773968299999979 ], [ -45.410979199999986, -23.773765599999933 ], [ -45.410606599999937, -23.773841199999936 ], [ -45.410395199999982, -23.773823299999947 ], [ -45.410315499999967, -23.773796799999957 ], [ -45.409998099999939, -23.77361419999994 ], [ -45.409909299999981, -23.773592399999927 ], [ -45.409585899999968, -23.773588899999936 ], [ -45.409336899999971, -23.773655799999972 ], [ -45.409157099999959, -23.773678399999937 ], [ -45.409013399999935, -23.773655299999973 ], [ -45.408952199999931, -23.773617699999932 ], [ -45.40725139999995, -23.775213099999974 ], [ -45.407177199999978, -23.775282699999934 ] ] ] } },
{ "type": "Feature", "properties": { "id": "3550704036", "cd_bairro": "3550704036", "bairro": "Olaria", "cd_mun": "3550704", "municipio": "São Sebastião", "cd_dist": "355070405", "distrito": "São Sebastião" }, "geometry": { "type": "Polygon", "coordinates": [ [ [ -45.41579379999996, -23.807537199999956 ], [ -45.416000299999951, -23.807945899999936 ], [ -45.416355599999974, -23.807816299999956 ], [ -45.416444599999977, -23.807853 ], [ -45.416893099999982, -23.808038099999976 ], [ -45.417074499999956, -23.808113 ], [ -45.417087399999957, -23.808107799999959 ], [ -45.417553799999951, -23.807920199999955 ], [ -45.418190899999956, -23.807663899999966 ], [ -45.418751699999973, -23.807438299999944 ], [ -45.419267599999955, -23.807098099999962 ], [ -45.418519899999978, -23.806154399999969 ], [ -45.418374299999982, -23.805654 ], [ -45.418128299999978, -23.805421599999931 ], [ -45.418029899999965, -23.805341799999951 ], [ -45.416981799999974, -23.804823599999963 ], [ -45.415999599999964, -23.803975799999932 ], [ -45.415780599999948, -23.803853599999968 ], [ -45.415432399999986, -23.803693199999941 ], [ -45.415207499999951, -23.803634 ], [ -45.414012299999968, -23.804422399999964 ], [ -45.411527099999944, -23.805846899999949 ], [ -45.411839599999951, -23.806375899999978 ], [ -45.412638099999981, -23.807723899999928 ], [ -45.412719899999956, -23.807866199999978 ], [ -45.413550899999962, -23.807529 ], [ -45.413778499999978, -23.807959599999947 ], [ -45.413938, -23.808351 ], [ -45.413997, -23.808502 ], [ -45.414093, -23.808691 ], [ -45.414504, -23.808528 ], [ -45.415297, -23.808219 ], [ -45.415129799999931, -23.807838899999979 ], [ -45.415377699999965, -23.807747199999937 ], [ -45.415699099999983, -23.807625399999949 ], [ -45.41579379999996, -23.807537199999956 ] ] ] } },
{ "type": "Feature", "properties": { "id": "3550704037", "cd_bairro": "3550704037", "bairro": "Industrial", "cd_mun": "3550704", "municipio": "São Sebastião", "cd_dist": "355070405", "distrito": "São Sebastião" }, "geometry": { "type": "Polygon", "coordinates": [ [ [ -45.407348499999955, -23.808559399999979 ], [ -45.409286899999984, -23.807792899999981 ], [ -45.409511899999984, -23.807727099999966 ], [ -45.409904099999949, -23.807902 ], [ -45.410569899999985, -23.808198899999979 ], [ -45.411207099999956, -23.808458 ], [ -45.412412899999936, -23.80799079999997 ], [ -45.412719899999956, -23.807866199999978 ], [ -45.412638099999981, -23.807723899999928 ], [ -45.411839599999951, -23.806375899999978 ], [ -45.411527099999944, -23.805846899999949 ], [ -45.414012299999968, -23.804422399999964 ], [ -45.415207499999951, -23.803634 ], [ -45.414868699999943, -23.803455799999938 ], [ -45.414832399999966, -23.80338839999996 ], [ -45.414834299999939, -23.803313899999978 ], [ -45.414869, -23.803228299999944 ], [ -45.414915199999939, -23.803185599999949 ], [ -45.415122099999962, -23.80312639999994 ], [ -45.415594499999941, -23.803173499999957 ], [ -45.415904599999976, -23.803251399999965 ], [ -45.416045699999984, -23.803271199999983 ], [ -45.41635, -23.803263399999935 ], [ -45.41648159999994, -23.803237899999942 ], [ -45.416787299999953, -23.803082199999949 ], [ -45.417102799999952, -23.802871799999934 ], [ -45.417385599999932, -23.802714599999945 ], [ -45.417742699999962, -23.802519599999982 ], [ -45.418012099999942, -23.802398799999935 ], [ -45.418236899999954, -23.802341899999931 ], [ -45.418445899999938, -23.802317899999935 ], [ -45.418786, -23.802337399999942 ], [ -45.419107299999951, -23.802420499999982 ], [ -45.419448099999954, -23.802586 ], [ -45.420638299999951, -23.803352 ], [ -45.420835499999953, -23.803457199999968 ], [ -45.421089499999937, -23.803555299999971 ], [ -45.421423799999957, -23.80360509999997 ], [ -45.421745599999952, -23.80373469999995 ], [ -45.422040399999958, -23.803921299999956 ], [ -45.422111799999982, -23.80392489999997 ], [ -45.422190899999975, -23.803891499999963 ], [ -45.422257699999932, -23.803832899999975 ], [ -45.422401699999966, -23.803655299999946 ], [ -45.422488299999941, -23.803585899999973 ], [ -45.422591299999965, -23.803541699999982 ], [ -45.422703799999965, -23.803515299999958 ], [ -45.423119099999951, -23.803513 ], [ -45.423373699999956, -23.803481899999952 ], [ -45.423768099999961, -23.803390899999954 ], [ -45.424175099999957, -23.80315539999998 ], [ -45.42432539999993, -23.80309989999995 ], [ -45.424490699999978, -23.803069899999969 ], [ -45.424598499999945, -23.80302 ], [ -45.424650499999984, -23.802946199999951 ], [ -45.424666099999968, -23.802847 ], [ -45.424846599999967, -23.802721299999973 ], [ -45.424873, -23.80262259999995 ], [ -45.424865, -23.802536099999941 ], [ -45.42480919999997, -23.802439499999934 ], [ -45.424567099999933, -23.802301 ], [ -45.42437039999993, -23.802127399999961 ], [ -45.424276599999985, -23.801989899999967 ], [ -45.424070499999971, -23.801854099999957 ], [ -45.423967499999947, -23.80181749999997 ], [ -45.423894299999972, -23.801758499999949 ], [ -45.423834899999974, -23.80167309999996 ], [ -45.42377259999995, -23.801621699999941 ], [ -45.423668899999939, -23.801603399999976 ], [ -45.423471, -23.80152 ], [ -45.423406899999975, -23.801446699999929 ], [ -45.423331599999983, -23.801230099999941 ], [ -45.423216299999979, -23.801086199999929 ], [ -45.423129099999983, -23.801073 ], [ -45.423005299999943, -23.801089799999943 ], [ -45.422765, -23.801212299999975 ], [ -45.422619699999984, -23.801259199999947 ], [ -45.422451799999976, -23.80128469999994 ], [ -45.422171699999979, -23.801257599999929 ], [ -45.422032399999978, -23.801197 ], [ -45.421896499999946, -23.801104199999941 ], [ -45.421803799999964, -23.801017899999977 ], [ -45.421742799999947, -23.800949399999979 ], [ -45.421633099999951, -23.800744399999928 ], [ -45.421526299999982, -23.800619 ], [ -45.421408299999939, -23.800518499999953 ], [ -45.421264199999939, -23.800448399999937 ], [ -45.421009899999945, -23.800393 ], [ -45.420674299999973, -23.800345099999959 ], [ -45.420535599999937, -23.800291499999958 ], [ -45.420416299999943, -23.800222099999928 ], [ -45.420220599999936, -23.80002159999998 ], [ -45.419962599999963, -23.799592399999938 ], [ -45.419904499999973, -23.799454699999956 ], [ -45.419750799999974, -23.799217099999964 ], [ -45.41957739999998, -23.799017099999958 ], [ -45.419384699999966, -23.798898299999962 ], [ -45.419239399999981, -23.798864499999979 ], [ -45.419098299999973, -23.798867099999939 ], [ -45.418501499999934, -23.799010799999962 ], [ -45.418325299999935, -23.799039099999959 ], [ -45.41812189999996, -23.799055499999952 ], [ -45.417739099999949, -23.799046899999951 ], [ -45.417553899999973, -23.799014899999975 ], [ -45.41736579999997, -23.798954499999979 ], [ -45.417010599999969, -23.798754599999938 ], [ -45.416922299999953, -23.798647399999936 ], [ -45.416884499999981, -23.798541599999965 ], [ -45.41687769999993, -23.798271599999964 ], [ -45.416858899999966, -23.798154699999941 ], [ -45.41676659999996, -23.798083299999973 ], [ -45.416677199999981, -23.798042699999939 ], [ -45.416271499999937, -23.797914099999957 ], [ -45.416052199999967, -23.797775499999943 ], [ -45.415870799999936, -23.797633399999938 ], [ -45.415708699999982, -23.797438499999942 ], [ -45.415550399999972, -23.797154 ], [ -45.415493599999934, -23.797079499999938 ], [ -45.415352699999971, -23.796928399999956 ], [ -45.41514479999995, -23.796778 ], [ -45.414924, -23.796590499999979 ], [ -45.414734399999929, -23.796401699999933 ], [ -45.414601399999981, -23.796167199999957 ], [ -45.414236799999969, -23.795621599999947 ], [ -45.413872799999979, -23.795241899999951 ], [ -45.413168599999949, -23.794708499999956 ], [ -45.412751899999932, -23.794290799999942 ], [ -45.411936699999956, -23.793823 ], [ -45.411701799999946, -23.793710699999963 ], [ -45.411494399999981, -23.793563199999937 ], [ -45.411395199999959, -23.793458 ], [ -45.410916899999961, -23.793172 ], [ -45.410590199999945, -23.793006399999967 ], [ -45.410109699999964, -23.792665199999931 ], [ -45.40966839999993, -23.79245439999994 ], [ -45.409558299999958, -23.792384699999957 ], [ -45.409351899999933, -23.792208 ], [ -45.409139099999948, -23.791947 ], [ -45.408945299999971, -23.791762799999958 ], [ -45.408937299999934, -23.791765599999962 ], [ -45.406194, -23.79273 ], [ -45.405477, -23.793007699999976 ], [ -45.403563399999939, -23.793749 ], [ -45.40215059999997, -23.794335099999955 ], [ -45.400868, -23.794875 ], [ -45.40043559999998, -23.795028099999968 ], [ -45.40128, -23.797416899999973 ], [ -45.401434399999971, -23.797732799999949 ], [ -45.401469, -23.797803499999929 ], [ -45.401581, -23.798126499999967 ], [ -45.401818299999945, -23.798800899999947 ], [ -45.401956699999971, -23.79924909999994 ], [ -45.402147799999966, -23.799774099999979 ], [ -45.402155299999947, -23.799977199999944 ], [ -45.402502799999979, -23.799768599999936 ], [ -45.402605799999947, -23.799725799999976 ], [ -45.40270849999996, -23.799667799999952 ], [ -45.404496, -23.798803 ], [ -45.40666, -23.797730799999954 ], [ -45.406927, -23.797614799999963 ], [ -45.407607, -23.797273599999983 ], [ -45.408555599999943, -23.796807399999977 ], [ -45.408673, -23.797076 ], [ -45.409047, -23.798040199999946 ], [ -45.409429599999953, -23.799012399999981 ], [ -45.40865, -23.799373 ], [ -45.407866, -23.799767 ], [ -45.407628, -23.799878 ], [ -45.407042, -23.800148 ], [ -45.406393, -23.800447 ], [ -45.405991, -23.800641 ], [ -45.40626919999994, -23.801111 ], [ -45.407573, -23.803173 ], [ -45.407509, -23.803211 ], [ -45.407322, -23.803322 ], [ -45.406927, -23.803532 ], [ -45.406281, -23.803884 ], [ -45.405642, -23.80423 ], [ -45.40522, -23.804456 ], [ -45.404899, -23.804623 ], [ -45.404651899999976, -23.80425189999994 ], [ -45.404626, -23.804213 ], [ -45.404505099999938, -23.80418009999994 ], [ -45.404358, -23.804189 ], [ -45.404138, -23.804213 ], [ -45.403944, -23.804243 ], [ -45.403608, -23.804372 ], [ -45.403364799999963, -23.80466279999996 ], [ -45.40294149999994, -23.805084799999975 ], [ -45.402388299999984, -23.805661899999961 ], [ -45.402088399999968, -23.805954099999951 ], [ -45.401670299999978, -23.806374799999958 ], [ -45.400895299999945, -23.807174599999939 ], [ -45.40057969999998, -23.807448499999964 ], [ -45.399382599999967, -23.808523299999933 ], [ -45.399286199999949, -23.808482399999946 ], [ -45.399203899999975, -23.808557199999939 ], [ -45.399172499999963, -23.808570299999928 ], [ -45.399102, -23.808603 ], [ -45.399056899999948, -23.808609399999966 ], [ -45.399020199999939, -23.808614699999964 ], [ -45.398991, -23.808619 ], [ -45.39842989999994, -23.80873859999997 ], [ -45.398343899999929, -23.808761599999968 ], [ -45.398127199999976, -23.80881949999997 ], [ -45.397681499999976, -23.808935599999927 ], [ -45.397551499999963, -23.809033499999941 ], [ -45.397372, -23.809276099999977 ], [ -45.397491899999977, -23.809329 ], [ -45.397723799999937, -23.80947939999993 ], [ -45.397860399999956, -23.809540599999934 ], [ -45.39801929999993, -23.809624499999927 ], [ -45.398260099999959, -23.809728699999937 ], [ -45.398406499999965, -23.809755899999971 ], [ -45.39855289999997, -23.809823899999969 ], [ -45.398689499999932, -23.809921399999951 ], [ -45.398826, -23.810014299999978 ], [ -45.39897979999995, -23.810150399999941 ], [ -45.398998, -23.810181 ], [ -45.399049299999945, -23.810352399999942 ], [ -45.398335699999961, -23.810852799999964 ], [ -45.39820839999993, -23.810867499999972 ], [ -45.397830899999974, -23.810843099999943 ], [ -45.397511599999973, -23.810832799999957 ], [ -45.397196899999983, -23.810543099999961 ], [ -45.396952, -23.810351599999933 ], [ -45.39658, -23.810712 ], [ -45.397687099999985, -23.811664899999982 ], [ -45.39783529999994, -23.811579399999971 ], [ -45.398289299999931, -23.811307299999953 ], [ -45.398620299999948, -23.811023699999964 ], [ -45.398686599999962, -23.811071799999979 ], [ -45.398803499999985, -23.81116609999998 ], [ -45.398938099999953, -23.811303299999963 ], [ -45.399037499999963, -23.811419 ], [ -45.399148699999955, -23.811565099999939 ], [ -45.39921709999993, -23.81173629999995 ], [ -45.399266099999977, -23.811916399999973 ], [ -45.399295599999959, -23.812171899999953 ], [ -45.399330899999939, -23.812389499999938 ], [ -45.399352499999964, -23.812568 ], [ -45.399370199999964, -23.812708899999961 ], [ -45.399477599999955, -23.812872199999958 ], [ -45.399577199999953, -23.812986299999977 ], [ -45.399686599999939, -23.813088 ], [ -45.399764699999935, -23.813191399999937 ], [ -45.399866799999984, -23.81332939999993 ], [ -45.399946799999952, -23.813407899999959 ], [ -45.400046799999984, -23.813538299999948 ], [ -45.400158099999942, -23.813663099999928 ], [ -45.400246, -23.813759399999981 ], [ -45.400326099999972, -23.813855699999976 ], [ -45.400376799999947, -23.813930599999935 ], [ -45.400462699999935, -23.813991199999975 ], [ -45.400554399999976, -23.814001899999937 ], [ -45.40066749999994, -23.813914299999965 ], [ -45.400823399999979, -23.813751799999977 ], [ -45.400921799999935, -23.813673299999948 ], [ -45.401028, -23.813579499999946 ], [ -45.401193699999965, -23.813447399999973 ], [ -45.401353, -23.813323199999957 ], [ -45.401469199999951, -23.813236399999937 ], [ -45.401626199999953, -23.813094399999954 ], [ -45.40172089999993, -23.813027399999953 ], [ -45.401876399999935, -23.812904399999979 ], [ -45.402052799999979, -23.812752499999931 ], [ -45.402225, -23.812628299999972 ], [ -45.402384299999937, -23.812515899999937 ], [ -45.402528399999937, -23.812391599999955 ], [ -45.402633899999955, -23.812302899999963 ], [ -45.402746499999978, -23.81220929999995 ], [ -45.402873399999976, -23.812106699999958 ], [ -45.403013299999941, -23.811996299999976 ], [ -45.403151, -23.811879899999951 ], [ -45.403278, -23.811779399999978 ], [ -45.403424299999983, -23.81167679999993 ], [ -45.403542699999946, -23.811588099999938 ], [ -45.403698799999972, -23.811468 ], [ -45.403903299999968, -23.811316099999942 ], [ -45.404129199999943, -23.811113 ], [ -45.404333599999973, -23.810957199999962 ], [ -45.404484199999956, -23.810831 ], [ -45.404763099999968, -23.810609399999976 ], [ -45.405053599999974, -23.810396399999945 ], [ -45.40523, -23.810250499999938 ], [ -45.405320399999937, -23.81016569999997 ], [ -45.405518499999971, -23.810014699999954 ], [ -45.405809, -23.809785899999952 ], [ -45.405962, -23.809661499999947 ], [ -45.405972799999972, -23.80965759999998 ], [ -45.405981399999973, -23.809649699999966 ], [ -45.406138299999952, -23.809533399999964 ], [ -45.406205, -23.80949789999994 ], [ -45.406344799999943, -23.809509599999956 ], [ -45.406492399999934, -23.809575399999972 ], [ -45.406626399999936, -23.809107299999937 ], [ -45.407348499999955, -23.808559399999979 ] ] ] } },
{ "type": "Feature", "properties": { "id": "3550704038", "cd_bairro": "3550704038", "bairro": "Jureia", "cd_mun": "3550704", "municipio": "São Sebastião", "cd_dist": "355070410", "distrito": "Maresias" }, "geometry": { "type": "Polygon", "coordinates": [ [ [ -45.785387, -23.751846399999977 ], [ -45.785367099999974, -23.754008499999941 ], [ -45.78538889999993, -23.760997299999929 ], [ -45.785431499999959, -23.765624499999944 ], [ -45.785484, -23.765572199999951 ], [ -45.785550299999954, -23.765530299999966 ], [ -45.785605099999941, -23.765490499999942 ], [ -45.785669199999973, -23.765459 ], [ -45.785749199999941, -23.76541919999994 ], [ -45.78584079999996, -23.765387699999962 ], [ -45.785905, -23.765368699999954 ], [ -45.785953099999972, -23.76535819999998 ], [ -45.78602189999998, -23.765335099999959 ], [ -45.786079199999961, -23.765320299999928 ], [ -45.786166599999945, -23.765305499999954 ], [ -45.78625379999994, -23.765292799999941 ], [ -45.786327299999982, -23.765282199999945 ], [ -45.78639389999995, -23.765278 ], [ -45.786451299999953, -23.765275799999984 ], [ -45.786522399999967, -23.765273599999944 ], [ -45.786630299999956, -23.765273499999978 ], [ -45.786699099999964, -23.765275499999973 ], [ -45.786768, -23.765279599999928 ], [ -45.786836899999969, -23.765287899999976 ], [ -45.786905899999965, -23.765287799999953 ], [ -45.786961, -23.765292 ], [ -45.787022899999954, -23.765298199999961 ], [ -45.787089499999979, -23.765306499999951 ], [ -45.787126299999954, -23.765306499999951 ], [ -45.787194799999952, -23.765310099999965 ], [ -45.787267199999974, -23.765307499999949 ], [ -45.787361199999964, -23.765336099999956 ], [ -45.787510099999963, -23.765364599999941 ], [ -45.787627599999951, -23.765400299999953 ], [ -45.787768699999958, -23.76544309999997 ], [ -45.787909799999966, -23.765478799999983 ], [ -45.788037699999961, -23.765514499999938 ], [ -45.788149799999985, -23.765530599999977 ], [ -45.788274699999931, -23.765548099999933 ], [ -45.78836119999994, -23.765548 ], [ -45.788486099999943, -23.765574199999946 ], [ -45.788611, -23.765600499999948 ], [ -45.788696699999946, -23.765616199999954 ], [ -45.788764799999967, -23.765626699999927 ], [ -45.788912899999957, -23.765638399999943 ], [ -45.789030899999943, -23.765665299999966 ], [ -45.789138899999955, -23.765696599999956 ], [ -45.789271499999984, -23.76571 ], [ -45.789423799999952, -23.765741299999945 ], [ -45.789600599999972, -23.76579049999998 ], [ -45.789752799999974, -23.765835299999935 ], [ -45.78986569999995, -23.765853099999958 ], [ -45.790013, -23.765888899999936 ], [ -45.790130799999986, -23.765920199999982 ], [ -45.790278, -23.765969499999983 ], [ -45.790397899999959, -23.765986299999952 ], [ -45.790529699999979, -23.766020099999935 ], [ -45.790673799999979, -23.766050099999973 ], [ -45.790785, -23.766087699999957 ], [ -45.790813899999932, -23.766152 ], [ -45.790859099999977, -23.76626159999995 ], [ -45.790912599999956, -23.766352199999972 ], [ -45.790957799999944, -23.766454099999976 ], [ -45.790982399999962, -23.766563699999949 ], [ -45.791007099999945, -23.766635399999927 ], [ -45.791011199999957, -23.766760099999942 ], [ -45.791011199999957, -23.766865899999971 ], [ -45.790925199999947, -23.766915499999982 ], [ -45.790873699999963, -23.767021599999964 ], [ -45.790840899999978, -23.767116199999975 ], [ -45.790824499999985, -23.767188099999942 ], [ -45.790849199999968, -23.767237199999954 ], [ -45.790914899999962, -23.76723329999993 ], [ -45.79096009999995, -23.767293699999982 ], [ -45.790931399999977, -23.767380699999933 ], [ -45.79096839999994, -23.76748269999996 ], [ -45.791017699999941, -23.767554299999972 ], [ -45.791079799999977, -23.767618499999969 ], [ -45.791133499999944, -23.767671399999983 ], [ -45.791198699999939, -23.767686099999935 ], [ -45.79123629999998, -23.767742899999973 ], [ -45.791241599999978, -23.767834 ], [ -45.791303699999958, -23.767905799999937 ], [ -45.79139559999993, -23.767928099999949 ], [ -45.791469099999972, -23.767981899999938 ], [ -45.791489499999955, -23.768067599999938 ], [ -45.791529399999945, -23.768175699999972 ], [ -45.79160319999994, -23.76824309999995 ], [ -45.791662499999973, -23.768328599999961 ], [ -45.791765699999985, -23.768422899999962 ], [ -45.791858699999977, -23.768481099999974 ], [ -45.791883499999983, -23.768530599999963 ], [ -45.791961499999957, -23.768539199999964 ], [ -45.792048899999941, -23.768552099999965 ], [ -45.792118, -23.768642099999965 ], [ -45.792156399999953, -23.768716499999982 ], [ -45.792215399999975, -23.76878389999996 ], [ -45.792255099999977, -23.768887399999983 ], [ -45.79232879999995, -23.768954699999938 ], [ -45.792368499999952, -23.769031199999972 ], [ -45.792325099999971, -23.769116899999972 ], [ -45.792399099999955, -23.769206799999949 ], [ -45.792517399999952, -23.769260799999927 ], [ -45.792635399999938, -23.769274099999961 ], [ -45.792738799999938, -23.769301 ], [ -45.792816399999936, -23.769237699999962 ], [ -45.792894899999965, -23.769264599999929 ], [ -45.793012199999964, -23.769259799999929 ], [ -45.793158799999958, -23.769241499999964 ], [ -45.79329649999994, -23.769268299999965 ], [ -45.793385399999977, -23.769304299999931 ], [ -45.793524, -23.769317299999955 ], [ -45.793614099999957, -23.769310699999949 ], [ -45.793732399999953, -23.769329699999957 ], [ -45.793782199999953, -23.769393599999944 ], [ -45.7939, -23.769380599999977 ], [ -45.793981899999949, -23.76931 ], [ -45.794001399999956, -23.769246099999975 ], [ -45.793923399999983, -23.769221399999935 ], [ -45.793897099999981, -23.769137 ], [ -45.793973599999958, -23.769132199999945 ], [ -45.794055399999934, -23.769141499999932 ], [ -45.794149899999979, -23.769147699999962 ], [ -45.794281499999954, -23.769175899999937 ], [ -45.79440539999996, -23.769211199999972 ], [ -45.794546399999945, -23.769262599999934 ], [ -45.794632499999977, -23.769301799999937 ], [ -45.794675699999971, -23.769335099999978 ], [ -45.794745199999966, -23.769362299999955 ], [ -45.794798399999934, -23.769404599999973 ], [ -45.794874599999957, -23.769434799999942 ], [ -45.794963699999983, -23.769446799999969 ], [ -45.795020299999976, -23.769483099999945 ], [ -45.795076799999947, -23.769538399999931 ], [ -45.795123399999966, -23.769589699999983 ], [ -45.795203099999981, -23.769635 ], [ -45.795302799999945, -23.769686299999933 ], [ -45.795305399999961, -23.759941699999956 ], [ -45.795312699999954, -23.750395899999944 ], [ -45.79517519999996, -23.750350399999945 ], [ -45.794956799999966, -23.750303699999961 ], [ -45.794644799999958, -23.750259099999937 ], [ -45.794214799999963, -23.750227499999937 ], [ -45.793802199999959, -23.750238299999978 ], [ -45.793505, -23.750262499999963 ], [ -45.793258399999957, -23.750302499999975 ], [ -45.791524199999969, -23.750648199999944 ], [ -45.790786, -23.750685899999951 ], [ -45.79031939999993, -23.750703299999941 ], [ -45.790028099999972, -23.750729099999944 ], [ -45.789875399999971, -23.750754599999937 ], [ -45.78966859999997, -23.750813899999969 ], [ -45.789559599999961, -23.750851299999965 ], [ -45.788941299999976, -23.751058 ], [ -45.788688899999954, -23.75116079999998 ], [ -45.788356499999963, -23.751243199999976 ], [ -45.787553499999945, -23.751424399999962 ], [ -45.78555769999997, -23.751808399999959 ], [ -45.785387, -23.751846399999977 ] ] ] } },
{ "type": "Feature", "properties": { "id": "3550704039", "cd_bairro": "3550704039", "bairro": "Engenho", "cd_mun": "3550704", "municipio": "São Sebastião", "cd_dist": "355070410", "distrito": "Maresias" }, "geometry": { "type": "Polygon", "coordinates": [ [ [ -45.780334299999936, -23.764534099999935 ], [ -45.78042419999997, -23.764487699999961 ], [ -45.780513799999937, -23.764443799999981 ], [ -45.780601199999978, -23.764413699999977 ], [ -45.780726899999934, -23.76437859999993 ], [ -45.780825599999957, -23.764338299999963 ], [ -45.780935199999931, -23.764308099999937 ], [ -45.781055899999956, -23.764282899999955 ], [ -45.781160099999965, -23.764267799999971 ], [ -45.781319099999962, -23.764247499999954 ], [ -45.781401399999936, -23.764227399999982 ], [ -45.781516699999941, -23.764227199999937 ], [ -45.781626499999959, -23.764237099999946 ], [ -45.781730699999969, -23.764227 ], [ -45.781851499999959, -23.764231799999948 ], [ -45.782005099999935, -23.76423159999996 ], [ -45.782131199999981, -23.764231499999937 ], [ -45.782219, -23.764241399999946 ], [ -45.782317699999965, -23.764251299999955 ], [ -45.782394499999953, -23.764266299999974 ], [ -45.78252619999995, -23.764296199999933 ], [ -45.78261939999993, -23.764316199999939 ], [ -45.782767399999955, -23.76433609999998 ], [ -45.782871599999964, -23.764361 ], [ -45.782959299999959, -23.764376 ], [ -45.783063499999969, -23.764401 ], [ -45.783156799999972, -23.764436 ], [ -45.783261, -23.764486099999942 ], [ -45.783326899999963, -23.764521099999968 ], [ -45.783420099999944, -23.764561199999946 ], [ -45.783502399999975, -23.764616299999943 ], [ -45.783589799999959, -23.764656099999968 ], [ -45.783671799999979, -23.764706099999955 ], [ -45.783753799999943, -23.764761 ], [ -45.783803099999943, -23.764836099999968 ], [ -45.783863199999985, -23.764916199999959 ], [ -45.783901499999956, -23.764966199999947 ], [ -45.783928899999978, -23.765036299999963 ], [ -45.783923699999946, -23.765156799999943 ], [ -45.78391309999995, -23.765252199999964 ], [ -45.783774299999948, -23.765204099999949 ], [ -45.783675599999981, -23.765219299999956 ], [ -45.783582399999943, -23.765239599999973 ], [ -45.783538599999986, -23.7653 ], [ -45.783571599999959, -23.76537019999995 ], [ -45.783637499999941, -23.765460399999938 ], [ -45.783650299999977, -23.765503799999976 ], [ -45.783605, -23.765539899999965 ], [ -45.783614099999966, -23.765578699999935 ], [ -45.78365359999998, -23.765659 ], [ -45.783720199999948, -23.765708699999948 ], [ -45.783765599999981, -23.765741799999944 ], [ -45.783797899999968, -23.765830699999981 ], [ -45.78388579999995, -23.765888699999948 ], [ -45.783964499999968, -23.765902299999937 ], [ -45.784025, -23.765918799999952 ], [ -45.784109699999931, -23.765960099999972 ], [ -45.784167199999956, -23.76599589999995 ], [ -45.784185399999956, -23.766056799999944 ], [ -45.784200599999963, -23.766120499999943 ], [ -45.784249099999954, -23.766192399999966 ], [ -45.78431269999993, -23.76625329999996 ], [ -45.784358599999962, -23.766293299999973 ], [ -45.78441, -23.766343099999972 ], [ -45.784488599999975, -23.766390099999967 ], [ -45.784555199999943, -23.766423199999963 ], [ -45.784646, -23.766456299999959 ], [ -45.784727699999962, -23.766483899999969 ], [ -45.784767, -23.766503299999954 ], [ -45.784869799999967, -23.766511499999979 ], [ -45.784918299999958, -23.766539099999932 ], [ -45.784882099999948, -23.766600199999971 ], [ -45.784933599999931, -23.766650099999936 ], [ -45.785000199999956, -23.766683299999954 ], [ -45.785072799999966, -23.76668049999995 ], [ -45.785094, -23.766647199999966 ], [ -45.785130199999969, -23.766611099999977 ], [ -45.78518159999993, -23.766594399999974 ], [ -45.785274899999933, -23.766591699999935 ], [ -45.785363899999936, -23.766591699999935 ], [ -45.785441099999957, -23.766618899999969 ], [ -45.785488499999985, -23.766580799999929 ], [ -45.785518, -23.766499299999964 ], [ -45.785488099999952, -23.766412399999979 ], [ -45.785476099999983, -23.766330899999957 ], [ -45.785434399999986, -23.766249499999958 ], [ -45.785428299999978, -23.766157199999952 ], [ -45.785392499999944, -23.766065 ], [ -45.785392199999933, -23.765940199999932 ], [ -45.785386, -23.765837099999942 ], [ -45.785385899999937, -23.765755799999965 ], [ -45.785403499999973, -23.765685299999973 ], [ -45.785431499999959, -23.765624499999944 ], [ -45.78538889999993, -23.760997299999929 ], [ -45.785297, -23.761049 ], [ -45.78524619999996, -23.761234699999932 ], [ -45.78523169999994, -23.761388699999941 ], [ -45.785227199999952, -23.761588899999936 ], [ -45.78525019999995, -23.761831399999949 ], [ -45.785314799999981, -23.762068799999952 ], [ -45.785336099999938, -23.762178799999958 ], [ -45.785319899999934, -23.762310499999955 ], [ -45.785280399999976, -23.762484 ], [ -45.785191199999986, -23.762644799999975 ], [ -45.785062599999947, -23.762751299999934 ], [ -45.784957399999939, -23.762821499999973 ], [ -45.784677099999953, -23.762841599999945 ], [ -45.784469, -23.762828099999979 ], [ -45.784117199999969, -23.762793599999952 ], [ -45.783807, -23.762749 ], [ -45.783318399999985, -23.762678 ], [ -45.783347799999945, -23.760229099999947 ], [ -45.78333269999996, -23.75689529999994 ], [ -45.783378, -23.756393699999933 ], [ -45.782427599999949, -23.756363499999964 ], [ -45.782397399999979, -23.757238499999971 ], [ -45.782367299999976, -23.75959169999993 ], [ -45.782388199999957, -23.761803599999951 ], [ -45.78238, -23.762511 ], [ -45.781886, -23.762417 ], [ -45.780917, -23.762214 ], [ -45.780561, -23.762097 ], [ -45.78030519999993, -23.761923499999966 ], [ -45.780269, -23.761816 ], [ -45.779605, -23.761345 ], [ -45.779086, -23.760813 ], [ -45.778686499999935, -23.760753299999976 ], [ -45.778837299999964, -23.761055 ], [ -45.778958, -23.76141709999996 ], [ -45.778973099999973, -23.761703699999941 ], [ -45.778912799999944, -23.761824399999966 ], [ -45.778882599999974, -23.762035499999968 ], [ -45.778973099999973, -23.76236739999996 ], [ -45.779154099999971, -23.762823699999956 ], [ -45.77924459999997, -23.763170699999932 ], [ -45.779199399999982, -23.763517699999966 ], [ -45.779274799999939, -23.763728899999933 ], [ -45.780334299999936, -23.764534099999935 ] ] ] } }
]
}
