{"type":"FeatureCollection","features":[{"type":"Feature","properties":{"id":"353230605","cd_bairro":"353230605","bairro":"Natividade da Serra","cd_mun":"3532306","municipio":"Natividade da Serra","cd_dist":"353230605","distrito":"Natividade da Serra","fonte":"IBGE - Malha de Distritos CD2022","tipo_limite":"distrito","oficial":true},"geometry":{"type":"Polygon","coordinates":[[[-45.54927429999998,-23.393978699999934],[-45.54912899999994,-23.392818399999953],[-45.54963879999997,-23.391725399999928],[-45.54978849999998,-23.39111589999993],[-45.54977829999996,-23.390692399999978],[-45.54940439999996,-23.389827199999957],[-45.54924219999998,-23.388683899999933],[-45.548085699999945,-23.385894399999927],[-45.547563699999955,-23.384635299999957],[-45.54714549999994,-23.384355599999935],[-45.54630789999993,-23.38415299999997],[-45.54551059999994,-23.38361199999997],[-45.54479619999995,-23.38257079999994],[-45.54351789999998,-23.381383699999958],[-45.541944599999965,-23.37881859999993],[-45.54119489999994,-23.37827589999995],[-45.54077209999997,-23.37796979999996],[-45.54057869999997,-23.377654699999937],[-45.54017049999993,-23.376467699999978],[-45.53935139999993,-23.375901299999953],[-45.53913819999997,-23.37566329999993],[-45.539081599999975,-23.375599999999963],[-45.53834699999993,-23.373511899999983],[-45.53770399999996,-23.373010499999964],[-45.53756549999997,-23.372648099999935],[-45.53757959999996,-23.371998299999973],[-45.538009699999975,-23.37112419999994],[-45.53805849999998,-23.370131199999946],[-45.537612199999955,-23.368591799999933],[-45.53708809999995,-23.36794699999996],[-45.53700639999994,-23.367538499999966],[-45.53722879999998,-23.367033299999946],[-45.537832899999955,-23.36611929999998],[-45.53822319999995,-23.365868699999965],[-45.53852329999995,-23.365894699999956],[-45.53909889999994,-23.366146899999933],[-45.541438899999946,-23.36828799999995],[-45.54214129999997,-23.368564899999967],[-45.54387399999996,-23.368895299999963],[-45.54521769999997,-23.36927019999996],[-45.54549279999998,-23.36950459999997],[-45.54608269999994,-23.37031589999998],[-45.54658059999997,-23.370773699999972],[-45.54929189999996,-23.37219699999997],[-45.549348399999985,-23.37220609999997],[-45.550347999999985,-23.372367399999973],[-45.55121879999996,-23.372129599999937],[-45.55151159999997,-23.372049699999934],[-45.553047299999946,-23.371951799999977],[-45.553783899999985,-23.37201639999995],[-45.554309399999966,-23.37237879999998],[-45.55504049999996,-23.373543599999948],[-45.555402199999946,-23.373941199999933],[-45.55719739999995,-23.374413699999934],[-45.558358699999985,-23.37388619999996],[-45.55954479999997,-23.373108999999943],[-45.56066849999996,-23.372650199999953],[-45.562275599999964,-23.37235439999995],[-45.563732699999946,-23.37222799999995],[-45.564004599999976,-23.37191359999997],[-45.56441849999993,-23.370014199999957],[-45.56464269999998,-23.369741199999964],[-45.56491889999995,-23.369650199999967],[-45.56520169999993,-23.36963929999996],[-45.56560579999996,-23.369816899999933],[-45.56675709999996,-23.370923499999947],[-45.567804199999955,-23.371111199999973],[-45.56841099999997,-23.371106899999972],[-45.57006269999994,-23.370663699999966],[-45.57100849999995,-23.370318999999938],[-45.57287899999994,-23.36940889999994],[-45.573215999999945,-23.36902539999994],[-45.57349789999995,-23.368305499999963],[-45.57389379999995,-23.36793499999993],[-45.57483289999993,-23.367449199999953],[-45.576292699999954,-23.36629389999996],[-45.57733579999996,-23.36469779999993],[-45.577503899999954,-23.363964599999974],[-45.577473399999974,-23.363594099999943],[-45.577434799999935,-23.363124699999958],[-45.57703719999995,-23.361643499999957],[-45.57709189999997,-23.360891799999933],[-45.57667109999994,-23.360051899999974],[-45.57658139999995,-23.358983199999955],[-45.576765799999976,-23.358470599999976],[-45.577583499999946,-23.357305199999928],[-45.57760529999996,-23.35680709999997],[-45.57735219999995,-23.356043399999976],[-45.57692319999995,-23.35522549999996],[-45.577120399999956,-23.353833399999928],[-45.576700899999935,-23.35360579999997],[-45.575215699999944,-23.35175909999998],[-45.57521799999995,-23.351368399999956],[-45.57538679999993,-23.35103959999998],[-45.57660889999994,-23.349336499999936],[-45.57686339999998,-23.348721799999964],[-45.57684369999998,-23.34816859999995],[-45.57648549999993,-23.347671799999944],[-45.57590219999997,-23.347123499999952],[-45.57574439999996,-23.346477899999968],[-45.57511169999998,-23.345365899999933],[-45.57506019999994,-23.34499029999995],[-45.575129699999934,-23.344466099999977],[-45.575445499999944,-23.343366199999934],[-45.57531979999993,-23.342816399999947],[-45.57506449999994,-23.342533899999978],[-45.57463839999997,-23.34234799999996],[-45.573442599999964,-23.34211389999996],[-45.57165799999996,-23.342003399999953],[-45.57078629999995,-23.342218599999967],[-45.570474099999956,-23.342537999999934],[-45.57027579999993,-23.34326859999993],[-45.57006279999996,-23.343552099999954],[-45.56901349999998,-23.344017699999938],[-45.56792029999997,-23.344634199999973],[-45.56701769999995,-23.344763399999977],[-45.56492049999997,-23.344500799999935],[-45.56457069999993,-23.344195299999967],[-45.56434389999998,-23.343602399999952],[-45.56433329999993,-23.34272169999997],[-45.56411779999996,-23.342045199999973],[-45.56417719999996,-23.34154289999998],[-45.56446109999996,-23.34146759999993],[-45.56533489999998,-23.34166749999997],[-45.565619899999945,-23.341438099999948],[-45.566224999999974,-23.34034829999996],[-45.56595379999993,-23.33960689999998],[-45.56601079999996,-23.338910899999973],[-45.56658169999997,-23.338050599999974],[-45.56721799999997,-23.337611299999935],[-45.56745049999995,-23.337327999999957],[-45.56779549999993,-23.336230599999965],[-45.56759519999997,-23.335914299999956],[-45.566808899999955,-23.33547969999995],[-45.566522299999974,-23.33513549999998],[-45.566733099999965,-23.33486979999998],[-45.567441299999984,-23.33477769999996],[-45.56770289999997,-23.334621399999946],[-45.56781179999996,-23.334203199999934],[-45.56770339999997,-23.333720699999958],[-45.566798999999946,-23.33280119999995],[-45.56610779999994,-23.332411199999967],[-45.56494189999995,-23.331877499999962],[-45.56351479999995,-23.33146249999993],[-45.56280439999995,-23.331928199999936],[-45.56166069999995,-23.33364789999996],[-45.56119189999998,-23.333888199999933],[-45.56044899999995,-23.333834099999933],[-45.55939549999994,-23.33361199999996],[-45.55698609999996,-23.332701699999973],[-45.55642549999993,-23.33273799999995],[-45.55563699999993,-23.33303019999994],[-45.55502289999998,-23.333461599999964],[-45.55470269999995,-23.333828899999958],[-45.554299499999956,-23.335084499999937],[-45.553358499999945,-23.335818399999937],[-45.55269139999996,-23.33647899999994],[-45.55205659999996,-23.336896799999977],[-45.550820399999964,-23.338342499999953],[-45.55001869999995,-23.338917099999946],[-45.54966829999995,-23.339035499999966],[-45.54893809999993,-23.339042999999947],[-45.54778209999995,-23.33872299999996],[-45.54643149999998,-23.338043999999968],[-45.54347489999998,-23.33617659999993],[-45.54141109999995,-23.335209299999974],[-45.54015759999993,-23.334346299999936],[-45.53954379999993,-23.333695999999975],[-45.53904129999995,-23.33248249999997],[-45.53677129999994,-23.33067959999994],[-45.53647599999994,-23.330119799999977],[-45.53636069999993,-23.329025599999966],[-45.535905699999944,-23.328604199999972],[-45.53500959999997,-23.327266599999973],[-45.53436409999995,-23.32686899999993],[-45.53413969999997,-23.326823799999943],[-45.53328769999996,-23.32706849999994],[-45.53258839999995,-23.327651199999934],[-45.532020999999986,-23.32833059999996],[-45.53165439999998,-23.329132699999946],[-45.53099219999996,-23.330207599999937],[-45.53025519999994,-23.330782899999974],[-45.52948159999994,-23.330764699999975],[-45.52830579999994,-23.330433699999958],[-45.52761549999997,-23.33070669999995],[-45.52750589999994,-23.33098039999993],[-45.527795899999944,-23.332221999999945],[-45.52764639999998,-23.332767799999942],[-45.52702949999997,-23.333378099999948],[-45.52562569999998,-23.334055599999942],[-45.524941199999944,-23.334159599999964],[-45.52259619999995,-23.333608899999945],[-45.52235919999998,-23.33360879999998],[-45.521851599999934,-23.333857499999965],[-45.52136939999997,-23.333938299999943],[-45.520483199999944,-23.333904099999927],[-45.51905379999994,-23.333571099999972],[-45.51828189999998,-23.33303669999998],[-45.51800709999998,-23.33272359999995],[-45.51705459999994,-23.332087199999933],[-45.516886899999975,-23.331738599999937],[-45.51684739999996,-23.331360899999936],[-45.51694539999994,-23.331115299999965],[-45.51759449999997,-23.330706499999962],[-45.51857679999995,-23.330324599999983],[-45.51887259999995,-23.330048399999953],[-45.51941089999997,-23.32910579999998],[-45.519361999999944,-23.32816939999998],[-45.518687599999964,-23.326570299999958],[-45.518530399999975,-23.326378999999974],[-45.51782089999995,-23.326032599999962],[-45.517386999999985,-23.326031799999953],[-45.51640359999993,-23.32626209999995],[-45.51507859999998,-23.326045799999974],[-45.514335399999936,-23.32576659999995],[-45.513528399999984,-23.325291299999947],[-45.51292909999995,-23.324569999999937],[-45.51278579999996,-23.324175999999966],[-45.51354119999996,-23.32297719999997],[-45.51373509999996,-23.322411399999964],[-45.513298599999985,-23.321411999999953],[-45.51314019999995,-23.320258199999955],[-45.51295589999995,-23.319649699999957],[-45.51302339999995,-23.31854839999994],[-45.51288359999995,-23.317840099999955],[-45.51249519999993,-23.31732809999994],[-45.51202689999997,-23.31708519999995],[-45.50998409999994,-23.316638499999954],[-45.50958069999996,-23.316437599999972],[-45.50887149999994,-23.315429799999947],[-45.50841859999997,-23.31557399999997],[-45.50818099999998,-23.31584349999997],[-45.508075099999985,-23.316303799999957],[-45.50771819999994,-23.31689309999996],[-45.50752589999996,-23.318183099999942],[-45.507548199999974,-23.319119899999976],[-45.50806699999998,-23.31992109999993],[-45.50855359999997,-23.32103969999997],[-45.50854929999997,-23.321291299999928],[-45.50824259999996,-23.321462099999962],[-45.50725909999994,-23.32167809999993],[-45.506517299999985,-23.322036999999966],[-45.50603599999994,-23.32242599999995],[-45.505611999999985,-23.322959699999956],[-45.50363119999997,-23.324417899999958],[-45.503353999999945,-23.324709499999983],[-45.50327409999994,-23.325162199999966],[-45.50278199999997,-23.32555059999993],[-45.502675299999964,-23.326146199999982],[-45.502440099999944,-23.32659149999995],[-45.502128899999946,-23.326785299999983],[-45.501467899999966,-23.32676859999998],[-45.50092829999994,-23.326598899999965],[-45.500066699999934,-23.326166299999954],[-45.49967639999994,-23.326112099999932],[-45.498330899999985,-23.326383799999974],[-45.497297799999956,-23.326287899999954],[-45.49656879999998,-23.325712799999962],[-45.496074599999986,-23.324956699999973],[-45.49603509999997,-23.32402979999995],[-45.49582179999993,-23.323094399999945],[-45.49499279999998,-23.32088559999994],[-45.495002599999964,-23.32015219999994],[-45.495166799999936,-23.31963769999993],[-45.49574289999998,-23.31854859999993],[-45.49573209999994,-23.317891999999972],[-45.49532609999994,-23.317060999999967],[-45.494345299999964,-23.316028699999947],[-45.49405109999998,-23.31588919999996],[-45.49390609999995,-23.315820499999973],[-45.49332389999995,-23.315827699999943],[-45.49266189999997,-23.31596499999995],[-45.491804599999966,-23.316798499999948],[-45.49178789999996,-23.316814699999952],[-45.491770299999985,-23.316831899999954],[-45.49111709999994,-23.317466999999965],[-45.49088299999994,-23.31755929999997],[-45.49039899999997,-23.31763719999998],[-45.48981119999996,-23.317503399999964],[-45.48875069999997,-23.316629899999953],[-45.48796509999994,-23.316326799999956],[-45.48655999999994,-23.31604679999998],[-45.48470669999995,-23.31603569999993],[-45.48404839999995,-23.316191999999944],[-45.483127999999965,-23.31655369999993],[-45.48239529999995,-23.316541099999938],[-45.481910099999936,-23.316394799999955],[-45.48110729999996,-23.315733199999954],[-45.480583699999954,-23.315544599999953],[-45.48020959999997,-23.315514599999972],[-45.47953249999995,-23.315718199999935],[-45.47848499999998,-23.31662689999996],[-45.47760019999998,-23.31783729999995],[-45.47578649999997,-23.319039699999962],[-45.47529449999996,-23.320066899999972],[-45.474775799999975,-23.32169049999993],[-45.47410039999994,-23.322568899999965],[-45.47323699999998,-23.323446199999978],[-45.47226139999998,-23.32535059999998],[-45.47180229999998,-23.325925299999938],[-45.47128569999995,-23.32631319999996],[-45.469776399999944,-23.32718069999993],[-45.468799099999956,-23.328196999999932],[-45.467472999999984,-23.32918539999997],[-45.46677749999998,-23.32955199999998],[-45.46639929999998,-23.32964439999995],[-45.46529859999998,-23.329670999999962],[-45.46478989999997,-23.329402499999958],[-45.464067899999975,-23.32859819999993],[-45.46353449999998,-23.327313999999944],[-45.462565799999936,-23.326644199999976],[-45.46178859999998,-23.32622589999994],[-45.46166819999996,-23.326101999999935],[-45.46165399999995,-23.32586649999996],[-45.46193539999996,-23.325313499999936],[-45.46307989999997,-23.32471229999993],[-45.463404999999966,-23.32442519999995],[-45.46380379999994,-23.32379889999993],[-45.46390319999995,-23.323090999999977],[-45.46355769999997,-23.32215919999993],[-45.463613899999984,-23.321848599999953],[-45.46461899999997,-23.32112959999995],[-45.46534029999998,-23.32023929999997],[-45.46645939999996,-23.319163499999945],[-45.466900899999985,-23.318573499999957],[-45.46700619999996,-23.318155399999966],[-45.46686289999997,-23.31713869999993],[-45.46689559999993,-23.31672199999997],[-45.46705119999996,-23.31638899999996],[-45.46768939999998,-23.315647399999932],[-45.467817999999966,-23.31535329999997],[-45.46750629999997,-23.31372799999997],[-45.46822129999998,-23.31287409999993],[-45.46837259999995,-23.312561399999936],[-45.46835239999996,-23.312251199999935],[-45.46805219999993,-23.31145179999993],[-45.46740539999996,-23.31022329999996],[-45.46732799999995,-23.309660899999983],[-45.467393399999935,-23.30839999999995],[-45.46703409999998,-23.307361799999967],[-45.467903999999976,-23.306793999999968],[-45.46807689999997,-23.30649509999995],[-45.46796389999997,-23.30503829999998],[-45.46563489999994,-23.30400659999998],[-45.46516779999996,-23.303913299999977],[-45.46490909999994,-23.30403819999998],[-45.46451629999996,-23.304451599999936],[-45.464048799999944,-23.30538699999994],[-45.46360149999998,-23.305580599999928],[-45.46323279999996,-23.30561799999998],[-45.46207829999997,-23.305464299999983],[-45.45892809999998,-23.30453239999997],[-45.45775939999993,-23.304309799999942],[-45.457082199999945,-23.304317099999935],[-45.45686089999998,-23.304392999999948],[-45.45667259999993,-23.304732299999955],[-45.45724919999998,-23.305785799999967],[-45.457255499999974,-23.306251199999963],[-45.457081899999935,-23.306498999999974],[-45.45630189999997,-23.306809899999962],[-45.455515599999956,-23.307295199999942],[-45.45506369999998,-23.30771249999998],[-45.454808999999955,-23.308901299999945],[-45.453972799999974,-23.30967419999996],[-45.45320339999995,-23.31085479999996],[-45.45268469999996,-23.311458499999958],[-45.45207039999997,-23.312495999999953],[-45.45184509999996,-23.312602999999967],[-45.44987009999994,-23.312535599999933],[-45.44952459999996,-23.312441699999965],[-45.44940959999997,-23.312311799999975],[-45.44915949999995,-23.31114599999995],[-45.44969859999998,-23.310606999999948],[-45.450499599999944,-23.309467599999948],[-45.450645099999974,-23.308334699999932],[-45.45102739999993,-23.307248799999968],[-45.45102289999994,-23.306664299999966],[-45.45138509999998,-23.304841599999975],[-45.451632899999936,-23.30455299999994],[-45.45221369999996,-23.304247499999974],[-45.452669999999955,-23.303851899999927],[-45.452926599999955,-23.303273499999932],[-45.45290389999997,-23.302774099999965],[-45.45265669999998,-23.301701599999944],[-45.45272629999994,-23.299599599999965],[-45.45293309999994,-23.29932309999998],[-45.453374199999985,-23.299256499999956],[-45.453791999999964,-23.299382999999978],[-45.45416229999995,-23.299624299999948],[-45.45485699999995,-23.30031779999996],[-45.45509069999997,-23.300308899999948],[-45.45537559999997,-23.29997489999994],[-45.45554299999998,-23.299275999999963],[-45.45550849999995,-23.298928299999943],[-45.455305599999974,-23.29856609999996],[-45.45376349999998,-23.296934299999975],[-45.45318709999998,-23.29660839999997],[-45.45245189999997,-23.29633119999994],[-45.44996459999993,-23.29557129999995],[-45.44862569999998,-23.294617199999948],[-45.44671429999994,-23.293901799999958],[-45.44614799999994,-23.29357189999996],[-45.444897099999935,-23.29254459999993],[-45.44432479999995,-23.292519899999945],[-45.44318469999996,-23.293223499999954],[-45.44264479999998,-23.293913799999928],[-45.44193289999998,-23.29537339999996],[-45.441039899999964,-23.296131499999944],[-45.44043449999998,-23.296849599999973],[-45.44034639999995,-23.297243599999945],[-45.440395199999955,-23.29812709999993],[-45.44009459999995,-23.301530999999954],[-45.43986399999994,-23.302495199999953],[-45.43945329999997,-23.303123399999947],[-45.43855309999998,-23.30414369999994],[-45.43816309999994,-23.304390499999954],[-45.43723229999995,-23.304732499999943],[-45.43688089999995,-23.305002899999977],[-45.43676859999994,-23.305165299999942],[-45.43666889999997,-23.305874899999935],[-45.43649099999993,-23.306340199999966],[-45.436419599999965,-23.307113199999947],[-45.436180699999966,-23.307446999999968],[-45.43556049999995,-23.307769999999948],[-45.43461069999995,-23.307722099999978],[-45.433730399999945,-23.30740119999996],[-45.43299749999994,-23.306951999999967],[-45.43229749999995,-23.30632789999993],[-45.43203909999994,-23.30609759999993],[-45.43162139999998,-23.30572509999996],[-45.43161649999996,-23.30571729999997],[-45.43158089999997,-23.305659299999945],[-45.43126769999998,-23.305150399999945],[-45.43126589999997,-23.30414589999998],[-45.43149159999996,-23.303000399999974],[-45.431881799999985,-23.302129099999945],[-45.43194109999996,-23.301786499999935],[-45.43175179999997,-23.301411499999972],[-45.43127519999996,-23.30095199999994],[-45.43115419999998,-23.30056559999997],[-45.431289799999945,-23.30025569999998],[-45.431791199999964,-23.29975419999994],[-45.43199279999993,-23.299422899999968],[-45.43206049999998,-23.29872229999995],[-45.431952499999966,-23.29830069999997],[-45.43147699999997,-23.297475599999927],[-45.431315799999936,-23.29687729999995],[-45.43074789999997,-23.296451399999967],[-45.430250599999965,-23.295902099999978],[-45.43031039999994,-23.295537099999933],[-45.43048799999997,-23.29539529999994],[-45.43155109999998,-23.29543129999996],[-45.43183829999998,-23.29536539999998],[-45.432434299999954,-23.294673699999976],[-45.43339649999996,-23.294207899999947],[-45.43350779999997,-23.294061599999964],[-45.433542699999975,-23.293687999999975],[-45.43320069999993,-23.293357699999945],[-45.43272919999998,-23.293334899999934],[-45.43066779999998,-23.29380649999996],[-45.430046699999934,-23.293796099999952],[-45.42960339999996,-23.29365379999996],[-45.428346499999975,-23.292904799999974],[-45.42800639999996,-23.292818199999942],[-45.42737779999993,-23.292922999999973],[-45.42668839999993,-23.29327189999998],[-45.42614039999995,-23.293342499999937],[-45.42446179999996,-23.292647599999952],[-45.422838999999954,-23.29230249999995],[-45.422041899999954,-23.29187749999994],[-45.42171199999996,-23.29148239999995],[-45.421284499999956,-23.290444099999945],[-45.42097919999998,-23.290167699999927],[-45.420100599999955,-23.290050099999974],[-45.41902669999996,-23.289590499999974],[-45.41789939999995,-23.289428099999952],[-45.41748789999997,-23.289264199999934],[-45.41707119999995,-23.288802499999974],[-45.416710199999955,-23.287873499999932],[-45.41651459999997,-23.28765679999998],[-45.416495699999984,-23.287649599999952],[-45.416457599999944,-23.287634999999966],[-45.41641939999994,-23.28762039999998],[-45.41609129999995,-23.28749499999998],[-45.41559739999997,-23.28753089999998],[-45.41440789999996,-23.28808809999998],[-45.41392369999994,-23.28814159999996],[-45.41157899999996,-23.28724019999993],[-45.41059229999996,-23.287164899999937],[-45.41040359999994,-23.28715049999994],[-45.41025079999997,-23.287138899999945],[-45.40986789999994,-23.287109699999974],[-45.40960209999997,-23.286919599999976],[-45.40952089999996,-23.28668229999994],[-45.40948679999997,-23.28658269999994],[-45.40949309999996,-23.28656049999995],[-45.40969299999995,-23.28584669999998],[-45.40962059999998,-23.28567499999997],[-45.40960789999997,-23.28564499999993],[-45.409595199999956,-23.28561499999995],[-45.409394099999986,-23.28513879999997],[-45.409380699999986,-23.28487729999995],[-45.40962929999995,-23.28472679999993],[-45.410492999999974,-23.28490809999994],[-45.411131799999964,-23.28479589999995],[-45.41244219999993,-23.284155599999963],[-45.41270799999995,-23.28384559999995],[-45.412833199999966,-23.283529899999962],[-45.412822699999936,-23.283010499999932],[-45.41242959999994,-23.281714199999954],[-45.41158429999996,-23.28052059999993],[-45.41135929999996,-23.280457299999966],[-45.410654299999976,-23.280669899999964],[-45.41026119999998,-23.280691599999955],[-45.41001129999995,-23.28055969999997],[-45.409664299999974,-23.28018609999998],[-45.409385999999984,-23.280113599999936],[-45.408991699999945,-23.28023019999995],[-45.408194299999934,-23.280676099999937],[-45.40790329999993,-23.280693499999927],[-45.40709339999995,-23.280498999999963],[-45.40694589999998,-23.280538399999955],[-45.40619449999997,-23.28109079999996],[-45.40566789999997,-23.28098149999994],[-45.404985599999975,-23.280646099999956],[-45.40375769999997,-23.28057139999993],[-45.403466899999955,-23.28035929999993],[-45.40304539999994,-23.279654599999958],[-45.40204589999996,-23.27866759999995],[-45.401757499999974,-23.27817619999996],[-45.40147009999998,-23.277957199999946],[-45.39961549999998,-23.277459499999964],[-45.398756799999944,-23.276990799999965],[-45.398338699999954,-23.27689909999998],[-45.39794399999994,-23.27691619999996],[-45.396735199999966,-23.277348599999982],[-45.39600489999998,-23.277709399999935],[-45.39423679999993,-23.27911309999996],[-45.39275999999995,-23.279781799999967],[-45.392512899999986,-23.28005959999996],[-45.39240769999998,-23.280383599999936],[-45.39237029999998,-23.281792699999983],[-45.39255929999996,-23.282835999999975],[-45.39248489999994,-23.283530799999937],[-45.392111099999966,-23.284071299999937],[-45.39120349999996,-23.284840799999927],[-45.38981599999994,-23.285641599999963],[-45.38964159999995,-23.285702199999946],[-45.38959179999995,-23.285719399999948],[-45.38954649999994,-23.285735199999976],[-45.38938329999996,-23.28579179999997],[-45.38868469999994,-23.285692899999958],[-45.38831659999994,-23.28547279999998],[-45.38828709999996,-23.285455199999944],[-45.38825819999994,-23.285437899999977],[-45.38770049999994,-23.285104399999966],[-45.38730409999994,-23.285116899999935],[-45.38699789999998,-23.285339499999964],[-45.38659919999998,-23.286294299999952],[-45.38614669999998,-23.28664239999995],[-45.38567899999998,-23.286909899999955],[-45.384686199999976,-23.287270699999965],[-45.383651999999984,-23.28804219999995],[-45.38252099999994,-23.288223399999936],[-45.38223289999996,-23.28834839999996],[-45.381544099999985,-23.28892819999993],[-45.38124399999998,-23.289025599999945],[-45.38097049999993,-23.28899999999993],[-45.380148099999985,-23.289481099999932],[-45.379523699999936,-23.29080349999998],[-45.378611999999976,-23.29187459999997],[-45.377668599999936,-23.29391789999994],[-45.37645489999994,-23.295703699999933],[-45.37539429999998,-23.297649099999944],[-45.37472059999993,-23.298402599999974],[-45.374328799999944,-23.299715299999946],[-45.373709599999984,-23.30060969999994],[-45.373206599999946,-23.301673499999936],[-45.37307309999994,-23.301799699999947],[-45.37251539999994,-23.30191259999998],[-45.371968599999946,-23.30164629999996],[-45.37150319999995,-23.301197099999968],[-45.37084029999994,-23.300291899999934],[-45.37026599999996,-23.29990669999995],[-45.370077599999945,-23.29989729999994],[-45.369106099999954,-23.30081629999995],[-45.368060699999944,-23.301472399999966],[-45.36688189999995,-23.301904399999955],[-45.36622749999998,-23.301862399999948],[-45.36580349999997,-23.301484499999958],[-45.36519549999997,-23.299930899999936],[-45.36462389999997,-23.299157899999955],[-45.36423079999997,-23.29889369999995],[-45.362872599999946,-23.298486199999957],[-45.36249639999994,-23.298804299999972],[-45.36239649999993,-23.299617699999942],[-45.36223499999994,-23.29985709999994],[-45.36184259999993,-23.300003199999935],[-45.360882199999935,-23.300103899999954],[-45.36063569999993,-23.300217799999928],[-45.36049039999995,-23.300284999999974],[-45.36025239999998,-23.300526399999967],[-45.359438299999965,-23.30063599999994],[-45.35882669999995,-23.30071909999998],[-45.35708399999993,-23.30032019999993],[-45.356707599999936,-23.30062659999993],[-45.35595889999996,-23.300905499999942],[-45.35548629999994,-23.301470999999935],[-45.35445789999994,-23.30156169999998],[-45.353107199999954,-23.30194119999993],[-45.35131119999994,-23.302059799999938],[-45.35070459999997,-23.30226129999994],[-45.349625499999945,-23.30237969999996],[-45.348335599999984,-23.303163799999936],[-45.34814119999993,-23.303216799999973],[-45.347379099999955,-23.30311409999996],[-45.34702329999993,-23.303268499999945],[-45.34658079999997,-23.30362589999993],[-45.34615539999993,-23.303601699999945],[-45.34565619999995,-23.303267999999946],[-45.34544459999995,-23.30287839999994],[-45.34539959999995,-23.30267989999993],[-45.34539029999996,-23.302638599999966],[-45.34538319999996,-23.302607499999965],[-45.34531219999997,-23.30229419999995],[-45.34509819999994,-23.302059399999962],[-45.34507189999994,-23.302030499999944],[-45.34502699999996,-23.301981299999966],[-45.344878999999935,-23.301818999999966],[-45.344489299999964,-23.301697299999944],[-45.34361199999995,-23.30168059999994],[-45.34273879999995,-23.301359599999955],[-45.34172319999993,-23.30048869999996],[-45.341440699999964,-23.300124799999935],[-45.341004099999964,-23.299562399999957],[-45.339243299999964,-23.298089999999945],[-45.338583899999946,-23.297809299999983],[-45.33728139999994,-23.297555199999977],[-45.33654579999995,-23.29729999999995],[-45.336446199999955,-23.297265399999958],[-45.336284399999954,-23.297209299999963],[-45.336217499999975,-23.297186099999976],[-45.33603769999996,-23.29707019999995],[-45.33549289999996,-23.29671899999994],[-45.33519089999993,-23.296468699999934],[-45.33440499999995,-23.295817299999953],[-45.33349909999998,-23.29532249999994],[-45.33197689999997,-23.294908499999963],[-45.33170069999994,-23.294896199999982],[-45.33162909999993,-23.294892999999945],[-45.33161269999994,-23.294892299999958],[-45.33154449999995,-23.294889199999943],[-45.33040289999997,-23.294838399999946],[-45.32970799999998,-23.29465239999996],[-45.32797289999996,-23.293539599999974],[-45.32614309999997,-23.292722699999956],[-45.32465469999994,-23.29230149999995],[-45.323731599999974,-23.292340499999966],[-45.32334949999995,-23.29256859999998],[-45.32237219999996,-23.294096099999933],[-45.32080539999998,-23.29593979999993],[-45.320663399999944,-23.29629929999993],[-45.32080959999996,-23.296474899999964],[-45.32106109999995,-23.29656659999995],[-45.32288809999994,-23.29681199999993],[-45.32335959999995,-23.29713529999998],[-45.323794599999985,-23.29770199999996],[-45.323986599999955,-23.29819539999994],[-45.32387389999997,-23.29980089999998],[-45.32393739999998,-23.30035799999996],[-45.32410519999996,-23.30068159999996],[-45.324639899999966,-23.301162499999975],[-45.32633219999997,-23.301731899999936],[-45.32693389999997,-23.302219999999977],[-45.327183899999966,-23.30265019999996],[-45.32751929999995,-23.30378399999995],[-45.32835679999994,-23.30504019999995],[-45.32874499999997,-23.305798799999934],[-45.330066199999976,-23.309966199999963],[-45.33236329999994,-23.315313299999957],[-45.33268549999997,-23.315733199999954],[-45.33309509999998,-23.315971499999932],[-45.333556499999986,-23.316014799999948],[-45.334104199999956,-23.31589159999993],[-45.33511319999997,-23.31546849999995],[-45.335457099999985,-23.315511499999957],[-45.33599659999993,-23.31593529999998],[-45.33659049999994,-23.316709599999967],[-45.33707879999997,-23.31772099999995],[-45.337441799999965,-23.31807139999995],[-45.338107699999966,-23.318493099999955],[-45.33937019999996,-23.31894399999993],[-45.33989419999995,-23.31960429999998],[-45.34018039999995,-23.32023179999993],[-45.34074629999998,-23.32098579999996],[-45.341387199999986,-23.322181099999966],[-45.34188599999993,-23.324247499999956],[-45.34177829999993,-23.324771899999973],[-45.34150529999994,-23.32494779999996],[-45.34120109999998,-23.324941899999942],[-45.33959719999996,-23.324213399999962],[-45.337883799999986,-23.32396179999995],[-45.33578479999994,-23.323482199999944],[-45.33522369999997,-23.32346389999998],[-45.33398139999997,-23.323693299999945],[-45.332964699999934,-23.32400839999997],[-45.332109299999956,-23.32450709999995],[-45.33075309999998,-23.325504099999932],[-45.330089999999984,-23.32584849999995],[-45.329222699999946,-23.32614039999993],[-45.32571159999998,-23.32637239999997],[-45.32306339999997,-23.325976199999957],[-45.32170679999996,-23.326096099999972],[-45.320561199999986,-23.32607429999996],[-45.31826769999998,-23.326274499999954],[-45.31551499999995,-23.32593509999998],[-45.31493539999997,-23.325945299999944],[-45.31456289999994,-23.326053899999977],[-45.314188799999954,-23.32650179999996],[-45.31383489999996,-23.327881699999978],[-45.31336559999994,-23.32878039999997],[-45.31286309999996,-23.32946849999996],[-45.31260789999993,-23.33038799999997],[-45.312674899999934,-23.33127849999994],[-45.31327489999995,-23.33251279999996],[-45.313260999999954,-23.33282829999996],[-45.31310579999996,-23.33305889999997],[-45.31246249999998,-23.333278899999982],[-45.310280699999964,-23.33317859999994],[-45.30665019999998,-23.334271599999965],[-45.30559169999998,-23.33435579999997],[-45.30506789999998,-23.334260599999936],[-45.30449009999995,-23.33378179999994],[-45.30429129999993,-23.333047999999962],[-45.30436919999994,-23.332787099999962],[-45.30503219999997,-23.33177459999996],[-45.30515219999995,-23.331303699999978],[-45.305091999999945,-23.330861399999947],[-45.304898599999945,-23.330464699999936],[-45.30424579999993,-23.329724599999963],[-45.30342179999997,-23.327831199999935],[-45.302808099999936,-23.327091499999938],[-45.301669999999945,-23.326179599999932],[-45.30053419999996,-23.325426499999935],[-45.29950999999994,-23.32489709999993],[-45.298320399999966,-23.324485799999934],[-45.29784069999994,-23.32422829999996],[-45.29724319999997,-23.32379579999997],[-45.296639899999946,-23.323153499999933],[-45.295954999999935,-23.32266429999993],[-45.29552169999994,-23.322489899999937],[-45.29419889999997,-23.322302399999955],[-45.29326519999995,-23.32176899999996],[-45.29286519999994,-23.321715599999948],[-45.291472899999974,-23.322094899999968],[-45.29018729999996,-23.321714999999983],[-45.289224299999944,-23.321731799999952],[-45.28780479999995,-23.322032499999978],[-45.283991399999934,-23.32251199999996],[-45.28357239999997,-23.322404699999936],[-45.283225899999934,-23.322207299999945],[-45.282839199999955,-23.321757799999943],[-45.282256899999936,-23.320781499999953],[-45.281165499999986,-23.320098799999982],[-45.280290699999966,-23.319877599999927],[-45.27891089999997,-23.319813199999942],[-45.27756439999996,-23.319479999999942],[-45.27588769999994,-23.31938839999998],[-45.27377949999993,-23.318738099999962],[-45.27276109999997,-23.318882599999938],[-45.270755399999985,-23.319727599999965],[-45.26996109999993,-23.319875399999944],[-45.26906539999993,-23.31989669999996],[-45.268328699999984,-23.319779899999958],[-45.266635399999984,-23.319240299999933],[-45.26598739999997,-23.31918829999995],[-45.26507719999995,-23.31947569999994],[-45.264482699999974,-23.31999559999997],[-45.26427359999997,-23.320730199999957],[-45.26453239999995,-23.322259199999962],[-45.26436739999997,-23.323395799999957],[-45.26436469999993,-23.32424029999993],[-45.26478819999994,-23.325721099999953],[-45.26565549999998,-23.32802099999998],[-45.26565439999996,-23.328483999999946],[-45.26550059999994,-23.328573199999937],[-45.26483929999995,-23.328558999999927],[-45.26031849999998,-23.32774379999995],[-45.25856639999995,-23.327634399999965],[-45.25683589999994,-23.327703499999927],[-45.25568489999995,-23.328089499999976],[-45.254680399999984,-23.328763899999956],[-45.25482039999997,-23.329240999999968],[-45.25512199999997,-23.329776399999957],[-45.25536129999995,-23.33063429999993],[-45.25544839999998,-23.33083469999997],[-45.25546029999998,-23.330862399999944],[-45.25547229999995,-23.33088989999993],[-45.25597019999998,-23.332036699999946],[-45.25627819999994,-23.332564299999945],[-45.25723979999998,-23.333758699999976],[-45.25774169999994,-23.335224099999948],[-45.25851309999996,-23.336048799999958],[-45.258762899999965,-23.33644959999998],[-45.25896499999993,-23.33729109999996],[-45.25901959999993,-23.339508399999943],[-45.25914689999996,-23.340103099999965],[-45.259911199999976,-23.34134839999996],[-45.26047399999993,-23.341799399999957],[-45.26051259999997,-23.341830399999935],[-45.26055189999994,-23.341861799999947],[-45.26113109999994,-23.342325999999957],[-45.262054999999975,-23.34336419999994],[-45.26304689999995,-23.344844299999977],[-45.26307159999993,-23.34488099999993],[-45.26309409999993,-23.34491479999997],[-45.26342249999993,-23.345404799999983],[-45.26343939999998,-23.345429999999965],[-45.26345629999997,-23.345455199999947],[-45.26378619999997,-23.345947499999966],[-45.26391929999994,-23.34633709999997],[-45.26392979999997,-23.34636779999994],[-45.26394099999993,-23.34640049999996],[-45.26396489999996,-23.346470499999953],[-45.263980999999944,-23.346517499999948],[-45.26399879999997,-23.346569599999953],[-45.264063799999974,-23.34675919999995],[-45.26392099999998,-23.347453499999972],[-45.263721799999985,-23.347755099999972],[-45.26317469999998,-23.34823719999997],[-45.262126199999955,-23.34890839999997],[-45.26211619999998,-23.34891749999997],[-45.262091699999985,-23.348939599999937],[-45.262068899999974,-23.34896079999993],[-45.261280099999965,-23.349674899999968],[-45.26042589999997,-23.34993039999995],[-45.26039739999993,-23.34993899999995],[-45.26036809999994,-23.349947699999973],[-45.25998379999993,-23.350062699999967],[-45.25941869999997,-23.350445299999933],[-45.25866949999994,-23.35167309999997],[-45.25726059999994,-23.354745399999956],[-45.25704289999993,-23.35549029999993],[-45.25713119999995,-23.35630489999994],[-45.25742139999994,-23.356806499999948],[-45.25814479999997,-23.35769209999995],[-45.25840089999997,-23.35822049999996],[-45.25822819999996,-23.361785899999973],[-45.25828599999994,-23.363106699999946],[-45.258502799999974,-23.36415599999998],[-45.25869729999994,-23.364741899999956],[-45.25905609999995,-23.365169299999934],[-45.26028629999996,-23.365843799999936],[-45.26056079999995,-23.366078499999958],[-45.26099499999998,-23.36658179999995],[-45.261237499999936,-23.367034099999955],[-45.261289799999986,-23.367667599999947],[-45.26111389999994,-23.368461399999944],[-45.26107799999994,-23.36916789999998],[-45.26130919999997,-23.369702099999927],[-45.261742599999934,-23.370069199999932],[-45.26225699999998,-23.370188999999982],[-45.26353209999996,-23.369842199999937],[-45.26456179999997,-23.369296299999974],[-45.265174299999956,-23.36873099999997],[-45.26534499999997,-23.368460899999945],[-45.265710799999965,-23.367654399999935],[-45.266025499999955,-23.36661209999994],[-45.26632769999998,-23.366368199999954],[-45.26680029999994,-23.366467799999953],[-45.26749319999993,-23.367222699999957],[-45.26850049999996,-23.369657599999982],[-45.268694799999935,-23.369861799999967],[-45.268948799999976,-23.369961899999964],[-45.269287299999974,-23.369866799999954],[-45.26986119999998,-23.369009999999946],[-45.27017049999995,-23.368702799999937],[-45.272292499999935,-23.36740039999995],[-45.27331449999997,-23.366939999999943],[-45.27450209999995,-23.366745899999955],[-45.277292999999986,-23.366860799999927],[-45.27785699999998,-23.366763799999944],[-45.27788659999993,-23.366758799999957],[-45.277916199999936,-23.366753699999947],[-45.27924539999998,-23.366525299999978],[-45.28155769999995,-23.36582889999994],[-45.282557699999984,-23.365701399999978],[-45.28339479999994,-23.365785199999948],[-45.283505299999945,-23.36581239999998],[-45.28353519999996,-23.365819699999975],[-45.28356499999995,-23.365826999999967],[-45.284284799999966,-23.366003699999965],[-45.28487229999996,-23.366307499999948],[-45.28562199999993,-23.36693029999998],[-45.286823399999946,-23.367672599999935],[-45.28684969999995,-23.36768879999994],[-45.286875899999984,-23.367704999999944],[-45.28692599999994,-23.36773599999998],[-45.28936959999993,-23.36891449999996],[-45.29106969999998,-23.369465099999957],[-45.29110049999997,-23.36947509999993],[-45.291128699999945,-23.369484799999952],[-45.29170669999996,-23.36967139999996],[-45.29338059999998,-23.370054899999957],[-45.294192399999986,-23.37047949999993],[-45.29480849999993,-23.37109309999994],[-45.29515829999997,-23.371704499999964],[-45.295382899999936,-23.37322009999997],[-45.29528149999993,-23.37468629999995],[-45.294739499999935,-23.37806949999998],[-45.294749399999944,-23.37866749999995],[-45.294749699999954,-23.378685399999938],[-45.294750299999976,-23.37871729999995],[-45.294750299999976,-23.378748899999948],[-45.294764199999975,-23.37955429999994],[-45.29536879999995,-23.381431299999974],[-45.295968699999946,-23.38218729999994],[-45.29679179999994,-23.382963699999948],[-45.29708619999997,-23.383492299999943],[-45.297162199999946,-23.38431799999995],[-45.29708429999994,-23.38623169999994],[-45.29718939999998,-23.387315099999967],[-45.297496699999954,-23.388363199999958],[-45.29817149999997,-23.389813999999944],[-45.298553099999936,-23.391221799999983],[-45.29868229999994,-23.39240159999997],[-45.29847309999997,-23.39331539999995],[-45.29847479999995,-23.394033899999954],[-45.29908779999994,-23.395456299999978],[-45.29922629999993,-23.396107099999938],[-45.29916469999995,-23.39667079999998],[-45.29903959999996,-23.396932599999957],[-45.299008999999955,-23.39697209999997],[-45.298985699999946,-23.397002399999963],[-45.29896329999997,-23.39703129999998],[-45.298344499999985,-23.39785999999998],[-45.295791099999974,-23.399650399999928],[-45.295669499999974,-23.40015699999998],[-45.29583839999998,-23.40107379999995],[-45.29610219999995,-23.401413499999933],[-45.29663809999994,-23.401774599999953],[-45.29725179999997,-23.401906099999962],[-45.29800549999993,-23.40177979999993],[-45.29803869999995,-23.401774199999977],[-45.298070199999984,-23.40176249999996],[-45.299002299999984,-23.40138369999994],[-45.299752299999966,-23.40129159999998],[-45.30216189999993,-23.40143269999993],[-45.30358289999998,-23.401747599999965],[-45.30574539999998,-23.401994099999968],[-45.30978509999994,-23.40204209999996],[-45.31140879999998,-23.402286599999968],[-45.312408699999935,-23.402700099999947],[-45.31290089999993,-23.40299589999995],[-45.31420939999998,-23.404053499999975],[-45.31506349999995,-23.404552999999964],[-45.315941099999975,-23.404889799999978],[-45.318055399999935,-23.405484599999966],[-45.31870479999998,-23.40583309999994],[-45.319284599999946,-23.406466099999932],[-45.320252799999935,-23.40837829999998],[-45.320636099999945,-23.408977499999935],[-45.321410499999956,-23.41014629999995],[-45.321431899999936,-23.410179099999937],[-45.321454399999936,-23.410213399999975],[-45.32211629999995,-23.41122409999997],[-45.32294009999998,-23.41306099999997],[-45.323054799999966,-23.413304899999957],[-45.32362469999998,-23.415073399999983],[-45.32368719999994,-23.415867899999967],[-45.32345349999997,-23.416619199999957],[-45.32307849999995,-23.417001699999958],[-45.322560599999974,-23.41724549999998],[-45.32015099999995,-23.417740799999933],[-45.319660399999975,-23.417927799999973],[-45.319398699999965,-23.418180399999983],[-45.31914039999998,-23.419365699999958],[-45.31891839999997,-23.421713199999942],[-45.318506999999954,-23.423407899999972],[-45.31824389999997,-23.424039299999947],[-45.31795109999996,-23.424408399999948],[-45.31776019999995,-23.424538499999983],[-45.31704019999995,-23.42470929999996],[-45.313645399999984,-23.424904699999956],[-45.312345999999934,-23.425069899999983],[-45.312291399999935,-23.425076899999965],[-45.31223589999996,-23.42508399999997],[-45.31218639999997,-23.425090299999965],[-45.31146689999997,-23.425356999999963],[-45.31102149999998,-23.42578029999993],[-45.31026369999995,-23.427462099999957],[-45.31001969999994,-23.42845829999993],[-45.31011939999996,-23.429950899999938],[-45.31046329999998,-23.43074389999998],[-45.31097589999996,-23.431399299999953],[-45.31180189999998,-23.432159199999944],[-45.311826199999985,-23.432181699999944],[-45.31185209999995,-23.43220539999993],[-45.31443909999996,-23.43458579999998],[-45.314463699999976,-23.434608499999968],[-45.31448799999998,-23.43463079999998],[-45.31466309999996,-23.434791899999937],[-45.31700729999994,-23.43757379999994],[-45.31762089999995,-23.437858499999948],[-45.317876499999954,-23.437891399999955],[-45.31857779999996,-23.43776699999995],[-45.31950619999998,-23.43714179999995],[-45.320974999999976,-23.43664679999995],[-45.32156999999995,-23.43620119999997],[-45.32264709999998,-23.43505739999995],[-45.323080199999936,-23.434823199999983],[-45.32360649999998,-23.434838799999966],[-45.32393289999993,-23.43504939999997],[-45.32436039999993,-23.43581269999993],[-45.324375799999984,-23.43584009999995],[-45.32439139999997,-23.435868099999936],[-45.32452159999997,-23.43610039999993],[-45.32538069999998,-23.43703469999997],[-45.326146999999935,-23.437606399999936],[-45.326777799999945,-23.43782299999998],[-45.32768909999993,-23.43759099999994],[-45.33012789999998,-23.435978499999976],[-45.33015349999994,-23.43596119999995],[-45.33017929999994,-23.43594429999996],[-45.33018169999997,-23.43594269999994],[-45.33114379999995,-23.435428599999966],[-45.33240579999995,-23.43493189999998],[-45.33389109999996,-23.434572899999978],[-45.33473299999997,-23.434455299999968],[-45.334954799999934,-23.434442899999965],[-45.33502469999996,-23.43443899999994],[-45.33506659999995,-23.434436699999935],[-45.336965599999985,-23.434330899999964],[-45.338728999999944,-23.43460259999995],[-45.343533699999966,-23.435571899999957],[-45.34361519999993,-23.435595999999975],[-45.343647799999985,-23.43560569999994],[-45.343681699999934,-23.43561569999997],[-45.34660139999994,-23.43648049999996],[-45.348591399999975,-23.437587899999983],[-45.353165599999954,-23.44059509999994],[-45.354058899999984,-23.440980999999965],[-45.35513839999993,-23.44115759999994],[-45.35581599999995,-23.441156299999932],[-45.36107539999995,-23.440666499999963],[-45.361666799999966,-23.440737499999955],[-45.362271299999975,-23.44122219999997],[-45.362386699999945,-23.44148119999994],[-45.363333299999965,-23.444915299999934],[-45.36411919999995,-23.446844599999963],[-45.364130399999965,-23.44687239999996],[-45.36414179999997,-23.44690019999996],[-45.364374699999985,-23.44747209999997],[-45.365011799999934,-23.448657399999945],[-45.36557759999994,-23.449254699999983],[-45.36630379999997,-23.449753199999975],[-45.36734299999995,-23.45006829999994],[-45.369134299999985,-23.45039769999994],[-45.36940599999997,-23.45060609999996],[-45.369546999999955,-23.450824199999943],[-45.36956479999998,-23.45085169999993],[-45.369582599999944,-23.45087929999994],[-45.36967219999997,-23.451017599999943],[-45.36967989999994,-23.451206999999954],[-45.36968579999996,-23.451353799999936],[-45.369691399999965,-23.45148809999995],[-45.369613399999935,-23.451653999999962],[-45.36952349999996,-23.45185079999993],[-45.36898069999995,-23.45219009999994],[-45.36855399999996,-23.452335699999935],[-45.368505899999946,-23.452352099999928],[-45.368457699999965,-23.452368599999943],[-45.36812119999996,-23.45248339999995],[-45.36760439999995,-23.452799099999936],[-45.36759989999996,-23.45281209999996],[-45.367588499999954,-23.45284449999997],[-45.36757719999997,-23.452876999999944],[-45.36744769999996,-23.453246599999943],[-45.36757199999994,-23.45375779999995],[-45.368267499999945,-23.454440999999974],[-45.37064979999997,-23.455524099999934],[-45.37287479999998,-23.45671679999998],[-45.37354209999995,-23.457217499999956],[-45.37389489999998,-23.457759099999976],[-45.37403279999995,-23.458304299999952],[-45.37400679999996,-23.458554599999957],[-45.37400149999996,-23.45860659999994],[-45.374000799999976,-23.45861249999996],[-45.37396959999995,-23.45868939999997],[-45.373226999999986,-23.460517899999957],[-45.372747799999956,-23.462400899999977],[-45.37273019999998,-23.464372699999956],[-45.37272959999996,-23.464440799999977],[-45.37272849999994,-23.46456029999996],[-45.37272079999997,-23.465418799999952],[-45.37278219999996,-23.465642099999968],[-45.37279899999993,-23.465703299999973],[-45.372818999999936,-23.46577629999996],[-45.373195899999985,-23.467147999999952],[-45.37374859999994,-23.46829109999993],[-45.375167799999986,-23.470002199999954],[-45.375187299999936,-23.47002569999995],[-45.37520669999998,-23.47004919999995],[-45.37523629999998,-23.47008489999996],[-45.376301499999954,-23.470964899999956],[-45.377949899999976,-23.47205699999995],[-45.37818349999998,-23.47215559999995],[-45.38008259999998,-23.472957899999983],[-45.38082939999998,-23.473143899999968],[-45.38154569999995,-23.473525499999937],[-45.38182439999997,-23.473553299999935],[-45.38246839999994,-23.473377099999936],[-45.38286999999997,-23.473399099999938],[-45.38410189999996,-23.47397909999995],[-45.38526889999997,-23.473992899999928],[-45.385789399999965,-23.474116399999957],[-45.38661289999993,-23.474165099999937],[-45.38727439999997,-23.47438049999994],[-45.38775139999996,-23.474733699999945],[-45.38825369999995,-23.47552459999997],[-45.38865519999996,-23.476822399999946],[-45.388721299999986,-23.47735739999996],[-45.389630299999965,-23.47785159999995],[-45.38999359999997,-23.47781589999994],[-45.390410299999985,-23.477620999999942],[-45.39061319999996,-23.477623199999982],[-45.39078449999994,-23.477731999999946],[-45.39110449999998,-23.478282699999966],[-45.39125329999996,-23.47837329999993],[-45.391508399999964,-23.478439699999967],[-45.39172229999997,-23.478448699999944],[-45.391864399999974,-23.478480599999955],[-45.39193209999996,-23.47855069999997],[-45.39192849999995,-23.478601099999935],[-45.391945799999974,-23.478646899999944],[-45.39195079999996,-23.47874479999996],[-45.39196629999998,-23.478814099999965],[-45.39203699999996,-23.47887879999996],[-45.392034999999964,-23.478937799999983],[-45.392199999999946,-23.479054899999937],[-45.39221289999995,-23.47909119999997],[-45.39223579999998,-23.479155399999968],[-45.39221229999998,-23.479430899999954],[-45.392304399999944,-23.479556299999956],[-45.39239409999993,-23.479661799999974],[-45.392542299999945,-23.479779099999973],[-45.392584599999964,-23.479857299999935],[-45.392577899999935,-23.48001359999995],[-45.39258319999993,-23.480117399999983],[-45.392616499999974,-23.480184399999928],[-45.39269989999997,-23.480268399999943],[-45.39274679999994,-23.480412899999976],[-45.39282689999993,-23.480580699999962],[-45.39291709999998,-23.480698399999937],[-45.39293459999993,-23.480855799999972],[-45.392901999999935,-23.48100089999997],[-45.39293269999996,-23.481159599999955],[-45.39298999999994,-23.48128939999998],[-45.39312479999995,-23.481430199999977],[-45.39329759999998,-23.481543699999975],[-45.393350699999985,-23.48163969999996],[-45.39345609999998,-23.481712199999947],[-45.393618499999945,-23.48175599999996],[-45.393591399999934,-23.481871499999954],[-45.39362349999993,-23.481951399999957],[-45.39370629999996,-23.481966599999964],[-45.39373449999994,-23.48222629999998],[-45.39380159999996,-23.482307499999933],[-45.393848899999966,-23.482491799999934],[-45.39385899999996,-23.48265269999996],[-45.393936199999985,-23.482714999999928],[-45.39407929999993,-23.482388399999934],[-45.39409039999998,-23.482255099999975],[-45.39412459999994,-23.482153299999936],[-45.39425069999993,-23.48211059999994],[-45.394376799999975,-23.48207949999994],[-45.394435999999985,-23.481994199999974],[-45.39457889999994,-23.482022299999983],[-45.394640299999935,-23.481978099999935],[-45.39486299999993,-23.481744899999967],[-45.394911699999966,-23.48162259999998],[-45.39482039999996,-23.481508599999927],[-45.39464769999995,-23.481459799999982],[-45.394548499999985,-23.48136809999994],[-45.39504539999996,-23.481046599999956],[-45.39610129999994,-23.480737499999975],[-45.396105199999965,-23.480736299999933],[-45.396127099999944,-23.480714699999965],[-45.39615079999993,-23.480691299999933],[-45.39623169999993,-23.48061139999993],[-45.396243599999934,-23.480599599999948],[-45.39625139999998,-23.48058179999998],[-45.39626759999993,-23.48054439999993],[-45.39654139999993,-23.479914399999927],[-45.39694819999994,-23.479541499999982],[-45.398023999999964,-23.47927149999998],[-45.399094899999966,-23.479255799999976],[-45.39918819999997,-23.479302599999983],[-45.39930579999998,-23.479361599999947],[-45.39941769999996,-23.479417699999942],[-45.39944859999997,-23.47944679999995],[-45.400045999999975,-23.48000849999994],[-45.40031309999995,-23.48043789999997],[-45.40033989999995,-23.48089729999998],[-45.40054729999997,-23.481236499999966],[-45.401440099999945,-23.481755799999974],[-45.40224989999996,-23.482494499999973],[-45.402981599999976,-23.48279249999996],[-45.40444659999997,-23.482779499999936],[-45.40482569999995,-23.48289159999996],[-45.40528619999998,-23.483152399999938],[-45.405742499999974,-23.48355369999996],[-45.40590099999997,-23.48375089999996],[-45.405933699999935,-23.48379149999994],[-45.405960999999934,-23.483825599999932],[-45.40684089999996,-23.484920099999954],[-45.40727179999993,-23.485109499999965],[-45.40815479999998,-23.485163099999966],[-45.40838599999995,-23.48546779999998],[-45.408483399999966,-23.485808299999974],[-45.40850299999994,-23.486087099999963],[-45.408506099999954,-23.48612769999994],[-45.40850859999995,-23.486162599999943],[-45.40851109999994,-23.486197699999934],[-45.40857589999996,-23.48710989999995],[-45.40851369999996,-23.488078599999938],[-45.408649099999934,-23.488927699999977],[-45.40865689999998,-23.488976599999944],[-45.40866689999996,-23.489039299999945],[-45.408714799999984,-23.489339599999937],[-45.40872509999997,-23.48983499999997],[-45.40872699999994,-23.48992899999996],[-45.40872829999995,-23.489991999999972],[-45.408732499999985,-23.49019439999995],[-45.409551499999964,-23.490900799999963],[-45.409564399999965,-23.490911899999958],[-45.40990179999994,-23.49139459999998],[-45.40993919999994,-23.491448099999957],[-45.410150999999985,-23.491751299999976],[-45.41019199999994,-23.492123599999957],[-45.410198299999934,-23.49218079999997],[-45.41020839999993,-23.49227159999998],[-45.41022179999993,-23.492393999999933],[-45.41017839999995,-23.49426079999995],[-45.41039249999994,-23.49684039999994],[-45.41075099999995,-23.497612699999934],[-45.41120969999997,-23.497919099999933],[-45.41541529999995,-23.498608599999955],[-45.41601889999998,-23.498858499999983],[-45.416309299999966,-23.499382399999945],[-45.416507399999944,-23.50060009999993],[-45.41683399999994,-23.501788199999964],[-45.41723549999995,-23.502578899999946],[-45.41770989999998,-23.50297749999993],[-45.41773619999998,-23.502999599999953],[-45.41776149999998,-23.503020899999967],[-45.417798999999945,-23.503052399999945],[-45.418912699999964,-23.503706399999942],[-45.42084889999995,-23.50439719999997],[-45.421276999999975,-23.50467509999993],[-45.42155059999993,-23.50515779999995],[-45.42186929999997,-23.506150099999957],[-45.42235489999996,-23.50714069999998],[-45.42331349999995,-23.508429599999943],[-45.42410449999994,-23.509115299999962],[-45.424857299999985,-23.509604399999944],[-45.42550319999998,-23.509882499999947],[-45.427038799999934,-23.51012849999995],[-45.42787569999996,-23.510411699999963],[-45.42934719999994,-23.511446299999932],[-45.43174359999995,-23.51294889999997],[-45.43478829999998,-23.51461859999995],[-45.437887699999976,-23.516083299999934],[-45.43937889999995,-23.517057999999963],[-45.439671499999974,-23.517386199999976],[-45.44001279999998,-23.51776899999993],[-45.44003849999996,-23.517797899999948],[-45.440092499999935,-23.51785849999993],[-45.44041919999995,-23.518224999999973],[-45.44075609999993,-23.518820199999936],[-45.44080519999994,-23.518906999999956],[-45.44082759999998,-23.518946599999936],[-45.440948799999944,-23.51916069999993],[-45.442250299999955,-23.523741599999937],[-45.44285419999994,-23.525057699999934],[-45.443133899999964,-23.52547569999996],[-45.44315839999996,-23.525512499999934],[-45.44317579999995,-23.52553839999996],[-45.44383039999997,-23.526516799999968],[-45.445874499999945,-23.529157899999973],[-45.44688619999994,-23.530659299999968],[-45.44680379999994,-23.53096119999998],[-45.445779399999935,-23.53209359999994],[-45.445308599999976,-23.53245329999993],[-45.444168899999966,-23.53308199999998],[-45.44324599999993,-23.533380199999954],[-45.44195949999994,-23.53322049999997],[-45.44057799999996,-23.53194439999993],[-45.43967909999998,-23.530607699999962],[-45.43914559999996,-23.529988999999944],[-45.437422699999956,-23.528909299999953],[-45.43686939999998,-23.528427499999964],[-45.43631719999996,-23.527734299999963],[-45.435765999999944,-23.527326099999982],[-45.43374359999996,-23.52668799999998],[-45.43174329999994,-23.52550169999995],[-45.43026629999997,-23.52423289999996],[-45.42847489999997,-23.52254329999994],[-45.428452799999945,-23.522522399999957],[-45.428429999999935,-23.522500999999977],[-45.42647559999995,-23.52065769999996],[-45.42557969999996,-23.519580099999928],[-45.42480249999994,-23.519133499999953],[-45.42399259999996,-23.51905339999996],[-45.41938309999995,-23.520136699999966],[-45.41833109999993,-23.520202799999936],[-45.41661809999994,-23.52010199999995],[-45.41560999999996,-23.519888299999934],[-45.41439029999998,-23.519263399999943],[-45.412027499999965,-23.517412099999945],[-45.411999599999945,-23.517390399999954],[-45.411973899999964,-23.51737019999996],[-45.411614199999974,-23.517088299999955],[-45.41059309999997,-23.51674209999993],[-45.409410099999945,-23.51671239999996],[-45.408990899999935,-23.516818799999953],[-45.408961799999986,-23.51682619999997],[-45.40893259999996,-23.516833599999927],[-45.40797569999995,-23.517076499999973],[-45.405901599999936,-23.518013099999962],[-45.40361779999995,-23.51956009999998],[-45.40133709999998,-23.521374099999946],[-45.400482899999986,-23.52179149999995],[-45.39920769999998,-23.52207459999994],[-45.396893699999964,-23.52232859999998],[-45.39551009999997,-23.522634599999947],[-45.39546839999997,-23.522643899999935],[-45.39542579999994,-23.522653299999945],[-45.39440019999995,-23.522880099999952],[-45.39327689999993,-23.523001299999976],[-45.38927819999998,-23.52321479999995],[-45.385207899999955,-23.523114199999952],[-45.384473199999945,-23.52297089999996],[-45.38443069999994,-23.522962699999937],[-45.384394199999974,-23.522955499999966],[-45.384376799999984,-23.52295209999994],[-45.38378049999994,-23.522681999999975],[-45.38244099999997,-23.521327199999973],[-45.38182079999996,-23.52038909999993],[-45.381009699999936,-23.51841289999993],[-45.38084649999996,-23.518149499999936],[-45.380619199999956,-23.517980199999954],[-45.375315599999965,-23.517840399999955],[-45.37340469999998,-23.518005099999982],[-45.37134119999996,-23.517849599999977],[-45.37027059999997,-23.517348199999958],[-45.36935319999998,-23.516769099999976],[-45.36829719999997,-23.515925299999935],[-45.36714399999994,-23.51482889999994],[-45.36581989999996,-23.513871799999947],[-45.362762299999986,-23.51243979999998],[-45.36272919999993,-23.51242419999994],[-45.36269629999998,-23.51240869999998],[-45.36258669999995,-23.51235639999993],[-45.36254349999996,-23.512340799999947],[-45.36250529999995,-23.512328599999933],[-45.36247389999994,-23.512318499999935],[-45.36191679999996,-23.512140299999942],[-45.36139609999998,-23.512093799999946],[-45.36081189999993,-23.51220589999997],[-45.359326899999985,-23.512891099999933],[-45.35769019999998,-23.51348109999998],[-45.35680769999993,-23.513551699999937],[-45.35447179999994,-23.513198199999977],[-45.353972399999975,-23.513320299999975],[-45.353521299999954,-23.513779299999953],[-45.35347419999994,-23.51431699999995],[-45.35354209999997,-23.514478399999973],[-45.35606789999997,-23.517788999999937],[-45.35633109999998,-23.518203099999937],[-45.35640089999998,-23.51849809999993],[-45.35611069999993,-23.518943599999943],[-45.35441709999998,-23.519337699999937],[-45.353745199999935,-23.519635799999946],[-45.35318539999997,-23.520212399999934],[-45.352833499999974,-23.520982299999957],[-45.35282929999994,-23.522536499999944],[-45.352829199999974,-23.52265749999998],[-45.35282739999997,-23.523251399999936],[-45.35282569999998,-23.524022699999932],[-45.35248939999997,-23.525078399999927],[-45.352018199999975,-23.525664399999982],[-45.35056079999998,-23.52693869999996],[-45.35023219999994,-23.52762299999995],[-45.35019269999998,-23.528075099999967],[-45.35057119999993,-23.52871769999996],[-45.35136899999998,-23.52920599999993],[-45.35178689999998,-23.529221899999982],[-45.35324269999995,-23.528863999999942],[-45.353769399999976,-23.528821299999947],[-45.35437419999994,-23.52894779999997],[-45.354823599999975,-23.52915619999993],[-45.355307299999936,-23.529616499999975],[-45.35541399999994,-23.530186799999967],[-45.355391699999984,-23.532254299999977],[-45.35503449999993,-23.53344859999993],[-45.35431879999993,-23.534916099999975],[-45.354245599999956,-23.536221099999977],[-45.354404699999975,-23.536829199999943],[-45.354660499999966,-23.537310099999956],[-45.35504009999994,-23.537862299999972],[-45.35560179999993,-23.538316099999975],[-45.35582069999998,-23.53867219999995],[-45.35588549999994,-23.539356699999928],[-45.35562919999995,-23.539881899999955],[-45.355916399999956,-23.539871799999958],[-45.35762719999997,-23.540337799999975],[-45.36012279999994,-23.54150469999996],[-45.36264199999994,-23.541719599999965],[-45.362819599999966,-23.541928199999973],[-45.36310039999995,-23.543222199999946],[-45.36337919999994,-23.543934599999943],[-45.36366439999995,-23.544491499999936],[-45.36405259999998,-23.544674999999927],[-45.36428879999994,-23.544678999999974],[-45.364612299999976,-23.54454899999996],[-45.364931799999965,-23.544033499999955],[-45.36538879999995,-23.542768499999966],[-45.365831999999955,-23.542294699999957],[-45.36636579999998,-23.541936199999952],[-45.36720489999993,-23.541769099999954],[-45.36859069999997,-23.54194119999994],[-45.370380599999976,-23.54192139999998],[-45.37109989999993,-23.542173299999945],[-45.371519399999954,-23.542507299999954],[-45.37194589999996,-23.54325819999997],[-45.37202529999996,-23.544362899999953],[-45.371694899999966,-23.545986099999936],[-45.37162179999996,-23.547052699999938],[-45.37180729999994,-23.54770979999995],[-45.37211729999996,-23.54808349999996],[-45.37241869999997,-23.548244299999965],[-45.372906099999966,-23.54835259999993],[-45.37568989999994,-23.548393699999963],[-45.37659579999996,-23.54858329999996],[-45.37708329999998,-23.54901959999995],[-45.377452999999946,-23.54961959999997],[-45.37764069999997,-23.55045149999995],[-45.37788429999995,-23.550999799999943],[-45.37853809999996,-23.551396799999964],[-45.38038409999996,-23.551705199999958],[-45.38081599999998,-23.551897399999973],[-45.38144599999998,-23.552388099999973],[-45.38267529999996,-23.55394389999998],[-45.38378369999998,-23.55499569999995],[-45.38439239999997,-23.555334699999946],[-45.385507099999984,-23.555692499999964],[-45.386675399999945,-23.555876699999942],[-45.38761899999997,-23.555896299999972],[-45.38970759999995,-23.55570819999997],[-45.39013739999996,-23.555737999999963],[-45.39080729999995,-23.55595219999998],[-45.39150689999997,-23.556385699999964],[-45.392435499999976,-23.556708199999946],[-45.393353599999955,-23.55683389999996],[-45.39459329999994,-23.55666359999998],[-45.39683099999996,-23.556101799999965],[-45.397807299999954,-23.55610249999995],[-45.39998989999998,-23.55754829999995],[-45.40116079999996,-23.557947599999977],[-45.40223839999993,-23.55810889999998],[-45.40436289999997,-23.558092699999975],[-45.40763629999998,-23.55776229999998],[-45.40918689999995,-23.557848099999944],[-45.40980899999994,-23.55810349999996],[-45.41114909999993,-23.55930509999996],[-45.411817499999984,-23.559708099999966],[-45.412982599999964,-23.56004699999994],[-45.41410549999995,-23.56016139999997],[-45.41475349999996,-23.560066099999972],[-45.415631099999985,-23.559625799999935],[-45.41614999999996,-23.558862999999974],[-45.416484999999966,-23.558542599999953],[-45.417616099999975,-23.55794599999996],[-45.41789869999997,-23.557601199999965],[-45.41793809999996,-23.557298699999933],[-45.41818989999996,-23.556989899999962],[-45.41836189999998,-23.55691059999998],[-45.41883349999995,-23.55690059999995],[-45.42014259999996,-23.557213299999944],[-45.42089059999995,-23.55717889999994],[-45.42129969999996,-23.556984499999942],[-45.42142899999993,-23.556552499999952],[-45.42131029999996,-23.556088099999954],[-45.42090479999996,-23.555325799999935],[-45.420948299999964,-23.554751099999976],[-45.42156449999993,-23.553865499999972],[-45.42311719999998,-23.552508699999976],[-45.42354489999997,-23.551939799999957],[-45.42370099999994,-23.551217099999974],[-45.423600799999974,-23.549523499999964],[-45.424059899999975,-23.548698299999955],[-45.424406799999986,-23.54839019999997],[-45.42499429999998,-23.548302199999966],[-45.425444099999936,-23.548415499999976],[-45.42579869999997,-23.548620399999947],[-45.42627679999998,-23.549066799999935],[-45.427117099999975,-23.55029099999996],[-45.42843609999994,-23.551427599999954],[-45.43079489999997,-23.552853999999968],[-45.431450799999936,-23.553043099999968],[-45.431721799999934,-23.55302469999998],[-45.43266879999993,-23.552616799999953],[-45.433632699999976,-23.55241589999997],[-45.434221399999956,-23.552519699999948],[-45.43524279999997,-23.553016399999933],[-45.43687719999997,-23.553426399999978],[-45.437658099999965,-23.55342779999995],[-45.43928619999997,-23.55303189999995],[-45.43976449999997,-23.553129699999943],[-45.44048529999998,-23.55369239999993],[-45.44097709999994,-23.554335699999967],[-45.441096399999935,-23.555063599999983],[-45.44129929999997,-23.555352399999947],[-45.44162589999996,-23.555475099999967],[-45.44268489999996,-23.55557589999995],[-45.443908299999975,-23.556060199999934],[-45.44429939999998,-23.556668499999944],[-45.444482999999934,-23.558276199999966],[-45.44464419999997,-23.558678399999962],[-45.44578339999998,-23.559776399999976],[-45.44597679999998,-23.56008989999998],[-45.446489499999984,-23.563437799999974],[-45.44612099999995,-23.56513099999995],[-45.44615139999996,-23.56677069999995],[-45.44577799999996,-23.56790719999998],[-45.44581249999993,-23.568550699999946],[-45.44594719999998,-23.568817899999942],[-45.446342899999934,-23.569220299999927],[-45.44714339999996,-23.56946389999996],[-45.44872209999994,-23.569361799999967],[-45.450043799999946,-23.569122999999934],[-45.45085229999995,-23.569546099999968],[-45.450973199999964,-23.56972389999993],[-45.450926799999934,-23.57224119999995],[-45.45107459999997,-23.57293919999995],[-45.45159509999996,-23.573699699999963],[-45.452984399999934,-23.575118699999962],[-45.453529499999945,-23.575592899999947],[-45.45484129999994,-23.577508699999953],[-45.45517129999996,-23.577700499999935],[-45.45559509999998,-23.57771729999996],[-45.45663579999996,-23.577243599999974],[-45.45726129999997,-23.577102899999943],[-45.45699239999993,-23.577028199999972],[-45.45692719999994,-23.576898299999982],[-45.45692489999993,-23.576723499999957],[-45.457268099999965,-23.57592939999995],[-45.457132299999955,-23.575092199999972],[-45.45722359999996,-23.574399099999937],[-45.457070699999974,-23.574080799999933],[-45.456732999999986,-23.57371999999998],[-45.456672899999944,-23.57318179999993],[-45.45636399999995,-23.572938199999953],[-45.45547719999996,-23.572586099999967],[-45.45495469999997,-23.572111399999983],[-45.454863099999955,-23.57180079999995],[-45.45480919999994,-23.570549599999936],[-45.45437899999996,-23.56944189999996],[-45.45398949999998,-23.569215399999962],[-45.45310869999997,-23.56911809999997],[-45.45197349999995,-23.568168199999946],[-45.45171529999993,-23.56770329999995],[-45.45164369999998,-23.56743869999997],[-45.451640399999974,-23.56742669999994],[-45.451635599999975,-23.567408899999975],[-45.45162739999995,-23.567378599999927],[-45.45158479999998,-23.56722129999997],[-45.45096389999998,-23.566600499999936],[-45.450804999999946,-23.565967199999932],[-45.450084499999946,-23.564873199999965],[-45.45003249999996,-23.564661599999965],[-45.45014329999998,-23.564422099999945],[-45.45035809999996,-23.564288699999963],[-45.45121069999993,-23.564094999999952],[-45.45146859999994,-23.56378109999997],[-45.45151499999997,-23.56335439999998],[-45.45122109999994,-23.562474599999973],[-45.451184299999966,-23.56201559999994],[-45.451345499999945,-23.561635399999943],[-45.45187089999996,-23.561413499999958],[-45.45253109999993,-23.56113469999997],[-45.452977799999985,-23.560753999999974],[-45.45338779999997,-23.56077179999994],[-45.45440919999993,-23.56131499999998],[-45.45485949999994,-23.56176789999995],[-45.455586299999936,-23.561878299999933],[-45.45609209999998,-23.561855699999967],[-45.45639189999997,-23.56195269999995],[-45.45691729999993,-23.562397999999973],[-45.45691289999996,-23.56266119999998],[-45.457095599999946,-23.562869199999966],[-45.45702759999995,-23.56322119999993],[-45.45675029999995,-23.563470499999937],[-45.45675899999998,-23.563698599999952],[-45.45685739999993,-23.563769299999933],[-45.45730619999995,-23.563733799999966],[-45.457648699999936,-23.564230899999927],[-45.45803079999996,-23.56411909999997],[-45.45836189999994,-23.564369299999953],[-45.45866079999996,-23.56428429999994],[-45.45880869999996,-23.56436309999998],[-45.459036399999945,-23.564709799999946],[-45.45925699999998,-23.56475679999994],[-45.459656999999936,-23.564597499999934],[-45.46038469999996,-23.564679299999966],[-45.46070389999994,-23.56458379999998],[-45.46197259999997,-23.56337949999994],[-45.46306979999997,-23.562668599999938],[-45.46407059999996,-23.562095799999952],[-45.46596499999998,-23.561467799999946],[-45.466998099999955,-23.561334899999963],[-45.47028009999997,-23.561610299999927],[-45.474593899999945,-23.561499899999944],[-45.47690389999997,-23.56111839999994],[-45.47904319999998,-23.56046669999995],[-45.48024049999998,-23.560401799999966],[-45.481746699999974,-23.560567899999967],[-45.482991599999934,-23.560254699999973],[-45.48342619999994,-23.559802399999967],[-45.483788499999946,-23.558545099999947],[-45.484619399999985,-23.557323099999962],[-45.48482629999995,-23.55685669999997],[-45.48491979999994,-23.556186999999966],[-45.48470519999995,-23.554958299999953],[-45.483636599999954,-23.553795399999956],[-45.483055099999945,-23.55280849999997],[-45.48289129999995,-23.552217999999982],[-45.48294169999997,-23.55116959999998],[-45.48330329999993,-23.550344999999936],[-45.48457069999995,-23.548472799999956],[-45.485162199999934,-23.547356099999945],[-45.48593329999994,-23.545420999999976],[-45.48648559999998,-23.543228599999964],[-45.486923099999956,-23.542169799999954],[-45.488104299999975,-23.54017269999997],[-45.488896299999965,-23.539471899999967],[-45.48988879999996,-23.539084899999978],[-45.49070619999998,-23.53897509999996],[-45.49220809999997,-23.53908249999995],[-45.49405109999998,-23.53943229999993],[-45.49472689999993,-23.539560499999936],[-45.496101099999976,-23.53968519999995],[-45.49735569999996,-23.53958289999997],[-45.49841329999998,-23.539324799999974],[-45.499236199999984,-23.538963499999966],[-45.49984109999997,-23.53851499999996],[-45.50104349999998,-23.536959899999943],[-45.501581499999986,-23.536438799999928],[-45.50339519999994,-23.535047599999928],[-45.50420329999997,-23.533989899999938],[-45.504427799999974,-23.533112199999948],[-45.50432519999998,-23.532469499999934],[-45.50397339999995,-23.531614299999944],[-45.50352189999995,-23.530934699999932],[-45.50220369999994,-23.529430399999967],[-45.50142839999995,-23.528312099999937],[-45.50078309999998,-23.527142599999934],[-45.49919219999998,-23.523682399999927],[-45.498495599999956,-23.520925699999964],[-45.49788849999993,-23.519301199999973],[-45.49788859999995,-23.51787369999994],[-45.49841709999998,-23.516467499999976],[-45.499845499999935,-23.514400399999943],[-45.49993729999994,-23.513936599999965],[-45.49997059999998,-23.51243469999997],[-45.49911539999994,-23.50952159999997],[-45.49908879999998,-23.509037099999944],[-45.499423399999955,-23.50841349999996],[-45.50025629999993,-23.507742599999972],[-45.50071329999997,-23.50751639999993],[-45.50241319999998,-23.50711819999998],[-45.50382019999995,-23.506974799999966],[-45.50449729999997,-23.506741699999964],[-45.50482869999996,-23.506470099999945],[-45.50545949999997,-23.50569319999994],[-45.505706499999974,-23.50519399999996],[-45.50629109999994,-23.50273329999993],[-45.50648339999998,-23.50253399999997],[-45.507242099999985,-23.502297299999952],[-45.50756199999995,-23.501990999999975],[-45.50764069999997,-23.50130429999996],[-45.50752739999996,-23.501068799999928],[-45.50609949999995,-23.500201999999945],[-45.50587299999995,-23.499928099999977],[-45.50582869999994,-23.499656899999934],[-45.506088199999965,-23.49876759999995],[-45.50640579999998,-23.498633299999938],[-45.50741069999998,-23.498638299999982],[-45.50757569999996,-23.49849759999995],[-45.50765869999998,-23.497530599999948],[-45.50810939999997,-23.497385599999973],[-45.508357099999955,-23.497194699999966],[-45.50853069999994,-23.496981799999958],[-45.508697799999936,-23.49650509999998],[-45.508615299999974,-23.496035499999948],[-45.508102099999974,-23.49518869999997],[-45.50796779999996,-23.494686799999954],[-45.507964999999956,-23.494243899999958],[-45.50819219999994,-23.492729999999938],[-45.508189399999935,-23.49172429999993],[-45.50837339999998,-23.49034699999993],[-45.508604599999956,-23.489665899999977],[-45.50878849999998,-23.48958259999995],[-45.50907059999997,-23.49031659999997],[-45.509315399999934,-23.490292199999942],[-45.509400599999935,-23.49014169999998],[-45.50946419999997,-23.48877669999996],[-45.50927789999997,-23.488289899999927],[-45.50945619999993,-23.487805699999967],[-45.50939949999997,-23.487574999999936],[-45.50914769999997,-23.487404599999934],[-45.50908549999997,-23.48713689999994],[-45.509280599999954,-23.48675849999995],[-45.50930809999994,-23.48601169999995],[-45.50980569999996,-23.485671099999934],[-45.50978939999993,-23.485543899999982],[-45.50952559999996,-23.485300199999983],[-45.509540899999934,-23.48507879999994],[-45.509783099999936,-23.48492699999997],[-45.50951629999997,-23.484426799999937],[-45.50953439999995,-23.484317399999952],[-45.50958029999998,-23.484041299999944],[-45.51015879999994,-23.48389069999996],[-45.51147949999995,-23.48378729999996],[-45.511815799999965,-23.483559899999932],[-45.51230089999996,-23.482744599999933],[-45.51263339999997,-23.482560899999953],[-45.51287519999994,-23.482551499999943],[-45.51351049999994,-23.482720299999983],[-45.51386889999998,-23.483003099999962],[-45.515117799999985,-23.48451609999995],[-45.51557169999995,-23.485247699999945],[-45.51567639999996,-23.48535819999995],[-45.51592759999994,-23.485340399999927],[-45.51613999999995,-23.48510269999997],[-45.516389499999946,-23.48422889999995],[-45.51685859999998,-23.483644899999945],[-45.51714009999995,-23.483445899999936],[-45.518111499999975,-23.483042099999977],[-45.51958899999994,-23.48286289999993],[-45.519687499999975,-23.482735599999955],[-45.51968009999996,-23.482469899999955],[-45.51908989999998,-23.48198009999993],[-45.51912189999996,-23.48171119999995],[-45.520162099999936,-23.481592499999977],[-45.52022919999996,-23.481479699999966],[-45.52014329999997,-23.480637099999967],[-45.520294999999976,-23.48035129999994],[-45.52261189999996,-23.47881739999997],[-45.52296949999993,-23.478319599999963],[-45.522965399999975,-23.478048799999954],[-45.52264589999993,-23.47769549999998],[-45.522046899999964,-23.47743369999995],[-45.52171309999994,-23.47695239999996],[-45.52180059999995,-23.47585209999994],[-45.52174309999998,-23.473090499999955],[-45.52202429999994,-23.47109729999994],[-45.52153189999996,-23.469911099999933],[-45.52175119999998,-23.469475699999975],[-45.52172369999994,-23.468713399999956],[-45.52191639999995,-23.468583999999964],[-45.52206629999995,-23.46861619999993],[-45.52277389999995,-23.46936779999993],[-45.52310819999997,-23.469430599999953],[-45.52322319999996,-23.469348999999966],[-45.52324559999994,-23.469108199999937],[-45.52292079999995,-23.46847139999994],[-45.522937799999966,-23.46835939999994],[-45.52328339999997,-23.468307299999935],[-45.52370369999994,-23.467854899999963],[-45.52383359999993,-23.467908499999965],[-45.523860799999966,-23.468125999999927],[-45.523676199999954,-23.46864839999995],[-45.52388469999994,-23.468806599999937],[-45.52407889999995,-23.46881979999995],[-45.52453809999997,-23.468587299999967],[-45.524730699999964,-23.468230199999937],[-45.52453829999996,-23.46745629999998],[-45.52465179999996,-23.46703229999997],[-45.524564199999986,-23.46667259999998],[-45.52476049999996,-23.466165199999978],[-45.52429529999995,-23.465943899999957],[-45.524451699999986,-23.464777399999946],[-45.52431939999997,-23.46342059999995],[-45.524393299999986,-23.46314049999995],[-45.52478919999993,-23.46260979999994],[-45.52473889999993,-23.46249229999995],[-45.524542699999984,-23.462463799999966],[-45.52416509999995,-23.46252599999997],[-45.52406629999996,-23.46238619999997],[-45.524171999999965,-23.462022699999977],[-45.52405849999997,-23.46180499999997],[-45.52324589999995,-23.46125399999994],[-45.52233229999996,-23.460366799999974],[-45.52183539999993,-23.458808399999953],[-45.521874999999966,-23.458665399999973],[-45.52213949999998,-23.458546999999953],[-45.52315509999994,-23.458671699999968],[-45.52349369999996,-23.45846679999994],[-45.52358039999996,-23.458277899999928],[-45.52359489999998,-23.457579599999974],[-45.52391589999996,-23.457558399999982],[-45.52463979999993,-23.457690599999978],[-45.52504819999996,-23.457650799999954],[-45.525288899999964,-23.45746029999998],[-45.52550999999994,-23.456750799999952],[-45.525652899999955,-23.456555899999955],[-45.526061899999945,-23.45663079999997],[-45.526365099999964,-23.456564699999944],[-45.526669099999935,-23.45612219999998],[-45.52684309999995,-23.456190799999945],[-45.52693039999997,-23.45681559999997],[-45.52713339999997,-23.456784399999947],[-45.52742829999994,-23.45636029999997],[-45.52781299999998,-23.456156999999962],[-45.52792309999995,-23.455556199999933],[-45.52846079999995,-23.455245499999933],[-45.52875859999995,-23.455232799999976],[-45.529234299999985,-23.455535399999974],[-45.52937559999998,-23.455518799999936],[-45.52959029999994,-23.454954099999952],[-45.52971219999995,-23.45490239999998],[-45.53020319999996,-23.455225499999983],[-45.53048529999995,-23.455215599999974],[-45.53060499999998,-23.45471029999993],[-45.53075999999993,-23.454571699999974],[-45.53104509999997,-23.45464979999997],[-45.53139319999997,-23.455092399999955],[-45.531552499999975,-23.45510009999998],[-45.53192919999998,-23.45468479999994],[-45.53202729999998,-23.454729499999928],[-45.53204089999997,-23.455204299999934],[-45.53214269999995,-23.455268099999955],[-45.53301909999993,-23.45526949999993],[-45.53404039999998,-23.45512109999993],[-45.53436579999993,-23.45500059999995],[-45.53455119999995,-23.45481609999996],[-45.53457949999995,-23.45417679999997],[-45.53484759999998,-23.454153599999927],[-45.53522629999998,-23.45433349999996],[-45.53541649999994,-23.454211099999952],[-45.53543179999997,-23.453727999999956],[-45.53559569999993,-23.453511799999944],[-45.53594289999995,-23.453479399999935],[-45.53650369999997,-23.45364669999998],[-45.536802499999965,-23.453589299999976],[-45.53711279999993,-23.45307639999993],[-45.537360999999976,-23.45290689999996],[-45.53776329999994,-23.45302259999994],[-45.53792069999997,-23.452999699999964],[-45.538100499999985,-23.45282569999995],[-45.538330299999984,-23.452881099999956],[-45.538932099999954,-23.453693099999953],[-45.53888129999996,-23.454392999999982],[-45.53910899999994,-23.454433999999935],[-45.53927699999997,-23.454276299999947],[-45.53926819999998,-23.453725599999927],[-45.53956569999997,-23.45376579999993],[-45.53982909999996,-23.454151899999943],[-45.539982399999985,-23.454268499999955],[-45.54017419999997,-23.454274399999974],[-45.540685199999984,-23.453720199999964],[-45.54101039999995,-23.453679399999942],[-45.54120459999996,-23.453800099999967],[-45.541449099999966,-23.454146699999967],[-45.54167609999996,-23.454260099999942],[-45.54198239999994,-23.45420759999996],[-45.54238979999997,-23.453847699999983],[-45.543695699999944,-23.454000399999927],[-45.54400389999995,-23.453795599999978],[-45.54414099999997,-23.453491999999983],[-45.544469499999934,-23.45338499999997],[-45.54461509999993,-23.45342249999993],[-45.54488749999996,-23.45403579999993],[-45.545010299999944,-23.45412479999993],[-45.54594879999996,-23.45398259999996],[-45.546376899999984,-23.45406379999997],[-45.54643089999996,-23.454292599999974],[-45.546069699999975,-23.45458869999993],[-45.54634679999998,-23.454901099999972],[-45.546723199999974,-23.454947299999958],[-45.547010099999966,-23.454830999999956],[-45.54786309999997,-23.453804899999966],[-45.54808859999997,-23.453805399999965],[-45.54836949999998,-23.45402569999993],[-45.548510299999975,-23.454017199999953],[-45.549116899999945,-23.45343939999998],[-45.549571199999946,-23.453403799999933],[-45.549810099999945,-23.45291919999994],[-45.55000599999994,-23.452845499999967],[-45.55037349999998,-23.452832099999966],[-45.55100619999996,-23.45313219999997],[-45.55178459999996,-23.452871999999957],[-45.55246959999994,-23.452831699999933],[-45.552708199999984,-23.452733399999943],[-45.55307389999996,-23.45221349999997],[-45.55330299999997,-23.45209499999993],[-45.55346709999998,-23.452165599999944],[-45.55376199999995,-23.452704799999935],[-45.554013199999986,-23.45279359999995],[-45.55422489999995,-23.452717199999938],[-45.55423799999994,-23.452513499999952],[-45.554101499999945,-23.45222569999993],[-45.553679699999975,-23.45180149999993],[-45.553652399999976,-23.45164589999996],[-45.55383109999997,-23.451488799999936],[-45.554467099999954,-23.451461999999935],[-45.55502549999994,-23.450886099999934],[-45.555071399999974,-23.450766699999974],[-45.55476349999998,-23.45046069999995],[-45.55477999999994,-23.450233899999944],[-45.555647499999964,-23.45008239999993],[-45.55604029999995,-23.449857899999927],[-45.55599609999996,-23.44958399999996],[-45.55572049999995,-23.449218799999983],[-45.55593399999998,-23.44900789999997],[-45.55643409999993,-23.44879099999997],[-45.556623599999966,-23.44861839999993],[-45.55669899999998,-23.448343699999953],[-45.55651759999995,-23.44796109999993],[-45.55690569999996,-23.44762609999998],[-45.556904799999984,-23.447180599999967],[-45.55699279999993,-23.44704729999995],[-45.55710689999995,-23.446979099999965],[-45.55776179999998,-23.447086799999965],[-45.557992499999955,-23.44694409999994],[-45.55812309999993,-23.446603399999958],[-45.55840729999994,-23.446528099999966],[-45.55903939999996,-23.446577299999944],[-45.55928269999998,-23.446405699999957],[-45.559339499999965,-23.446253699999943],[-45.55923169999994,-23.446038199999975],[-45.55854579999993,-23.445910899999944],[-45.55841189999995,-23.445843599999932],[-45.55839709999998,-23.445692299999962],[-45.55850239999995,-23.445547399999953],[-45.55926699999998,-23.445257699999956],[-45.55933109999995,-23.445158899999967],[-45.55920839999993,-23.44465669999994],[-45.55925179999997,-23.444330999999977],[-45.55947209999994,-23.443997799999977],[-45.55975539999997,-23.44378269999993],[-45.56009319999998,-23.443682499999966],[-45.56100619999995,-23.443615799999975],[-45.56108389999997,-23.443535699999927],[-45.561113499999976,-23.443073099999935],[-45.56125969999994,-23.44294739999998],[-45.56178419999998,-23.442808799999966],[-45.56191089999993,-23.442605899999933],[-45.56192299999998,-23.44246309999994],[-45.56165539999995,-23.442125199999964],[-45.561093599999936,-23.44163709999998],[-45.56070509999995,-23.440814099999955],[-45.560288499999956,-23.440476299999943],[-45.56019269999996,-23.440226499999937],[-45.56025639999996,-23.439889299999948],[-45.56081599999993,-23.439355599999942],[-45.56094929999995,-23.43888149999998],[-45.561873299999945,-23.438166499999966],[-45.56212979999998,-23.437697199999945],[-45.562036399999954,-23.437209999999936],[-45.56128989999996,-23.43639029999997],[-45.56083939999996,-23.435112199999935],[-45.56103609999997,-23.434549199999935],[-45.56126169999993,-23.434240399999965],[-45.562341199999935,-23.43325509999994],[-45.56309239999996,-23.43283649999995],[-45.56340439999997,-23.432493799999975],[-45.56350939999993,-23.432109499999967],[-45.56339379999997,-23.429531999999938],[-45.56375889999998,-23.428297699999973],[-45.563613299999986,-23.427355099999943],[-45.563797299999976,-23.426775299999974],[-45.565795399999956,-23.424604899999963],[-45.56598299999996,-23.424490399999968],[-45.56635079999995,-23.42445719999995],[-45.56693039999993,-23.424590399999943],[-45.56726899999995,-23.424506399999927],[-45.56882669999993,-23.423274999999933],[-45.56900439999998,-23.422885699999938],[-45.56909939999997,-23.422196199999973],[-45.569803999999976,-23.42149269999993],[-45.56968949999998,-23.421136099999956],[-45.56922179999998,-23.420709599999952],[-45.569235499999934,-23.420404599999983],[-45.56924319999996,-23.420235699999978],[-45.56996659999993,-23.419359399999962],[-45.56704309999998,-23.41783689999994],[-45.56651729999993,-23.417690499999935],[-45.56617719999997,-23.41770539999993],[-45.56547269999993,-23.41822419999994],[-45.565155999999945,-23.418794299999945],[-45.564885799999956,-23.419740599999955],[-45.56452299999995,-23.420187299999952],[-45.56421169999993,-23.420304999999928],[-45.563842799999975,-23.420263699999964],[-45.56344059999998,-23.42007099999995],[-45.56324449999994,-23.41981039999996],[-45.56311269999998,-23.41931219999998],[-45.562846899999954,-23.415617099999963],[-45.56217379999998,-23.413818099999958],[-45.56224769999994,-23.41347429999996],[-45.56250209999996,-23.413281799999936],[-45.56315499999994,-23.41321729999993],[-45.563521299999934,-23.41308369999996],[-45.564404399999944,-23.412315399999954],[-45.56471479999993,-23.411597099999938],[-45.56565389999997,-23.411318499999936],[-45.56587859999996,-23.411176299999966],[-45.56612279999996,-23.410820199999932],[-45.566506499999946,-23.409738299999958],[-45.566954399999986,-23.409046199999977],[-45.56700179999996,-23.40881029999997],[-45.56690569999995,-23.40848879999993],[-45.56629659999993,-23.407636099999934],[-45.565240899999935,-23.406642099999942],[-45.56490649999995,-23.406475399999977],[-45.558150799999964,-23.405898499999978],[-45.55714619999998,-23.404765599999962],[-45.55703159999996,-23.40433369999994],[-45.55699279999993,-23.403361899999936],[-45.55682569999993,-23.40284749999995],[-45.55644569999998,-23.40265949999997],[-45.55539619999996,-23.40265789999995],[-45.55513929999995,-23.40255369999994],[-45.55474049999998,-23.401984699999957],[-45.553583499999945,-23.401687799999934],[-45.55332669999996,-23.401503799999944],[-45.55306909999996,-23.40111889999997],[-45.55295369999993,-23.40037879999994],[-45.55306809999996,-23.398742099999936],[-45.55295759999996,-23.39832389999998],[-45.55240949999995,-23.397792599999946],[-45.551207999999974,-23.396887599999957],[-45.55071039999996,-23.396639499999935],[-45.549697899999956,-23.39631989999998],[-45.54943019999996,-23.396016999999972],[-45.54920709999993,-23.395213699999942],[-45.54927429999998,-23.393978699999934]]]}},{"type":"Feature","properties":{"id":"353230610","cd_bairro":"353230610","bairro":"Bairro Alto","cd_mun":"3532306","municipio":"Natividade da Serra","cd_dist":"353230610","distrito":"Bairro Alto","fonte":"IBGE - Malha de Distritos CD2022","tipo_limite":"distrito","oficial":true},"geometry":{"type":"Polygon","coordinates":[[[-45.35282929999994,-23.522536499999944],[-45.352833499999974,-23.520982299999957],[-45.35318539999997,-23.520212399999934],[-45.353745199999935,-23.519635799999946],[-45.35441709999998,-23.519337699999937],[-45.35611069999993,-23.518943599999943],[-45.35640089999998,-23.51849809999993],[-45.35633109999998,-23.518203099999937],[-45.35606789999997,-23.517788999999937],[-45.35354209999997,-23.514478399999973],[-45.35347419999994,-23.51431699999995],[-45.353521299999954,-23.513779299999953],[-45.353972399999975,-23.513320299999975],[-45.35447179999994,-23.513198199999977],[-45.35680769999993,-23.513551699999937],[-45.35769019999998,-23.51348109999998],[-45.359326899999985,-23.512891099999933],[-45.36081189999993,-23.51220589999997],[-45.36139609999998,-23.512093799999946],[-45.36191679999996,-23.512140299999942],[-45.36247389999994,-23.512318499999935],[-45.36250529999995,-23.512328599999933],[-45.36254349999996,-23.512340799999947],[-45.36258669999995,-23.51235639999993],[-45.36269629999998,-23.51240869999998],[-45.36272919999993,-23.51242419999994],[-45.362762299999986,-23.51243979999998],[-45.36581989999996,-23.513871799999947],[-45.36714399999994,-23.51482889999994],[-45.36829719999997,-23.515925299999935],[-45.36935319999998,-23.516769099999976],[-45.37027059999997,-23.517348199999958],[-45.37134119999996,-23.517849599999977],[-45.37340469999998,-23.518005099999982],[-45.375315599999965,-23.517840399999955],[-45.380619199999956,-23.517980199999954],[-45.38084649999996,-23.518149499999936],[-45.381009699999936,-23.51841289999993],[-45.38182079999996,-23.52038909999993],[-45.38244099999997,-23.521327199999973],[-45.38378049999994,-23.522681999999975],[-45.384376799999984,-23.52295209999994],[-45.384394199999974,-23.522955499999966],[-45.38443069999994,-23.522962699999937],[-45.384473199999945,-23.52297089999996],[-45.385207899999955,-23.523114199999952],[-45.38927819999998,-23.52321479999995],[-45.39327689999993,-23.523001299999976],[-45.39440019999995,-23.522880099999952],[-45.39542579999994,-23.522653299999945],[-45.39546839999997,-23.522643899999935],[-45.39551009999997,-23.522634599999947],[-45.396893699999964,-23.52232859999998],[-45.39920769999998,-23.52207459999994],[-45.400482899999986,-23.52179149999995],[-45.40133709999998,-23.521374099999946],[-45.40361779999995,-23.51956009999998],[-45.405901599999936,-23.518013099999962],[-45.40797569999995,-23.517076499999973],[-45.40893259999996,-23.516833599999927],[-45.408961799999986,-23.51682619999997],[-45.408990899999935,-23.516818799999953],[-45.409410099999945,-23.51671239999996],[-45.41059309999997,-23.51674209999993],[-45.411614199999974,-23.517088299999955],[-45.411973899999964,-23.51737019999996],[-45.411999599999945,-23.517390399999954],[-45.412027499999965,-23.517412099999945],[-45.41439029999998,-23.519263399999943],[-45.41560999999996,-23.519888299999934],[-45.41661809999994,-23.52010199999995],[-45.41833109999993,-23.520202799999936],[-45.41938309999995,-23.520136699999966],[-45.42399259999996,-23.51905339999996],[-45.42480249999994,-23.519133499999953],[-45.42557969999996,-23.519580099999928],[-45.42647559999995,-23.52065769999996],[-45.428429999999935,-23.522500999999977],[-45.428452799999945,-23.522522399999957],[-45.42847489999997,-23.52254329999994],[-45.43026629999997,-23.52423289999996],[-45.43174329999994,-23.52550169999995],[-45.43374359999996,-23.52668799999998],[-45.435765999999944,-23.527326099999982],[-45.43631719999996,-23.527734299999963],[-45.43686939999998,-23.528427499999964],[-45.437422699999956,-23.528909299999953],[-45.43914559999996,-23.529988999999944],[-45.43967909999998,-23.530607699999962],[-45.44057799999996,-23.53194439999993],[-45.44195949999994,-23.53322049999997],[-45.44324599999993,-23.533380199999954],[-45.444168899999966,-23.53308199999998],[-45.445308599999976,-23.53245329999993],[-45.445779399999935,-23.53209359999994],[-45.44680379999994,-23.53096119999998],[-45.44688619999994,-23.530659299999968],[-45.445874499999945,-23.529157899999973],[-45.44383039999997,-23.526516799999968],[-45.44317579999995,-23.52553839999996],[-45.44315839999996,-23.525512499999934],[-45.443133899999964,-23.52547569999996],[-45.44285419999994,-23.525057699999934],[-45.442250299999955,-23.523741599999937],[-45.440948799999944,-23.51916069999993],[-45.44082759999998,-23.518946599999936],[-45.44080519999994,-23.518906999999956],[-45.44075609999993,-23.518820199999936],[-45.44041919999995,-23.518224999999973],[-45.440092499999935,-23.51785849999993],[-45.44003849999996,-23.517797899999948],[-45.44001279999998,-23.51776899999993],[-45.439671499999974,-23.517386199999976],[-45.43937889999995,-23.517057999999963],[-45.437887699999976,-23.516083299999934],[-45.43478829999998,-23.51461859999995],[-45.43174359999995,-23.51294889999997],[-45.42934719999994,-23.511446299999932],[-45.42787569999996,-23.510411699999963],[-45.427038799999934,-23.51012849999995],[-45.42550319999998,-23.509882499999947],[-45.424857299999985,-23.509604399999944],[-45.42410449999994,-23.509115299999962],[-45.42331349999995,-23.508429599999943],[-45.42235489999996,-23.50714069999998],[-45.42186929999997,-23.506150099999957],[-45.42155059999993,-23.50515779999995],[-45.421276999999975,-23.50467509999993],[-45.42084889999995,-23.50439719999997],[-45.418912699999964,-23.503706399999942],[-45.417798999999945,-23.503052399999945],[-45.41776149999998,-23.503020899999967],[-45.41773619999998,-23.502999599999953],[-45.41770989999998,-23.50297749999993],[-45.41723549999995,-23.502578899999946],[-45.41683399999994,-23.501788199999964],[-45.416507399999944,-23.50060009999993],[-45.416309299999966,-23.499382399999945],[-45.41601889999998,-23.498858499999983],[-45.41541529999995,-23.498608599999955],[-45.41120969999997,-23.497919099999933],[-45.41075099999995,-23.497612699999934],[-45.41039249999994,-23.49684039999994],[-45.41017839999995,-23.49426079999995],[-45.41022179999993,-23.492393999999933],[-45.41020839999993,-23.49227159999998],[-45.410198299999934,-23.49218079999997],[-45.41019199999994,-23.492123599999957],[-45.410150999999985,-23.491751299999976],[-45.40993919999994,-23.491448099999957],[-45.40990179999994,-23.49139459999998],[-45.409564399999965,-23.490911899999958],[-45.409551499999964,-23.490900799999963],[-45.408732499999985,-23.49019439999995],[-45.40872829999995,-23.489991999999972],[-45.40872699999994,-23.48992899999996],[-45.40872509999997,-23.48983499999997],[-45.408714799999984,-23.489339599999937],[-45.40866689999996,-23.489039299999945],[-45.40865689999998,-23.488976599999944],[-45.408649099999934,-23.488927699999977],[-45.40851369999996,-23.488078599999938],[-45.40857589999996,-23.48710989999995],[-45.40851109999994,-23.486197699999934],[-45.40850859999995,-23.486162599999943],[-45.408506099999954,-23.48612769999994],[-45.40850299999994,-23.486087099999963],[-45.408483399999966,-23.485808299999974],[-45.40838599999995,-23.48546779999998],[-45.40815479999998,-23.485163099999966],[-45.40727179999993,-23.485109499999965],[-45.40684089999996,-23.484920099999954],[-45.405960999999934,-23.483825599999932],[-45.405933699999935,-23.48379149999994],[-45.40590099999997,-23.48375089999996],[-45.405742499999974,-23.48355369999996],[-45.40528619999998,-23.483152399999938],[-45.40482569999995,-23.48289159999996],[-45.40444659999997,-23.482779499999936],[-45.402981599999976,-23.48279249999996],[-45.40224989999996,-23.482494499999973],[-45.401440099999945,-23.481755799999974],[-45.40054729999997,-23.481236499999966],[-45.40033989999995,-23.48089729999998],[-45.40031309999995,-23.48043789999997],[-45.400045999999975,-23.48000849999994],[-45.39944859999997,-23.47944679999995],[-45.39941769999996,-23.479417699999942],[-45.39930579999998,-23.479361599999947],[-45.39918819999997,-23.479302599999983],[-45.399094899999966,-23.479255799999976],[-45.398023999999964,-23.47927149999998],[-45.39694819999994,-23.479541499999982],[-45.39654139999993,-23.479914399999927],[-45.39626759999993,-23.48054439999993],[-45.39625139999998,-23.48058179999998],[-45.396243599999934,-23.480599599999948],[-45.39623169999993,-23.48061139999993],[-45.39615079999993,-23.480691299999933],[-45.396127099999944,-23.480714699999965],[-45.396105199999965,-23.480736299999933],[-45.39610129999994,-23.480737499999975],[-45.39504539999996,-23.481046599999956],[-45.394548499999985,-23.48136809999994],[-45.39464769999995,-23.481459799999982],[-45.39482039999996,-23.481508599999927],[-45.394911699999966,-23.48162259999998],[-45.39486299999993,-23.481744899999967],[-45.394640299999935,-23.481978099999935],[-45.39457889999994,-23.482022299999983],[-45.394435999999985,-23.481994199999974],[-45.394376799999975,-23.48207949999994],[-45.39425069999993,-23.48211059999994],[-45.39412459999994,-23.482153299999936],[-45.39409039999998,-23.482255099999975],[-45.39407929999993,-23.482388399999934],[-45.393936199999985,-23.482714999999928],[-45.39385899999996,-23.48265269999996],[-45.393848899999966,-23.482491799999934],[-45.39380159999996,-23.482307499999933],[-45.39373449999994,-23.48222629999998],[-45.39370629999996,-23.481966599999964],[-45.39362349999993,-23.481951399999957],[-45.393591399999934,-23.481871499999954],[-45.393618499999945,-23.48175599999996],[-45.39345609999998,-23.481712199999947],[-45.393350699999985,-23.48163969999996],[-45.39329759999998,-23.481543699999975],[-45.39312479999995,-23.481430199999977],[-45.39298999999994,-23.48128939999998],[-45.39293269999996,-23.481159599999955],[-45.392901999999935,-23.48100089999997],[-45.39293459999993,-23.480855799999972],[-45.39291709999998,-23.480698399999937],[-45.39282689999993,-23.480580699999962],[-45.39274679999994,-23.480412899999976],[-45.39269989999997,-23.480268399999943],[-45.392616499999974,-23.480184399999928],[-45.39258319999993,-23.480117399999983],[-45.392577899999935,-23.48001359999995],[-45.392584599999964,-23.479857299999935],[-45.392542299999945,-23.479779099999973],[-45.39239409999993,-23.479661799999974],[-45.392304399999944,-23.479556299999956],[-45.39221229999998,-23.479430899999954],[-45.39223579999998,-23.479155399999968],[-45.39221289999995,-23.47909119999997],[-45.392199999999946,-23.479054899999937],[-45.392034999999964,-23.478937799999983],[-45.39203699999996,-23.47887879999996],[-45.39196629999998,-23.478814099999965],[-45.39195079999996,-23.47874479999996],[-45.391945799999974,-23.478646899999944],[-45.39192849999995,-23.478601099999935],[-45.39193209999996,-23.47855069999997],[-45.391864399999974,-23.478480599999955],[-45.39172229999997,-23.478448699999944],[-45.391508399999964,-23.478439699999967],[-45.39125329999996,-23.47837329999993],[-45.39110449999998,-23.478282699999966],[-45.39078449999994,-23.477731999999946],[-45.39061319999996,-23.477623199999982],[-45.390410299999985,-23.477620999999942],[-45.38999359999997,-23.47781589999994],[-45.389630299999965,-23.47785159999995],[-45.388721299999986,-23.47735739999996],[-45.38865519999996,-23.476822399999946],[-45.38825369999995,-23.47552459999997],[-45.38775139999996,-23.474733699999945],[-45.38727439999997,-23.47438049999994],[-45.38661289999993,-23.474165099999937],[-45.385789399999965,-23.474116399999957],[-45.38526889999997,-23.473992899999928],[-45.38410189999996,-23.47397909999995],[-45.38286999999997,-23.473399099999938],[-45.38246839999994,-23.473377099999936],[-45.38182439999997,-23.473553299999935],[-45.38154569999995,-23.473525499999937],[-45.38082939999998,-23.473143899999968],[-45.38008259999998,-23.472957899999983],[-45.37818349999998,-23.47215559999995],[-45.377949899999976,-23.47205699999995],[-45.376301499999954,-23.470964899999956],[-45.37523629999998,-23.47008489999996],[-45.37520669999998,-23.47004919999995],[-45.375187299999936,-23.47002569999995],[-45.375167799999986,-23.470002199999954],[-45.37374859999994,-23.46829109999993],[-45.373195899999985,-23.467147999999952],[-45.372818999999936,-23.46577629999996],[-45.37279899999993,-23.465703299999973],[-45.37278219999996,-23.465642099999968],[-45.37272079999997,-23.465418799999952],[-45.37272849999994,-23.46456029999996],[-45.37272959999996,-23.464440799999977],[-45.37273019999998,-23.464372699999956],[-45.372747799999956,-23.462400899999977],[-45.373226999999986,-23.460517899999957],[-45.37396959999995,-23.45868939999997],[-45.374000799999976,-23.45861249999996],[-45.37400149999996,-23.45860659999994],[-45.37400679999996,-23.458554599999957],[-45.37403279999995,-23.458304299999952],[-45.37389489999998,-23.457759099999976],[-45.37354209999995,-23.457217499999956],[-45.37287479999998,-23.45671679999998],[-45.37064979999997,-23.455524099999934],[-45.368267499999945,-23.454440999999974],[-45.36757199999994,-23.45375779999995],[-45.36744769999996,-23.453246599999943],[-45.36757719999997,-23.452876999999944],[-45.367588499999954,-23.45284449999997],[-45.36759989999996,-23.45281209999996],[-45.36760439999995,-23.452799099999936],[-45.36812119999996,-23.45248339999995],[-45.368457699999965,-23.452368599999943],[-45.368505899999946,-23.452352099999928],[-45.36855399999996,-23.452335699999935],[-45.36898069999995,-23.45219009999994],[-45.36952349999996,-23.45185079999993],[-45.369613399999935,-23.451653999999962],[-45.369691399999965,-23.45148809999995],[-45.36968579999996,-23.451353799999936],[-45.36967989999994,-23.451206999999954],[-45.36967219999997,-23.451017599999943],[-45.369582599999944,-23.45087929999994],[-45.36956479999998,-23.45085169999993],[-45.369546999999955,-23.450824199999943],[-45.36940599999997,-23.45060609999996],[-45.369134299999985,-23.45039769999994],[-45.36734299999995,-23.45006829999994],[-45.36630379999997,-23.449753199999975],[-45.36557759999994,-23.449254699999983],[-45.365011799999934,-23.448657399999945],[-45.364374699999985,-23.44747209999997],[-45.36414179999997,-23.44690019999996],[-45.364130399999965,-23.44687239999996],[-45.36411919999995,-23.446844599999963],[-45.363333299999965,-23.444915299999934],[-45.362386699999945,-23.44148119999994],[-45.362271299999975,-23.44122219999997],[-45.361666799999966,-23.440737499999955],[-45.36107539999995,-23.440666499999963],[-45.35581599999995,-23.441156299999932],[-45.35513839999993,-23.44115759999994],[-45.354058899999984,-23.440980999999965],[-45.353165599999954,-23.44059509999994],[-45.348591399999975,-23.437587899999983],[-45.34660139999994,-23.43648049999996],[-45.343681699999934,-23.43561569999997],[-45.343647799999985,-23.43560569999994],[-45.34361519999993,-23.435595999999975],[-45.343533699999966,-23.435571899999957],[-45.338728999999944,-23.43460259999995],[-45.336965599999985,-23.434330899999964],[-45.33506659999995,-23.434436699999935],[-45.33502469999996,-23.43443899999994],[-45.334954799999934,-23.434442899999965],[-45.33473299999997,-23.434455299999968],[-45.33389109999996,-23.434572899999978],[-45.33240579999995,-23.43493189999998],[-45.33114379999995,-23.435428599999966],[-45.33018169999997,-23.43594269999994],[-45.33017929999994,-23.43594429999996],[-45.33015349999994,-23.43596119999995],[-45.33012789999998,-23.435978499999976],[-45.32768909999993,-23.43759099999994],[-45.326777799999945,-23.43782299999998],[-45.326146999999935,-23.437606399999936],[-45.32538069999998,-23.43703469999997],[-45.32452159999997,-23.43610039999993],[-45.32439139999997,-23.435868099999936],[-45.324375799999984,-23.43584009999995],[-45.32436039999993,-23.43581269999993],[-45.32393289999993,-23.43504939999997],[-45.32360649999998,-23.434838799999966],[-45.323080199999936,-23.434823199999983],[-45.32264709999998,-23.43505739999995],[-45.32156999999995,-23.43620119999997],[-45.320974999999976,-23.43664679999995],[-45.31950619999998,-23.43714179999995],[-45.31857779999996,-23.43776699999995],[-45.317876499999954,-23.437891399999955],[-45.31762089999995,-23.437858499999948],[-45.31700729999994,-23.43757379999994],[-45.31466309999996,-23.434791899999937],[-45.31448799999998,-23.43463079999998],[-45.314463699999976,-23.434608499999968],[-45.31443909999996,-23.43458579999998],[-45.31185209999995,-23.43220539999993],[-45.311826199999985,-23.432181699999944],[-45.31180189999998,-23.432159199999944],[-45.31097589999996,-23.431399299999953],[-45.31046329999998,-23.43074389999998],[-45.31011939999996,-23.429950899999938],[-45.31001969999994,-23.42845829999993],[-45.31026369999995,-23.427462099999957],[-45.31102149999998,-23.42578029999993],[-45.31146689999997,-23.425356999999963],[-45.31218639999997,-23.425090299999965],[-45.31223589999996,-23.42508399999997],[-45.312291399999935,-23.425076899999965],[-45.312345999999934,-23.425069899999983],[-45.313645399999984,-23.424904699999956],[-45.31704019999995,-23.42470929999996],[-45.31776019999995,-23.424538499999983],[-45.31795109999996,-23.424408399999948],[-45.31824389999997,-23.424039299999947],[-45.318506999999954,-23.423407899999972],[-45.31891839999997,-23.421713199999942],[-45.31914039999998,-23.419365699999958],[-45.319398699999965,-23.418180399999983],[-45.319660399999975,-23.417927799999973],[-45.32015099999995,-23.417740799999933],[-45.322560599999974,-23.41724549999998],[-45.32307849999995,-23.417001699999958],[-45.32345349999997,-23.416619199999957],[-45.32368719999994,-23.415867899999967],[-45.32362469999998,-23.415073399999983],[-45.323054799999966,-23.413304899999957],[-45.32294009999998,-23.41306099999997],[-45.32211629999995,-23.41122409999997],[-45.321454399999936,-23.410213399999975],[-45.321431899999936,-23.410179099999937],[-45.321410499999956,-23.41014629999995],[-45.320636099999945,-23.408977499999935],[-45.320252799999935,-23.40837829999998],[-45.319284599999946,-23.406466099999932],[-45.31870479999998,-23.40583309999994],[-45.318055399999935,-23.405484599999966],[-45.315941099999975,-23.404889799999978],[-45.31506349999995,-23.404552999999964],[-45.31420939999998,-23.404053499999975],[-45.31290089999993,-23.40299589999995],[-45.312408699999935,-23.402700099999947],[-45.31140879999998,-23.402286599999968],[-45.30978509999994,-23.40204209999996],[-45.30574539999998,-23.401994099999968],[-45.30358289999998,-23.401747599999965],[-45.30216189999993,-23.40143269999993],[-45.299752299999966,-23.40129159999998],[-45.299002299999984,-23.40138369999994],[-45.298070199999984,-23.40176249999996],[-45.29803869999995,-23.401774199999977],[-45.29800549999993,-23.40177979999993],[-45.29725179999997,-23.401906099999962],[-45.29663809999994,-23.401774599999953],[-45.29610219999995,-23.401413499999933],[-45.29583839999998,-23.40107379999995],[-45.295669499999974,-23.40015699999998],[-45.295791099999974,-23.399650399999928],[-45.298344499999985,-23.39785999999998],[-45.29896329999997,-23.39703129999998],[-45.298985699999946,-23.397002399999963],[-45.299008999999955,-23.39697209999997],[-45.29903959999996,-23.396932599999957],[-45.29916469999995,-23.39667079999998],[-45.29922629999993,-23.396107099999938],[-45.29908779999994,-23.395456299999978],[-45.29847479999995,-23.394033899999954],[-45.29847309999997,-23.39331539999995],[-45.29868229999994,-23.39240159999997],[-45.298553099999936,-23.391221799999983],[-45.29817149999997,-23.389813999999944],[-45.297496699999954,-23.388363199999958],[-45.29718939999998,-23.387315099999967],[-45.29708429999994,-23.38623169999994],[-45.297162199999946,-23.38431799999995],[-45.29708619999997,-23.383492299999943],[-45.29679179999994,-23.382963699999948],[-45.295968699999946,-23.38218729999994],[-45.29536879999995,-23.381431299999974],[-45.294764199999975,-23.37955429999994],[-45.294750299999976,-23.378748899999948],[-45.294750299999976,-23.37871729999995],[-45.294749699999954,-23.378685399999938],[-45.294749399999944,-23.37866749999995],[-45.294739499999935,-23.37806949999998],[-45.29528149999993,-23.37468629999995],[-45.295382899999936,-23.37322009999997],[-45.29515829999997,-23.371704499999964],[-45.29480849999993,-23.37109309999994],[-45.294192399999986,-23.37047949999993],[-45.29338059999998,-23.370054899999957],[-45.29170669999996,-23.36967139999996],[-45.291128699999945,-23.369484799999952],[-45.29110049999997,-23.36947509999993],[-45.29106969999998,-23.369465099999957],[-45.28936959999993,-23.36891449999996],[-45.28692599999994,-23.36773599999998],[-45.286875899999984,-23.367704999999944],[-45.28684969999995,-23.36768879999994],[-45.286823399999946,-23.367672599999935],[-45.28562199999993,-23.36693029999998],[-45.28487229999996,-23.366307499999948],[-45.284284799999966,-23.366003699999965],[-45.28356499999995,-23.365826999999967],[-45.28353519999996,-23.365819699999975],[-45.283505299999945,-23.36581239999998],[-45.28339479999994,-23.365785199999948],[-45.282557699999984,-23.365701399999978],[-45.28155769999995,-23.36582889999994],[-45.27924539999998,-23.366525299999978],[-45.277916199999936,-23.366753699999947],[-45.27788659999993,-23.366758799999957],[-45.27785699999998,-23.366763799999944],[-45.277292999999986,-23.366860799999927],[-45.27450209999995,-23.366745899999955],[-45.27331449999997,-23.366939999999943],[-45.272292499999935,-23.36740039999995],[-45.27017049999995,-23.368702799999937],[-45.26986119999998,-23.369009999999946],[-45.269287299999974,-23.369866799999954],[-45.268948799999976,-23.369961899999964],[-45.268694799999935,-23.369861799999967],[-45.26850049999996,-23.369657599999982],[-45.26749319999993,-23.367222699999957],[-45.26680029999994,-23.366467799999953],[-45.26632769999998,-23.366368199999954],[-45.266025499999955,-23.36661209999994],[-45.265710799999965,-23.367654399999935],[-45.26534499999997,-23.368460899999945],[-45.265174299999956,-23.36873099999997],[-45.26456179999997,-23.369296299999974],[-45.26353209999996,-23.369842199999937],[-45.26225699999998,-23.370188999999982],[-45.261742599999934,-23.370069199999932],[-45.26130919999997,-23.369702099999927],[-45.26107799999994,-23.36916789999998],[-45.26111389999994,-23.368461399999944],[-45.261289799999986,-23.367667599999947],[-45.261237499999936,-23.367034099999955],[-45.26099499999998,-23.36658179999995],[-45.26056079999995,-23.366078499999958],[-45.26028629999996,-23.365843799999936],[-45.25905609999995,-23.365169299999934],[-45.25869729999994,-23.364741899999956],[-45.258502799999974,-23.36415599999998],[-45.25828599999994,-23.363106699999946],[-45.25822819999996,-23.361785899999973],[-45.25840089999997,-23.35822049999996],[-45.25814479999997,-23.35769209999995],[-45.25742139999994,-23.356806499999948],[-45.25713119999995,-23.35630489999994],[-45.25704289999993,-23.35549029999993],[-45.25726059999994,-23.354745399999956],[-45.25866949999994,-23.35167309999997],[-45.25941869999997,-23.350445299999933],[-45.25998379999993,-23.350062699999967],[-45.26036809999994,-23.349947699999973],[-45.26039739999993,-23.34993899999995],[-45.26042589999997,-23.34993039999995],[-45.261280099999965,-23.349674899999968],[-45.262068899999974,-23.34896079999993],[-45.262091699999985,-23.348939599999937],[-45.26211619999998,-23.34891749999997],[-45.262126199999955,-23.34890839999997],[-45.26317469999998,-23.34823719999997],[-45.263721799999985,-23.347755099999972],[-45.26392099999998,-23.347453499999972],[-45.264063799999974,-23.34675919999995],[-45.26399879999997,-23.346569599999953],[-45.263980999999944,-23.346517499999948],[-45.26396489999996,-23.346470499999953],[-45.26394099999993,-23.34640049999996],[-45.26392979999997,-23.34636779999994],[-45.26391929999994,-23.34633709999997],[-45.26378619999997,-23.345947499999966],[-45.26345629999997,-23.345455199999947],[-45.26343939999998,-23.345429999999965],[-45.26342249999993,-23.345404799999983],[-45.26309409999993,-23.34491479999997],[-45.26307159999993,-23.34488099999993],[-45.26304689999995,-23.344844299999977],[-45.262054999999975,-23.34336419999994],[-45.26113109999994,-23.342325999999957],[-45.26055189999994,-23.341861799999947],[-45.26051259999997,-23.341830399999935],[-45.26047399999993,-23.341799399999957],[-45.259911199999976,-23.34134839999996],[-45.25914689999996,-23.340103099999965],[-45.25901959999993,-23.339508399999943],[-45.25896499999993,-23.33729109999996],[-45.258762899999965,-23.33644959999998],[-45.25851309999996,-23.336048799999958],[-45.25774169999994,-23.335224099999948],[-45.25723979999998,-23.333758699999976],[-45.25627819999994,-23.332564299999945],[-45.25597019999998,-23.332036699999946],[-45.25547229999995,-23.33088989999993],[-45.25546029999998,-23.330862399999944],[-45.25544839999998,-23.33083469999997],[-45.25536129999995,-23.33063429999993],[-45.25512199999997,-23.329776399999957],[-45.25482039999997,-23.329240999999968],[-45.254680399999984,-23.328763899999956],[-45.25424039999996,-23.327860899999962],[-45.25374359999995,-23.326156499999968],[-45.25359549999996,-23.32528309999998],[-45.25359149999997,-23.32397679999997],[-45.25321809999997,-23.322776499999975],[-45.25313689999996,-23.321677399999942],[-45.25293869999996,-23.320776099999932],[-45.252333799999974,-23.319076499999937],[-45.25195629999996,-23.318459099999927],[-45.251815299999976,-23.318398399999978],[-45.251521999999966,-23.318598099999974],[-45.25143289999994,-23.31883499999998],[-45.251261899999975,-23.320596399999943],[-45.250961099999984,-23.32159189999993],[-45.250419299999976,-23.32215759999997],[-45.247876099999985,-23.323559299999943],[-45.24763559999997,-23.323743899999954],[-45.24725749999993,-23.324352699999963],[-45.24715429999998,-23.324788499999954],[-45.24720329999997,-23.32606409999994],[-45.24709859999996,-23.32664139999997],[-45.246697799999936,-23.327118999999982],[-45.24618699999996,-23.32731819999998],[-45.24532399999998,-23.32739229999993],[-45.24348139999995,-23.32697849999994],[-45.24276969999994,-23.326481299999955],[-45.24186979999996,-23.325364699999966],[-45.241384799999935,-23.324922199999946],[-45.24071849999996,-23.32468819999997],[-45.24004959999996,-23.324700399999983],[-45.23950879999995,-23.324849599999936],[-45.23912549999994,-23.32512209999993],[-45.23863589999996,-23.325712099999976],[-45.23808809999997,-23.327553799999976],[-45.23770989999997,-23.328295999999966],[-45.237067999999965,-23.32892229999993],[-45.236666799999966,-23.329152699999952],[-45.23546819999996,-23.329353999999967],[-45.23264579999994,-23.32938729999995],[-45.23156259999996,-23.330658299999982],[-45.23103179999998,-23.331040799999982],[-45.23092239999994,-23.331213899999966],[-45.230766899999935,-23.333253799999966],[-45.230664899999965,-23.333240899999964],[-45.22961589999994,-23.332141899999954],[-45.229327799999965,-23.332099899999946],[-45.22858209999998,-23.332309299999963],[-45.22806949999995,-23.332328399999938],[-45.22701669999998,-23.33199849999994],[-45.22659519999996,-23.33176549999996],[-45.22509619999994,-23.330497299999934],[-45.22481049999993,-23.33021259999998],[-45.224788899999965,-23.330190999999957],[-45.22418179999994,-23.32958579999996],[-45.22377119999993,-23.329114199999935],[-45.22287359999996,-23.327640199999962],[-45.22241749999995,-23.327145599999938],[-45.22077399999995,-23.326224899999943],[-45.22021589999997,-23.325584799999945],[-45.21998769999993,-23.325036499999953],[-45.219736499999954,-23.32408719999995],[-45.21933739999997,-23.32257939999994],[-45.218705599999964,-23.32138169999996],[-45.217619199999945,-23.32031809999995],[-45.216625499999964,-23.319615399999975],[-45.21573189999998,-23.318598399999928],[-45.213953799999956,-23.316887399999928],[-45.21383969999994,-23.316674099999943],[-45.214082099999985,-23.315823299999977],[-45.21418969999996,-23.31493899999998],[-45.21409399999993,-23.313913499999956],[-45.21392489999994,-23.31355389999993],[-45.21213809999995,-23.31127989999993],[-45.20999809999995,-23.309872999999982],[-45.20884339999998,-23.308956099999932],[-45.206623899999954,-23.307804499999975],[-45.20587909999995,-23.307101199999977],[-45.205479099999934,-23.30688639999994],[-45.20371279999995,-23.306625199999928],[-45.20331519999996,-23.306418599999972],[-45.20322459999994,-23.306233499999962],[-45.20325129999998,-23.30600839999994],[-45.20352839999998,-23.30565389999998],[-45.20502839999995,-23.304257699999937],[-45.20544799999993,-23.303512499999954],[-45.205662899999936,-23.302884999999947],[-45.20557979999995,-23.30224709999993],[-45.20540589999996,-23.30181289999996],[-45.20509419999996,-23.30138809999994],[-45.204290999999955,-23.30106399999994],[-45.202802599999984,-23.300779699999964],[-45.20258819999998,-23.300584999999955],[-45.20248929999997,-23.300319799999954],[-45.20262219999995,-23.29967339999996],[-45.20326019999993,-23.29885349999995],[-45.203925099999935,-23.297702799999968],[-45.204089899999985,-23.297136999999964],[-45.20414819999996,-23.296050199999968],[-45.20403639999995,-23.295563899999934],[-45.20368289999993,-23.295105399999954],[-45.20351679999993,-23.294979799999965],[-45.203282799999954,-23.294802799999957],[-45.20279899999997,-23.294685499999957],[-45.19902309999998,-23.295461599999953],[-45.19801279999996,-23.295544199999938],[-45.19734539999996,-23.295507099999952],[-45.196194899999966,-23.295207499999947],[-45.195636099999945,-23.294921199999976],[-45.194834199999946,-23.294194999999945],[-45.19428769999996,-23.293973799999947],[-45.19370459999993,-23.294024599999943],[-45.19193149999995,-23.29476959999994],[-45.19067009999998,-23.295774199999983],[-45.19027579999994,-23.296004799999935],[-45.189859299999966,-23.29605319999996],[-45.18942939999994,-23.295728399999973],[-45.18880749999994,-23.294561699999974],[-45.18837099999996,-23.29414419999995],[-45.18794479999997,-23.293985199999952],[-45.18655699999994,-23.293764599999975],[-45.185145199999965,-23.293227399999978],[-45.18222939999998,-23.29180219999995],[-45.18049649999995,-23.29048219999993],[-45.17948239999998,-23.289943799999946],[-45.17595579999994,-23.28884089999997],[-45.17461709999998,-23.28786709999997],[-45.174041099999954,-23.287619999999947],[-45.17302799999993,-23.28742019999993],[-45.171876399999974,-23.28734609999998],[-45.17000589999998,-23.287539099999947],[-45.169259599999975,-23.287540499999977],[-45.16737789999996,-23.28729579999998],[-45.16437979999995,-23.28727349999997],[-45.16281189999995,-23.28701039999993],[-45.16197049999994,-23.287026999999966],[-45.16163689999996,-23.287155299999938],[-45.161383099999966,-23.28737849999993],[-45.16130539999995,-23.28763289999995],[-45.16151189999994,-23.288136099999974],[-45.16353329999998,-23.28947329999994],[-45.16418639999995,-23.290034599999956],[-45.16711289999995,-23.293651299999965],[-45.16808929999996,-23.294858399999953],[-45.168605199999945,-23.295244599999933],[-45.16936799999996,-23.295614899999975],[-45.170489299999986,-23.295880799999964],[-45.17111369999998,-23.296358099999964],[-45.171460399999944,-23.296784899999977],[-45.17187759999996,-23.29756679999997],[-45.172031499999946,-23.298167399999954],[-45.17209249999996,-23.29953389999997],[-45.17324549999995,-23.302298399999927],[-45.17403209999998,-23.303415299999983],[-45.17664069999995,-23.30651809999995],[-45.17800329999994,-23.30741269999993],[-45.17886489999995,-23.307771499999944],[-45.17991439999997,-23.308073599999943],[-45.18092889999997,-23.30866489999994],[-45.18126609999996,-23.308971199999974],[-45.18205809999995,-23.31009729999994],[-45.182608399999936,-23.310688599999935],[-45.18397029999994,-23.31186169999995],[-45.18545499999993,-23.312836499999946],[-45.186950199999956,-23.31343389999995],[-45.18830689999993,-23.313758399999983],[-45.188337299999944,-23.313765599999954],[-45.18836799999997,-23.31377299999997],[-45.18847359999995,-23.31379819999995],[-45.19021779999997,-23.313875699999983],[-45.19089249999996,-23.314216899999963],[-45.19109299999997,-23.314854999999966],[-45.19156879999997,-23.318738999999937],[-45.19206389999994,-23.320132499999943],[-45.19283189999993,-23.321356599999945],[-45.19624309999995,-23.324757499999976],[-45.19677809999996,-23.325580799999955],[-45.19704359999997,-23.326850399999955],[-45.19695029999997,-23.327988999999945],[-45.196754699999985,-23.328412399999934],[-45.19615269999997,-23.32900989999996],[-45.19613169999997,-23.329030699999976],[-45.19610989999995,-23.329052299999944],[-45.19605309999997,-23.32910869999995],[-45.19491929999998,-23.33058959999994],[-45.19386639999993,-23.331545699999936],[-45.19352709999998,-23.332228999999927],[-45.19349609999995,-23.33282739999993],[-45.19374809999994,-23.333473699999956],[-45.19425359999997,-23.33406259999998],[-45.19728049999998,-23.33620339999993],[-45.19744199999997,-23.33653039999996],[-45.19747479999995,-23.336906599999963],[-45.197307199999955,-23.33814669999998],[-45.19737169999996,-23.33845839999998],[-45.19753949999995,-23.338778499999933],[-45.19831869999996,-23.339318999999932],[-45.19882009999998,-23.33985299999995],[-45.199172499999975,-23.340521099999933],[-45.19928029999994,-23.340977599999974],[-45.199279599999954,-23.34156329999996],[-45.19906809999998,-23.34207729999997],[-45.19824229999995,-23.34315259999994],[-45.198122799999965,-23.343654699999945],[-45.19848559999997,-23.344371699999954],[-45.198747899999944,-23.345481699999937],[-45.198928499999965,-23.345859899999937],[-45.19938199999996,-23.34636249999994],[-45.200111799999945,-23.346938799999975],[-45.199869099999944,-23.348571499999935],[-45.20023619999995,-23.350095799999963],[-45.200964899999974,-23.351676899999973],[-45.20170479999996,-23.352911999999947],[-45.20193859999995,-23.353890599999943],[-45.201899899999944,-23.355402099999935],[-45.20158689999994,-23.357046099999934],[-45.20167259999994,-23.358970299999953],[-45.20233539999998,-23.359966399999962],[-45.20246759999998,-23.36038039999994],[-45.20243289999996,-23.36149359999996],[-45.202427099999966,-23.361676699999975],[-45.202418199999954,-23.361962999999946],[-45.20240769999998,-23.362283099999956],[-45.20305459999997,-23.363223699999935],[-45.20382399999994,-23.36411929999997],[-45.20402299999995,-23.364693699999975],[-45.20396779999993,-23.36489039999998],[-45.20304949999996,-23.365791299999955],[-45.201638799999955,-23.366921799999943],[-45.200215699999944,-23.36769339999995],[-45.20004259999996,-23.36795239999998],[-45.19984269999998,-23.368600499999957],[-45.19973569999996,-23.36941409999997],[-45.19979109999997,-23.369745799999976],[-45.20038279999994,-23.37032249999993],[-45.20051579999995,-23.370577099999934],[-45.20129519999995,-23.372633999999948],[-45.20121219999993,-23.37321869999994],[-45.20017949999993,-23.37498469999997],[-45.19986669999997,-23.376488999999935],[-45.19984899999997,-23.377683699999977],[-45.20032939999993,-23.37888739999994],[-45.20200049999994,-23.38019509999998],[-45.20281449999993,-23.38062739999998],[-45.20357679999995,-23.38083469999998],[-45.20566599999995,-23.381160799999975],[-45.205921599999954,-23.381385499999965],[-45.205813199999966,-23.38170279999997],[-45.20463589999997,-23.383579899999972],[-45.20449149999996,-23.38395339999994],[-45.20447349999995,-23.385372899999936],[-45.20428919999995,-23.386006599999973],[-45.203246699999966,-23.387771199999975],[-45.20382879999994,-23.38924389999994],[-45.204692499999965,-23.392656199999976],[-45.204628499999956,-23.39422179999997],[-45.204410999999936,-23.396075399999972],[-45.20418119999994,-23.39653899999996],[-45.20368849999994,-23.396961199999964],[-45.203142699999944,-23.397077599999932],[-45.20250949999996,-23.397035099999982],[-45.201638799999955,-23.39681909999996],[-45.20085659999995,-23.396289999999965],[-45.19911659999997,-23.394793899999968],[-45.19837409999997,-23.39456789999997],[-45.197134999999946,-23.394365299999947],[-45.196581899999956,-23.39395909999996],[-45.19600339999994,-23.393329499999936],[-45.19517479999996,-23.392762799999957],[-45.194554799999935,-23.39256519999998],[-45.193380899999966,-23.392371599999933],[-45.192746099999965,-23.39235229999997],[-45.191700699999956,-23.392582299999958],[-45.19129099999998,-23.392832599999963],[-45.19011729999994,-23.39392959999998],[-45.188487899999984,-23.395964799999945],[-45.18819499999995,-23.39616879999994],[-45.18746589999995,-23.39637339999996],[-45.186136999999974,-23.396459499999935],[-45.184978299999955,-23.396711799999935],[-45.18429279999998,-23.39673259999995],[-45.18326559999997,-23.396336599999927],[-45.181594899999936,-23.39511289999996],[-45.18048049999993,-23.39470129999995],[-45.17941989999997,-23.394761999999957],[-45.17708159999995,-23.39543459999993],[-45.175950099999966,-23.39536769999995],[-45.17503819999996,-23.395167999999956],[-45.17435859999995,-23.39586349999996],[-45.17348789999994,-23.39635389999995],[-45.17298009999996,-23.39654669999993],[-45.17049099999997,-23.397126499999956],[-45.17003059999996,-23.397342599999945],[-45.169681899999944,-23.397691099999975],[-45.169025199999965,-23.39911419999993],[-45.16877599999998,-23.40011499999997],[-45.16867419999994,-23.402855199999976],[-45.16894499999995,-23.40452099999993],[-45.16888319999998,-23.405402399999957],[-45.16861019999993,-23.406348099999946],[-45.168060999999966,-23.40765719999996],[-45.16727839999993,-23.40896659999993],[-45.166723099999956,-23.40961969999995],[-45.166386099999954,-23.410158799999977],[-45.166310299999964,-23.41044119999998],[-45.16633409999997,-23.410950299999968],[-45.16654539999996,-23.411351799999977],[-45.167344399999934,-23.411760999999956],[-45.167921999999976,-23.411918799999967],[-45.16859059999996,-23.41197509999995],[-45.169091099999946,-23.411878599999966],[-45.17010719999996,-23.410712099999955],[-45.17043229999996,-23.41061389999993],[-45.170743699999946,-23.410648399999957],[-45.17270039999994,-23.41176009999998],[-45.17455329999996,-23.41307569999998],[-45.17528009999995,-23.41345039999993],[-45.17660999999998,-23.413850899999943],[-45.176871699999936,-23.414084999999943],[-45.176852199999985,-23.41449499999993],[-45.176463199999944,-23.414727599999935],[-45.17590599999994,-23.414864699999953],[-45.17348409999994,-23.414948599999946],[-45.17322819999998,-23.415125899999964],[-45.17313399999995,-23.415420599999948],[-45.17326989999998,-23.415806199999963],[-45.17392389999998,-23.41682979999996],[-45.175748899999974,-23.41932689999993],[-45.17727339999993,-23.42121609999998],[-45.17761489999998,-23.42222309999994],[-45.17760549999997,-23.423946599999965],[-45.17831229999996,-23.424753799999962],[-45.178479299999935,-23.425246799999968],[-45.178458399999954,-23.425691599999936],[-45.178302299999984,-23.425958699999967],[-45.178049999999985,-23.42613979999993],[-45.175990799999965,-23.426689099999976],[-45.17583279999997,-23.42685309999996],[-45.17523539999996,-23.428426399999978],[-45.17497119999996,-23.430222499999957],[-45.17457959999996,-23.431502799999976],[-45.174557799999945,-23.432825399999956],[-45.17501149999998,-23.434338399999945],[-45.175282799999934,-23.43470919999993],[-45.17608249999995,-23.435166899999956],[-45.17632469999995,-23.435752699999966],[-45.176256799999976,-23.43610899999993],[-45.17572769999998,-23.43897579999998],[-45.17588039999998,-23.43979939999997],[-45.17607929999997,-23.440036199999952],[-45.17679899999996,-23.440518099999963],[-45.18001309999994,-23.441994999999963],[-45.18625869999994,-23.443855699999972],[-45.18682149999995,-23.444119199999932],[-45.18808389999998,-23.44521179999998],[-45.19173069999994,-23.44737639999994],[-45.19331979999998,-23.447733099999937],[-45.19510729999996,-23.447936999999968],[-45.19678099999993,-23.448421099999962],[-45.199153199999955,-23.45011939999995],[-45.20079679999998,-23.451773299999957],[-45.20162799999997,-23.45230609999993],[-45.20240279999996,-23.452480199999968],[-45.20353449999993,-23.452580999999952],[-45.20451209999993,-23.452432399999964],[-45.20581109999995,-23.452023999999938],[-45.206329799999935,-23.452039499999955],[-45.20695649999993,-23.452301099999943],[-45.209450699999934,-23.453789299999983],[-45.21144239999995,-23.45438779999995],[-45.21303369999998,-23.454625299999975],[-45.21359159999997,-23.45458119999995],[-45.21387379999993,-23.454422299999976],[-45.214389799999935,-23.45394779999998],[-45.21493639999994,-23.45317659999995],[-45.21532429999996,-23.453079099999968],[-45.21651149999997,-23.454039299999977],[-45.21786549999996,-23.45498189999995],[-45.22063739999993,-23.455159799999933],[-45.22149609999997,-23.455515899999966],[-45.22244329999995,-23.456429499999956],[-45.222927899999945,-23.456897199999958],[-45.225161399999934,-23.457783099999972],[-45.22633119999995,-23.458519199999955],[-45.227300499999956,-23.459262899999942],[-45.22791909999995,-23.459602899999936],[-45.22977069999996,-23.46030529999996],[-45.232245699999964,-23.460731599999974],[-45.23281279999998,-23.461050799999953],[-45.23377789999995,-23.46210949999994],[-45.234787799999935,-23.46287609999996],[-45.235482899999965,-23.46321759999995],[-45.23662009999998,-23.46339919999997],[-45.23799349999996,-23.463433599999973],[-45.23955339999998,-23.46367269999996],[-45.240778699999964,-23.46407769999996],[-45.241633399999955,-23.464526599999942],[-45.24225729999995,-23.465156099999945],[-45.24296949999996,-23.466627099999982],[-45.24353629999996,-23.467320599999937],[-45.24393029999993,-23.467618499999958],[-45.24560239999994,-23.468634099999974],[-45.246576199999936,-23.469105699999943],[-45.24779849999993,-23.46949619999998],[-45.249693899999954,-23.469719899999973],[-45.250384699999984,-23.470082599999955],[-45.25103789999997,-23.470775499999945],[-45.251214999999945,-23.471105199999954],[-45.25151649999998,-23.47222009999996],[-45.25162319999998,-23.473212299999943],[-45.25181879999997,-23.473648699999956],[-45.253372499999955,-23.47466129999998],[-45.257506399999954,-23.475956199999928],[-45.260578599999974,-23.477156199999968],[-45.261906299999964,-23.478059499999972],[-45.26238729999994,-23.478495599999974],[-45.26356649999997,-23.479907399999945],[-45.26492129999997,-23.480668899999955],[-45.265880599999946,-23.48149429999995],[-45.26664269999998,-23.481920899999977],[-45.267442399999936,-23.48221079999996],[-45.27025179999998,-23.482969699999956],[-45.27150939999996,-23.483097699999973],[-45.27343519999994,-23.48313289999993],[-45.27636959999995,-23.483117499999935],[-45.278033799999946,-23.48331109999998],[-45.278979799999945,-23.48384909999993],[-45.27964209999993,-23.48459889999998],[-45.280085499999984,-23.484893099999965],[-45.28055029999996,-23.48501289999996],[-45.28186069999998,-23.485070399999927],[-45.282915799999955,-23.484806399999968],[-45.28362329999993,-23.484755999999948],[-45.28431039999998,-23.48483539999995],[-45.28502169999996,-23.48503869999996],[-45.28673139999995,-23.48509409999997],[-45.28783509999994,-23.485014599999943],[-45.288339399999984,-23.485084599999936],[-45.28888169999993,-23.485396899999955],[-45.29023129999996,-23.486683699999958],[-45.29097169999994,-23.48711529999997],[-45.29236129999998,-23.488569199999972],[-45.29287889999995,-23.48894359999997],[-45.29364709999993,-23.48923519999994],[-45.295628799999974,-23.489567999999963],[-45.29673109999993,-23.49007249999994],[-45.29782499999993,-23.490719799999965],[-45.30043859999995,-23.492828199999963],[-45.301221399999974,-23.49325579999993],[-45.30313989999996,-23.493967599999962],[-45.30699599999997,-23.496020999999928],[-45.30894289999998,-23.49732649999993],[-45.30968599999994,-23.498060099999975],[-45.31061829999993,-23.499610399999938],[-45.31076449999995,-23.500202599999966],[-45.310762899999986,-23.500940699999944],[-45.31043009999996,-23.502146899999957],[-45.310117799999944,-23.502538999999956],[-45.30883469999998,-23.50371329999996],[-45.30857999999995,-23.504139099999975],[-45.30861079999994,-23.50457709999995],[-45.30882759999997,-23.504903499999955],[-45.30923029999997,-23.505147999999963],[-45.309849499999984,-23.505188499999974],[-45.31131669999996,-23.504997299999957],[-45.314033999999936,-23.505201299999953],[-45.31456289999994,-23.505376599999977],[-45.315549499999975,-23.506105699999978],[-45.316110599999945,-23.50677459999997],[-45.31667719999996,-23.508100399999933],[-45.31721249999998,-23.510391199999958],[-45.317488399999945,-23.513076099999978],[-45.317679699999985,-23.51401119999997],[-45.31853659999996,-23.51524919999997],[-45.31894209999996,-23.515630899999962],[-45.31987899999996,-23.516088499999967],[-45.32003179999998,-23.516255499999943],[-45.31997439999998,-23.51690279999997],[-45.319619399999965,-23.51768759999993],[-45.31850929999996,-23.519522799999947],[-45.31853649999994,-23.520061899999973],[-45.31882079999997,-23.52048069999995],[-45.319263099999944,-23.520853699999975],[-45.32012849999995,-23.521266999999966],[-45.32223279999994,-23.522051699999963],[-45.32285639999998,-23.52245789999995],[-45.32352479999997,-23.52312109999997],[-45.32369129999995,-23.52345189999994],[-45.32407469999998,-23.524999699999967],[-45.32423679999994,-23.526317499999948],[-45.32415529999997,-23.527878099999953],[-45.32445009999998,-23.528539399999943],[-45.32492849999994,-23.52916879999998],[-45.32645119999995,-23.530176599999947],[-45.32684309999996,-23.53059959999996],[-45.32734289999996,-23.531366399999968],[-45.32760749999994,-23.53154939999996],[-45.32788309999995,-23.53160939999998],[-45.32840129999994,-23.531517099999974],[-45.330020899999965,-23.530537799999934],[-45.330966399999966,-23.530185899999935],[-45.331996499999946,-23.529991999999936],[-45.33310339999997,-23.529913299999976],[-45.333511499999986,-23.530017399999963],[-45.33434049999994,-23.530790599999932],[-45.33583519999996,-23.533429199999944],[-45.33715889999996,-23.534897199999932],[-45.337963499999944,-23.535535599999946],[-45.33937139999995,-23.536189299999933],[-45.341240099999936,-23.53725019999996],[-45.341620699999964,-23.537577599999963],[-45.342231599999934,-23.538490199999956],[-45.34257319999995,-23.53929119999998],[-45.342747799999984,-23.540065899999945],[-45.342726599999935,-23.54089259999995],[-45.342358099999956,-23.54283429999998],[-45.34187749999995,-23.54672919999996],[-45.341913999999974,-23.54739509999996],[-45.342034499999954,-23.547798599999965],[-45.342234099999985,-23.54807569999997],[-45.34284619999994,-23.548390799999936],[-45.34319659999994,-23.548387799999944],[-45.34376499999996,-23.548127699999952],[-45.34416989999994,-23.547942399999954],[-45.34507639999998,-23.54764659999995],[-45.34727479999998,-23.547609299999976],[-45.34894829999996,-23.54788259999998],[-45.34973669999994,-23.547755799999948],[-45.35026319999997,-23.54728579999994],[-45.35050879999994,-23.54686399999997],[-45.35081149999996,-23.54600709999994],[-45.351530699999955,-23.544950099999937],[-45.35231909999993,-23.54424279999995],[-45.353444399999944,-23.543499399999973],[-45.353863099999955,-23.54304049999996],[-45.354107899999974,-23.542571899999928],[-45.35467529999994,-23.540883899999983],[-45.35524289999995,-23.540146499999935],[-45.35562919999995,-23.539881899999955],[-45.35588549999994,-23.539356699999928],[-45.35582069999998,-23.53867219999995],[-45.35560179999993,-23.538316099999975],[-45.35504009999994,-23.537862299999972],[-45.354660499999966,-23.537310099999956],[-45.354404699999975,-23.536829199999943],[-45.354245599999956,-23.536221099999977],[-45.35431879999993,-23.534916099999975],[-45.35503449999993,-23.53344859999993],[-45.355391699999984,-23.532254299999977],[-45.35541399999994,-23.530186799999967],[-45.355307299999936,-23.529616499999975],[-45.354823599999975,-23.52915619999993],[-45.35437419999994,-23.52894779999997],[-45.353769399999976,-23.528821299999947],[-45.35324269999995,-23.528863999999942],[-45.35178689999998,-23.529221899999982],[-45.35136899999998,-23.52920599999993],[-45.35057119999993,-23.52871769999996],[-45.35019269999998,-23.528075099999967],[-45.35023219999994,-23.52762299999995],[-45.35056079999998,-23.52693869999996],[-45.352018199999975,-23.525664399999982],[-45.35248939999997,-23.525078399999927],[-45.35282569999998,-23.524022699999932],[-45.35282739999997,-23.523251399999936],[-45.352829199999974,-23.52265749999998],[-45.35282929999994,-23.522536499999944]]]}}]}