{
"type": "FeatureCollection",
"name": "ilhabela-bairros-ibge",
"crs": { "type": "name", "properties": { "name": "urn:ogc:def:crs:OGC:1.3:CRS84" } },
"features": [
{ "type": "Feature", "properties": { "id": "3520400008", "cd_bairro": "3520400008", "bairro": "Armação", "cd_mun": "3520400", "municipio": "Ilhabela", "cd_dist": "352040005", "distrito": "Ilhabela" }, "geometry": { "type": "Polygon", "coordinates": [ [ [ -45.346898199999941, -23.74012369999997 ], [ -45.346924599999966, -23.740097899999967 ], [ -45.347139499999969, -23.739884 ], [ -45.347355899999968, -23.739684099999977 ], [ -45.34726459999996, -23.739625599999954 ], [ -45.347189499999956, -23.739553899999976 ], [ -45.347036299999957, -23.739466299999947 ], [ -45.346932199999969, -23.739381699999967 ], [ -45.346827699999949, -23.739278299999967 ], [ -45.346723099999963, -23.73917119999993 ], [ -45.346647699999949, -23.739097399999935 ], [ -45.346547899999962, -23.739031499999953 ], [ -45.346456099999955, -23.738957899999946 ], [ -45.346384799999953, -23.738884 ], [ -45.346276499999931, -23.738806799999963 ], [ -45.346168299999931, -23.738733499999967 ], [ -45.346096299999942, -23.738689399999942 ], [ -45.345996799999966, -23.738630899999976 ], [ -45.345888899999977, -23.738561299999958 ], [ -45.345772699999941, -23.738491899999929 ], [ -45.345636, -23.738419 ], [ -45.345515899999953, -23.738353299999972 ], [ -45.345371, -23.738280599999939 ], [ -45.345226199999956, -23.738211599999943 ], [ -45.345077299999957, -23.738142699999969 ], [ -45.344965799999954, -23.738099499999976 ], [ -45.34483739999996, -23.738026499999933 ], [ -45.344692699999939, -23.737961299999938 ], [ -45.344535499999949, -23.737873799999932 ], [ -45.344399, -23.737801 ], [ -45.344278799999984, -23.737720499999966 ], [ -45.344221, -23.73769139999996 ], [ -45.344247499999938, -23.73759339999998 ], [ -45.344241299999965, -23.737488399999961 ], [ -45.344125299999973, -23.737415299999952 ], [ -45.344097799999986, -23.737346899999977 ], [ -45.344067399999972, -23.737245899999948 ], [ -45.344028, -23.737206399999934 ], [ -45.343946499999959, -23.737122699999929 ], [ -45.343863099999965, -23.737069799999972 ], [ -45.343861, -23.736945 ], [ -45.343668399999956, -23.736902899999961 ], [ -45.343596699999978, -23.736866599999928 ], [ -45.343494699999951, -23.736778699999945 ], [ -45.343408599999975, -23.736709499999961 ], [ -45.343366, -23.736634699999968 ], [ -45.343312699999956, -23.73653429999996 ], [ -45.343283, -23.736446899999976 ], [ -45.343358299999977, -23.736390799999981 ], [ -45.34343279999996, -23.736282299999971 ], [ -45.3434, -23.736171399999932 ], [ -45.343395899999962, -23.736096 ], [ -45.343377099999941, -23.736002199999973 ], [ -45.343321299999957, -23.73586789999996 ], [ -45.343208799999957, -23.735707799999943 ], [ -45.34313839999993, -23.735635799999955 ], [ -45.343119399999978, -23.735553 ], [ -45.343073499999946, -23.735403299999973 ], [ -45.342981499999951, -23.735321099999965 ], [ -45.342892499999948, -23.735232399999973 ], [ -45.342846799999961, -23.735122499999932 ], [ -45.343022, -23.734992899999952 ], [ -45.343000899999936, -23.734872799999948 ], [ -45.342947299999935, -23.734752699999945 ], [ -45.342859199999964, -23.734621299999958 ], [ -45.342824399999984, -23.734540299999935 ], [ -45.342722099999946, -23.734440099999972 ], [ -45.342652399999963, -23.734337799999935 ], [ -45.342522199999962, -23.734258899999929 ], [ -45.342497499999979, -23.73417459999996 ], [ -45.342467599999964, -23.734111699999971 ], [ -45.342437199999949, -23.734001499999977 ], [ -45.342448499999932, -23.733916699999952 ], [ -45.342495099999951, -23.733786599999974 ], [ -45.342449099999953, -23.733672 ], [ -45.342387699999961, -23.733557599999983 ], [ -45.342406599999947, -23.733465399999943 ], [ -45.342332699999986, -23.733370199999968 ], [ -45.342261899999983, -23.733306099999936 ], [ -45.342277599999932, -23.733171899999945 ], [ -45.342257899999936, -23.733082799999977 ], [ -45.342268399999966, -23.732941499999981 ], [ -45.342237299999965, -23.732786499999975 ], [ -45.342162, -23.732618099999968 ], [ -45.342113799999936, -23.732522299999971 ], [ -45.34209629999998, -23.732480199999941 ], [ -45.341827299999977, -23.732574499999942 ], [ -45.341761499999961, -23.732599099999959 ], [ -45.341721399999983, -23.732614099999978 ], [ -45.34162989999993, -23.73265129999993 ], [ -45.341596599999946, -23.732664899999975 ], [ -45.341561699999943, -23.732679499999961 ], [ -45.341438899999957, -23.732775299999957 ], [ -45.34133989999998, -23.732849499999929 ], [ -45.34078889999995, -23.733034599999939 ], [ -45.340394799999956, -23.733036699999957 ], [ -45.340053299999965, -23.73304319999994 ], [ -45.339439699999957, -23.733301099999949 ], [ -45.339054799999985, -23.733570099999952 ], [ -45.338170299999945, -23.733940799999971 ], [ -45.337509699999941, -23.734144599999979 ], [ -45.336945199999946, -23.734204699999964 ], [ -45.336529, -23.734282 ], [ -45.337039, -23.735041 ], [ -45.337116199999969, -23.735564099999976 ], [ -45.337122099999931, -23.735603799999978 ], [ -45.33715, -23.735793 ], [ -45.337195, -23.73606 ], [ -45.337306, -23.736789 ], [ -45.337321, -23.737274 ], [ -45.337384, -23.737921 ], [ -45.337471, -23.738581 ], [ -45.337501, -23.738997 ], [ -45.337435, -23.739486 ], [ -45.337138, -23.739671 ], [ -45.336711, -23.739779 ], [ -45.336246, -23.739864 ], [ -45.335942, -23.740078 ], [ -45.335936, -23.740389 ], [ -45.336231, -23.740637 ], [ -45.336676, -23.74091 ], [ -45.33724, -23.741485 ], [ -45.337469, -23.741951 ], [ -45.337731, -23.742625 ], [ -45.338053, -23.743415 ], [ -45.338362, -23.744263 ], [ -45.338641, -23.744741 ], [ -45.338768099999982, -23.745139299999948 ], [ -45.338829699999962, -23.745369199999971 ], [ -45.341836, -23.744866 ], [ -45.342059, -23.744226 ], [ -45.342244, -23.743968 ], [ -45.342519, -23.743668 ], [ -45.342518, -23.743444 ], [ -45.342871, -23.742823 ], [ -45.343237, -23.742643 ], [ -45.343674, -23.742664 ], [ -45.344235, -23.742637 ], [ -45.344708, -23.742484 ], [ -45.345137499999964, -23.742315799999972 ], [ -45.345353499999931, -23.742170699999974 ], [ -45.345548199999939, -23.741985599999964 ], [ -45.345717199999967, -23.741580499999941 ], [ -45.346020399999929, -23.741335699999979 ], [ -45.346289199999944, -23.741169399999933 ], [ -45.346903099999963, -23.741125699999941 ], [ -45.346938, -23.741123199999947 ], [ -45.346945099999971, -23.741020899999967 ], [ -45.346971899999971, -23.740919099999928 ], [ -45.347038399999974, -23.740782499999966 ], [ -45.347124699999938, -23.740624 ], [ -45.347142699999949, -23.740429199999937 ], [ -45.347098699999947, -23.740279499999929 ], [ -45.347022899999956, -23.740188299999943 ], [ -45.346898199999941, -23.74012369999997 ] ] ] } },
{ "type": "Feature", "properties": { "id": "3520400020", "cd_bairro": "3520400020", "bairro": "Barra Velha", "cd_mun": "3520400", "municipio": "Ilhabela", "cd_dist": "352040005", "distrito": "Ilhabela" }, "geometry": { "type": "Polygon", "coordinates": [ [ [ -45.365678099999968, -23.821442399999967 ], [ -45.365641799999935, -23.821445199999971 ], [ -45.365393499999982, -23.821414199999936 ], [ -45.365160599999967, -23.82133749999997 ], [ -45.364950399999941, -23.821221 ], [ -45.364687199999935, -23.82116 ], [ -45.363705099999947, -23.821082799999942 ], [ -45.363526799999931, -23.821207699999945 ], [ -45.363421899999935, -23.821357 ], [ -45.363373399999944, -23.82166 ], [ -45.363371799999982, -23.821913 ], [ -45.363369199999966, -23.822135 ], [ -45.363309499999957, -23.822327299999984 ], [ -45.363147399999946, -23.822606399999927 ], [ -45.363173599999982, -23.82276029999997 ], [ -45.363310099999978, -23.82297449999993 ], [ -45.363442099999986, -23.823205499999972 ], [ -45.363508099999933, -23.823413799999969 ], [ -45.363567899999964, -23.823635499999966 ], [ -45.363928299999941, -23.823781299999951 ], [ -45.363960799999973, -23.823805199999981 ], [ -45.363993499999935, -23.823829199999977 ], [ -45.364300499999956, -23.823932099999979 ], [ -45.364363, -23.824055899999962 ], [ -45.364372299999957, -23.824195499999973 ], [ -45.364267699999971, -23.824535399999945 ], [ -45.364078899999981, -23.824832799999967 ], [ -45.363621599999931, -23.825307299999963 ], [ -45.363412699999969, -23.825531799999965 ], [ -45.363259399999947, -23.825737299999957 ], [ -45.363119499999982, -23.826026399999932 ], [ -45.363076099999944, -23.82636059999993 ], [ -45.363048, -23.826512299999933 ], [ -45.362965299999985, -23.826600299999939 ], [ -45.362755199999981, -23.826661499999943 ], [ -45.362447799999984, -23.826682799999958 ], [ -45.362157399999944, -23.826624699999968 ], [ -45.361839, -23.826521 ], [ -45.361605599999962, -23.826680499999952 ], [ -45.36158469999998, -23.826905299999964 ], [ -45.361792499999979, -23.82706 ], [ -45.361909399999945, -23.827223099999969 ], [ -45.362063899999953, -23.827404099999967 ], [ -45.362123599999961, -23.827576499999964 ], [ -45.362219899999957, -23.827657299999942 ], [ -45.362326899999971, -23.827653599999962 ], [ -45.362428799999975, -23.82759 ], [ -45.36246749999998, -23.827498899999966 ], [ -45.362467299999935, -23.827396299999975 ], [ -45.362440399999969, -23.827300499999978 ], [ -45.362446, -23.827224299999955 ], [ -45.362534399999959, -23.827173499999958 ], [ -45.362635199999943, -23.827189799999928 ], [ -45.362873899999954, -23.827312899999981 ], [ -45.363254299999937, -23.827540599999963 ], [ -45.363461499999971, -23.827721 ], [ -45.363596799999982, -23.827958299999977 ], [ -45.363631399999974, -23.828179399999954 ], [ -45.363590299999942, -23.828393799999958 ], [ -45.363413699999967, -23.82872059999994 ], [ -45.363262599999985, -23.828895399999965 ], [ -45.363224599999967, -23.829109399999936 ], [ -45.363274, -23.829297 ], [ -45.36351, -23.829632 ], [ -45.363809, -23.83049 ], [ -45.364087, -23.830776 ], [ -45.364376, -23.830888 ], [ -45.36459, -23.831071 ], [ -45.364717, -23.8313 ], [ -45.364744, -23.831484 ], [ -45.365045, -23.831597 ], [ -45.365271, -23.831618 ], [ -45.365545, -23.831546 ], [ -45.365688699999964, -23.831645 ], [ -45.366398099999969, -23.831483 ], [ -45.366869699999938, -23.831252 ], [ -45.367000599999983, -23.831071 ], [ -45.367024, -23.83088209999994 ], [ -45.367080199999975, -23.830501499999968 ], [ -45.367346699999985, -23.83030169999995 ], [ -45.367587299999968, -23.830152 ], [ -45.367692399999953, -23.830055799999968 ], [ -45.36786509999996, -23.829897699999947 ], [ -45.368153899999982, -23.829584699999941 ], [ -45.369024399999944, -23.828831399999956 ], [ -45.369297599999982, -23.828600599999959 ], [ -45.369626499999981, -23.828321199999948 ], [ -45.369914, -23.828076399999929 ], [ -45.37042619999994, -23.827643199999955 ], [ -45.371085199999982, -23.827091199999927 ], [ -45.371532199999933, -23.826721199999952 ], [ -45.371655799999985, -23.826614399999983 ], [ -45.371957299999963, -23.826354799999933 ], [ -45.372326699999974, -23.826035299999944 ], [ -45.372487599999943, -23.825894799999958 ], [ -45.372975099999962, -23.82548879999996 ], [ -45.373411099999942, -23.825097399999947 ], [ -45.373851499999944, -23.824716799999976 ], [ -45.374090899999942, -23.825038799999959 ], [ -45.374458499999946, -23.825597399999936 ], [ -45.374933299999952, -23.826105199999972 ], [ -45.375495499999943, -23.826516 ], [ -45.376072299999976, -23.826865199999929 ], [ -45.376746899999944, -23.827166699999964 ], [ -45.37746489999995, -23.827456599999948 ], [ -45.37815089999998, -23.827738299999965 ], [ -45.379269799999975, -23.82822619999996 ], [ -45.379990699999951, -23.828713899999968 ], [ -45.380564399999969, -23.829311099999927 ], [ -45.380956399999945, -23.829856499999948 ], [ -45.381309199999976, -23.83052669999995 ], [ -45.381965899999955, -23.831107199999963 ], [ -45.38253629999997, -23.83147589999993 ], [ -45.38336849999996, -23.831756599999949 ], [ -45.38405309999996, -23.831893899999955 ], [ -45.384698499999956, -23.831773 ], [ -45.38472859999996, -23.831767299999967 ], [ -45.384758699999963, -23.831761699999959 ], [ -45.385008, -23.831715 ], [ -45.385659, -23.831236 ], [ -45.385739, -23.831210899999974 ], [ -45.385869899999932, -23.831145 ], [ -45.385966, -23.831036 ], [ -45.38600409999998, -23.83095579999997 ], [ -45.386045099999933, -23.830826099999967 ], [ -45.386119199999939, -23.830727799999977 ], [ -45.386147199999982, -23.830680599999937 ], [ -45.386168099999963, -23.830632099999946 ], [ -45.386192, -23.83060009999997 ], [ -45.386139, -23.83054 ], [ -45.386087, -23.830475 ], [ -45.386009, -23.830355 ], [ -45.385956, -23.830199 ], [ -45.385975499999972, -23.830109499999935 ], [ -45.38599, -23.830012 ], [ -45.38597, -23.829919 ], [ -45.385911, -23.829856 ], [ -45.385833, -23.829808 ], [ -45.385793499999977, -23.829709 ], [ -45.385772, -23.829607 ], [ -45.385793299999932, -23.829503799999941 ], [ -45.385805699999935, -23.829455899999971 ], [ -45.38593469999995, -23.829340299999956 ], [ -45.386190899999974, -23.828953299999966 ], [ -45.386319, -23.828747 ], [ -45.386132799999984, -23.828691899999967 ], [ -45.386150899999961, -23.828660399999933 ], [ -45.386169099999961, -23.828628699999967 ], [ -45.386196699999971, -23.828579899999966 ], [ -45.386202099999934, -23.828490899999963 ], [ -45.386203, -23.828381899999954 ], [ -45.386258299999952, -23.828298 ], [ -45.386328399999968, -23.828244499999983 ], [ -45.38644869999996, -23.828161099999932 ], [ -45.386391899999978, -23.828076299999964 ], [ -45.386329099999955, -23.827995199999975 ], [ -45.386277099999973, -23.82794389999998 ], [ -45.386183299999971, -23.827859499999931 ], [ -45.386118799999963, -23.827793399999962 ], [ -45.386027099999978, -23.827688599999931 ], [ -45.385975, -23.827628 ], [ -45.385912899999937, -23.827575 ], [ -45.385848199999941, -23.827494 ], [ -45.385775599999931, -23.82742449999995 ], [ -45.385716799999955, -23.827332299999966 ], [ -45.385654399999964, -23.827262599999983 ], [ -45.385622599999977, -23.827201599999967 ], [ -45.385578099999975, -23.827113399999973 ], [ -45.385537499999941, -23.827017199999943 ], [ -45.385457, -23.826968199999953 ], [ -45.385374799999965, -23.826926699999945 ], [ -45.385282699999948, -23.826896599999941 ], [ -45.385210299999983, -23.826832599999932 ], [ -45.385178499999938, -23.826773499999945 ], [ -45.385209499999974, -23.8268 ], [ -45.385186199999964, -23.82675009999997 ], [ -45.385130099999969, -23.826693199999966 ], [ -45.385080699999946, -23.826673399999947 ], [ -45.385019, -23.826650099999938 ], [ -45.384947, -23.826614 ], [ -45.384886399999971, -23.826533 ], [ -45.384790099999975, -23.826400499999977 ], [ -45.384718799999973, -23.826297299999965 ], [ -45.384651299999973, -23.826196099999947 ], [ -45.38457109999996, -23.826101 ], [ -45.384505799999943, -23.825994499999979 ], [ -45.384480199999985, -23.825912199999948 ], [ -45.384442199999967, -23.825819 ], [ -45.384370699999977, -23.825730799999974 ], [ -45.384288099999935, -23.825671399999976 ], [ -45.384235699999977, -23.825617099999931 ], [ -45.384171099999946, -23.825549199999955 ], [ -45.384091499999954, -23.825489799999957 ], [ -45.384020799999973, -23.825422 ], [ -45.383941099999959, -23.825359799999944 ], [ -45.383855099999948, -23.825278399999945 ], [ -45.38378709999995, -23.825194 ], [ -45.383734699999934, -23.825136899999961 ], [ -45.383703799999978, -23.825098799999978 ], [ -45.383657299999982, -23.825033299999973 ], [ -45.383605099999954, -23.824987299999975 ], [ -45.383543499999973, -23.824919299999976 ], [ -45.383484899999985, -23.824851299999978 ], [ -45.383426099999951, -23.824777799999936 ], [ -45.383355499999936, -23.82471 ], [ -45.38329669999996, -23.824633799999958 ], [ -45.383228799999983, -23.824552099999948 ], [ -45.383104499999945, -23.824504699999977 ], [ -45.383033399999931, -23.824414899999965 ], [ -45.382998, -23.824307799999929 ], [ -45.38293, -23.824220699999955 ], [ -45.382853399999931, -23.824153099999933 ], [ -45.382813499999941, -23.824059199999965 ], [ -45.382745299999954, -23.823963799999945 ], [ -45.382704699999977, -23.82389 ], [ -45.382637299999942, -23.823833199999967 ], [ -45.382555099999934, -23.823787699999968 ], [ -45.382466199999953, -23.823711899999978 ], [ -45.382347099999947, -23.823639399999934 ], [ -45.382258, -23.823560799999939 ], [ -45.382163, -23.82348769999993 ], [ -45.382052199999976, -23.82339 ], [ -45.381843199999935, -23.823257799999965 ], [ -45.381724199999951, -23.823190799999963 ], [ -45.381583399999954, -23.823090899999954 ], [ -45.381400599999949, -23.823 ], [ -45.381324, -23.822943299999963 ], [ -45.381250299999977, -23.822881 ], [ -45.381155099999944, -23.822799699999962 ], [ -45.381023199999959, -23.82269139999994 ], [ -45.380907, -23.822613199999978 ], [ -45.380844699999955, -23.82264749999996 ], [ -45.380663499999969, -23.822555699999953 ], [ -45.380607399999974, -23.822504299999935 ], [ -45.380544499999985, -23.822447499999953 ], [ -45.380393899999945, -23.822306499999968 ], [ -45.380240699999945, -23.822184799999945 ], [ -45.380133, -23.822081699999956 ], [ -45.380001, -23.821967899999947 ], [ -45.379914799999938, -23.821883699999944 ], [ -45.379839899999979, -23.821766099999934 ], [ -45.379743499999961, -23.821621299999947 ], [ -45.37967969999994, -23.821526199999937 ], [ -45.379618099999959, -23.821463699999981 ], [ -45.379555499999981, -23.82134869999993 ], [ -45.379463299999941, -23.821261899999968 ], [ -45.379407199999946, -23.821169 ], [ -45.379362599999979, -23.82104819999995 ], [ -45.379324699999984, -23.820966 ], [ -45.37930769999997, -23.82086959999998 ], [ -45.379245399999945, -23.820773899999949 ], [ -45.379192499999931, -23.820694699999933 ], [ -45.379073799999958, -23.82063329999994 ], [ -45.378937099999973, -23.820577699999944 ], [ -45.378859699999964, -23.820495699999981 ], [ -45.378779899999984, -23.820425199999931 ], [ -45.378704899999946, -23.820296699999972 ], [ -45.378621299999963, -23.820190299999979 ], [ -45.378489199999933, -23.820073699999966 ], [ -45.378372599999977, -23.819978899999967 ], [ -45.378274599999941, -23.819914199999971 ], [ -45.378155199999981, -23.819833199999948 ], [ -45.378045499999985, -23.819785199999956 ], [ -45.37789609999993, -23.819713099999944 ], [ -45.377801599999941, -23.819664899999964 ], [ -45.377710399999955, -23.819625 ], [ -45.377620299999933, -23.819507599999952 ], [ -45.377548299999944, -23.819434899999976 ], [ -45.377486099999942, -23.81934739999997 ], [ -45.377406199999939, -23.819279599999959 ], [ -45.37728379999993, -23.819204199999945 ], [ -45.377234599999952, -23.819160799999963 ], [ -45.377179199999944, -23.819114599999978 ], [ -45.377105799999981, -23.819068799999968 ], [ -45.377050399999973, -23.819022699999948 ], [ -45.376979099999971, -23.818938099999968 ], [ -45.37689, -23.818870299999958 ], [ -45.376822499999946, -23.818821599999978 ], [ -45.376754799999958, -23.818767299999934 ], [ -45.376683599999978, -23.818690899999979 ], [ -45.376630699999964, -23.818619699999942 ], [ -45.376541399999951, -23.818572499999959 ], [ -45.376468199999977, -23.818546 ], [ -45.376454899999942, -23.818485399999929 ], [ -45.376428699999963, -23.818429599999945 ], [ -45.376376, -23.818390099999931 ], [ -45.376344299999971, -23.818359699999974 ], [ -45.376222599999949, -23.818375899999978 ], [ -45.376119499999959, -23.818413299999975 ], [ -45.376142099999981, -23.818507899999929 ], [ -45.376188899999931, -23.81864969999998 ], [ -45.37620069999997, -23.818720699999972 ], [ -45.376212599999974, -23.818803599999967 ], [ -45.376217399999973, -23.818917499999941 ], [ -45.376198099999954, -23.818991399999959 ], [ -45.376139599999931, -23.819051699999932 ], [ -45.376109799999938, -23.819121 ], [ -45.376085699999976, -23.819214 ], [ -45.376092799999981, -23.81931359999993 ], [ -45.37607909999997, -23.819406399999934 ], [ -45.376057599999967, -23.819504099999961 ], [ -45.376035599999966, -23.819575699999973 ], [ -45.375989699999934, -23.819616799999949 ], [ -45.37594619999993, -23.819646 ], [ -45.375892699999952, -23.819696799999974 ], [ -45.37591969999994, -23.819753299999945 ], [ -45.375977199999966, -23.819773699999928 ], [ -45.375952, -23.819815499999947 ], [ -45.375885299999936, -23.819857 ], [ -45.375808, -23.819879599999979 ], [ -45.375707, -23.819890799999939 ], [ -45.375593299999935, -23.81991869999996 ], [ -45.375463599999932, -23.819920799999977 ], [ -45.37533389999993, -23.819930099999965 ], [ -45.375196499999959, -23.819934699999976 ], [ -45.375087299999961, -23.819927 ], [ -45.374946799999975, -23.819907899999976 ], [ -45.374814, -23.819886299999951 ], [ -45.374696399999948, -23.819847899999957 ], [ -45.374560699999961, -23.819812099999979 ], [ -45.374440399999969, -23.819766499999957 ], [ -45.374325399999975, -23.819725699999935 ], [ -45.374230199999943, -23.81968059999997 ], [ -45.37415679999998, -23.819648499999971 ], [ -45.374049399999933, -23.819595599999957 ], [ -45.373942199999931, -23.819557 ], [ -45.373845299999971, -23.819513499999971 ], [ -45.373761599999966, -23.819470299999978 ], [ -45.373641599999985, -23.819433299999957 ], [ -45.373529599999983, -23.81937019999998 ], [ -45.373443399999985, -23.819322199999931 ], [ -45.373356899999976, -23.819253499999945 ], [ -45.373313099999962, -23.819189199999983 ], [ -45.373269299999947, -23.819130199999961 ], [ -45.373212499999966, -23.819128499999977 ], [ -45.373161899999957, -23.819155299999977 ], [ -45.373099099999934, -23.819138099999975 ], [ -45.373056499999961, -23.819138799999962 ], [ -45.372955899999965, -23.819226199999946 ], [ -45.372869199999968, -23.819292599999983 ], [ -45.37276849999995, -23.819372199999975 ], [ -45.372681599999964, -23.819433299999957 ], [ -45.372701199999938, -23.819377299999928 ], [ -45.372659099999964, -23.819253299999957 ], [ -45.37266939999995, -23.819186099999968 ], [ -45.372414599999956, -23.81950269999993 ], [ -45.372235699999976, -23.819684399999971 ], [ -45.372096499999941, -23.819778199999973 ], [ -45.371965799999941, -23.819812299999967 ], [ -45.371755599999972, -23.819874699999957 ], [ -45.371528399999931, -23.819894599999941 ], [ -45.37068359999995, -23.81976949999995 ], [ -45.370557099999985, -23.81980939999994 ], [ -45.370398, -23.819866199999979 ], [ -45.370270199999936, -23.819874699999957 ], [ -45.37017359999993, -23.819837799999959 ], [ -45.369875399999955, -23.819727099999966 ], [ -45.36965669999995, -23.819579399999952 ], [ -45.369398199999978, -23.819360699999947 ], [ -45.369281799999953, -23.819298199999935 ], [ -45.369156799999985, -23.81930669999997 ], [ -45.36908, -23.819316 ], [ -45.368935299999976, -23.819360699999947 ], [ -45.368818799999985, -23.81938619999994 ], [ -45.36863139999997, -23.819479899999976 ], [ -45.368451299999947, -23.819617799999946 ], [ -45.36838849999998, -23.819661 ], [ -45.368140299999936, -23.819812699999943 ], [ -45.367069199999946, -23.820390299999929 ], [ -45.366836299999932, -23.820596199999954 ], [ -45.366609, -23.820835 ], [ -45.366211499999963, -23.821195499999931 ], [ -45.365879099999972, -23.821405599999935 ], [ -45.365750799999944, -23.821436299999959 ], [ -45.365678099999968, -23.821442399999967 ] ] ] } },
{ "type": "Feature", "properties": { "id": "3520400003", "cd_bairro": "3520400003", "bairro": "Barreiros", "cd_mun": "3520400", "municipio": "Ilhabela", "cd_dist": "352040005", "distrito": "Ilhabela" }, "geometry": { "type": "Polygon", "coordinates": [ [ [ -45.339531399999942, -23.760905599999944 ], [ -45.339813, -23.761798 ], [ -45.34045, -23.761856 ], [ -45.34124, -23.762377 ], [ -45.34174, -23.763032 ], [ -45.341939, -23.763258899999983 ], [ -45.342254, -23.763618 ], [ -45.342971, -23.764057 ], [ -45.343703, -23.765051 ], [ -45.344187, -23.765902 ], [ -45.344473, -23.766634 ], [ -45.345107, -23.767453 ], [ -45.345643399999972, -23.767321599999946 ], [ -45.346083399999941, -23.767252699999972 ], [ -45.346400299999971, -23.767181699999981 ], [ -45.346474699999931, -23.766915899999958 ], [ -45.346992099999966, -23.76699 ], [ -45.347664899999984, -23.767119799999932 ], [ -45.348440599999947, -23.767312799999956 ], [ -45.349018399999977, -23.767393699999957 ], [ -45.349491299999954, -23.76753089999994 ], [ -45.349985199999935, -23.767746 ], [ -45.350448599999936, -23.768032299999959 ], [ -45.350808299999983, -23.768332499999929 ], [ -45.351310399999932, -23.768573599999968 ], [ -45.351897799999961, -23.768759099999954 ], [ -45.351944699999933, -23.768774899999983 ], [ -45.351979399999948, -23.768787499999974 ], [ -45.352168799999959, -23.768860099999984 ], [ -45.35246989999996, -23.768899199999964 ], [ -45.352409099999932, -23.768805799999939 ], [ -45.352293399999951, -23.768672899999956 ], [ -45.35222559999994, -23.768471799999929 ], [ -45.352256899999929, -23.768309399999964 ], [ -45.352249, -23.768156599999941 ], [ -45.35212839999997, -23.76801039999998 ], [ -45.352003199999956, -23.767891 ], [ -45.351849099999981, -23.76779449999998 ], [ -45.351655099999959, -23.767676199999983 ], [ -45.351436599999943, -23.767553899999939 ], [ -45.351261799999975, -23.767403899999977 ], [ -45.351008299999933, -23.767237299999977 ], [ -45.35081, -23.767128299999968 ], [ -45.350675699999954, -23.76702419999998 ], [ -45.35054539999993, -23.766887099999963 ], [ -45.350449899999944, -23.766771799999958 ], [ -45.350276199999939, -23.766671199999962 ], [ -45.350092699999948, -23.766570799999954 ], [ -45.349963799999955, -23.766501 ], [ -45.349814499999979, -23.766395599999953 ], [ -45.349665099999982, -23.76628119999998 ], [ -45.349545299999932, -23.766175399999952 ], [ -45.349390399999947, -23.766029699999933 ], [ -45.349304699999948, -23.765914299999963 ], [ -45.349170099999981, -23.765799699999945 ], [ -45.349040099999968, -23.765671599999962 ], [ -45.348947399999986, -23.765461799999969 ], [ -45.348871699999961, -23.765350799999965 ], [ -45.348854499999959, -23.765229699999963 ], [ -45.348880099999974, -23.765053699999953 ], [ -45.34891, -23.764869799999929 ], [ -45.348946, -23.764707499999929 ], [ -45.348992399999986, -23.764576599999941 ], [ -45.349086499999942, -23.764377399999944 ], [ -45.349147099999982, -23.764219199999957 ], [ -45.349279699999954, -23.763978799999961 ], [ -45.349324299999978, -23.763757799999951 ], [ -45.349324499999966, -23.763524 ], [ -45.349342099999944, -23.763420199999928 ], [ -45.349339099999952, -23.763226799999927 ], [ -45.349331099999972, -23.763051699999949 ], [ -45.349348099999986, -23.76290309999996 ], [ -45.349347299999977, -23.762799799999982 ], [ -45.349361199999976, -23.762649799999963 ], [ -45.349391599999933, -23.762514499999952 ], [ -45.349442, -23.76236369999998 ], [ -45.34948, -23.762206099999958 ], [ -45.349522699999966, -23.762077899999952 ], [ -45.349589599999945, -23.761934499999938 ], [ -45.349628699999982, -23.761828899999955 ], [ -45.349724, -23.761670099999947 ], [ -45.349779699999942, -23.761590499999954 ], [ -45.349924599999952, -23.761475599999983 ], [ -45.35010049999994, -23.761317499999961 ], [ -45.350289499999974, -23.761145899999974 ], [ -45.350531499999931, -23.760950899999955 ], [ -45.350456599999973, -23.760848499999952 ], [ -45.350355799999932, -23.760804499999949 ], [ -45.35018, -23.760816899999952 ], [ -45.350035099999957, -23.760869399999933 ], [ -45.349974399999951, -23.760887199999956 ], [ -45.348821, -23.76129519999995 ], [ -45.348705, -23.761295699999948 ], [ -45.348521199999936, -23.761266299999932 ], [ -45.348430499999949, -23.761229499999956 ], [ -45.348364299999957, -23.761165799999958 ], [ -45.348315299999967, -23.761097199999938 ], [ -45.348255, -23.760962 ], [ -45.348134199999947, -23.761132 ], [ -45.347883, -23.761305 ], [ -45.347731, -23.76136 ], [ -45.347359, -23.761436 ], [ -45.347068, -23.761425 ], [ -45.346929, -23.761383 ], [ -45.346665, -23.760758 ], [ -45.346408, -23.760472 ], [ -45.346319, -23.760463 ], [ -45.346281, -23.760407 ], [ -45.346268, -23.760355 ], [ -45.346256, -23.760268 ], [ -45.346242, -23.760169 ], [ -45.34618, -23.76001 ], [ -45.346106, -23.759914 ], [ -45.345575, -23.759299099999964 ], [ -45.345245099999943, -23.759394099999952 ], [ -45.34521019999994, -23.759404199999949 ], [ -45.34517459999995, -23.75941389999997 ], [ -45.343945499999961, -23.759738599999935 ], [ -45.343213099999957, -23.759861199999932 ], [ -45.339531399999942, -23.760905599999944 ] ] ] } },
{ "type": "Feature", "properties": { "id": "3520400028", "cd_bairro": "3520400028", "bairro": "Bonete", "cd_mun": "3520400", "municipio": "Ilhabela", "cd_dist": "352040010", "distrito": "Cambaquara" }, "geometry": { "type": "Polygon", "coordinates": [ [ [ -45.343110199999956, -23.919832299999939 ], [ -45.343219799999986, -23.919739299999947 ], [ -45.343348399999968, -23.919566199999963 ], [ -45.343531499999983, -23.919351899999981 ], [ -45.343687899999964, -23.919188399999939 ], [ -45.343768799999964, -23.919071899999949 ], [ -45.343885599999965, -23.918955399999959 ], [ -45.344021699999985, -23.918814399999974 ], [ -45.344112199999984, -23.918704299999945 ], [ -45.344196299999965, -23.918612399999972 ], [ -45.344345699999963, -23.918489299999976 ], [ -45.344482199999959, -23.918372399999953 ], [ -45.344599099999982, -23.918274 ], [ -45.344722499999932, -23.918163399999969 ], [ -45.344845599999985, -23.918040699999949 ], [ -45.344988799999953, -23.917935799999952 ], [ -45.345138199999951, -23.917806599999949 ], [ -45.345366799999965, -23.91763039999995 ], [ -45.34556189999995, -23.917476399999941 ], [ -45.345685, -23.917353699999978 ], [ -45.345840799999962, -23.917218399999967 ], [ -45.345964099999946, -23.917107699999974 ], [ -45.346120199999973, -23.916984499999955 ], [ -45.346347899999955, -23.916811799999948 ], [ -45.346509699999956, -23.91665219999993 ], [ -45.34669219999995, -23.916534399999932 ], [ -45.346894599999985, -23.916404499999942 ], [ -45.347071299999982, -23.916317299999946 ], [ -45.347195399999976, -23.916237 ], [ -45.347358099999951, -23.916108 ], [ -45.347502899999938, -23.91608169999995 ], [ -45.347564899999952, -23.916219299999966 ], [ -45.347666599999968, -23.916362299999946 ], [ -45.347768, -23.916487399999937 ], [ -45.347907599999985, -23.916539499999942 ], [ -45.347988399999963, -23.916622699999948 ], [ -45.348095299999954, -23.916687399999944 ], [ -45.348182799999961, -23.916776499999969 ], [ -45.348271199999942, -23.91691389999994 ], [ -45.348366099999964, -23.917045099999939 ], [ -45.348474899999985, -23.917212199999938 ], [ -45.348602399999947, -23.91732479999996 ], [ -45.348696799999971, -23.917431799999974 ], [ -45.348784299999977, -23.917526899999928 ], [ -45.348865499999931, -23.91763409999993 ], [ -45.348946399999932, -23.917723299999977 ], [ -45.348954799999944, -23.917813599999931 ], [ -45.349049099999945, -23.917914599999961 ], [ -45.349169899999936, -23.918027199999983 ], [ -45.349261899999931, -23.918146199999967 ], [ -45.349376499999948, -23.918277 ], [ -45.349458799999979, -23.918426599999975 ], [ -45.349527199999955, -23.918540199999939 ], [ -45.349641199999951, -23.91863479999995 ], [ -45.349787299999946, -23.918698599999971 ], [ -45.349881899999957, -23.918771199999981 ], [ -45.349995599999943, -23.918853799999965 ], [ -45.350148499999932, -23.918917699999952 ], [ -45.350334399999952, -23.918981 ], [ -45.350494, -23.919044799999938 ], [ -45.350673799999981, -23.919120299999975 ], [ -45.350840099999971, -23.91919 ], [ -45.35100639999996, -23.919259699999941 ], [ -45.35130369999996, -23.919321 ], [ -45.351383099999964, -23.919343799999979 ], [ -45.351445099999978, -23.919463499999949 ], [ -45.351474399999972, -23.919589799999983 ], [ -45.351518299999952, -23.919776499999955 ], [ -45.351586899999973, -23.919896199999982 ], [ -45.351668299999972, -23.920021499999962 ], [ -45.351771099999951, -23.920260499999983 ], [ -45.351786499999946, -23.920535699999959 ], [ -45.351765599999965, -23.920789199999945 ], [ -45.35176789999997, -23.920903799999962 ], [ -45.351810599999965, -23.921084199999939 ], [ -45.351795599999946, -23.92131969999997 ], [ -45.351864099999943, -23.921463399999936 ], [ -45.35184229999993, -23.921662899999944 ], [ -45.35178609999997, -23.921808599999963 ], [ -45.351697199999933, -23.921967099999961 ], [ -45.351727399999959, -23.922153899999955 ], [ -45.351850299999967, -23.922369199999935 ], [ -45.351945399999977, -23.922518399999944 ], [ -45.352130799999941, -23.922581499999978 ], [ -45.352255399999933, -23.922585199999958 ], [ -45.352414299999964, -23.922642699999983 ], [ -45.352483799999959, -23.922804599999949 ], [ -45.352624, -23.922898799999928 ], [ -45.352716399999963, -23.922921199999962 ], [ -45.352852499999983, -23.923118199999976 ], [ -45.352996099999984, -23.923283199999958 ], [ -45.353225, -23.923520699999983 ], [ -45.353412899999967, -23.923680599999955 ], [ -45.353540499999951, -23.923793099999955 ], [ -45.353713399999947, -23.923874699999942 ], [ -45.353808, -23.923975799999937 ], [ -45.353935, -23.924058199999934 ], [ -45.354161199999965, -23.924175099999957 ], [ -45.354275099999938, -23.924269699999968 ], [ -45.354396799999961, -23.92442449999993 ], [ -45.354511899999977, -23.924585399999955 ], [ -45.354701399999954, -23.924812499999973 ], [ -45.354795899999942, -23.924925599999938 ], [ -45.354886499999964, -23.925147399999958 ], [ -45.355007799999953, -23.92527819999998 ], [ -45.355192899999963, -23.92532319999998 ], [ -45.35534389999998, -23.925473799999963 ], [ -45.355451799999969, -23.925592599999959 ], [ -45.355476299999964, -23.925815399999976 ], [ -45.35562479999993, -23.925982 ], [ -45.355773499999941, -23.926166599999931 ], [ -45.355940399999952, -23.926284399999929 ], [ -45.356035299999974, -23.926409599999943 ], [ -45.356195599999978, -23.926527399999941 ], [ -45.35649989999996, -23.926734099999976 ], [ -45.35664079999998, -23.926864499999965 ], [ -45.35667159999997, -23.927062899999953 ], [ -45.356794699999966, -23.927272099999982 ], [ -45.356976799999984, -23.92746829999993 ], [ -45.35713839999994, -23.927628599999935 ], [ -45.357293699999957, -23.927801199999976 ], [ -45.357460599999968, -23.927901 ], [ -45.357646599999953, -23.92798229999994 ], [ -45.357824099999959, -23.927979099999959 ], [ -45.357978, -23.928100499999971 ], [ -45.358125, -23.928188599999942 ], [ -45.358316799999955, -23.92821559999993 ], [ -45.358448299999964, -23.928201499999943 ], [ -45.358692099999985, -23.928185499999927 ], [ -45.358877199999938, -23.928194499999961 ], [ -45.359011199999941, -23.928282799999977 ], [ -45.35925119999996, -23.928387499999928 ], [ -45.359469799999943, -23.928420199999948 ], [ -45.359653199999968, -23.928356899999983 ], [ -45.359822599999973, -23.928263699999945 ], [ -45.360045199999945, -23.928199799999959 ], [ -45.360242099999937, -23.92817249999996 ], [ -45.360366299999953, -23.928140399999961 ], [ -45.360577, -23.928155099999969 ], [ -45.360764499999959, -23.928187599999944 ], [ -45.36091689999995, -23.928227299999946 ], [ -45.361116099999947, -23.928302499999972 ], [ -45.36115129999996, -23.928410399999962 ], [ -45.361304699999948, -23.928498299999944 ], [ -45.361498199999971, -23.928609699999981 ], [ -45.361731899999938, -23.928750699999966 ], [ -45.361957299999972, -23.928825299999971 ], [ -45.362095899999986, -23.928847099999928 ], [ -45.362249299999974, -23.928929 ], [ -45.362402699999961, -23.92902289999995 ], [ -45.36258179999993, -23.929092299999979 ], [ -45.362715399999956, -23.929180499999973 ], [ -45.362829799999986, -23.929287199999976 ], [ -45.36292629999997, -23.929460799999958 ], [ -45.36304819999998, -23.929597699999931 ], [ -45.363193499999966, -23.929637299999968 ], [ -45.363360499999942, -23.929765 ], [ -45.363438299999984, -23.929999199999941 ], [ -45.363652499999944, -23.930146599999944 ], [ -45.363826099999983, -23.93024639999993 ], [ -45.364070599999934, -23.930272499999944 ], [ -45.364285799999948, -23.930450299999961 ], [ -45.364292399999954, -23.930450199999939 ], [ -45.364484199999936, -23.930465199999958 ], [ -45.364668799999947, -23.930456099999958 ], [ -45.364685099999974, -23.930310799999972 ], [ -45.364699899999948, -23.930147099999942 ], [ -45.364740899999958, -23.929989299999932 ], [ -45.36475, -23.929862399999934 ], [ -45.36486, -23.929806299999939 ], [ -45.364992099999938, -23.929828199999974 ], [ -45.365219, -23.929927 ], [ -45.365400799999975, -23.930056799999932 ], [ -45.36554, -23.930096699999979 ], [ -45.36565109999998, -23.930088799999965 ], [ -45.365726799999948, -23.930015 ], [ -45.365703399999973, -23.929926 ], [ -45.365833599999974, -23.929857299999981 ], [ -45.366093799999931, -23.930034 ], [ -45.366234599999984, -23.930158699999936 ], [ -45.366328099999976, -23.930217599999935 ], [ -45.366494499999931, -23.930299499999933 ], [ -45.366705499999966, -23.930314 ], [ -45.36685719999997, -23.930317799999955 ], [ -45.367042899999944, -23.930357399999934 ], [ -45.36714939999996, -23.930392099999949 ], [ -45.367288799999983, -23.930420399999946 ], [ -45.367472499999963, -23.930381099999977 ], [ -45.367565199999945, -23.930391799999938 ], [ -45.367568899999981, -23.930276799999945 ], [ -45.367694799999981, -23.930293 ], [ -45.367845699999975, -23.930260399999952 ], [ -45.368024899999966, -23.930294 ], [ -45.368210899999951, -23.930357299999969 ], [ -45.368406099999959, -23.930517399999928 ], [ -45.368522599999949, -23.930685 ], [ -45.368820099999937, -23.930828499999961 ], [ -45.36897369999997, -23.930910499999982 ], [ -45.36915259999995, -23.930949799999951 ], [ -45.369318299999975, -23.930989299999965 ], [ -45.369445399999961, -23.931077799999969 ], [ -45.369552599999963, -23.931154499999934 ], [ -45.369719399999951, -23.931248299999936 ], [ -45.36987339999996, -23.93136039999996 ], [ -45.370019399999933, -23.931406299999935 ], [ -45.370229799999947, -23.93137859999996 ], [ -45.370438799999931, -23.931290599999954 ], [ -45.370581099999981, -23.931167499999958 ], [ -45.370703899999967, -23.931062899999972 ], [ -45.370807099999979, -23.930964599999982 ], [ -45.371074599999986, -23.930887699999971 ], [ -45.371248199999968, -23.930957299999932 ], [ -45.371512499999938, -23.930983199999957 ], [ -45.371654299999932, -23.931095599999935 ], [ -45.371861499999966, -23.931188899999938 ], [ -45.372076099999958, -23.93125189999995 ], [ -45.372266599999932, -23.931224499999928 ], [ -45.372490299999981, -23.931208599999934 ], [ -45.372721199999944, -23.931222899999966 ], [ -45.372917599999937, -23.931177299999945 ], [ -45.373187899999948, -23.931178899999964 ], [ -45.373333399999979, -23.931194599999969 ], [ -45.373537299999953, -23.931179199999974 ], [ -45.37371, -23.931206699999962 ], [ -45.373849099999973, -23.931210699999951 ], [ -45.374076, -23.931292399999961 ], [ -45.374219499999981, -23.931205599999942 ], [ -45.374349399999971, -23.931119099999933 ], [ -45.374571499999945, -23.931000899999958 ], [ -45.374819199999934, -23.930870199999958 ], [ -45.374976799999956, -23.930831499999954 ], [ -45.375246299999958, -23.930790899999977 ], [ -45.375584799999956, -23.930833599999971 ], [ -45.375661499999978, -23.930735899999945 ], [ -45.375791, -23.930637399999966 ], [ -45.375817199999972, -23.930630899999983 ], [ -45.376048299999979, -23.930615 ], [ -45.376306199999931, -23.930604699999947 ], [ -45.376478299999974, -23.93062 ], [ -45.376608399999952, -23.930551599999944 ], [ -45.376780099999962, -23.930554799999982 ], [ -45.376961199999982, -23.930648199999951 ], [ -45.377141499999937, -23.930729699999972 ], [ -45.377250499999946, -23.930848599999933 ], [ -45.377400299999977, -23.93081 ], [ -45.377624899999944, -23.93081849999993 ], [ -45.377836099999968, -23.930821 ], [ -45.378033799999969, -23.930805799999973 ], [ -45.378206199999966, -23.93083919999998 ], [ -45.37830619999994, -23.930879799999957 ], [ -45.378511399999979, -23.930900599999973 ], [ -45.378742399999965, -23.930896799999971 ], [ -45.378946, -23.930845199999965 ], [ -45.379055899999969, -23.930740799999967 ], [ -45.379278399999976, -23.930664799999931 ], [ -45.379587299999969, -23.930593399999964 ], [ -45.379874099999938, -23.930407699999932 ], [ -45.380088699999931, -23.930241299999977 ], [ -45.380095299999937, -23.930241199999955 ], [ -45.38024489999998, -23.930136299999958 ], [ -45.380420699999945, -23.930049099999962 ], [ -45.380591099999947, -23.930004099999962 ], [ -45.380814699999974, -23.92997639999993 ], [ -45.381023699999957, -23.929949099999931 ], [ -45.381149499999935, -23.929977299999962 ], [ -45.381303499999945, -23.930083099999933 ], [ -45.38156239999995, -23.930163299999947 ], [ -45.381787599999939, -23.93022 ], [ -45.382051799999942, -23.930264 ], [ -45.382269399999984, -23.930296799999951 ], [ -45.382553899999948, -23.930370499999981 ], [ -45.382811799999956, -23.930426599999976 ], [ -45.383076199999948, -23.930482499999982 ], [ -45.383315299999936, -23.930562899999927 ], [ -45.38351629999994, -23.930680099999961 ], [ -45.383898099999954, -23.930909 ], [ -45.383954399999936, -23.93101669999993 ], [ -45.384102199999973, -23.931128899999976 ], [ -45.38424509999993, -23.931289599999957 ], [ -45.384424, -23.931352899999979 ], [ -45.384708499999931, -23.931414599999982 ], [ -45.384877099999983, -23.931345199999953 ], [ -45.384997899999973, -23.931282599999975 ], [ -45.38517029999997, -23.931334 ], [ -45.385271, -23.931410899999946 ], [ -45.385474399999964, -23.931377199999929 ], [ -45.385645699999941, -23.931380399999966 ], [ -45.385714099999973, -23.93147 ], [ -45.385919799999954, -23.931521 ], [ -45.386021, -23.931598099999974 ], [ -45.386233699999934, -23.931655199999966 ], [ -45.386432, -23.931676 ], [ -45.386595599999964, -23.931630899999959 ], [ -45.386692699999969, -23.931574799999964 ], [ -45.386830199999963, -23.931548199999952 ], [ -45.38695, -23.931582599999956 ], [ -45.387058599999932, -23.931683699999951 ], [ -45.387231699999973, -23.931753299999968 ], [ -45.387351899999942, -23.931817699999954 ], [ -45.387472299999956, -23.931888199999946 ], [ -45.387673199999938, -23.932023799999968 ], [ -45.387805899999933, -23.93207579999995 ], [ -45.387930099999949, -23.932136699999944 ], [ -45.388096299999972, -23.932200399999942 ], [ -45.388235299999963, -23.932222199999956 ], [ -45.388348299999961, -23.932262599999945 ], [ -45.38850739999998, -23.932296299999962 ], [ -45.388698399999953, -23.932280899999967 ], [ -45.388868899999977, -23.932229799999959 ], [ -45.38904, -23.93220279999997 ], [ -45.389263, -23.932144699999981 ], [ -45.38945259999997, -23.932075099999963 ], [ -45.38961, -23.932036299999936 ], [ -45.38981949999993, -23.931960499999946 ], [ -45.39006269999993, -23.931908399999941 ], [ -45.390239399999984, -23.931845199999941 ], [ -45.390351099999975, -23.931813299999931 ], [ -45.390536299999951, -23.931810399999961 ], [ -45.390675699999974, -23.931826299999955 ], [ -45.391026499999953, -23.931874899999968 ], [ -45.391140599999972, -23.931957499999953 ], [ -45.39121549999993, -23.93203479999994 ], [ -45.391295899999932, -23.932099899999969 ], [ -45.39140969999994, -23.932182599999976 ], [ -45.391602199999966, -23.932233699999983 ], [ -45.391748199999938, -23.932273599999974 ], [ -45.391967, -23.932324299999948 ], [ -45.392159199999981, -23.932363299999963 ], [ -45.392345499999976, -23.932438599999955 ], [ -45.392539599999964, -23.932574299999942 ], [ -45.392639199999962, -23.932602799999927 ], [ -45.392763699999932, -23.932564399999933 ], [ -45.39301, -23.932663 ], [ -45.39316359999998, -23.932751099999962 ], [ -45.393245399999955, -23.932870699999967 ], [ -45.393418199999985, -23.932928199999935 ], [ -45.393670699999973, -23.933002699999975 ], [ -45.393683899999985, -23.933002399999964 ], [ -45.393981899999972, -23.933045799999945 ], [ -45.394278699999973, -23.933028899999954 ], [ -45.394580399999938, -23.93293929999993 ], [ -45.394846899999948, -23.932765599999982 ], [ -45.395056799999963, -23.932725699999935 ], [ -45.395307199999934, -23.932733399999961 ], [ -45.395591799999977, -23.932795 ], [ -45.395823899999982, -23.932833499999958 ], [ -45.396141299999954, -23.932760199999962 ], [ -45.396358299999974, -23.932726099999968 ], [ -45.396537299999977, -23.932771799999955 ], [ -45.396721099999979, -23.932732299999941 ], [ -45.396919799999978, -23.932771599999967 ], [ -45.397116099999948, -23.932701499999951 ], [ -45.397331799999961, -23.932619099999954 ], [ -45.397503, -23.932610199999942 ], [ -45.397832799999946, -23.932622799999933 ], [ -45.39814819999998, -23.932605 ], [ -45.398293899999942, -23.93263879999995 ], [ -45.398501199999941, -23.932750499999941 ], [ -45.39872859999997, -23.932868099999951 ], [ -45.398759, -23.933007499999974 ], [ -45.398800899999969, -23.933097799999928 ], [ -45.398914799999943, -23.933168599999931 ], [ -45.399076499999978, -23.933254499999975 ], [ -45.399169599999937, -23.933289199999933 ], [ -45.399236499999972, -23.933330399999932 ], [ -45.399367499999983, -23.933285799999965 ], [ -45.399540599999966, -23.933355499999948 ], [ -45.39969739999998, -23.933286299999963 ], [ -45.399827799999969, -23.933223599999963 ], [ -45.399917, -23.933101 ], [ -45.40000729999997, -23.933026899999959 ], [ -45.400107799999944, -23.933097699999962 ], [ -45.400207099999932, -23.93312009999994 ], [ -45.400339499999973, -23.933148 ], [ -45.400452599999937, -23.933194399999934 ], [ -45.400597699999935, -23.933216 ], [ -45.400633, -23.93330009999994 ], [ -45.400675199999966, -23.93339629999997 ], [ -45.400722899999948, -23.933456 ], [ -45.400895299999945, -23.933513299999959 ], [ -45.401027799999952, -23.933553199999949 ], [ -45.401146899999958, -23.933581299999958 ], [ -45.401245899999935, -23.933597599999928 ], [ -45.40148419999997, -23.93365979999993 ], [ -45.401635899999974, -23.933681199999967 ], [ -45.401909, -23.933758399999931 ], [ -45.402017899999976, -23.933919399999979 ], [ -45.402172099999973, -23.93404339999995 ], [ -45.402299699999958, -23.934149899999966 ], [ -45.402427699999976, -23.934274499999958 ], [ -45.402581699999985, -23.934374599999956 ], [ -45.402848, -23.934490799999935 ], [ -45.403093399999932, -23.934559199999967 ], [ -45.403291099999933, -23.934549799999957 ], [ -45.403503099999966, -23.934594599999969 ], [ -45.403735899999958, -23.93468729999995 ], [ -45.403968599999985, -23.934749899999929 ], [ -45.404188, -23.934812799999975 ], [ -45.40439559999993, -23.934724399999936 ], [ -45.404573299999981, -23.934727299999963 ], [ -45.404688199999953, -23.934803199999976 ], [ -45.404869799999972, -23.934962499999983 ], [ -45.405044799999985, -23.935116099999959 ], [ -45.405139899999938, -23.935247199999935 ], [ -45.405288799999937, -23.935419699999954 ], [ -45.405325299999959, -23.935581899999931 ], [ -45.405432899999937, -23.935670699999946 ], [ -45.405565699999954, -23.935704699999974 ], [ -45.405745299999978, -23.935762099999977 ], [ -45.405926099999931, -23.935898 ], [ -45.406039899999939, -23.935986699999944 ], [ -45.406148099999939, -23.936123799999962 ], [ -45.406223899999929, -23.936291499999982 ], [ -45.40636509999996, -23.936434 ], [ -45.406492899999932, -23.936558599999955 ], [ -45.406562599999972, -23.936738599999956 ], [ -45.406639699999971, -23.936954599999979 ], [ -45.406688899999949, -23.937098699999979 ], [ -45.406714399999942, -23.937184899999977 ], [ -45.407218499999942, -23.936993399999949 ], [ -45.40755489999998, -23.936911399999929 ], [ -45.407943199999977, -23.936764799999935 ], [ -45.408378899999946, -23.936544799999979 ], [ -45.408741199999952, -23.936096099999929 ], [ -45.40902159999996, -23.935669099999927 ], [ -45.409185499999978, -23.935125599999935 ], [ -45.409207099999946, -23.934715799999935 ], [ -45.409179, -23.934254199999941 ], [ -45.40913809999995, -23.933779699999945 ], [ -45.409, -23.93338289999997 ], [ -45.408853399999941, -23.933024799999941 ], [ -45.408883899999978, -23.932791399999928 ], [ -45.408516, -23.932281 ], [ -45.40819, -23.932454 ], [ -45.407622, -23.933089 ], [ -45.407059, -23.933342 ], [ -45.406351, -23.93313 ], [ -45.405457, -23.932884 ], [ -45.404533, -23.931965 ], [ -45.403836, -23.931939 ], [ -45.403002, -23.931924 ], [ -45.402869, -23.931587 ], [ -45.401907, -23.931758 ], [ -45.401049, -23.931627 ], [ -45.400367, -23.931346 ], [ -45.399514, -23.930798 ], [ -45.39836, -23.9304 ], [ -45.397563, -23.930443 ], [ -45.397012, -23.930615 ], [ -45.396275, -23.93082 ], [ -45.395839, -23.930795 ], [ -45.395213, -23.929993 ], [ -45.394223, -23.929457 ], [ -45.39343, -23.929083 ], [ -45.393287, -23.928572 ], [ -45.392124, -23.928938 ], [ -45.390559, -23.929581 ], [ -45.389935, -23.929718 ], [ -45.389359, -23.929901 ], [ -45.387653, -23.929871 ], [ -45.386737, -23.929369 ], [ -45.386102, -23.929355 ], [ -45.385241, -23.929444 ], [ -45.38421, -23.929174 ], [ -45.383073, -23.928485 ], [ -45.382418, -23.928054 ], [ -45.381586, -23.927808 ], [ -45.381163, -23.927725 ], [ -45.380759, -23.927132 ], [ -45.380539, -23.926749 ], [ -45.37991, -23.926294 ], [ -45.37954, -23.92598 ], [ -45.379056, -23.924773 ], [ -45.379201, -23.924044 ], [ -45.378972, -23.923406 ], [ -45.378427, -23.923206 ], [ -45.378122, -23.923692 ], [ -45.377797, -23.924791 ], [ -45.377863, -23.925545 ], [ -45.377862, -23.92668 ], [ -45.377108, -23.927222 ], [ -45.376334, -23.927323 ], [ -45.37576, -23.927436 ], [ -45.375232, -23.927828 ], [ -45.373867, -23.92846 ], [ -45.373252, -23.928794 ], [ -45.372107, -23.928731 ], [ -45.370515, -23.928504 ], [ -45.368799, -23.928231 ], [ -45.367805, -23.928065 ], [ -45.366808, -23.928107 ], [ -45.365771, -23.928323 ], [ -45.364814, -23.928145 ], [ -45.363944, -23.928014 ], [ -45.36315, -23.927663 ], [ -45.362398, -23.927069 ], [ -45.361887, -23.92709 ], [ -45.36129, -23.92696 ], [ -45.360622, -23.92661 ], [ -45.359978, -23.926318 ], [ -45.359145, -23.926129 ], [ -45.358575, -23.925929 ], [ -45.35803, -23.925614 ], [ -45.357747, -23.92537 ], [ -45.357228, -23.92502 ], [ -45.356996, -23.924637 ], [ -45.356469, -23.923893 ], [ -45.355832, -23.922975 ], [ -45.355256, -23.922196 ], [ -45.354492, -23.921509 ], [ -45.353666, -23.920845 ], [ -45.353548, -23.9203 ], [ -45.353763, -23.920035 ], [ -45.354015, -23.919804 ], [ -45.35422, -23.919283 ], [ -45.353907, -23.918425 ], [ -45.353075, -23.918201 ], [ -45.352245, -23.91778 ], [ -45.351479, -23.917267 ], [ -45.350724, -23.916893 ], [ -45.349949, -23.916067 ], [ -45.349245, -23.914558 ], [ -45.348473, -23.913524 ], [ -45.347575, -23.912616 ], [ -45.346912, -23.911814 ], [ -45.346303, -23.911695 ], [ -45.345454, -23.910823 ], [ -45.344474, -23.910459 ], [ -45.343512, -23.909714 ], [ -45.342399, -23.909048 ], [ -45.3416, -23.908199 ], [ -45.34089, -23.907153 ], [ -45.340364, -23.906352 ], [ -45.339951, -23.90555 ], [ -45.339571, -23.90505 ], [ -45.33913, -23.905408 ], [ -45.338784, -23.906194 ], [ -45.338668, -23.907584 ], [ -45.338937, -23.909022 ], [ -45.338735, -23.910238 ], [ -45.337745, -23.91072 ], [ -45.337232, -23.910915 ], [ -45.336792, -23.911214 ], [ -45.336908, -23.91191 ], [ -45.337037, -23.912594 ], [ -45.337012, -23.913637 ], [ -45.337156, -23.915074 ], [ -45.337745, -23.915795 ], [ -45.339053, -23.916867 ], [ -45.339593, -23.91746 ], [ -45.339475, -23.918004 ], [ -45.3392, -23.918026 ], [ -45.338791, -23.917886 ], [ -45.338308, -23.917617 ], [ -45.338134, -23.917628 ], [ -45.337935, -23.917627 ], [ -45.337165, -23.917427 ], [ -45.336987, -23.916684 ], [ -45.336505, -23.916381 ], [ -45.335779, -23.916644 ], [ -45.334856, -23.916756 ], [ -45.334612, -23.916338 ], [ -45.334854, -23.91591 ], [ -45.335135, -23.915367 ], [ -45.335028, -23.914926 ], [ -45.334747, -23.914438 ], [ -45.334451, -23.914194 ], [ -45.334244, -23.913857 ], [ -45.333537, -23.91361 ], [ -45.3334, -23.913681 ], [ -45.332991, -23.916510799999969 ], [ -45.333105899999964, -23.916553799999974 ], [ -45.333162699999946, -23.91665839999996 ], [ -45.333275699999945, -23.916799199999957 ], [ -45.333288799999934, -23.916904399999964 ], [ -45.333346699999936, -23.91706419999997 ], [ -45.333251399999938, -23.91721119999994 ], [ -45.333209, -23.917277099999978 ], [ -45.333315199999959, -23.917381 ], [ -45.333333799999934, -23.917476199999953 ], [ -45.333478599999978, -23.917599499999938 ], [ -45.333573, -23.917668299999946 ], [ -45.333765699999958, -23.917745399999944 ], [ -45.333828, -23.917844699999932 ], [ -45.33386859999996, -23.917944599999942 ], [ -45.333997, -23.918057899999951 ], [ -45.334146799999985, -23.918155799999965 ], [ -45.334318, -23.918243199999949 ], [ -45.334449899999981, -23.918281 ], [ -45.334572299999934, -23.918344399999967 ], [ -45.334825299999977, -23.91848049999993 ], [ -45.334931399999959, -23.918564 ], [ -45.335125399999981, -23.918651199999942 ], [ -45.335423899999967, -23.918761899999936 ], [ -45.335732899999982, -23.918857499999945 ], [ -45.335987599999953, -23.91894869999993 ], [ -45.336220399999945, -23.919035299999962 ], [ -45.336480299999948, -23.919116499999973 ], [ -45.33677339999997, -23.919227299999932 ], [ -45.336976899999968, -23.919269199999974 ], [ -45.337156199999981, -23.919427 ], [ -45.337295599999948, -23.919515199999978 ], [ -45.337609699999973, -23.919717799999944 ], [ -45.337779099999977, -23.919699899999955 ], [ -45.337988499999938, -23.919741699999975 ], [ -45.338111899999944, -23.919845199999941 ], [ -45.338247199999955, -23.919983899999977 ], [ -45.338403, -23.920096899999976 ], [ -45.338497799999971, -23.920185699999934 ], [ -45.338608199999953, -23.920233 ], [ -45.338735699999972, -23.920286199999964 ], [ -45.338852299999985, -23.920344599999964 ], [ -45.338969099999986, -23.920418099999949 ], [ -45.339076299999931, -23.92055709999994 ], [ -45.339183, -23.920670899999948 ], [ -45.339323, -23.920819299999948 ], [ -45.339393399999949, -23.921049299999936 ], [ -45.339447399999983, -23.921274599999947 ], [ -45.339500399999963, -23.921462799999972 ], [ -45.339531299999976, -23.921638199999961 ], [ -45.339616799999931, -23.921812699999975 ], [ -45.339702299999942, -23.921992099999954 ], [ -45.339667399999939, -23.922168499999941 ], [ -45.339619499999969, -23.922239599999955 ], [ -45.339583199999936, -23.92234069999995 ], [ -45.339629499999944, -23.922475499999962 ], [ -45.339539299999956, -23.922622799999942 ], [ -45.339481599999942, -23.922749499999952 ], [ -45.339390799999933, -23.922876699999961 ], [ -45.33935, -23.923033299999929 ], [ -45.339365099999952, -23.923254099999951 ], [ -45.339365499999985, -23.923554 ], [ -45.339351599999929, -23.92369 ], [ -45.339315699999986, -23.923821199999963 ], [ -45.33928439999994, -23.923912199999961 ], [ -45.339155199999936, -23.924045 ], [ -45.339058299999976, -23.924147099999971 ], [ -45.339142599999946, -23.924246299999936 ], [ -45.339200699999935, -23.924416299999962 ], [ -45.339241299999969, -23.924526199999946 ], [ -45.339325899999949, -23.924635499999965 ], [ -45.339394299999981, -23.92476 ], [ -45.339456299999938, -23.924839499999962 ], [ -45.33959619999996, -23.924958 ], [ -45.339767599999959, -23.925005499999941 ], [ -45.339925, -23.924907299999973 ], [ -45.340036, -23.924955899999929 ], [ -45.340120399999932, -23.925045099999977 ], [ -45.340227599999935, -23.925174199999958 ], [ -45.340318699999955, -23.925318699999934 ], [ -45.340408499999967, -23.925402899999938 ], [ -45.340479199999947, -23.925366499999939 ], [ -45.340481799999964, -23.925245399999937 ], [ -45.340477299999975, -23.925054099999954 ], [ -45.34035259999996, -23.924885 ], [ -45.34024439999996, -23.924710699999935 ], [ -45.340121299999964, -23.924602099999959 ], [ -45.340075799999966, -23.924532499999941 ], [ -45.340269399999954, -23.924604699999975 ], [ -45.340430899999944, -23.924717599999951 ], [ -45.340558599999952, -23.924785899999961 ], [ -45.340698699999962, -23.924889399999927 ], [ -45.340854399999955, -23.924947399999951 ], [ -45.341069399999981, -23.92494419999997 ], [ -45.341215, -23.925032599999952 ], [ -45.341226, -23.925032499999929 ], [ -45.341356, -23.92493479999996 ], [ -45.341550599999948, -23.92474569999996 ], [ -45.34147489999998, -23.924605799999938 ], [ -45.341520899999978, -23.924449099999947 ], [ -45.34156749999994, -23.924307599999963 ], [ -45.341620099999943, -23.924186199999951 ], [ -45.341677, -23.924014399999976 ], [ -45.341745699999933, -23.923887799999932 ], [ -45.341832899999986, -23.923851199999945 ], [ -45.341970599999968, -23.923859 ], [ -45.342084899999975, -23.923812 ], [ -45.342204099999947, -23.923744799999952 ], [ -45.342280799999969, -23.923733599999935 ], [ -45.342492099999959, -23.923825499999964 ], [ -45.342641799999967, -23.923868399999947 ], [ -45.342801699999939, -23.923885899999959 ], [ -45.342989899999964, -23.923928099999955 ], [ -45.343124299999943, -23.924016399999971 ], [ -45.343286699999965, -23.924119499999961 ], [ -45.343452799999966, -23.924167099999977 ], [ -45.343583099999933, -23.924094599999933 ], [ -45.343618799999945, -23.923993399999972 ], [ -45.343588, -23.923868199999959 ], [ -45.343437199999983, -23.923775199999966 ], [ -45.343506699999978, -23.923703799999942 ], [ -45.343481499999939, -23.923583699999938 ], [ -45.343578099999945, -23.923511899999937 ], [ -45.343591499999945, -23.923411399999964 ], [ -45.343577899999957, -23.923336599999971 ], [ -45.343721399999936, -23.923378499999956 ], [ -45.343838099999971, -23.923446899999931 ], [ -45.343954099999962, -23.923485199999959 ], [ -45.344042799999954, -23.923528899999951 ], [ -45.344126399999936, -23.92358779999995 ], [ -45.344232, -23.923641399999951 ], [ -45.344370699999956, -23.923694599999976 ], [ -45.344503299999985, -23.923712699999953 ], [ -45.344669, -23.923720299999957 ], [ -45.344789599999956, -23.923693199999946 ], [ -45.344898899999976, -23.923656299999948 ], [ -45.345019599999944, -23.923624199999949 ], [ -45.345116599999983, -23.923507 ], [ -45.345153, -23.923390799999936 ], [ -45.345100099999968, -23.923230699999976 ], [ -45.345004, -23.923116599999958 ], [ -45.34494669999998, -23.923006899999962 ], [ -45.344932699999958, -23.922856299999978 ], [ -45.344887, -23.922776699999929 ], [ -45.344819199999961, -23.92269239999996 ], [ -45.344750699999963, -23.922562899999946 ], [ -45.34469839999997, -23.922418 ], [ -45.344575199999952, -23.922319799999968 ], [ -45.344497099999955, -23.922276099999976 ], [ -45.344419099999982, -23.92223249999995 ], [ -45.344401, -23.922147399999972 ], [ -45.344403799999952, -23.921996399999955 ], [ -45.344308599999977, -23.921907699999963 ], [ -45.344196499999953, -23.921794099999943 ], [ -45.344107399999984, -23.921659199999965 ], [ -45.344107199999939, -23.921649099999968 ], [ -45.344038, -23.921489699999938 ], [ -45.343931299999952, -23.921365799999933 ], [ -45.343813399999931, -23.921242099999972 ], [ -45.343652199999951, -23.921134199999983 ], [ -45.343609599999979, -23.920964099999935 ], [ -45.343528399999968, -23.920764299999973 ], [ -45.343415199999981, -23.920610199999942 ], [ -45.343247599999984, -23.920457099999965 ], [ -45.343115499999953, -23.92040929999996 ], [ -45.343052299999954, -23.920264599999939 ], [ -45.342962299999954, -23.920189199999982 ], [ -45.342973299999983, -23.919948499999975 ], [ -45.343110199999956, -23.919832299999939 ] ] ] } },
{ "type": "Feature", "properties": { "id": "3520400029", "cd_bairro": "3520400029", "bairro": "Borrifos", "cd_mun": "3520400", "municipio": "Ilhabela", "cd_dist": "352040010", "distrito": "Cambaquara" }, "geometry": { "type": "Polygon", "coordinates": [ [ [ -45.448281599999973, -23.927486099999953 ], [ -45.448454399999946, -23.92723019999994 ], [ -45.448635799999977, -23.92707669999993 ], [ -45.448810599999945, -23.926917 ], [ -45.44899769999995, -23.927003799999966 ], [ -45.449145499999986, -23.927109499999972 ], [ -45.449382899999932, -23.927093399999933 ], [ -45.449538899999936, -23.926976199999956 ], [ -45.449695299999973, -23.926877 ], [ -45.449772199999984, -23.926773299999979 ], [ -45.449983499999973, -23.926763599999958 ], [ -45.45020779999993, -23.926741499999935 ], [ -45.450328199999944, -23.926799599999981 ], [ -45.450552099999982, -23.926747399999954 ], [ -45.450628, -23.926589299999932 ], [ -45.450584499999934, -23.926415199999951 ], [ -45.450501299999985, -23.92624189999998 ], [ -45.45050649999996, -23.926091799999938 ], [ -45.450372899999934, -23.926015699999937 ], [ -45.450356299999953, -23.925847199999964 ], [ -45.450353199999938, -23.925696599999981 ], [ -45.450547399999948, -23.925506199999973 ], [ -45.450549699999954, -23.925301399999967 ], [ -45.450598899999932, -23.925126 ], [ -45.450720899999965, -23.924961099999962 ], [ -45.450931899999944, -23.924932599999977 ], [ -45.45120309999993, -23.924927199999956 ], [ -45.451313599999935, -23.924834699999963 ], [ -45.451382299999977, -23.924640499999953 ], [ -45.451300799999956, -23.92453949999998 ], [ -45.451107699999966, -23.924476899999945 ], [ -45.450999899999942, -23.924389199999951 ], [ -45.450922499999933, -23.92415079999995 ], [ -45.45079979999997, -23.92391189999995 ], [ -45.450886799999978, -23.923669399999937 ], [ -45.451085499999976, -23.923430599999961 ], [ -45.451272099999983, -23.923210199999971 ], [ -45.45132609999996, -23.922932099999969 ], [ -45.451276299999961, -23.922734299999945 ], [ -45.451409099999978, -23.922448899999949 ], [ -45.451669699999968, -23.922310899999957 ], [ -45.451826099999948, -23.922223199999962 ], [ -45.45194859999998, -23.922078599999963 ], [ -45.452089899999976, -23.921883 ], [ -45.452204399999971, -23.921663799999976 ], [ -45.452366099999949, -23.921504299999981 ], [ -45.452589899999964, -23.921476499999983 ], [ -45.452847599999984, -23.921490299999959 ], [ -45.453034399999979, -23.921276 ], [ -45.453190199999938, -23.921158799999944 ], [ -45.453457899999933, -23.921033799999975 ], [ -45.453593699999942, -23.920911 ], [ -45.453769, -23.920775399999968 ], [ -45.453877099999943, -23.920605 ], [ -45.454053899999963, -23.920541799999967 ], [ -45.454215599999941, -23.920412799999951 ], [ -45.454387199999985, -23.920391599999959 ], [ -45.454508099999941, -23.920449399999939 ], [ -45.454713499999968, -23.920457799999951 ], [ -45.454868, -23.920539399999939 ], [ -45.455058899999983, -23.920499899999982 ], [ -45.455160699999965, -23.92032329999995 ], [ -45.455298, -23.920248499999957 ], [ -45.455502299999978, -23.920226899999932 ], [ -45.455717199999981, -23.920066299999974 ], [ -45.455743599999948, -23.920059799999933 ], [ -45.455872599999964, -23.919925 ], [ -45.456022, -23.919756 ], [ -45.456171, -23.919614699999954 ], [ -45.456281599999954, -23.919534399999975 ], [ -45.456363899999985, -23.919358 ], [ -45.45644, -23.919199799999944 ], [ -45.456291699999952, -23.919051499999966 ], [ -45.456142799999952, -23.918867199999966 ], [ -45.455954899999938, -23.91870769999997 ], [ -45.455961299999956, -23.918701599999963 ], [ -45.455892099999971, -23.918534099999931 ], [ -45.455797299999972, -23.918409499999939 ], [ -45.455794599999933, -23.91825149999994 ], [ -45.455817499999966, -23.918076499999927 ], [ -45.455851699999982, -23.917804799999942 ], [ -45.455901199999971, -23.917641199999935 ], [ -45.456003799999962, -23.917494799999929 ], [ -45.456198399999948, -23.917328699999928 ], [ -45.456485499999985, -23.917167099999972 ], [ -45.456812899999932, -23.917040899999961 ], [ -45.457107299999961, -23.916915399999937 ], [ -45.457277599999941, -23.91684 ], [ -45.457466899999986, -23.916740399999981 ], [ -45.457665399999939, -23.916614099999947 ], [ -45.458045799999979, -23.916499199999976 ], [ -45.458287399999961, -23.916368399999953 ], [ -45.458542699999953, -23.916261499999962 ], [ -45.458679099999983, -23.91615059999998 ], [ -45.458994599999983, -23.916078899999945 ], [ -45.459216499999968, -23.915948499999956 ], [ -45.459407799999951, -23.915927099999976 ], [ -45.459636599999953, -23.915802499999927 ], [ -45.45975089999996, -23.91558329999998 ], [ -45.459825699999953, -23.915358599999934 ], [ -45.459835599999963, -23.915195499999982 ], [ -45.459741399999984, -23.915124799999944 ], [ -45.459744199999932, -23.914949899999954 ], [ -45.459834, -23.91481559999994 ], [ -45.459991499999944, -23.914746199999968 ], [ -45.460167399999932, -23.91462249999995 ], [ -45.460307, -23.914436499999965 ], [ -45.460388, -23.914199699999983 ], [ -45.460378599999956, -23.914061 ], [ -45.460347899999931, -23.913850299999979 ], [ -45.460250299999984, -23.913767699999937 ], [ -45.459691699999951, -23.913827 ], [ -45.459221599999978, -23.913775199999975 ], [ -45.458777199999986, -23.913594 ], [ -45.45838, -23.913328 ], [ -45.458048, -23.91311 ], [ -45.457389, -23.912584 ], [ -45.457195, -23.912393 ], [ -45.45678, -23.91226869999997 ], [ -45.456740299999979, -23.912256899999932 ], [ -45.456701599999974, -23.912245299999938 ], [ -45.456547, -23.912199 ], [ -45.456086, -23.912139 ], [ -45.455771, -23.911788 ], [ -45.455173, -23.911495 ], [ -45.454909, -23.911398 ], [ -45.455239, -23.911933 ], [ -45.455085, -23.912303 ], [ -45.454867, -23.912858 ], [ -45.454616, -23.913054 ], [ -45.454208, -23.913887 ], [ -45.453355, -23.91444 ], [ -45.452678, -23.914751 ], [ -45.452388, -23.915132 ], [ -45.452326, -23.916175 ], [ -45.452155, -23.916939 ], [ -45.451804, -23.917146 ], [ -45.451429, -23.917261 ], [ -45.450942, -23.917375 ], [ -45.450925, -23.917803 ], [ -45.450857, -23.918325 ], [ -45.450491, -23.918706 ], [ -45.450253, -23.918867 ], [ -45.450013, -23.919156 ], [ -45.449971, -23.919573 ], [ -45.449615, -23.920162 ], [ -45.449413, -23.92044 ], [ -45.449025, -23.920543 ], [ -45.448588, -23.920692 ], [ -45.447988, -23.921941 ], [ -45.446266, -23.923279 ], [ -45.445706, -23.924308 ], [ -45.445159, -23.925338 ], [ -45.443708, -23.925877 ], [ -45.442533, -23.92622 ], [ -45.441111, -23.926354 ], [ -45.440438, -23.926375 ], [ -45.440351, -23.927441 ], [ -45.440618, -23.928067 ], [ -45.440885, -23.928729 ], [ -45.440853, -23.929308 ], [ -45.440523, -23.929828 ], [ -45.440046, -23.930174 ], [ -45.439446, -23.93038 ], [ -45.43908, -23.930785 ], [ -45.438354, -23.931106 ], [ -45.437414, -23.931566 ], [ -45.436859, -23.932121 ], [ -45.435958, -23.932488 ], [ -45.434886, -23.932612 ], [ -45.434286, -23.932748 ], [ -45.433529, -23.933592 ], [ -45.433325399999944, -23.933694599999967 ], [ -45.433269199999984, -23.933722899999964 ], [ -45.433150199999943, -23.933782899999983 ], [ -45.432953899999973, -23.933881799999938 ], [ -45.432878699999947, -23.933919699999933 ], [ -45.432802399999957, -23.933958099999927 ], [ -45.432251, -23.934236 ], [ -45.43192339999996, -23.934437799999955 ], [ -45.431882099999939, -23.934463299999948 ], [ -45.431840899999941, -23.934488699999974 ], [ -45.431485, -23.934708 ], [ -45.430875, -23.934694 ], [ -45.430102899999952, -23.935134099999971 ], [ -45.430043, -23.935151 ], [ -45.429953699999942, -23.935177199999941 ], [ -45.429386, -23.935245 ], [ -45.428836, -23.935405 ], [ -45.427674, -23.935748 ], [ -45.427509, -23.936003 ], [ -45.426274, -23.936114 ], [ -45.425472, -23.936493 ], [ -45.424409, -23.936849 ], [ -45.423703899999964, -23.936766399999954 ], [ -45.423583, -23.936752199999944 ], [ -45.423385599999961, -23.936729 ], [ -45.423078, -23.936693 ], [ -45.422043, -23.936782 ], [ -45.421442, -23.937069 ], [ -45.420751, -23.937588 ], [ -45.420076, -23.937771 ], [ -45.418569, -23.937742 ], [ -45.417885, -23.937566 ], [ -45.417412, -23.937599 ], [ -45.416888, -23.93762 ], [ -45.415994, -23.93735 ], [ -45.415337, -23.937081 ], [ -45.414616, -23.936986 ], [ -45.413232, -23.937015 ], [ -45.412366, -23.936502 ], [ -45.41139, -23.935826 ], [ -45.410452, -23.935104 ], [ -45.409874, -23.934384 ], [ -45.409203, -23.933234 ], [ -45.408883899999978, -23.932791399999928 ], [ -45.408853399999941, -23.933024799999941 ], [ -45.409, -23.93338289999997 ], [ -45.40913809999995, -23.933779699999945 ], [ -45.409179, -23.934254199999941 ], [ -45.409207099999946, -23.934715799999935 ], [ -45.409185499999978, -23.935125599999935 ], [ -45.40902159999996, -23.935669099999927 ], [ -45.408741199999952, -23.936096099999929 ], [ -45.408378899999946, -23.936544799999979 ], [ -45.407943199999977, -23.936764799999935 ], [ -45.40755489999998, -23.936911399999929 ], [ -45.407218499999942, -23.936993399999949 ], [ -45.406714399999942, -23.937184899999977 ], [ -45.406731499999978, -23.937243 ], [ -45.406808699999942, -23.937479599999961 ], [ -45.406892099999936, -23.937689599999942 ], [ -45.406941299999971, -23.937839699999927 ], [ -45.407082899999978, -23.93798819999995 ], [ -45.407317499999976, -23.938159399999961 ], [ -45.407492299999944, -23.938313499999936 ], [ -45.407685499999957, -23.938394899999935 ], [ -45.407872499999939, -23.938500399999953 ], [ -45.408049699999935, -23.938461199999949 ], [ -45.408167299999945, -23.938410799999929 ], [ -45.408325599999955, -23.938414199999954 ], [ -45.408504599999958, -23.938453399999958 ], [ -45.408717599999932, -23.93854639999995 ], [ -45.408910399999968, -23.938621599999976 ], [ -45.409195, -23.938683099999935 ], [ -45.409583199999986, -23.938634399999955 ], [ -45.409879199999978, -23.93859329999998 ], [ -45.41015589999995, -23.938558599999965 ], [ -45.410359, -23.938537199999928 ], [ -45.410372199999983, -23.938537 ], [ -45.410535599999946, -23.93846179999997 ], [ -45.410725099999979, -23.938397899999927 ], [ -45.410943199999963, -23.938430299999936 ], [ -45.411103499999967, -23.938524299999983 ], [ -45.411146299999984, -23.938656599999945 ], [ -45.411340399999972, -23.93878019999994 ], [ -45.411609, -23.938727 ], [ -45.411960699999952, -23.938847599999974 ], [ -45.41224219999998, -23.939006499999948 ], [ -45.412453599999935, -23.939027 ], [ -45.412648599999955, -23.93895079999993 ], [ -45.412841, -23.938966 ], [ -45.41302369999994, -23.938884399999949 ], [ -45.413212699999974, -23.938784699999928 ], [ -45.413298299999951, -23.938571599999932 ], [ -45.413387, -23.938461299999972 ], [ -45.413472099999979, -23.938245399999971 ], [ -45.413603299999977, -23.938237199999946 ], [ -45.413751, -23.938313299999948 ], [ -45.413943099999983, -23.938346299999978 ], [ -45.414120599999933, -23.938355299999955 ], [ -45.414156399999968, -23.938282 ], [ -45.414037, -23.938247799999942 ], [ -45.413914899999952, -23.938147199999946 ], [ -45.413768399999981, -23.93808329999996 ], [ -45.413836099999969, -23.937997499999938 ], [ -45.414031299999976, -23.93806879999994 ], [ -45.414183199999968, -23.938102399999934 ], [ -45.414295299999935, -23.938118499999973 ], [ -45.414505899999938, -23.938126899999929 ], [ -45.41464469999994, -23.938166699999954 ], [ -45.414803899999981, -23.938230199999964 ], [ -45.414982699999939, -23.938275699999963 ], [ -45.415091399999937, -23.938401099999965 ], [ -45.415199299999983, -23.938502099999937 ], [ -45.415280699999983, -23.938591699999961 ], [ -45.415358699999956, -23.938786799999946 ], [ -45.415537899999947, -23.938832199999979 ], [ -45.415690199999972, -23.938859899999954 ], [ -45.41585, -23.938917899999979 ], [ -45.416060699999946, -23.93890829999998 ], [ -45.416255799999931, -23.93882 ], [ -45.416381299999955, -23.93883 ], [ -45.416536699999938, -23.938748499999974 ], [ -45.416748199999972, -23.938775199999952 ], [ -45.416992199999981, -23.938783199999932 ], [ -45.41718869999994, -23.938743699999975 ], [ -45.417337799999984, -23.938668599999971 ], [ -45.417572199999938, -23.938779699999941 ], [ -45.417789699999958, -23.938816799999927 ], [ -45.418198899999936, -23.938864 ], [ -45.418218599999932, -23.938863699999956 ], [ -45.418470499999955, -23.938926 ], [ -45.418636699999979, -23.938983699999937 ], [ -45.418816799999945, -23.939071399999932 ], [ -45.419075499999963, -23.939115699999945 ], [ -45.419088699999975, -23.939115499999957 ], [ -45.419378199999983, -23.939080499999932 ], [ -45.419555499999944, -23.939047399999936 ], [ -45.419754399999931, -23.93906839999994 ], [ -45.419964399999969, -23.939028599999972 ], [ -45.420267899999942, -23.93901169999998 ], [ -45.420546099999967, -23.939031399999976 ], [ -45.420817499999941, -23.93904509999993 ], [ -45.421039599999972, -23.93899289999996 ], [ -45.421260399999937, -23.938916499999948 ], [ -45.421398899999986, -23.938890099999981 ], [ -45.421563499999934, -23.939014799999939 ], [ -45.421744799999942, -23.939084499999979 ], [ -45.422023, -23.939104199999974 ], [ -45.421991399999968, -23.938971399999957 ], [ -45.421876299999951, -23.938894699999935 ], [ -45.421814899999958, -23.938841299999979 ], [ -45.421931599999937, -23.938778899999932 ], [ -45.422087799999986, -23.938685899999939 ], [ -45.422257399999978, -23.938548399999945 ], [ -45.422452799999974, -23.93846 ], [ -45.42270259999998, -23.938431599999944 ], [ -45.422928299999967, -23.938476699999967 ], [ -45.42312359999994, -23.938625199999933 ], [ -45.423224, -23.938684 ], [ -45.423362099999963, -23.938663599999927 ], [ -45.423645099999931, -23.938634699999966 ], [ -45.423870799999975, -23.938679499999978 ], [ -45.424030099999982, -23.938713299999961 ], [ -45.424164299999973, -23.938789899999961 ], [ -45.424238399999979, -23.938843199999951 ], [ -45.424399599999958, -23.93893769999994 ], [ -45.424448499999983, -23.939028 ], [ -45.424612199999956, -23.93898269999994 ], [ -45.424766699999964, -23.938898699999982 ], [ -45.424805599999956, -23.938837599999943 ], [ -45.424951699999951, -23.938877399999967 ], [ -45.425138, -23.938964799999951 ], [ -45.425185699999986, -23.93906069999997 ], [ -45.425379, -23.939166299999954 ], [ -45.42557869999996, -23.93924149999998 ], [ -45.425772799999947, -23.939371 ], [ -45.425939599999936, -23.939452699999947 ], [ -45.426111599999956, -23.939467799999932 ], [ -45.426261, -23.939338299999974 ], [ -45.426379399999973, -23.93931809999998 ], [ -45.426564699999972, -23.939345099999969 ], [ -45.426744299999939, -23.939414499999941 ], [ -45.426833099999953, -23.939563899999939 ], [ -45.42696849999993, -23.939730699999927 ], [ -45.427004499999953, -23.939881199999945 ], [ -45.427061399999957, -23.94008539999993 ], [ -45.427151299999935, -23.940289099999973 ], [ -45.427168699999982, -23.940500099999952 ], [ -45.427291199999956, -23.940679299999942 ], [ -45.427452, -23.940791399999966 ], [ -45.427634599999976, -23.940999899999952 ], [ -45.427836099999979, -23.941159899999946 ], [ -45.428061299999968, -23.941180799999927 ], [ -45.428074199999969, -23.941162399999939 ], [ -45.428191599999934, -23.941088099999945 ], [ -45.428140199999973, -23.940841 ], [ -45.428063799999961, -23.940660899999955 ], [ -45.428093299999944, -23.940485299999978 ], [ -45.42802249999994, -23.940257 ], [ -45.427800599999955, -23.940073199999972 ], [ -45.427744899999936, -23.939929199999938 ], [ -45.427805499999977, -23.939674499999967 ], [ -45.42788749999994, -23.939498 ], [ -45.428042, -23.939308399999959 ], [ -45.428291099999967, -23.93921389999997 ], [ -45.428534699999943, -23.939185699999939 ], [ -45.428798, -23.939175199999966 ], [ -45.429007499999955, -23.939135299999975 ], [ -45.429515699999968, -23.939127 ], [ -45.429842299999962, -23.939000799999974 ], [ -45.430114499999945, -23.939044699999954 ], [ -45.430400799999973, -23.93910649999998 ], [ -45.430514, -23.93912279999995 ], [ -45.430747099999962, -23.939179399999944 ], [ -45.430951599999958, -23.93917 ], [ -45.431156699999974, -23.939178699999957 ], [ -45.43127549999997, -23.939170699999977 ], [ -45.431385299999931, -23.93909629999996 ], [ -45.43154119999997, -23.939039299999934 ], [ -45.43169469999998, -23.939115399999935 ], [ -45.431801199999938, -23.939155899999946 ], [ -45.431991899999957, -23.939116499999955 ], [ -45.432202899999936, -23.939101 ], [ -45.432201, -23.939016399999957 ], [ -45.432276699999932, -23.938858099999948 ], [ -45.432424699999956, -23.938668699999937 ], [ -45.432508699999971, -23.938576799999964 ], [ -45.432710499999985, -23.938440699999944 ], [ -45.432909199999983, -23.938455499999975 ], [ -45.433023899999966, -23.938290799999947 ], [ -45.433127299999967, -23.938186499999972 ], [ -45.433495599999958, -23.938108 ], [ -45.43374, -23.938079699999946 ], [ -45.433936199999948, -23.937961799999982 ], [ -45.434057699999983, -23.937778799999933 ], [ -45.434106199999974, -23.937603199999955 ], [ -45.43409349999996, -23.937368599999957 ], [ -45.434030299999961, -23.937225399999932 ], [ -45.433988299999953, -23.93713589999993 ], [ -45.434031, -23.937005499999941 ], [ -45.434121, -23.936883599999931 ], [ -45.434230699999944, -23.936761399999966 ], [ -45.43436, -23.936632799999927 ], [ -45.434588599999984, -23.936538699999971 ], [ -45.43476469999996, -23.936451499999976 ], [ -45.434954299999958, -23.936382199999969 ], [ -45.43519189999995, -23.936402 ], [ -45.435455699999977, -23.936403399999961 ], [ -45.43562, -23.93637659999996 ], [ -45.435763399999985, -23.936302 ], [ -45.435987799999964, -23.936298 ], [ -45.436165899999935, -23.936295 ], [ -45.436422899999968, -23.936284599999965 ], [ -45.43662779999994, -23.936293099999943 ], [ -45.436775, -23.936368799999968 ], [ -45.436935499999947, -23.936456499999963 ], [ -45.436926199999959, -23.936619399999927 ], [ -45.437016699999958, -23.936822899999981 ], [ -45.437060199999962, -23.936991199999966 ], [ -45.437244899999939, -23.936982099999966 ], [ -45.437453699999935, -23.936888099999976 ], [ -45.437583199999949, -23.936789399999952 ], [ -45.437693699999954, -23.936721199999965 ], [ -45.43791959999993, -23.936783799999944 ], [ -45.438183799999933, -23.936791399999947 ], [ -45.438388099999941, -23.936776 ], [ -45.438580299999956, -23.936790799999983 ], [ -45.438656199999969, -23.936650799999938 ], [ -45.438838199999964, -23.936527199999944 ], [ -45.438951199999963, -23.936436299999968 ], [ -45.439082399999961, -23.936397899999974 ], [ -45.439217399999961, -23.936238599999967 ], [ -45.439407199999948, -23.936151099999961 ], [ -45.439578799999936, -23.936142299999972 ], [ -45.439842, -23.936095699999953 ], [ -45.439940099999944, -23.936039799999946 ], [ -45.440076899999951, -23.935935099999938 ], [ -45.440233499999977, -23.935835899999972 ], [ -45.440378, -23.935791299999948 ], [ -45.440394899999944, -23.93567029999997 ], [ -45.440504499999975, -23.93555989999993 ], [ -45.440628, -23.935461299999929 ], [ -45.440738499999952, -23.935356899999931 ], [ -45.440794399999959, -23.935187 ], [ -45.440864499999975, -23.93506519999994 ], [ -45.440987199999938, -23.934954599999969 ], [ -45.441099299999962, -23.934946699999955 ], [ -45.441273499999966, -23.935034199999961 ], [ -45.441485599999965, -23.935054699999966 ], [ -45.441763099999946, -23.935062099999982 ], [ -45.441980899999976, -23.935058499999968 ], [ -45.442174499999965, -23.935139699999979 ], [ -45.442359099999976, -23.93511849999993 ], [ -45.442603299999973, -23.935096299999941 ], [ -45.442775599999948, -23.935058699999956 ], [ -45.443036499999948, -23.93488519999994 ], [ -45.443258299999968, -23.934748799999966 ], [ -45.443421199999932, -23.934643499999936 ], [ -45.443597499999953, -23.93455 ], [ -45.443780099999969, -23.934438399999976 ], [ -45.443957099999977, -23.934375 ], [ -45.444080299999939, -23.934264399999961 ], [ -45.444231099999968, -23.934207499999957 ], [ -45.444322299999953, -23.934145599999965 ], [ -45.444411399999979, -23.933981199999948 ], [ -45.444454899999982, -23.933847799999967 ], [ -45.444513299999983, -23.933708299999978 ], [ -45.444589, -23.93352589999995 ], [ -45.444658799999956, -23.933385899999962 ], [ -45.444708599999956, -23.933234299999981 ], [ -45.444679299999962, -23.93309 ], [ -45.444709199999977, -23.932932599999958 ], [ -45.444818299999952, -23.93273 ], [ -45.444933399999968, -23.932559499999968 ], [ -45.444989499999963, -23.93239559999995 ], [ -45.445019099999968, -23.932220099999938 ], [ -45.445023499999934, -23.932105399999955 ], [ -45.445053799999982, -23.931972199999962 ], [ -45.445123899999942, -23.931844299999966 ], [ -45.445134699999983, -23.931723499999976 ], [ -45.445238899999936, -23.931655399999954 ], [ -45.445383, -23.93160469999998 ], [ -45.445508699999948, -23.931626699999981 ], [ -45.445725599999946, -23.931580799999949 ], [ -45.445934299999976, -23.931450599999948 ], [ -45.44608409999995, -23.931351499999948 ], [ -45.446252799999968, -23.931203799999935 ], [ -45.446382599999936, -23.931087 ], [ -45.446512399999961, -23.930976099999953 ], [ -45.446530299999949, -23.930879299999958 ], [ -45.446625799999936, -23.930702699999983 ], [ -45.44665619999995, -23.930575499999975 ], [ -45.4467, -23.930454 ], [ -45.44676979999997, -23.930307899999946 ], [ -45.446581699999967, -23.930160899999976 ], [ -45.44642719999996, -23.930030599999952 ], [ -45.446408799999972, -23.929777499999943 ], [ -45.446472099999937, -23.929643799999951 ], [ -45.446601699999974, -23.929527099999973 ], [ -45.446776599999964, -23.929367399999933 ], [ -45.446978399999978, -23.929219199999977 ], [ -45.447059399999944, -23.928988799999956 ], [ -45.447186599999952, -23.928757599999983 ], [ -45.447293399999978, -23.92850889999994 ], [ -45.447366, -23.928219299999967 ], [ -45.447387799999944, -23.927984 ], [ -45.447535, -23.927764499999967 ], [ -45.447778099999937, -23.927724099999978 ], [ -45.447939199999951, -23.92786 ], [ -45.448126899999977, -23.927675799999975 ], [ -45.448281599999973, -23.927486099999953 ] ] ] } },
{ "type": "Feature", "properties": { "id": "3520400019", "cd_bairro": "3520400019", "bairro": "Camarão", "cd_mun": "3520400", "municipio": "Ilhabela", "cd_dist": "352040005", "distrito": "Ilhabela" }, "geometry": { "type": "Polygon", "coordinates": [ [ [ -45.376478399999939, -23.827986899999928 ], [ -45.376439699999935, -23.828165099999978 ], [ -45.37640719999996, -23.828239699999983 ], [ -45.376361799999984, -23.828298099999927 ], [ -45.37618329999998, -23.828460399999983 ], [ -45.375995099999955, -23.828632399999947 ], [ -45.375751699999967, -23.828866099999971 ], [ -45.375576399999943, -23.829044599999975 ], [ -45.375346, -23.829245799999967 ], [ -45.375196699999947, -23.829378799999972 ], [ -45.375198099999977, -23.829430499999944 ], [ -45.375215599999933, -23.829563 ], [ -45.375268099999971, -23.829810399999928 ], [ -45.376210799999967, -23.829551399999957 ], [ -45.376569399999937, -23.830497099999945 ], [ -45.37697, -23.830448699999977 ], [ -45.376895, -23.830856199999971 ], [ -45.376786599999946, -23.831270299999971 ], [ -45.376649199999974, -23.83165159999993 ], [ -45.376837899999941, -23.831678699999941 ], [ -45.377551399999959, -23.831607099999928 ], [ -45.377583099999981, -23.831652199999951 ], [ -45.377748899999972, -23.831755 ], [ -45.377912599999945, -23.831796299999951 ], [ -45.37798719999995, -23.831888 ], [ -45.378037099999972, -23.832024 ], [ -45.378126799999961, -23.832178399999975 ], [ -45.378171699999939, -23.832274699999971 ], [ -45.378180099999952, -23.832400099999973 ], [ -45.378191399999935, -23.832544399999961 ], [ -45.378192599999977, -23.83256 ], [ -45.378219099999967, -23.832717099999968 ], [ -45.378268399999968, -23.832832499999938 ], [ -45.378289399999971, -23.832956399999944 ], [ -45.37828479999996, -23.833082499999932 ], [ -45.378245799999945, -23.833188 ], [ -45.378142599999933, -23.833384099999932 ], [ -45.378084099999967, -23.833456399999932 ], [ -45.377788299999963, -23.833635199999947 ], [ -45.377714899999944, -23.833700599999929 ], [ -45.377625399999943, -23.833808399999953 ], [ -45.377566899999977, -23.834484399999951 ], [ -45.37811389999996, -23.835198199999979 ], [ -45.377999599999953, -23.835271899999952 ], [ -45.377850199999955, -23.835298299999977 ], [ -45.377703599999961, -23.835349099999974 ], [ -45.377490099999932, -23.83552119999996 ], [ -45.377316299999961, -23.83559409999998 ], [ -45.377086399999939, -23.835645299999953 ], [ -45.376953, -23.835716599999955 ], [ -45.376874799999939, -23.835829299999943 ], [ -45.376842699999941, -23.83591389999998 ], [ -45.376752099999976, -23.836036899999954 ], [ -45.376551199999938, -23.836158399999931 ], [ -45.376205599999935, -23.836429099999975 ], [ -45.376086599999951, -23.836465299999929 ], [ -45.375969299999952, -23.836451799999963 ], [ -45.375861, -23.836380299999973 ], [ -45.375809699999934, -23.836348599999951 ], [ -45.375761899999929, -23.836328099999946 ], [ -45.37561009999996, -23.836317799999961 ], [ -45.375527299999931, -23.836316299999964 ], [ -45.375479399999961, -23.836338299999966 ], [ -45.375638899999956, -23.83638 ], [ -45.375747599999954, -23.836434299999951 ], [ -45.375847799999974, -23.83649829999996 ], [ -45.375909299999933, -23.836562299999969 ], [ -45.375957599999936, -23.836647599999935 ], [ -45.375983399999939, -23.836766099999977 ], [ -45.375991799999952, -23.836872599999936 ], [ -45.375988099999972, -23.836985599999934 ], [ -45.375964599999975, -23.83702859999994 ], [ -45.375841399999956, -23.837171399999932 ], [ -45.375733299999979, -23.837325699999951 ], [ -45.375720699999931, -23.837572899999941 ], [ -45.375694899999985, -23.837698099999955 ], [ -45.375627299999962, -23.83779119999997 ], [ -45.375540899999976, -23.837832899999967 ], [ -45.375444199999947, -23.837864 ], [ -45.375462, -23.83800969999993 ], [ -45.375457799999936, -23.838148899999965 ], [ -45.375358299999959, -23.83839 ], [ -45.375374699999952, -23.838541599999928 ], [ -45.375370699999962, -23.83891529999994 ], [ -45.375397199999952, -23.839079099999935 ], [ -45.375485799999979, -23.839277399999958 ], [ -45.375622799999974, -23.839409199999977 ], [ -45.37578039999994, -23.839589699999976 ], [ -45.375848799999972, -23.839755699999955 ], [ -45.375925699999982, -23.839880599999958 ], [ -45.376068799999985, -23.840005699999949 ], [ -45.376259299999958, -23.840240599999959 ], [ -45.376504899999929, -23.840467499999932 ], [ -45.376784499999985, -23.840987299999938 ], [ -45.376932499999953, -23.841155299999969 ], [ -45.37745549999994, -23.841457599999956 ], [ -45.377628299999969, -23.84149119999995 ], [ -45.377805799999976, -23.841486399999951 ], [ -45.377954599999953, -23.841342399999974 ], [ -45.378093699999965, -23.840867399999979 ], [ -45.378252099999941, -23.840541099999939 ], [ -45.378516, -23.840162 ], [ -45.378775099999984, -23.839806899999928 ], [ -45.378943099999958, -23.839559799999961 ], [ -45.37943249999995, -23.839257499999974 ], [ -45.379739599999937, -23.839142299999935 ], [ -45.380099499999972, -23.839151899999933 ], [ -45.380377799999962, -23.839305499999966 ], [ -45.380766499999936, -23.839684499999976 ], [ -45.381054399999982, -23.839684499999976 ], [ -45.381332699999973, -23.839574199999959 ], [ -45.381668599999955, -23.83950219999997 ], [ -45.381942199999969, -23.839535799999965 ], [ -45.382215699999961, -23.839646199999947 ], [ -45.382369199999971, -23.839852499999949 ], [ -45.382369199999971, -23.840049199999953 ], [ -45.382326, -23.840301199999942 ], [ -45.382244499999956, -23.840507499999944 ], [ -45.382282799999984, -23.84064189999998 ], [ -45.382345199999975, -23.840761799999939 ], [ -45.382383599999969, -23.840901 ], [ -45.382422, -23.841001699999936 ], [ -45.382546799999943, -23.841054499999927 ], [ -45.383012199999939, -23.840934599999969 ], [ -45.383362499999976, -23.840963399999964 ], [ -45.383496899999955, -23.840963399999964 ], [ -45.38387119999993, -23.840800199999933 ], [ -45.384130299999981, -23.840790599999934 ], [ -45.384375, -23.840977799999962 ], [ -45.384461399999964, -23.841232099999957 ], [ -45.384480599999961, -23.841611199999932 ], [ -45.384590899999978, -23.842004599999939 ], [ -45.384672499999965, -23.842182199999968 ], [ -45.384634099999971, -23.842378899999972 ], [ -45.384514199999956, -23.842628499999933 ], [ -45.38436059999998, -23.843002699999943 ], [ -45.38435579999998, -23.84319469999997 ], [ -45.384413399999971, -23.843266699999958 ], [ -45.38454779999995, -23.843324199999927 ], [ -45.384821599999952, -23.843339499999956 ], [ -45.385186, -23.84334819999998 ], [ -45.385365899999954, -23.84354019999995 ], [ -45.385577, -23.843852099999935 ], [ -45.385761799999955, -23.843914499999983 ], [ -45.385802599999977, -23.843909699999983 ], [ -45.38595609999993, -23.843765699999949 ], [ -45.386047299999973, -23.843652899999938 ], [ -45.386316, -23.842971499999976 ], [ -45.386364, -23.842698 ], [ -45.386536799999931, -23.842438899999934 ], [ -45.386608699999954, -23.842199 ], [ -45.386618299999952, -23.841939899999943 ], [ -45.386613499999953, -23.841776699999969 ], [ -45.386555899999962, -23.84154639999997 ], [ -45.386565799999971, -23.841409799999951 ], [ -45.386478, -23.841305 ], [ -45.386133, -23.840953 ], [ -45.38584, -23.840718 ], [ -45.385535, -23.840573 ], [ -45.385118, -23.840505 ], [ -45.384639, -23.840385 ], [ -45.384233, -23.8402 ], [ -45.383952, -23.839881 ], [ -45.383938, -23.839492 ], [ -45.384069, -23.839095 ], [ -45.38404, -23.838387 ], [ -45.384275, -23.838124 ], [ -45.384672, -23.837962 ], [ -45.384949, -23.837695 ], [ -45.384888, -23.837404 ], [ -45.384589, -23.837187 ], [ -45.384217, -23.837043 ], [ -45.384174, -23.836771 ], [ -45.38431, -23.836599 ], [ -45.384527, -23.836454 ], [ -45.385074, -23.836412 ], [ -45.385666, -23.836262 ], [ -45.385963, -23.836376 ], [ -45.386168299999952, -23.83732329999998 ], [ -45.386184799999967, -23.837399399999981 ], [ -45.386210699999936, -23.837455199999965 ], [ -45.386403, -23.837607 ], [ -45.387091, -23.837618 ], [ -45.387493, -23.837533 ], [ -45.387417, -23.836943 ], [ -45.387102, -23.836349 ], [ -45.386872, -23.835952 ], [ -45.38698, -23.835539 ], [ -45.387482, -23.835455 ], [ -45.387994, -23.835498 ], [ -45.388187, -23.835213 ], [ -45.387481, -23.834855 ], [ -45.386699, -23.834541 ], [ -45.38602, -23.83405 ], [ -45.385939, -23.833432 ], [ -45.385742, -23.832919 ], [ -45.385603, -23.832512 ], [ -45.385197, -23.831991 ], [ -45.385008, -23.831715 ], [ -45.384758699999963, -23.831761699999959 ], [ -45.38472859999996, -23.831767299999967 ], [ -45.384698499999956, -23.831773 ], [ -45.38405309999996, -23.831893899999955 ], [ -45.38336849999996, -23.831756599999949 ], [ -45.38253629999997, -23.83147589999993 ], [ -45.381965899999955, -23.831107199999963 ], [ -45.381309199999976, -23.83052669999995 ], [ -45.380956399999945, -23.829856499999948 ], [ -45.380564399999969, -23.829311099999927 ], [ -45.379990699999951, -23.828713899999968 ], [ -45.379269799999975, -23.82822619999996 ], [ -45.37815089999998, -23.827738299999965 ], [ -45.37746489999995, -23.827456599999948 ], [ -45.376746899999944, -23.827166699999964 ], [ -45.376072299999976, -23.826865199999929 ], [ -45.375495499999943, -23.826516 ], [ -45.374933299999952, -23.826105199999972 ], [ -45.374458499999946, -23.825597399999936 ], [ -45.374090899999942, -23.825038799999959 ], [ -45.373851499999944, -23.824716799999976 ], [ -45.373411099999942, -23.825097399999947 ], [ -45.372975099999962, -23.82548879999996 ], [ -45.373192499999959, -23.825733899999932 ], [ -45.373268699999983, -23.825821099999928 ], [ -45.373386399999958, -23.825954299999978 ], [ -45.373569399999951, -23.826168 ], [ -45.373648299999957, -23.826256099999966 ], [ -45.373903, -23.826450799999975 ], [ -45.374124, -23.826550399999974 ], [ -45.37424, -23.826598299999944 ], [ -45.37427839999998, -23.826614199999938 ], [ -45.374379, -23.826647399999956 ], [ -45.374723599999982, -23.826735099999951 ], [ -45.374948499999959, -23.826783699999964 ], [ -45.375140599999952, -23.826870499999927 ], [ -45.375283799999977, -23.827010599999937 ], [ -45.375322299999937, -23.827113599999961 ], [ -45.375326299999983, -23.827223699999934 ], [ -45.375278599999945, -23.827320499999928 ], [ -45.375255599999946, -23.82740739999997 ], [ -45.375263799999971, -23.827472799999953 ], [ -45.375308099999984, -23.827558799999963 ], [ -45.37540869999998, -23.827634799999942 ], [ -45.376065, -23.827900499999942 ], [ -45.376291499999979, -23.827959799999974 ], [ -45.376419299999952, -23.827978299999927 ], [ -45.376478399999939, -23.827986899999928 ] ] ] } },
{ "type": "Feature", "properties": { "id": "3520400042", "cd_bairro": "3520400042", "bairro": "Castelhanos", "cd_mun": "3520400", "municipio": "Ilhabela", "cd_dist": "352040015", "distrito": "Paranabi" }, "geometry": { "type": "Polygon", "coordinates": [ [ [ -45.29162539999993, -23.859565099999941 ], [ -45.291738899999984, -23.859593799999971 ], [ -45.292275199999949, -23.859821699999941 ], [ -45.292768499999966, -23.860134599999981 ], [ -45.293687599999942, -23.860643799999934 ], [ -45.294294199999968, -23.860848899999951 ], [ -45.294945, -23.860967 ], [ -45.295126, -23.860693 ], [ -45.295242, -23.86051 ], [ -45.295249, -23.860164 ], [ -45.295019, -23.859791 ], [ -45.294595, -23.859668 ], [ -45.294406, -23.859122 ], [ -45.29431, -23.858889 ], [ -45.293913, -23.858744 ], [ -45.293591, -23.858554 ], [ -45.29332, -23.858341 ], [ -45.29318, -23.857819 ], [ -45.293085, -23.857564 ], [ -45.29336, -23.857569 ], [ -45.293941, -23.85729 ], [ -45.294257, -23.857146 ], [ -45.29461, -23.85699 ], [ -45.294926, -23.856857 ], [ -45.295095, -23.856525 ], [ -45.295298, -23.856367 ], [ -45.295519, -23.855956 ], [ -45.295886, -23.855754 ], [ -45.295906, -23.855385 ], [ -45.296074, -23.8551 ], [ -45.296202, -23.85494 ], [ -45.296427, -23.854321 ], [ -45.296377, -23.853674 ], [ -45.296385, -23.85327 ], [ -45.296641, -23.852997 ], [ -45.296884, -23.852713 ], [ -45.29726, -23.85265 ], [ -45.298029, -23.852387 ], [ -45.298705, -23.851752 ], [ -45.299157, -23.851645 ], [ -45.299363, -23.85136 ], [ -45.299371, -23.850967 ], [ -45.299342, -23.850528 ], [ -45.299208, -23.850318 ], [ -45.29879, -23.850565 ], [ -45.298438, -23.850686 ], [ -45.297996, -23.850874 ], [ -45.297628, -23.85111 ], [ -45.297303, -23.851104 ], [ -45.296787, -23.851257 ], [ -45.296265, -23.851063 ], [ -45.29586, -23.850687 ], [ -45.2953, -23.850527 ], [ -45.294789, -23.850403 ], [ -45.294299, -23.850509 ], [ -45.29389, -23.850329 ], [ -45.293874, -23.849867 ], [ -45.294341, -23.849644 ], [ -45.294657, -23.849477 ], [ -45.294681, -23.848877 ], [ -45.294624, -23.848611 ], [ -45.294542, -23.848344 ], [ -45.294403, -23.848203399999932 ], [ -45.294363699999963, -23.84816369999993 ], [ -45.294323899999938, -23.848123399999963 ], [ -45.2941, -23.847897 ], [ -45.293828, -23.847719 ], [ -45.293799, -23.847303 ], [ -45.294091, -23.847089 ], [ -45.294493, -23.846969 ], [ -45.294795, -23.846905 ], [ -45.295239, -23.846613 ], [ -45.295832, -23.846369 ], [ -45.296274, -23.846158 ], [ -45.296260399999937, -23.845991599999934 ], [ -45.296255299999984, -23.84596149999993 ], [ -45.296253199999967, -23.845931399999984 ], [ -45.296201, -23.845418 ], [ -45.296097, -23.844977 ], [ -45.295791, -23.844626 ], [ -45.295493, -23.844505 ], [ -45.295072, -23.844278 ], [ -45.294896, -23.844275 ], [ -45.294629, -23.843867 ], [ -45.294288, -23.843411 ], [ -45.293127, -23.843252 ], [ -45.292753, -23.843211 ], [ -45.291991, -23.843105 ], [ -45.291491, -23.843096 ], [ -45.291144, -23.84294 ], [ -45.290551, -23.843172 ], [ -45.29017, -23.843454 ], [ -45.290035, -23.843948 ], [ -45.290054, -23.844271 ], [ -45.289816, -23.844925 ], [ -45.289782, -23.845386 ], [ -45.289769, -23.846067 ], [ -45.289229, -23.846773 ], [ -45.288742, -23.846742 ], [ -45.288119, -23.846592 ], [ -45.287477, -23.846789 ], [ -45.286472, -23.847002 ], [ -45.28626, -23.846941 ], [ -45.285892, -23.846576 ], [ -45.286074, -23.846222 ], [ -45.286379, -23.846008 ], [ -45.28672, -23.845817 ], [ -45.287112, -23.84564 ], [ -45.287455, -23.845346 ], [ -45.287736, -23.845062 ], [ -45.287745, -23.8446 ], [ -45.287741, -23.844196 ], [ -45.287434, -23.843891 ], [ -45.287258, -23.843311 ], [ -45.287192, -23.842836 ], [ -45.28769, -23.842326 ], [ -45.287874, -23.841844 ], [ -45.287844, -23.841612 ], [ -45.28782, -23.841404 ], [ -45.287901, -23.84114 ], [ -45.28778, -23.840907 ], [ -45.287518299999931, -23.841424199999949 ], [ -45.287270799999931, -23.841542199999935 ], [ -45.287036, -23.841656199999932 ], [ -45.286747499999933, -23.841844099999946 ], [ -45.286526099999946, -23.841998399999966 ], [ -45.286237599999936, -23.842105699999934 ], [ -45.285922299999982, -23.842380799999944 ], [ -45.285768, -23.842662599999983 ], [ -45.285707599999967, -23.842917499999942 ], [ -45.285761299999933, -23.843138899999929 ], [ -45.285727799999961, -23.843447499999968 ], [ -45.285325199999932, -23.84372929999995 ], [ -45.285097099999973, -23.843823199999974 ], [ -45.284768399999962, -23.844017799999961 ], [ -45.284419499999956, -23.844393499999967 ], [ -45.284292, -23.844675299999949 ], [ -45.284037099999978, -23.844950399999959 ], [ -45.283580899999947, -23.845091199999956 ], [ -45.283359599999983, -23.845135499999969 ], [ -45.283245399999942, -23.84515829999998 ], [ -45.282695299999943, -23.845426699999962 ], [ -45.281943899999931, -23.845601099999953 ], [ -45.281487599999934, -23.845782299999939 ], [ -45.280754299999955, -23.845810399999948 ], [ -45.28077879999995, -23.846176399999933 ], [ -45.280796099999975, -23.846393599999942 ], [ -45.280778699999985, -23.846639499999981 ], [ -45.280882899999938, -23.846794899999963 ], [ -45.28089, -23.846939799999973 ], [ -45.280911299999957, -23.847140899999943 ], [ -45.280943899999954, -23.847326399999929 ], [ -45.281056499999977, -23.847469399999966 ], [ -45.281176699999946, -23.847551899999928 ], [ -45.281291499999952, -23.847582199999977 ], [ -45.281387099999961, -23.847765599999946 ], [ -45.281465099999934, -23.84794919999996 ], [ -45.281368799999939, -23.848196299999927 ], [ -45.281295399999976, -23.848262099999943 ], [ -45.281164199999978, -23.848288799999978 ], [ -45.281162399999971, -23.84842569999995 ], [ -45.281182699999931, -23.848570199999983 ], [ -45.281149099999936, -23.848690799999929 ], [ -45.281174299999975, -23.848863599999959 ], [ -45.281238599999938, -23.849007399999948 ], [ -45.281274799999949, -23.849063199999932 ], [ -45.281378099999984, -23.849174099999971 ], [ -45.281437099999948, -23.849273699999969 ], [ -45.281470499999955, -23.849410199999966 ], [ -45.281569899999965, -23.84954149999993 ], [ -45.281598, -23.849629799999946 ], [ -45.281683399999963, -23.849725099999944 ], [ -45.281820599999946, -23.849771099999941 ], [ -45.281914, -23.849825899999928 ], [ -45.282104299999958, -23.849891099999979 ], [ -45.282294099999945, -23.849928199999965 ], [ -45.28246, -23.849869199999944 ], [ -45.282596599999977, -23.849875199999929 ], [ -45.282744799999932, -23.84980829999995 ], [ -45.282929, -23.849773299999981 ], [ -45.282996499999967, -23.849639199999956 ], [ -45.283040299999982, -23.849445 ], [ -45.283023499999956, -23.849284199999943 ], [ -45.283128, -23.849210299999982 ], [ -45.283252599999969, -23.849047599999949 ], [ -45.283399799999984, -23.848912599999949 ], [ -45.283423899999946, -23.84880759999993 ], [ -45.283454699999936, -23.848729699999978 ], [ -45.283551899999964, -23.848707499999932 ], [ -45.283675899999935, -23.84870559999996 ], [ -45.283766, -23.848693799999978 ], [ -45.283912899999962, -23.848705299999949 ], [ -45.284037399999931, -23.848717099999931 ], [ -45.284131799999955, -23.848732899999959 ], [ -45.284226199999978, -23.848748599999965 ], [ -45.284302099999934, -23.848778399999958 ], [ -45.284402, -23.848805699999957 ], [ -45.284509, -23.848860099999968 ], [ -45.284655799999939, -23.848949599999969 ], [ -45.284819499999969, -23.849049099999945 ], [ -45.284972099999948, -23.849153899999976 ], [ -45.285124899999971, -23.849263699999938 ], [ -45.285324599999967, -23.849490399999979 ], [ -45.285484099999962, -23.849656399999958 ], [ -45.285650099999941, -23.849868399999934 ], [ -45.285835099999986, -23.850102099999958 ], [ -45.285932499999944, -23.850233399999979 ], [ -45.28603, -23.850369799999953 ], [ -45.286133399999983, -23.850521399999934 ], [ -45.286214499999971, -23.850678499999958 ], [ -45.286335099999974, -23.850855399999944 ], [ -45.286522899999966, -23.851053399999955 ], [ -45.286740899999984, -23.851356499999952 ], [ -45.286889299999984, -23.851527799999928 ], [ -45.287093399999947, -23.851985899999931 ], [ -45.28722769999996, -23.852295399999946 ], [ -45.287377899999967, -23.852563699999962 ], [ -45.287546799999973, -23.852933899999982 ], [ -45.287652899999955, -23.853228499999943 ], [ -45.287741499999981, -23.853487499999972 ], [ -45.287768099999937, -23.853716899999938 ], [ -45.28782039999993, -23.853823199999965 ], [ -45.287889799999959, -23.853952599999957 ], [ -45.287926199999958, -23.854110299999945 ], [ -45.287974199999951, -23.854288299999951 ], [ -45.288010299999939, -23.854425599999956 ], [ -45.288047199999937, -23.854603699999927 ], [ -45.288111199999946, -23.854745699999967 ], [ -45.288182799999959, -23.854989599999953 ], [ -45.288248, -23.855192799999941 ], [ -45.288284499999975, -23.855355599999939 ], [ -45.288376399999947, -23.855491899999947 ], [ -45.288401499999964, -23.855639499999938 ], [ -45.288477399999977, -23.855817 ], [ -45.288537099999985, -23.856020399999977 ], [ -45.288573799999938, -23.856188299999928 ], [ -45.288609599999972, -23.856310299999961 ], [ -45.288657699999931, -23.856493399999977 ], [ -45.288705899999968, -23.856676499999935 ], [ -45.288725699999929, -23.856834599999956 ], [ -45.288796, -23.857008299999961 ], [ -45.288826799999981, -23.857161 ], [ -45.288847399999952, -23.857364899999936 ], [ -45.288840599999958, -23.857599899999968 ], [ -45.288911199999973, -23.857803099999956 ], [ -45.28892639999998, -23.858022399999982 ], [ -45.288918299999978, -23.858185899999967 ], [ -45.288889499999982, -23.858431499999938 ], [ -45.288859399999978, -23.858610699999929 ], [ -45.288780699999961, -23.858877499999949 ], [ -45.288766499999952, -23.859005699999955 ], [ -45.288702499999943, -23.859159899999952 ], [ -45.288660199999981, -23.85928819999998 ], [ -45.288574399999959, -23.859473399999956 ], [ -45.288482299999941, -23.859617799999967 ], [ -45.288423299999977, -23.859746499999972 ], [ -45.288324599999953, -23.85984 ], [ -45.288215399999956, -23.859974499999964 ], [ -45.288107099999934, -23.860160099999973 ], [ -45.288021199999946, -23.860340199999939 ], [ -45.287956699999938, -23.860479099999964 ], [ -45.28792, -23.860607399999935 ], [ -45.287934, -23.860760299999981 ], [ -45.287992899999949, -23.860922 ], [ -45.288057599999945, -23.861099699999954 ], [ -45.28808209999994, -23.861216799999966 ], [ -45.288113199999941, -23.861389899999949 ], [ -45.28813759999997, -23.861501899999951 ], [ -45.288129599999934, -23.861670499999946 ], [ -45.288140099999964, -23.861797 ], [ -45.288103099999944, -23.86192 ], [ -45.288066, -23.862032799999952 ], [ -45.288011799999936, -23.862130599999944 ], [ -45.287930399999937, -23.862264399999958 ], [ -45.287837299999978, -23.862383 ], [ -45.288191, -23.862751599999967 ], [ -45.288564299999962, -23.862892099999954 ], [ -45.288863699999979, -23.862888399999974 ], [ -45.289322099999936, -23.862818199999936 ], [ -45.289676899999961, -23.862596399999973 ], [ -45.289858, -23.862411599999973 ], [ -45.290116699999942, -23.862112199999956 ], [ -45.290242399999954, -23.86178689999997 ], [ -45.290353299999936, -23.86142469999993 ], [ -45.290656399999932, -23.861051399999951 ], [ -45.290833799999973, -23.860814799999957 ], [ -45.291284799999971, -23.860282499999983 ], [ -45.291550899999947, -23.859846399999981 ], [ -45.29162539999993, -23.859565099999941 ] ] ] } },
{ "type": "Feature", "properties": { "id": "3520400025", "cd_bairro": "3520400025", "bairro": "Cocaia", "cd_mun": "3520400", "municipio": "Ilhabela", "cd_dist": "352040005", "distrito": "Ilhabela" }, "geometry": { "type": "Polygon", "coordinates": [ [ [ -45.359021899999959, -23.81260489999994 ], [ -45.358679, -23.812262 ], [ -45.358141, -23.811798 ], [ -45.357949, -23.81162 ], [ -45.357635, -23.811299 ], [ -45.357363, -23.811042 ], [ -45.357096, -23.810878 ], [ -45.356962, -23.810709 ], [ -45.35657, -23.810487 ], [ -45.35631, -23.810321 ], [ -45.356152, -23.810168099999942 ], [ -45.356063, -23.810082 ], [ -45.355829, -23.809844 ], [ -45.355563, -23.809654 ], [ -45.355226, -23.809474 ], [ -45.354907, -23.809279 ], [ -45.354589, -23.809 ], [ -45.354354, -23.808753 ], [ -45.354033, -23.808386 ], [ -45.353675, -23.808047 ], [ -45.353336, -23.807715 ], [ -45.352898, -23.807377 ], [ -45.352491, -23.807078 ], [ -45.35204, -23.806832 ], [ -45.351626, -23.806609 ], [ -45.351204, -23.806404 ], [ -45.35086, -23.806084 ], [ -45.350545, -23.805765 ], [ -45.350278, -23.805373 ], [ -45.350077, -23.805107 ], [ -45.349845, -23.804727 ], [ -45.34822, -23.804073 ], [ -45.347557, -23.804073 ], [ -45.347087, -23.80448 ], [ -45.346667, -23.804819 ], [ -45.345967, -23.804807 ], [ -45.345677, -23.804918 ], [ -45.344146, -23.805838 ], [ -45.343131, -23.806594 ], [ -45.34237829999995, -23.806861099999935 ], [ -45.342661, -23.807104199999969 ], [ -45.342877499999986, -23.807261299999936 ], [ -45.343307399999958, -23.807401399999947 ], [ -45.343695299999979, -23.807409299999961 ], [ -45.344059899999934, -23.80739 ], [ -45.344240299999967, -23.807312599999932 ], [ -45.34442, -23.807272199999943 ], [ -45.344695099999967, -23.807368299999951 ], [ -45.345025899999939, -23.807333399999948 ], [ -45.345394399999975, -23.807148799999936 ], [ -45.345613, -23.80706669999995 ], [ -45.345918299999937, -23.807225399999936 ], [ -45.346216499999969, -23.807285499999978 ], [ -45.346609399999977, -23.807331599999941 ], [ -45.346848399999942, -23.807464099999947 ], [ -45.347092, -23.807752499999935 ], [ -45.347204, -23.807868 ], [ -45.347486699999934, -23.808035599999982 ], [ -45.34766209999998, -23.80816539999995 ], [ -45.347854499999983, -23.808271 ], [ -45.34823769999997, -23.80835339999993 ], [ -45.348543899999981, -23.808481699999959 ], [ -45.348939099999939, -23.808772799999929 ], [ -45.34925549999997, -23.808988 ], [ -45.349692199999936, -23.809194099999957 ], [ -45.349911, -23.809283599999958 ], [ -45.350253199999941, -23.809443099999953 ], [ -45.350457399999982, -23.809541199999956 ], [ -45.35066809999995, -23.809628799999928 ], [ -45.350942099999941, -23.80966959999995 ], [ -45.351224499999944, -23.80966879999994 ], [ -45.35144779999996, -23.809686699999929 ], [ -45.351728699999967, -23.809670499999982 ], [ -45.35189859999997, -23.809651599999938 ], [ -45.352067399999953, -23.809518599999933 ], [ -45.352141, -23.809449799999982 ], [ -45.352225099999941, -23.809429799999975 ], [ -45.352361199999962, -23.809481099999971 ], [ -45.352474299999983, -23.809512699999971 ], [ -45.352586299999984, -23.809531199999981 ], [ -45.352745, -23.80956939999993 ], [ -45.35284, -23.809624 ], [ -45.352951799999971, -23.809712 ], [ -45.353087599999981, -23.809765199999958 ], [ -45.353215499999976, -23.80975449999994 ], [ -45.353275399999973, -23.80976279999993 ], [ -45.353323199999977, -23.80976979999997 ], [ -45.353390899999965, -23.809795699999938 ], [ -45.353461799999934, -23.809822799999949 ], [ -45.353550899999959, -23.80986669999993 ], [ -45.353592, -23.809924899999942 ], [ -45.353604599999983, -23.810029799999938 ], [ -45.353639799999939, -23.810100499999976 ], [ -45.353693599999986, -23.810148199999958 ], [ -45.353753099999949, -23.810239199999955 ], [ -45.353729399999963, -23.810329199999956 ], [ -45.353698699999939, -23.81048549999997 ], [ -45.353765799999962, -23.810625499999958 ], [ -45.353875599999981, -23.810784399999932 ], [ -45.353920499999958, -23.810903899999971 ], [ -45.353913399999954, -23.811031699999944 ], [ -45.353883099999962, -23.811160799999982 ], [ -45.35388439999997, -23.811237 ], [ -45.353915099999938, -23.811350399999981 ], [ -45.353886899999964, -23.811465599999963 ], [ -45.353879099999972, -23.811550599999975 ], [ -45.35398779999997, -23.811691499999938 ], [ -45.354099899999937, -23.811841899999934 ], [ -45.354175899999973, -23.812068799999963 ], [ -45.354181899999958, -23.812154899999939 ], [ -45.354121, -23.812310199999956 ], [ -45.35398159999994, -23.812379399999941 ], [ -45.353920899999935, -23.812468399999943 ], [ -45.353913499999976, -23.812718799999971 ], [ -45.353955099999951, -23.81290649999994 ], [ -45.354015499999946, -23.812940799999978 ], [ -45.35413049999994, -23.812919799999975 ], [ -45.354214399999933, -23.812923399999931 ], [ -45.354549099999986, -23.813007899999945 ], [ -45.354994199999965, -23.813745199999971 ], [ -45.355147199999976, -23.814028099999973 ], [ -45.35519359999995, -23.81438049999997 ], [ -45.355235299999947, -23.814658699999939 ], [ -45.355346599999962, -23.814948499999957 ], [ -45.355382899999938, -23.815008199999966 ], [ -45.355420599999945, -23.815095799999938 ], [ -45.355524199999934, -23.815125 ], [ -45.35570249999995, -23.815082199999949 ], [ -45.355926199999942, -23.815083799999968 ], [ -45.356100499999968, -23.815123299999982 ], [ -45.356119199999966, -23.815235899999948 ], [ -45.356248899999969, -23.815488199999947 ], [ -45.356509399999936, -23.815649 ], [ -45.356692399999986, -23.815767299999948 ], [ -45.35683389999997, -23.816048399999943 ], [ -45.356961399999932, -23.816250299999979 ], [ -45.357000899999946, -23.816308299999946 ], [ -45.35714459999997, -23.816484499999945 ], [ -45.357230399999935, -23.816614299999969 ], [ -45.357304599999964, -23.81686469999994 ], [ -45.357399599999951, -23.816985299999942 ], [ -45.357582799999932, -23.817071 ], [ -45.357923599999936, -23.817238 ], [ -45.358204099999966, -23.817374799999982 ], [ -45.358357199999944, -23.817416499999979 ], [ -45.358460499999978, -23.817462399999954 ], [ -45.358649299999968, -23.817546299999947 ], [ -45.358797699999968, -23.817653 ], [ -45.35887189999994, -23.817782799999975 ], [ -45.358848699999953, -23.817931199999975 ], [ -45.358714199999952, -23.818019299999946 ], [ -45.358612199999982, -23.818047099999944 ], [ -45.358487, -23.81829289999996 ], [ -45.358357199999944, -23.818580399999973 ], [ -45.358338599999968, -23.81896519999998 ], [ -45.358394299999929, -23.819192399999963 ], [ -45.35856119999994, -23.819484599999953 ], [ -45.358616799999936, -23.819688599999949 ], [ -45.358633699999984, -23.819856899999934 ], [ -45.358936099999937, -23.819877399999939 ], [ -45.359409899999946, -23.819762899999944 ], [ -45.360060399999952, -23.819690799999933 ], [ -45.360927299999958, -23.819526599999961 ], [ -45.361334599999964, -23.819398399999955 ], [ -45.361794199999963, -23.819286199999965 ], [ -45.362163599999974, -23.819106899999952 ], [ -45.362646699999971, -23.819084499999974 ], [ -45.363189299999931, -23.819034899999963 ], [ -45.36322169999994, -23.819039499999974 ], [ -45.363270299999954, -23.819046399999934 ], [ -45.363484799999981, -23.818900499999927 ], [ -45.363639, -23.818862 ], [ -45.363929, -23.818783 ], [ -45.36424059999996, -23.818806499999937 ], [ -45.36446019999994, -23.818790899999954 ], [ -45.364549499999953, -23.818558699999983 ], [ -45.364572, -23.818444199999931 ], [ -45.364565099999936, -23.818308 ], [ -45.364480599999979, -23.818171 ], [ -45.364247299999931, -23.817923199999939 ], [ -45.362716, -23.816396 ], [ -45.362179899999944, -23.815940299999966 ], [ -45.361388, -23.815267 ], [ -45.360842799999944, -23.814687599999957 ], [ -45.360599, -23.814422 ], [ -45.360258, -23.81417 ], [ -45.360012, -23.813974 ], [ -45.359848, -23.813705 ], [ -45.359785, -23.813536 ], [ -45.359694, -23.813314 ], [ -45.359453899999949, -23.81300269999997 ], [ -45.359438, -23.812982 ], [ -45.359094, -23.812677 ], [ -45.359021899999959, -23.81260489999994 ] ] ] } },
{ "type": "Feature", "properties": { "id": "3520400026", "cd_bairro": "3520400026", "bairro": "Costa Bela", "cd_mun": "3520400", "municipio": "Ilhabela", "cd_dist": "352040005", "distrito": "Ilhabela" }, "geometry": { "type": "Polygon", "coordinates": [ [ [ -45.356534899999986, -23.818719899999962 ], [ -45.356677, -23.818731 ], [ -45.356853799999953, -23.818848099999968 ], [ -45.35691769999994, -23.818890499999952 ], [ -45.357085899999959, -23.819207399999982 ], [ -45.357194099999958, -23.819575199999974 ], [ -45.357663199999934, -23.819725499999947 ], [ -45.35833359999998, -23.819836499999951 ], [ -45.358633699999984, -23.819856899999934 ], [ -45.358616799999936, -23.819688599999949 ], [ -45.35856119999994, -23.819484599999953 ], [ -45.358394299999929, -23.819192399999963 ], [ -45.358338599999968, -23.81896519999998 ], [ -45.358357199999944, -23.818580399999973 ], [ -45.358487, -23.81829289999996 ], [ -45.358612199999982, -23.818047099999944 ], [ -45.358714199999952, -23.818019299999946 ], [ -45.358848699999953, -23.817931199999975 ], [ -45.35887189999994, -23.817782799999975 ], [ -45.358797699999968, -23.817653 ], [ -45.358649299999968, -23.817546299999947 ], [ -45.358460499999978, -23.817462399999954 ], [ -45.358357199999944, -23.817416499999979 ], [ -45.358204099999966, -23.817374799999982 ], [ -45.357923599999936, -23.817238 ], [ -45.357582799999932, -23.817071 ], [ -45.357399599999951, -23.816985299999942 ], [ -45.357304599999964, -23.81686469999994 ], [ -45.357230399999935, -23.816614299999969 ], [ -45.35714459999997, -23.816484499999945 ], [ -45.357000899999946, -23.816308299999946 ], [ -45.356961399999932, -23.816250299999979 ], [ -45.35683389999997, -23.816048399999943 ], [ -45.356692399999986, -23.815767299999948 ], [ -45.356509399999936, -23.815649 ], [ -45.356248899999969, -23.815488199999947 ], [ -45.356119199999966, -23.815235899999948 ], [ -45.356100499999968, -23.815123299999982 ], [ -45.355926199999942, -23.815083799999968 ], [ -45.35570249999995, -23.815082199999949 ], [ -45.355524199999934, -23.815125 ], [ -45.355420599999945, -23.815095799999938 ], [ -45.355382899999938, -23.815008199999966 ], [ -45.355346599999962, -23.814948499999957 ], [ -45.355235299999947, -23.814658699999939 ], [ -45.35519359999995, -23.81438049999997 ], [ -45.355147199999976, -23.814028099999973 ], [ -45.354994199999965, -23.813745199999971 ], [ -45.354549099999986, -23.813007899999945 ], [ -45.354214399999933, -23.812923399999931 ], [ -45.35413049999994, -23.812919799999975 ], [ -45.354015499999946, -23.812940799999978 ], [ -45.353955099999951, -23.81290649999994 ], [ -45.353913499999976, -23.812718799999971 ], [ -45.353920899999935, -23.812468399999943 ], [ -45.35398159999994, -23.812379399999941 ], [ -45.354121, -23.812310199999956 ], [ -45.354181899999958, -23.812154899999939 ], [ -45.354175899999973, -23.812068799999963 ], [ -45.354099899999937, -23.811841899999934 ], [ -45.35398779999997, -23.811691499999938 ], [ -45.353879099999972, -23.811550599999975 ], [ -45.353886899999964, -23.811465599999963 ], [ -45.353915099999938, -23.811350399999981 ], [ -45.35388439999997, -23.811237 ], [ -45.353883099999962, -23.811160799999982 ], [ -45.353913399999954, -23.811031699999944 ], [ -45.353920499999958, -23.810903899999971 ], [ -45.353875599999981, -23.810784399999932 ], [ -45.353765799999962, -23.810625499999958 ], [ -45.353698699999939, -23.81048549999997 ], [ -45.353729399999963, -23.810329199999956 ], [ -45.353753099999949, -23.810239199999955 ], [ -45.353693599999986, -23.810148199999958 ], [ -45.353639799999939, -23.810100499999976 ], [ -45.353604599999983, -23.810029799999938 ], [ -45.353592, -23.809924899999942 ], [ -45.353550899999959, -23.80986669999993 ], [ -45.353461799999934, -23.809822799999949 ], [ -45.353390899999965, -23.809795699999938 ], [ -45.353323199999977, -23.80976979999997 ], [ -45.353275399999973, -23.80976279999993 ], [ -45.353215499999976, -23.80975449999994 ], [ -45.353087599999981, -23.809765199999958 ], [ -45.352951799999971, -23.809712 ], [ -45.35284, -23.809624 ], [ -45.352745, -23.80956939999993 ], [ -45.352586299999984, -23.809531199999981 ], [ -45.352474299999983, -23.809512699999971 ], [ -45.352361199999962, -23.809481099999971 ], [ -45.352225099999941, -23.809429799999975 ], [ -45.352141, -23.809449799999982 ], [ -45.352067399999953, -23.809518599999933 ], [ -45.35189859999997, -23.809651599999938 ], [ -45.351728699999967, -23.809670499999982 ], [ -45.35144779999996, -23.809686699999929 ], [ -45.351224499999944, -23.80966879999994 ], [ -45.350942099999941, -23.80966959999995 ], [ -45.35066809999995, -23.809628799999928 ], [ -45.350457399999982, -23.809541199999956 ], [ -45.350253199999941, -23.809443099999953 ], [ -45.349911, -23.809283599999958 ], [ -45.349692199999936, -23.809194099999957 ], [ -45.34925549999997, -23.808988 ], [ -45.348939099999939, -23.808772799999929 ], [ -45.348543899999981, -23.808481699999959 ], [ -45.34823769999997, -23.80835339999993 ], [ -45.347854499999983, -23.808271 ], [ -45.34766209999998, -23.80816539999995 ], [ -45.347486699999934, -23.808035599999982 ], [ -45.347204, -23.807868 ], [ -45.347092, -23.807752499999935 ], [ -45.346848399999942, -23.807464099999947 ], [ -45.346609399999977, -23.807331599999941 ], [ -45.346216499999969, -23.807285499999978 ], [ -45.345918299999937, -23.807225399999936 ], [ -45.345613, -23.80706669999995 ], [ -45.345394399999975, -23.807148799999936 ], [ -45.345025899999939, -23.807333399999948 ], [ -45.344695099999967, -23.807368299999951 ], [ -45.34442, -23.807272199999943 ], [ -45.344240299999967, -23.807312599999932 ], [ -45.344059899999934, -23.80739 ], [ -45.343695299999979, -23.807409299999961 ], [ -45.343307399999958, -23.807401399999947 ], [ -45.342877499999986, -23.807261299999936 ], [ -45.342661, -23.807104199999969 ], [ -45.34237829999995, -23.806861099999935 ], [ -45.342325, -23.80688 ], [ -45.342202, -23.807398 ], [ -45.342193, -23.807882 ], [ -45.342612, -23.808189 ], [ -45.343208, -23.808431 ], [ -45.343595, -23.808472 ], [ -45.344097, -23.809046 ], [ -45.344613, -23.809528 ], [ -45.345009, -23.810435 ], [ -45.345323, -23.811029 ], [ -45.345143, -23.811609 ], [ -45.345129, -23.811996 ], [ -45.345487, -23.812244 ], [ -45.34598, -23.812622 ], [ -45.346312, -23.812916 ], [ -45.346651, -23.813511 ], [ -45.346878, -23.81408 ], [ -45.346744, -23.814551 ], [ -45.346597, -23.815022 ], [ -45.346796, -23.815741 ], [ -45.346863, -23.816146 ], [ -45.347009, -23.817049 ], [ -45.347147, -23.81764 ], [ -45.347202, -23.818033 ], [ -45.347207, -23.818426 ], [ -45.347175, -23.818829 ], [ -45.34718, -23.819187 ], [ -45.34726, -23.819592 ], [ -45.347373, -23.820229 ], [ -45.347261, -23.82085 ], [ -45.34718, -23.821129 ], [ -45.347114, -23.821356 ], [ -45.347106, -23.821737 ], [ -45.346493, -23.822419 ], [ -45.346195099999932, -23.822674199999938 ], [ -45.346251, -23.822634 ], [ -45.346547, -23.823214 ], [ -45.347604, -23.823705 ], [ -45.349293, -23.823905 ], [ -45.351115, -23.824091 ], [ -45.352472399999954, -23.824284099999943 ], [ -45.352545699999951, -23.824094399999979 ], [ -45.352563599999939, -23.823986699999978 ], [ -45.35259, -23.823739 ], [ -45.352617399999986, -23.82366369999994 ], [ -45.352686099999971, -23.823628699999972 ], [ -45.352826, -23.82353349999994 ], [ -45.352887599999974, -23.823458 ], [ -45.352950599999986, -23.823406199999965 ], [ -45.353051299999947, -23.82322709999994 ], [ -45.353086299999973, -23.823108099999956 ], [ -45.353069499999947, -23.823004599999933 ], [ -45.353050199999984, -23.82295629999993 ], [ -45.353030299999944, -23.822906599999953 ], [ -45.352964399999962, -23.822562 ], [ -45.352983299999948, -23.822503099999949 ], [ -45.353027599999962, -23.822429299999953 ], [ -45.353076, -23.822343 ], [ -45.353103399999952, -23.822286099999928 ], [ -45.35313919999993, -23.82221439999995 ], [ -45.353151499999967, -23.822104699999954 ], [ -45.353153599999985, -23.821982799999944 ], [ -45.353168, -23.821872299999939 ], [ -45.353187899999966, -23.821790899999939 ], [ -45.353212799999937, -23.821719899999948 ], [ -45.353281599999946, -23.821652699999959 ], [ -45.353364899999974, -23.821602899999959 ], [ -45.353457, -23.821564 ], [ -45.353534, -23.821505 ], [ -45.353607, -23.821442 ], [ -45.353659599999958, -23.821350699999982 ], [ -45.353668, -23.821105399999965 ], [ -45.353668099999936, -23.821103199999982 ], [ -45.353721099999973, -23.821012399999972 ], [ -45.353770099999963, -23.820924199999979 ], [ -45.353807299999971, -23.820863 ], [ -45.353863699999977, -23.820786699999928 ], [ -45.353978899999959, -23.820725399999958 ], [ -45.354106899999977, -23.820689399999935 ], [ -45.354190899999935, -23.820674399999973 ], [ -45.354272899999955, -23.820644299999969 ], [ -45.354376399999978, -23.820605099999966 ], [ -45.354473399999961, -23.820567099999948 ], [ -45.354574899999932, -23.820514399999979 ], [ -45.354658499999971, -23.820483199999956 ], [ -45.354745799999932, -23.820458799999983 ], [ -45.354846, -23.820409 ], [ -45.354974199999958, -23.820336 ], [ -45.355112, -23.820231 ], [ -45.35517, -23.82018 ], [ -45.355214199999978, -23.820127 ], [ -45.35525389999998, -23.820058 ], [ -45.355288, -23.819978 ], [ -45.355336699999953, -23.81986489999997 ], [ -45.355393, -23.819732 ], [ -45.35545, -23.819610599999976 ], [ -45.355533, -23.819489 ], [ -45.355591599999968, -23.819424 ], [ -45.355687, -23.819342 ], [ -45.355805499999974, -23.819258599999955 ], [ -45.355903699999942, -23.819146599999954 ], [ -45.355985299999929, -23.819015899999954 ], [ -45.35608469999994, -23.818906399999946 ], [ -45.356245, -23.818819 ], [ -45.356375, -23.818738 ], [ -45.356534899999986, -23.818719899999962 ] ] ] } },
{ "type": "Feature", "properties": { "id": "3520400034", "cd_bairro": "3520400034", "bairro": "Curral", "cd_mun": "3520400", "municipio": "Ilhabela", "cd_dist": "352040010", "distrito": "Cambaquara" }, "geometry": { "type": "Polygon", "coordinates": [ [ [ -45.427996, -23.863362 ], [ -45.42795, -23.863394 ], [ -45.427820299999951, -23.863449499999945 ], [ -45.427784, -23.863465 ], [ -45.427749299999959, -23.863481399999955 ], [ -45.427615, -23.863545 ], [ -45.427541, -23.863573 ], [ -45.427462, -23.86362 ], [ -45.427397, -23.863667 ], [ -45.427354, -23.863707 ], [ -45.427292, -23.863731 ], [ -45.427226, -23.86379 ], [ -45.42715, -23.863834 ], [ -45.427071, -23.863878 ], [ -45.427041, -23.863895 ], [ -45.426911, -23.86403 ], [ -45.426865, -23.864096 ], [ -45.426807, -23.86418 ], [ -45.426749, -23.864278 ], [ -45.426706, -23.864356 ], [ -45.426682, -23.864429 ], [ -45.42666, -23.864492 ], [ -45.426589, -23.864604 ], [ -45.426572, -23.864693 ], [ -45.426555, -23.864777 ], [ -45.426492, -23.864858 ], [ -45.426434, -23.864922 ], [ -45.426385, -23.864989 ], [ -45.42633, -23.865064 ], [ -45.426266, -23.865155 ], [ -45.426244, -23.865213 ], [ -45.426215, -23.865309 ], [ -45.426179, -23.865386 ], [ -45.426102, -23.865492 ], [ -45.426004, -23.865556 ], [ -45.425955, -23.865615 ], [ -45.425888, -23.865674 ], [ -45.425814, -23.865732 ], [ -45.42576, -23.865831 ], [ -45.425697, -23.865955 ], [ -45.425661, -23.866073 ], [ -45.425624, -23.866181 ], [ -45.425601, -23.866232 ], [ -45.425597, -23.866276 ], [ -45.425602, -23.866326 ], [ -45.425604, -23.866353 ], [ -45.425592, -23.866403 ], [ -45.425583, -23.866433 ], [ -45.425583, -23.866487 ], [ -45.425564, -23.866543 ], [ -45.42556, -23.866576 ], [ -45.425559, -23.866658 ], [ -45.425551, -23.866725 ], [ -45.425544, -23.866796 ], [ -45.42552, -23.866875 ], [ -45.425499, -23.866925 ], [ -45.42549, -23.866984 ], [ -45.425482, -23.867032 ], [ -45.425472, -23.867083 ], [ -45.425424, -23.86728 ], [ -45.42541, -23.867361 ], [ -45.425396, -23.867514 ], [ -45.425389, -23.867585 ], [ -45.4254, -23.867652 ], [ -45.425413, -23.867727 ], [ -45.425409, -23.867806 ], [ -45.425403, -23.867855 ], [ -45.425374, -23.867902 ], [ -45.42508179999993, -23.868323299999929 ], [ -45.424885399999937, -23.868519699999979 ], [ -45.42470359999993, -23.868774299999927 ], [ -45.424587199999962, -23.869203499999969 ], [ -45.42433989999995, -23.869792599999982 ], [ -45.424158, -23.870418199999961 ], [ -45.423830699999939, -23.870789199999933 ], [ -45.423125099999936, -23.871371099999976 ], [ -45.422121299999958, -23.871916599999963 ], [ -45.42161939999994, -23.872062099999937 ], [ -45.421124799999973, -23.87244759999993 ], [ -45.420528499999932, -23.873202899999967 ], [ -45.420634, -23.873396 ], [ -45.420709, -23.873397 ], [ -45.421036, -23.873322 ], [ -45.421853, -23.873774 ], [ -45.422406, -23.873656 ], [ -45.423245, -23.873613 ], [ -45.423669, -23.873689 ], [ -45.424018, -23.873799 ], [ -45.424302, -23.874023 ], [ -45.424486, -23.874222 ], [ -45.424733, -23.874353 ], [ -45.425197, -23.874326 ], [ -45.425674, -23.87423 ], [ -45.426027, -23.874109 ], [ -45.426217, -23.873985 ], [ -45.426569, -23.873887 ], [ -45.427012, -23.873664 ], [ -45.427423, -23.87374 ], [ -45.431852, -23.869641 ], [ -45.43189289999998, -23.869549099999972 ], [ -45.431887099999983, -23.869466299999942 ], [ -45.431872, -23.869383 ], [ -45.43187439999997, -23.869312 ], [ -45.431893, -23.869247 ], [ -45.431943899999965, -23.869168 ], [ -45.431993599999942, -23.86911 ], [ -45.432069, -23.869041 ], [ -45.432109, -23.868995 ], [ -45.432151, -23.868961 ], [ -45.432219, -23.868902 ], [ -45.432267, -23.868864 ], [ -45.432312, -23.868814 ], [ -45.432354, -23.868781 ], [ -45.432397599999945, -23.868745299999944 ], [ -45.432449799999972, -23.868698699999982 ], [ -45.432547799999952, -23.868611299999941 ], [ -45.432581, -23.868583699999931 ], [ -45.432658, -23.86856709999995 ], [ -45.432735799999932, -23.86856679999994 ], [ -45.432793799999956, -23.868564899999967 ], [ -45.432842799999946, -23.868557299999964 ], [ -45.432897799999978, -23.86852829999998 ], [ -45.432957199999976, -23.868463599999927 ], [ -45.432987799999978, -23.868421199999943 ], [ -45.43299589999998, -23.868373499999961 ], [ -45.433000399999969, -23.868325499999969 ], [ -45.432939599999941, -23.86821759999998 ], [ -45.432886799999949, -23.868165099999942 ], [ -45.432831599999986, -23.868092599999954 ], [ -45.432773399999974, -23.867999099999963 ], [ -45.432718, -23.867928099999972 ], [ -45.432668499999977, -23.86782409999995 ], [ -45.432584099999985, -23.867660799999953 ], [ -45.432541299999968, -23.867548399999976 ], [ -45.432480599999963, -23.867442499999981 ], [ -45.432419599999946, -23.867318 ], [ -45.432365299999958, -23.867190199999982 ], [ -45.43232439999997, -23.867061299999932 ], [ -45.432272699999942, -23.866951099999937 ], [ -45.432221199999958, -23.866851099999963 ], [ -45.432190699999978, -23.86678779999994 ], [ -45.432148599999948, -23.866708299999971 ], [ -45.432113199999947, -23.866626599999961 ], [ -45.43206, -23.86648409999998 ], [ -45.431996199999958, -23.86633089999998 ], [ -45.431877099999951, -23.866083699999933 ], [ -45.43181409999994, -23.865973699999927 ], [ -45.431749099999934, -23.865869799999928 ], [ -45.43170989999993, -23.86573889999994 ], [ -45.43165289999996, -23.86558969999993 ], [ -45.431615199999953, -23.86550189999997 ], [ -45.431586299999935, -23.865407699999935 ], [ -45.431537699999978, -23.865285099999937 ], [ -45.431499899999949, -23.86519519999996 ], [ -45.431477699999959, -23.865096799999947 ], [ -45.431451299999935, -23.865014899999949 ], [ -45.431413299999974, -23.864912699999934 ], [ -45.431398299999955, -23.864836799999978 ], [ -45.431378699999982, -23.864756899999975 ], [ -45.431352499999946, -23.864681299999972 ], [ -45.431338, -23.864630099999943 ], [ -45.431329299999959, -23.864535699999976 ], [ -45.431327299999964, -23.86443289999994 ], [ -45.431337199999973, -23.864364799999976 ], [ -45.431354299999953, -23.864199 ], [ -45.431365399999947, -23.864149099999963 ], [ -45.431447699999978, -23.864019399999961 ], [ -45.431508599999972, -23.863923899999975 ], [ -45.431556399999977, -23.863853199999937 ], [ -45.431605, -23.863700199999982 ], [ -45.43168529999997, -23.86356509999996 ], [ -45.431745, -23.863409799999943 ], [ -45.431788299999937, -23.863328799999977 ], [ -45.431848699999932, -23.863204199999927 ], [ -45.43186, -23.863094899999965 ], [ -45.431870599999968, -23.862917899999957 ], [ -45.431877199999974, -23.862911599999961 ], [ -45.431910099999982, -23.862756699999977 ], [ -45.431911899999932, -23.862620799999945 ], [ -45.431882, -23.862578 ], [ -45.431839, -23.862594 ], [ -45.4318, -23.862613 ], [ -45.431775, -23.862616 ], [ -45.431715, -23.86263 ], [ -45.431675, -23.862637 ], [ -45.43163, -23.86264 ], [ -45.431579, -23.862641 ], [ -45.431543, -23.86263 ], [ -45.431498, -23.862628 ], [ -45.431448, -23.862621 ], [ -45.431421, -23.862622 ], [ -45.431394, -23.862631 ], [ -45.431371, -23.862644 ], [ -45.431343, -23.862656 ], [ -45.431282, -23.86267 ], [ -45.431243, -23.862684 ], [ -45.431166, -23.862711 ], [ -45.43114, -23.862719 ], [ -45.431086, -23.86275 ], [ -45.431021, -23.862774 ], [ -45.430946, -23.862797 ], [ -45.430892, -23.8628 ], [ -45.430824, -23.862801 ], [ -45.430761, -23.862829 ], [ -45.430727, -23.862841 ], [ -45.430711, -23.862849 ], [ -45.430698, -23.862852 ], [ -45.430645, -23.862857 ], [ -45.430592, -23.862864 ], [ -45.430547, -23.862876 ], [ -45.430469, -23.862911 ], [ -45.430394, -23.86294 ], [ -45.430322, -23.862954 ], [ -45.430247, -23.862952 ], [ -45.430201, -23.86297 ], [ -45.430153, -23.862989 ], [ -45.430052, -23.863014 ], [ -45.42998, -23.863027 ], [ -45.429918, -23.863036 ], [ -45.429853, -23.86303 ], [ -45.429823, -23.863049 ], [ -45.429779, -23.863066 ], [ -45.429699, -23.86308 ], [ -45.429604, -23.863084 ], [ -45.429512, -23.863086 ], [ -45.4294, -23.86311 ], [ -45.42929, -23.863129 ], [ -45.429182, -23.86313 ], [ -45.429102, -23.863137 ], [ -45.429028, -23.863137 ], [ -45.428958, -23.863114 ], [ -45.42889, -23.863098 ], [ -45.428805, -23.863087 ], [ -45.428682, -23.863058 ], [ -45.428575, -23.863055 ], [ -45.428432, -23.863077 ], [ -45.428268, -23.86314 ], [ -45.428205, -23.863173 ], [ -45.428146, -23.863227 ], [ -45.428143, -23.863264 ], [ -45.428122, -23.863302 ], [ -45.428062, -23.86333 ], [ -45.427996, -23.863362 ] ] ] } },
{ "type": "Feature", "properties": { "id": "3520400024", "cd_bairro": "3520400024", "bairro": "Engenheiro D'Água", "cd_mun": "3520400", "municipio": "Ilhabela", "cd_dist": "352040005", "distrito": "Ilhabela" }, "geometry": { "type": "Polygon", "coordinates": [ [ [ -45.347015, -23.791542 ], [ -45.346933799999931, -23.792041299999937 ], [ -45.34697, -23.792281199999934 ], [ -45.347303, -23.792538 ], [ -45.347843, -23.793096899999966 ], [ -45.348441099999945, -23.793482499999982 ], [ -45.349091, -23.793840499999931 ], [ -45.349785099999963, -23.793824099999938 ], [ -45.350046799999973, -23.794304799999964 ], [ -45.349394599999982, -23.794797799999969 ], [ -45.349023399999965, -23.795507199999975 ], [ -45.349112899999966, -23.796371399999941 ], [ -45.349591499999974, -23.797014399999966 ], [ -45.350219599999946, -23.79746149999994 ], [ -45.351139, -23.797968799999978 ], [ -45.352401899999961, -23.798028299999942 ], [ -45.355946, -23.796845399999938 ], [ -45.356015899999932, -23.796824599999979 ], [ -45.358806499999957, -23.795995599999969 ], [ -45.364258699999937, -23.794383 ], [ -45.364323599999977, -23.794356099999959 ], [ -45.364534699999979, -23.794293699999969 ], [ -45.364606699999968, -23.794272699999965 ], [ -45.364998899999932, -23.794155799999942 ], [ -45.365039699999954, -23.794150399999978 ], [ -45.36502489999998, -23.794094199999961 ], [ -45.365004, -23.793993399999977 ], [ -45.364992699999959, -23.793903899999975 ], [ -45.364962399999968, -23.793806099999983 ], [ -45.364953699999944, -23.793687699999964 ], [ -45.364942399999961, -23.793595299999936 ], [ -45.364895799999942, -23.793474599999968 ], [ -45.364811799999984, -23.793218599999932 ], [ -45.364771799999971, -23.793112199999939 ], [ -45.364705199999946, -23.792968599999938 ], [ -45.364655399999947, -23.792856899999947 ], [ -45.364584899999954, -23.792698199999961 ], [ -45.364483, -23.792558199999974 ], [ -45.364408799999978, -23.792410599999982 ], [ -45.36436139999995, -23.792341499999964 ], [ -45.364265399999965, -23.792208 ], [ -45.364174299999945, -23.792070099999933 ], [ -45.36413779999998, -23.791967199999931 ], [ -45.364101699999935, -23.791882299999941 ], [ -45.364055499999949, -23.791779499999961 ], [ -45.364029099999982, -23.79169 ], [ -45.363966599999969, -23.791563899999971 ], [ -45.363930099999948, -23.791456499999981 ], [ -45.363873299999966, -23.791313399999979 ], [ -45.363851299999965, -23.791192299999977 ], [ -45.363813899999968, -23.79104 ], [ -45.363791699999979, -23.790905399999929 ], [ -45.363748399999963, -23.790703599999972 ], [ -45.363726199999974, -23.790573499999937 ], [ -45.363719299999957, -23.790470199999959 ], [ -45.363692699999945, -23.790367299999957 ], [ -45.363675799999953, -23.790255099999968 ], [ -45.363663299999985, -23.790120399999978 ], [ -45.363651, -23.789994699999966 ], [ -45.363639299999932, -23.789900499999931 ], [ -45.363602399999934, -23.78977059999994 ], [ -45.363587099999961, -23.789717399999972 ], [ -45.363454, -23.789744 ], [ -45.36330769999995, -23.789754599999981 ], [ -45.36316949999997, -23.789764099999957 ], [ -45.363068899999973, -23.789768899999956 ], [ -45.363024099999961, -23.789835799999935 ], [ -45.362953599999969, -23.78989009999998 ], [ -45.36284969999997, -23.789895499999943 ], [ -45.362760699999967, -23.789896099999964 ], [ -45.362671199999966, -23.78994229999995 ], [ -45.362642599999958, -23.789962599999967 ], [ -45.361948499999983, -23.790597299999945 ], [ -45.361608, -23.790558 ], [ -45.361532, -23.790552 ], [ -45.361413, -23.790563 ], [ -45.361269, -23.790619 ], [ -45.361114, -23.790687 ], [ -45.360908, -23.79067 ], [ -45.360766, -23.790628 ], [ -45.360567599999968, -23.790541 ], [ -45.360263, -23.790571 ], [ -45.360168, -23.790498 ], [ -45.360132, -23.790468 ], [ -45.36005, -23.790398 ], [ -45.359969, -23.790345 ], [ -45.359905, -23.79031 ], [ -45.359827, -23.790262 ], [ -45.359735, -23.790213 ], [ -45.359675, -23.790126 ], [ -45.359615, -23.790042 ], [ -45.359495, -23.789892 ], [ -45.359415, -23.789822 ], [ -45.359376, -23.789769 ], [ -45.35937, -23.789706 ], [ -45.359382, -23.789631 ], [ -45.359405, -23.789579 ], [ -45.359559, -23.789355 ], [ -45.359295499999973, -23.78937609999997 ], [ -45.359091599999942, -23.789325699999949 ], [ -45.358930199999975, -23.789241 ], [ -45.358744799999954, -23.789091099999951 ], [ -45.358395599999938, -23.788901299999964 ], [ -45.357658399999934, -23.788702799999953 ], [ -45.356960799999968, -23.78874819999993 ], [ -45.356021, -23.788901499999952 ], [ -45.354243, -23.789474 ], [ -45.350771, -23.790492 ], [ -45.348551, -23.791135 ], [ -45.347015, -23.791542 ] ] ] } },
{ "type": "Feature", "properties": { "id": "3520400047", "cd_bairro": "3520400047", "bairro": "Enxovas", "cd_mun": "3520400", "municipio": "Ilhabela", "cd_dist": "352040015", "distrito": "Paranabi" }, "geometry": { "type": "Polygon", "coordinates": [ [ [ -45.302858399999934, -23.915588699999944 ], [ -45.302971199999945, -23.915408399999933 ], [ -45.303111199999933, -23.915239799999938 ], [ -45.303164599999945, -23.914971599999944 ], [ -45.303058199999953, -23.914878099999953 ], [ -45.302913, -23.914797199999953 ], [ -45.302784899999949, -23.914591299999927 ], [ -45.302585699999952, -23.914398499999947 ], [ -45.302434, -23.91429409999995 ], [ -45.302295299999969, -23.914189499999964 ], [ -45.302162599999974, -23.914049199999965 ], [ -45.302114599999982, -23.913913499999978 ], [ -45.302061099999946, -23.91383129999997 ], [ -45.301930499999969, -23.913803799999982 ], [ -45.301797499999964, -23.913645899999949 ], [ -45.301816899999949, -23.913639599999954 ], [ -45.301899099999957, -23.913507699999968 ], [ -45.30188359999994, -23.913365399999975 ], [ -45.301880099999948, -23.913163499999939 ], [ -45.301787799999943, -23.913099899999963 ], [ -45.301693799999953, -23.912971499999969 ], [ -45.30168459999993, -23.912847499999941 ], [ -45.301786099999958, -23.91271519999998 ], [ -45.301869899999986, -23.91266 ], [ -45.302051699999936, -23.91259649999995 ], [ -45.302076799999952, -23.912536599999953 ], [ -45.30199609999994, -23.912425699999972 ], [ -45.30189, -23.912278399999934 ], [ -45.301898599999959, -23.912047199999961 ], [ -45.302057099999956, -23.91185489999998 ], [ -45.302118399999983, -23.911670299999969 ], [ -45.302252899999985, -23.911579 ], [ -45.302461599999958, -23.91162259999993 ], [ -45.302621099999953, -23.911465599999929 ], [ -45.302696199999957, -23.911315899999977 ], [ -45.302876799999979, -23.911235499999975 ], [ -45.303053199999965, -23.911267899999928 ], [ -45.303202099999965, -23.911217599999929 ], [ -45.303316799999948, -23.911078799999927 ], [ -45.303313199999934, -23.910882599999979 ], [ -45.303323699999964, -23.910751699999935 ], [ -45.30338039999998, -23.910649599999942 ], [ -45.303492199999937, -23.910695 ], [ -45.303605499999946, -23.910835799999973 ], [ -45.303768699999978, -23.910862899999927 ], [ -45.303958799999975, -23.910931099999971 ], [ -45.304133299999933, -23.910862799999961 ], [ -45.304104799999948, -23.910732499999938 ], [ -45.304011799999955, -23.910638899999981 ], [ -45.303912, -23.910521599999981 ], [ -45.303755199999955, -23.91049449999997 ], [ -45.303539699999931, -23.910456499999952 ], [ -45.303440399999943, -23.910375099999953 ], [ -45.30336049999994, -23.910281399999974 ], [ -45.303191899999945, -23.910332399999959 ], [ -45.30302219999993, -23.910311899999954 ], [ -45.30287809999993, -23.910261199999979 ], [ -45.302766399999939, -23.910165099999972 ], [ -45.302724199999943, -23.90997219999997 ], [ -45.302745499999958, -23.909798799999976 ], [ -45.302767, -23.909546899999953 ], [ -45.302831099999935, -23.909255299999927 ], [ -45.302873799999929, -23.909060599999975 ], [ -45.302959, -23.90888549999994 ], [ -45.303108, -23.908691099999942 ], [ -45.303278499999976, -23.908477099999971 ], [ -45.303406399999972, -23.90834069999994 ], [ -45.303597, -23.908205799999962 ], [ -45.30376629999995, -23.908109599999932 ], [ -45.30399929999993, -23.908013399999959 ], [ -45.304211199999941, -23.907955699999945 ], [ -45.304375, -23.907975 ], [ -45.304637, -23.908059799999933 ], [ -45.30477, -23.908182199999942 ], [ -45.304914399999973, -23.908245199999953 ], [ -45.305156799999963, -23.908336399999939 ], [ -45.305371299999933, -23.908356899999944 ], [ -45.305573899999956, -23.908431 ], [ -45.305724099999964, -23.908482099999958 ], [ -45.305868199999964, -23.908557099999939 ], [ -45.306246299999941, -23.90870579999995 ], [ -45.306371799999965, -23.908822599999951 ], [ -45.306474099999946, -23.90902879999993 ], [ -45.306466, -23.909207199999969 ], [ -45.306626799999947, -23.909312799999952 ], [ -45.306814599999939, -23.90930439999994 ], [ -45.306958699999939, -23.909379499999943 ], [ -45.307059099999947, -23.909538199999929 ], [ -45.307175799999982, -23.909856799999943 ], [ -45.307290299999977, -23.910068799999976 ], [ -45.307307299999934, -23.910264499999982 ], [ -45.307370699999979, -23.910512899999958 ], [ -45.307308699999965, -23.910644699999978 ], [ -45.307402799999977, -23.910803699999974 ], [ -45.307568299999957, -23.910973299999966 ], [ -45.307725399999981, -23.911065699999938 ], [ -45.307876599999986, -23.911176 ], [ -45.307969799999967, -23.911293299999954 ], [ -45.308189599999935, -23.911392699999965 ], [ -45.308300899999949, -23.911450399999978 ], [ -45.308431699999971, -23.911501699999974 ], [ -45.308601899999985, -23.911582099999976 ], [ -45.308657, -23.911735499999963 ], [ -45.308711799999969, -23.91187709999997 ], [ -45.30877879999997, -23.911977 ], [ -45.30893, -23.912075 ], [ -45.309094499999958, -23.912179299999934 ], [ -45.309264499999983, -23.91223 ], [ -45.30949389999995, -23.912321499999962 ], [ -45.309715899999958, -23.912365499999964 ], [ -45.309948, -23.912278599999979 ], [ -45.310095, -23.912175299999944 ], [ -45.310235, -23.912024599999938 ], [ -45.310277499999984, -23.91188139999997 ], [ -45.310405799999955, -23.911796199999969 ], [ -45.310574499999973, -23.911757899999941 ], [ -45.310765699999934, -23.91184979999997 ], [ -45.310941, -23.911805399999935 ], [ -45.31112909999996, -23.911754799999983 ], [ -45.311275899999941, -23.911645599999929 ], [ -45.311421299999949, -23.911720399999979 ], [ -45.31156139999996, -23.911878699999932 ], [ -45.311778699999934, -23.912012 ], [ -45.312006699999984, -23.912103499999944 ], [ -45.312168899999961, -23.912148399999978 ], [ -45.312241499999971, -23.912262399999975 ], [ -45.312354499999969, -23.912409399999945 ], [ -45.312579599999935, -23.912643699999933 ], [ -45.312692499999969, -23.912778599999967 ], [ -45.312831199999948, -23.912913099999969 ], [ -45.312933, -23.913131199999953 ], [ -45.31310389999993, -23.913253299999951 ], [ -45.313088099999959, -23.913401799999974 ], [ -45.313274099999944, -23.91361859999995 ], [ -45.313399899999979, -23.913747299999955 ], [ -45.313493, -23.913852799999972 ], [ -45.313603599999965, -23.91394379999997 ], [ -45.313721299999941, -23.913995399999976 ], [ -45.313852299999951, -23.914058599999976 ], [ -45.313996299999985, -23.914109799999949 ], [ -45.314108799999985, -23.914197199999933 ], [ -45.314335599999936, -23.914199399999973 ], [ -45.314515299999982, -23.914142899999945 ], [ -45.314671199999964, -23.914152299999955 ], [ -45.314855, -23.914232599999934 ], [ -45.315051299999936, -23.914294799999936 ], [ -45.315172, -23.914429699999971 ], [ -45.315298299999938, -23.914558499999941 ], [ -45.315403, -23.91461019999997 ], [ -45.31551479999996, -23.914685599999927 ], [ -45.315671899999984, -23.914766199999974 ], [ -45.315834299999949, -23.914810899999964 ], [ -45.316024699999957, -23.914891099999977 ], [ -45.316182699999956, -23.914966 ], [ -45.316354599999954, -23.915070499999956 ], [ -45.316546, -23.915174699999966 ], [ -45.31674049999998, -23.915302499999939 ], [ -45.316923599999939, -23.915359099999932 ], [ -45.317166199999974, -23.915456399999982 ], [ -45.317301799999939, -23.915418399999965 ], [ -45.317318899999975, -23.915310899999952 ], [ -45.317499899999973, -23.915266299999928 ], [ -45.317667099999937, -23.915192099999956 ], [ -45.317842199999973, -23.915183299999967 ], [ -45.318089699999973, -23.91520909999997 ], [ -45.31819749999994, -23.915117799999962 ], [ -45.318416699999943, -23.915072399999929 ], [ -45.318649499999935, -23.915056599999957 ], [ -45.318967499999985, -23.915086799999983 ], [ -45.319148699999971, -23.915224299999977 ], [ -45.31928709999994, -23.915323099999966 ], [ -45.31939449999993, -23.915475799999967 ], [ -45.319540699999948, -23.915628 ], [ -45.319686799999943, -23.91577419999993 ], [ -45.319754599999953, -23.915898 ], [ -45.319930699999929, -23.915954499999941 ], [ -45.320023, -23.916024299999947 ], [ -45.320199499999944, -23.91608679999996 ], [ -45.320273799999939, -23.916210499999977 ], [ -45.320415099999934, -23.916365299999939 ], [ -45.320533199999943, -23.916511 ], [ -45.320728, -23.916345899999953 ], [ -45.320668299999966, -23.91621809999998 ], [ -45.320850399999983, -23.916141799999934 ], [ -45.321144, -23.916149299999972 ], [ -45.32118, -23.915994199999943 ], [ -45.321129599999949, -23.915804599999944 ], [ -45.321151, -23.915661499999942 ], [ -45.321330099999955, -23.915474599999982 ], [ -45.321317399999941, -23.915243199999964 ], [ -45.321259399999974, -23.915060199999971 ], [ -45.321221799999933, -23.914894899999979 ], [ -45.321164899999985, -23.91474779999993 ], [ -45.321186, -23.914682399999947 ], [ -45.321267299999931, -23.914527 ], [ -45.321368099999972, -23.914371399999936 ], [ -45.321506099999965, -23.914416099999983 ], [ -45.321704099999977, -23.914507299999968 ], [ -45.321880199999953, -23.914486299999965 ], [ -45.322048499999937, -23.914406099999951 ], [ -45.322046199999932, -23.914305299999967 ], [ -45.322153699999944, -23.914161199999967 ], [ -45.322258799999986, -23.914200899999969 ], [ -45.322383, -23.914216599999975 ], [ -45.32246559999993, -23.914114299999937 ], [ -45.322540599999968, -23.913952699999982 ], [ -45.322561499999949, -23.913721 ], [ -45.322558099999981, -23.913584899999933 ], [ -45.322596199999964, -23.91346109999995 ], [ -45.322639, -23.913323899999966 ], [ -45.322767399999975, -23.91324469999995 ], [ -45.322991799999954, -23.913092699999936 ], [ -45.32314619999994, -23.913019 ], [ -45.32332619999994, -23.912921099999949 ], [ -45.323651, -23.912747799999977 ], [ -45.323918099999958, -23.912586399999952 ], [ -45.324233599999957, -23.912379399999963 ], [ -45.324697199999946, -23.912169799999958 ], [ -45.325136699999973, -23.912005499999964 ], [ -45.325289199999986, -23.911969399999975 ], [ -45.325431899999955, -23.911941899999931 ], [ -45.325590399999953, -23.911904299999946 ], [ -45.325804199999936, -23.91192129999996 ], [ -45.325876, -23.911950399999967 ], [ -45.325993499999981, -23.912069199999962 ], [ -45.326116299999967, -23.912177799999938 ], [ -45.326195599999949, -23.912297199999955 ], [ -45.326386599999978, -23.912525399999936 ], [ -45.326497599999982, -23.912604 ], [ -45.326657299999965, -23.912666799999954 ], [ -45.326801299999943, -23.912759899999969 ], [ -45.326886, -23.912879099999941 ], [ -45.326992099999984, -23.912997899999937 ], [ -45.327106199999946, -23.913145199999974 ], [ -45.327212399999951, -23.913249 ], [ -45.327298, -23.913398199999961 ], [ -45.327362599999958, -23.91357279999994 ], [ -45.327460699999961, -23.913787199999945 ], [ -45.327514, -23.91395719999997 ], [ -45.32758819999998, -23.914096699999959 ], [ -45.327656799999943, -23.914231299999983 ], [ -45.327791199999979, -23.91439 ], [ -45.327833399999975, -23.914550199999951 ], [ -45.327945799999952, -23.914684099999931 ], [ -45.328056899999979, -23.91476769999997 ], [ -45.328170499999942, -23.914941799999951 ], [ -45.328288099999952, -23.915055499999937 ], [ -45.328400099999953, -23.915154299999983 ], [ -45.328511599999956, -23.915280699999983 ], [ -45.328575, -23.915405299999975 ], [ -45.328728599999977, -23.915423 ], [ -45.328867299999956, -23.91549619999995 ], [ -45.329110699999944, -23.915587799999969 ], [ -45.329412599999955, -23.915628199999958 ], [ -45.329671599999983, -23.915709399999969 ], [ -45.329865499999983, -23.915771599999971 ], [ -45.33006359999996, -23.91579859999996 ], [ -45.330241599999965, -23.91589149999993 ], [ -45.33038, -23.915939499999979 ], [ -45.330627299999946, -23.915935599999955 ], [ -45.330891299999962, -23.915936399999964 ], [ -45.331122, -23.915927699999941 ], [ -45.331330499999979, -23.91591429999994 ], [ -45.331506499999932, -23.915921499999968 ], [ -45.331677299999967, -23.915943899999945 ], [ -45.332008899999948, -23.916029 ], [ -45.332250599999952, -23.916045199999928 ], [ -45.33246429999997, -23.916051799999934 ], [ -45.33255429999997, -23.916140799999937 ], [ -45.332683699999961, -23.916274399999963 ], [ -45.332703399999957, -23.916389899999956 ], [ -45.332831099999964, -23.916458199999965 ], [ -45.332991, -23.916510799999969 ], [ -45.3334, -23.913681 ], [ -45.333115199999952, -23.913919699999951 ], [ -45.332413799999983, -23.913915899999949 ], [ -45.331790299999966, -23.914062 ], [ -45.330988, -23.913989199999946 ], [ -45.330266199999983, -23.913908599999957 ], [ -45.329671099999985, -23.91374159999998 ], [ -45.32921639999995, -23.912906799999973 ], [ -45.329188099999953, -23.912160099999937 ], [ -45.328879499999971, -23.911619 ], [ -45.328259, -23.911107399999935 ], [ -45.327783299999965, -23.910098599999969 ], [ -45.327782599999978, -23.909456899999952 ], [ -45.327501099999949, -23.908475399999929 ], [ -45.326918699999965, -23.907602099999963 ], [ -45.326275899999985, -23.906899 ], [ -45.326082299999939, -23.906265599999983 ], [ -45.325382499999932, -23.906007399999964 ], [ -45.324845799999935, -23.905741599999942 ], [ -45.324346799999944, -23.90515929999998 ], [ -45.324170799999933, -23.904595599999936 ], [ -45.324111399999936, -23.904157899999973 ], [ -45.32393419999994, -23.90379889999997 ], [ -45.323540099999946, -23.903643199999976 ], [ -45.323086499999931, -23.903601599999945 ], [ -45.322636, -23.903487199999972 ], [ -45.322364899999968, -23.902870199999938 ], [ -45.321956, -23.902642599999979 ], [ -45.321750899999984, -23.902323499999966 ], [ -45.321660899999983, -23.901936499999977 ], [ -45.321394, -23.901404799999966 ], [ -45.32120759999998, -23.900880299999983 ], [ -45.320864, -23.90043 ], [ -45.320668699999942, -23.899951099999953 ], [ -45.320645199999944, -23.899585099999967 ], [ -45.320605, -23.899194 ], [ -45.320413199999962, -23.899038799999971 ], [ -45.320112699999981, -23.898999699999933 ], [ -45.319600399999956, -23.898905499999955 ], [ -45.319233799999949, -23.899031399999956 ], [ -45.319075599999962, -23.899435599999947 ], [ -45.319089599999984, -23.899892199999954 ], [ -45.318859099999941, -23.900352 ], [ -45.318729899999937, -23.900746499999968 ], [ -45.318734499999948, -23.901346699999976 ], [ -45.318377, -23.902007899999944 ], [ -45.318613099999936, -23.902478899999949 ], [ -45.319076099999961, -23.90258769999997 ], [ -45.319348799999943, -23.902957899999933 ], [ -45.319534499999975, -23.903476699999942 ], [ -45.31943, -23.903879199999949 ], [ -45.319358199999954, -23.904334499999948 ], [ -45.31911539999993, -23.904764599999965 ], [ -45.318824599999971, -23.905093499999964 ], [ -45.318603199999984, -23.905386399999941 ], [ -45.318585599999949, -23.905925 ], [ -45.318390499999964, -23.906247 ], [ -45.318279699999948, -23.906588699999929 ], [ -45.318532799999957, -23.906778499999973 ], [ -45.319172199999969, -23.906881699999929 ], [ -45.319687199999976, -23.906979799999931 ], [ -45.320162499999981, -23.907118299999979 ], [ -45.320432899999957, -23.907356499999935 ], [ -45.320989699999984, -23.907709199999942 ], [ -45.321268799999984, -23.908192099999951 ], [ -45.321701799999971, -23.908673299999975 ], [ -45.32197309999998, -23.90900819999996 ], [ -45.322077099999944, -23.909614199999965 ], [ -45.322057, -23.909883 ], [ -45.322160099999962, -23.910578099999952 ], [ -45.322182899999973, -23.910874399999955 ], [ -45.32189, -23.911095199999977 ], [ -45.321507299999951, -23.911281499999973 ], [ -45.321269099999938, -23.911517799999956 ], [ -45.320966799999951, -23.912110699999971 ], [ -45.320564299999944, -23.912530699999934 ], [ -45.320130499999948, -23.912896799999942 ], [ -45.319979399999966, -23.913391799999943 ], [ -45.319648899999947, -23.913656099999969 ], [ -45.31922469999995, -23.913695599999983 ], [ -45.318764, -23.913502699999981 ], [ -45.318105, -23.91312929999998 ], [ -45.317648899999938, -23.913174599999934 ], [ -45.317154099999982, -23.913079399999958 ], [ -45.31662179999995, -23.91298809999995 ], [ -45.316227599999934, -23.912649599999952 ], [ -45.315885699999967, -23.912421699999982 ], [ -45.315558199999941, -23.911984699999948 ], [ -45.315267499999948, -23.911736 ], [ -45.314868399999966, -23.91166439999995 ], [ -45.314431799999966, -23.911958099999936 ], [ -45.314158299999974, -23.912072 ], [ -45.313791199999969, -23.912085599999955 ], [ -45.313316199999974, -23.911578099999929 ], [ -45.313303899999937, -23.91082259999996 ], [ -45.313199099999963, -23.910098499999947 ], [ -45.31302919999996, -23.909627199999932 ], [ -45.312718299999972, -23.909207099999946 ], [ -45.312650699999949, -23.908673299999975 ], [ -45.312832499999956, -23.907849099999964 ], [ -45.312447099999986, -23.90767939999995 ], [ -45.31165139999996, -23.90765579999993 ], [ -45.310969099999966, -23.907194499999946 ], [ -45.30992759999998, -23.906926799999951 ], [ -45.309009599999968, -23.90701839999997 ], [ -45.308341299999938, -23.906824299999982 ], [ -45.307628899999941, -23.906766399999981 ], [ -45.306827, -23.906746399999975 ], [ -45.306424899999968, -23.906415799999934 ], [ -45.305988799999966, -23.906182899999976 ], [ -45.305378299999973, -23.906248299999959 ], [ -45.30474259999994, -23.905977399999983 ], [ -45.304655899999943, -23.905588299999977 ], [ -45.305006799999944, -23.904993699999977 ], [ -45.304914199999985, -23.904524299999935 ], [ -45.304585, -23.904292799999951 ], [ -45.304058, -23.904244399999982 ], [ -45.303307199999949, -23.903943099999935 ], [ -45.302902699999947, -23.90392 ], [ -45.302549099999965, -23.90366279999995 ], [ -45.302221399999951, -23.903445599999941 ], [ -45.301737199999934, -23.903273299999967 ], [ -45.301514399999974, -23.903339099999982 ], [ -45.301426599999957, -23.903545599999973 ], [ -45.301489, -23.903762299999983 ], [ -45.301614899999947, -23.904076 ], [ -45.301661, -23.90442459999997 ], [ -45.301637199999959, -23.904923099999962 ], [ -45.301557, -23.905296899999939 ], [ -45.30140549999993, -23.905572499999948 ], [ -45.301118299999985, -23.905705299999966 ], [ -45.30054819999998, -23.905951499999958 ], [ -45.30014319999998, -23.906124499999976 ], [ -45.299818799999969, -23.906359399999928 ], [ -45.299393399999985, -23.906556 ], [ -45.299149199999931, -23.906672699999945 ], [ -45.298957299999984, -23.906891799999983 ], [ -45.298881199999983, -23.907348699999943 ], [ -45.298780699999952, -23.907779 ], [ -45.298583, -23.908222799999976 ], [ -45.298415899999952, -23.908462899999961 ], [ -45.298341, -23.908611299999961 ], [ -45.298294399999975, -23.908814699999937 ], [ -45.298267, -23.909041199999933 ], [ -45.298238899999944, -23.909452 ], [ -45.298395399999947, -23.909703499999978 ], [ -45.298696799999959, -23.909836399999961 ], [ -45.298928199999978, -23.909897799999953 ], [ -45.299473599999942, -23.909951099999944 ], [ -45.299643299999957, -23.910015899999962 ], [ -45.299855499999978, -23.910109299999931 ], [ -45.300033, -23.910243299999934 ], [ -45.300166799999943, -23.910491899999954 ], [ -45.300211799999943, -23.910771 ], [ -45.300172199999963, -23.911074799999938 ], [ -45.300026, -23.911334499999953 ], [ -45.299770399999943, -23.911532299999976 ], [ -45.299955399999931, -23.912409599999933 ], [ -45.300460899999962, -23.913190699999973 ], [ -45.301234299999976, -23.91406 ], [ -45.302858399999934, -23.915588699999944 ] ] ] } },
{ "type": "Feature", "properties": { "id": "3520400044", "cd_bairro": "3520400044", "bairro": "Estácio", "cd_mun": "3520400", "municipio": "Ilhabela", "cd_dist": "352040015", "distrito": "Paranabi" }, "geometry": { "type": "Polygon", "coordinates": [ [ [ -45.263712099999964, -23.837351399999932 ], [ -45.263483, -23.836347 ], [ -45.262929, -23.836522 ], [ -45.262216, -23.836544 ], [ -45.261231, -23.836354 ], [ -45.260446, -23.836213 ], [ -45.25983, -23.835717 ], [ -45.259365, -23.835201 ], [ -45.258889, -23.834569 ], [ -45.258453, -23.833857 ], [ -45.258273, -23.834097 ], [ -45.258078, -23.834439 ], [ -45.257739, -23.835138 ], [ -45.257349, -23.835258 ], [ -45.256952, -23.835101 ], [ -45.255552, -23.83503 ], [ -45.254981, -23.8354 ], [ -45.254411, -23.835748 ], [ -45.254033, -23.835914 ], [ -45.253014, -23.836185 ], [ -45.25187939999995, -23.836529399999961 ], [ -45.250922599999967, -23.836717699999951 ], [ -45.250247899999977, -23.836701099999971 ], [ -45.249576899999965, -23.836756099999945 ], [ -45.248404499999936, -23.836937899999953 ], [ -45.247748299999955, -23.83711859999994 ], [ -45.247135299999968, -23.837119599999937 ], [ -45.246318599999938, -23.837187799999981 ], [ -45.245870699999955, -23.837375099999974 ], [ -45.245057199999962, -23.837081099999978 ], [ -45.244853, -23.8365 ], [ -45.244573, -23.835937 ], [ -45.244405, -23.835374 ], [ -45.243903, -23.835016 ], [ -45.243512, -23.834555 ], [ -45.24301, -23.8343 ], [ -45.242508, -23.834044 ], [ -45.242229, -23.833916 ], [ -45.240111, -23.833458 ], [ -45.238657299999943, -23.833301199999937 ], [ -45.238770099999954, -23.833431599999983 ], [ -45.238813099999959, -23.833525399999928 ], [ -45.238912399999947, -23.833684399999981 ], [ -45.238997299999937, -23.833812199999954 ], [ -45.239175799999941, -23.833960399999967 ], [ -45.239287399999967, -23.834027699999979 ], [ -45.239350799999954, -23.834108499999957 ], [ -45.239338499999974, -23.834225699999934 ], [ -45.239356599999951, -23.834298299999944 ], [ -45.239471499999979, -23.834372299999927 ], [ -45.239579599999956, -23.834449499999948 ], [ -45.239691, -23.834526899999958 ], [ -45.239784, -23.834522299999946 ], [ -45.239868699999931, -23.83442569999994 ], [ -45.239967199999967, -23.834486199999958 ], [ -45.240091599999971, -23.834550099999944 ], [ -45.240095699999983, -23.834553699999958 ], [ -45.240263899999945, -23.834602199999949 ], [ -45.240563099999974, -23.834615699999972 ], [ -45.240734299999986, -23.834602 ], [ -45.240989499999955, -23.834612499999935 ], [ -45.241236799999967, -23.834633899999972 ], [ -45.24136169999997, -23.834705 ], [ -45.241658799999982, -23.834914099999935 ], [ -45.241988699999979, -23.835083699999927 ], [ -45.242163, -23.835244899999964 ], [ -45.242391599999962, -23.835339399999953 ], [ -45.24277619999998, -23.835475299999928 ], [ -45.243083799999965, -23.835648299999946 ], [ -45.243330599999979, -23.835856099999944 ], [ -45.243611199999975, -23.835950199999957 ], [ -45.243819199999962, -23.836005099999966 ], [ -45.244055799999956, -23.836106799999982 ], [ -45.244168199999933, -23.836166799999944 ], [ -45.244175899999959, -23.836338399999931 ], [ -45.24410679999994, -23.83664529999993 ], [ -45.244023699999957, -23.836872699999958 ], [ -45.24392359999996, -23.837045899999964 ], [ -45.243748, -23.837041299999953 ], [ -45.243568699999969, -23.83705509999993 ], [ -45.243389399999955, -23.83706879999994 ], [ -45.243170899999939, -23.837123199999951 ], [ -45.243068099999959, -23.837175799999955 ], [ -45.242959399999961, -23.837122699999952 ], [ -45.242829699999959, -23.837015299999962 ], [ -45.242674099999931, -23.837014099999976 ], [ -45.242513799999983, -23.836983699999962 ], [ -45.242353399999956, -23.836942399999941 ], [ -45.242224299999975, -23.836878699999943 ], [ -45.24207709999996, -23.836906599999963 ], [ -45.241890499999954, -23.836960599999941 ], [ -45.241728399999943, -23.837039699999934 ], [ -45.241583099999957, -23.837155099999961 ], [ -45.241466899999978, -23.837313599999959 ], [ -45.241390199999955, -23.837479 ], [ -45.24132869999994, -23.837615099999937 ], [ -45.241251299999931, -23.837769799999933 ], [ -45.241261299999962, -23.837871799999959 ], [ -45.241296899999952, -23.838057099999958 ], [ -45.241351399999985, -23.838180699999953 ], [ -45.241413699999953, -23.838296499999956 ], [ -45.241467899999975, -23.838416 ], [ -45.241477699999962, -23.838521599999979 ], [ -45.241403499999933, -23.838628699999958 ], [ -45.24129019999998, -23.838714099999947 ], [ -45.24114869999994, -23.838770499999953 ], [ -45.240983799999981, -23.838838199999941 ], [ -45.240776299999936, -23.83881219999995 ], [ -45.24062, -23.838763599999936 ], [ -45.240443899999946, -23.838715299999933 ], [ -45.240308499999969, -23.838677299999972 ], [ -45.240183799999954, -23.838621099999955 ], [ -45.240015399999947, -23.838572799999952 ], [ -45.23983149999998, -23.838539199999957 ], [ -45.239654899999948, -23.838487399999963 ], [ -45.239486499999941, -23.83844629999993 ], [ -45.23929389999995, -23.838394699999981 ], [ -45.239192799999955, -23.838341599999978 ], [ -45.239056299999959, -23.83830729999994 ], [ -45.238949799999943, -23.838345299999958 ], [ -45.238901699999985, -23.838473399999941 ], [ -45.238832099999968, -23.838543499999957 ], [ -45.238689199999953, -23.838560199999961 ], [ -45.238529, -23.838533599999948 ], [ -45.238436499999978, -23.838498699999946 ], [ -45.238354399999935, -23.838423599999942 ], [ -45.23827719999997, -23.838439199999982 ], [ -45.238183399999969, -23.838524 ], [ -45.238007399999958, -23.838468199999966 ], [ -45.237866799999949, -23.838390299999958 ], [ -45.237710299999947, -23.838312499999972 ], [ -45.237637, -23.838222799999983 ], [ -45.237547499999948, -23.838122299999952 ], [ -45.237399899999957, -23.838088099999936 ], [ -45.237227, -23.837978 ], [ -45.237078799999949, -23.837900299999944 ], [ -45.23694219999993, -23.837815099999943 ], [ -45.236796599999934, -23.837704599999938 ], [ -45.236624799999959, -23.837649 ], [ -45.236436399999945, -23.83756829999993 ], [ -45.236318399999959, -23.837453599999947 ], [ -45.236263599999972, -23.837341299999935 ], [ -45.236208499999975, -23.837221599999964 ], [ -45.236106699999937, -23.837256299999979 ], [ -45.236012499999958, -23.837276199999963 ], [ -45.235925699999939, -23.837220099999968 ], [ -45.235796799999946, -23.837134799999944 ], [ -45.235613799999953, -23.836937499999976 ], [ -45.235629199999948, -23.836718599999983 ], [ -45.235471699999948, -23.836604299999976 ], [ -45.235270899999932, -23.836523599999964 ], [ -45.235054899999966, -23.836468599999932 ], [ -45.234877599999948, -23.836362 ], [ -45.234723799999983, -23.836251199999936 ], [ -45.234475799999984, -23.836189499999932 ], [ -45.234347499999956, -23.836144099999956 ], [ -45.234097, -23.836126499999978 ], [ -45.233932299999935, -23.836079499999983 ], [ -45.233736199999953, -23.83602419999994 ], [ -45.233736, -23.836016899999947 ], [ -45.233535699999948, -23.835947199999964 ], [ -45.233386799999948, -23.835869299999956 ], [ -45.233197799999971, -23.835792 ], [ -45.232972599999982, -23.835707899999932 ], [ -45.232807599999944, -23.835652 ], [ -45.232639, -23.835618 ], [ -45.232436, -23.835646599999961 ], [ -45.232276299999967, -23.835656299999982 ], [ -45.232228299999974, -23.835806799999943 ], [ -45.232274599999982, -23.835893699999929 ], [ -45.232375499999932, -23.835928599999932 ], [ -45.232405599999936, -23.836015499999974 ], [ -45.232320899999934, -23.836140599999965 ], [ -45.232229199999949, -23.836153 ], [ -45.232042199999967, -23.836185099999966 ], [ -45.231902399999967, -23.836190899999963 ], [ -45.231782399999986, -23.836189199999978 ], [ -45.231684199999961, -23.836245299999973 ], [ -45.231575199999952, -23.836323399999969 ], [ -45.231428799999946, -23.836343399999976 ], [ -45.231298299999935, -23.836396499999978 ], [ -45.23132, -23.836502 ], [ -45.231328799999972, -23.836556499999972 ], [ -45.231217899999933, -23.836583699999949 ], [ -45.231038799999965, -23.836575499999981 ], [ -45.230900399999939, -23.836617599999954 ], [ -45.230698299999972, -23.836664399999961 ], [ -45.230511199999967, -23.836652699999945 ], [ -45.230303399999968, -23.836612199999934 ], [ -45.23017509999994, -23.836566799999957 ], [ -45.229982799999959, -23.836515099999929 ], [ -45.229898099999957, -23.836472699999945 ], [ -45.229757499999948, -23.836423799999977 ], [ -45.229635799999983, -23.836341599999969 ], [ -45.229504899999938, -23.836358299999972 ], [ -45.229370299999971, -23.836389599999961 ], [ -45.229194199999938, -23.836363 ], [ -45.22903139999994, -23.836380199999951 ], [ -45.228888199999972, -23.836437099999955 ], [ -45.228866799999935, -23.836565099999973 ], [ -45.228800499999977, -23.836635299999955 ], [ -45.228672899999935, -23.836626299999978 ], [ -45.228497899999979, -23.83663619999993 ], [ -45.228361199999938, -23.83658 ], [ -45.228160599999967, -23.836528299999941 ], [ -45.228064, -23.83649319999995 ], [ -45.227926799999977, -23.836429599999974 ], [ -45.227790099999936, -23.836391399999968 ], [ -45.227645199999984, -23.836349699999971 ], [ -45.22754539999994, -23.836354799999981 ], [ -45.227463199999931, -23.836436399999968 ], [ -45.227332, -23.836493099999927 ], [ -45.227156399999956, -23.836517699999945 ], [ -45.227081699999985, -23.836577199999965 ], [ -45.226938699999948, -23.836630499999956 ], [ -45.226980699999956, -23.836724899999979 ], [ -45.227018099999952, -23.83679369999993 ], [ -45.226930799999934, -23.836838799999953 ], [ -45.226815899999963, -23.83691 ], [ -45.226754, -23.837020499999937 ], [ -45.226807899999983, -23.837111 ], [ -45.226889099999937, -23.837160799999936 ], [ -45.227061699999979, -23.837176299999953 ], [ -45.227170399999977, -23.837203699999975 ], [ -45.227237099999968, -23.837337599999955 ], [ -45.227323499999954, -23.837452799999937 ], [ -45.227333899999962, -23.837572899999941 ], [ -45.227443499999936, -23.837680599999942 ], [ -45.227597, -23.837776699999949 ], [ -45.227691, -23.837823499999956 ], [ -45.227815799999973, -23.837850799999956 ], [ -45.227920499999982, -23.837881899999957 ], [ -45.228117299999951, -23.837911599999927 ], [ -45.228329899999949, -23.83793739999993 ], [ -45.228486499999974, -23.837960299999963 ], [ -45.228638799999942, -23.837972399999956 ], [ -45.228742899999986, -23.837988899999971 ], [ -45.228807399999937, -23.838042499999972 ], [ -45.228864199999975, -23.838125399999967 ], [ -45.228865199999973, -23.83821649999993 ], [ -45.229005599999937, -23.838265199999967 ], [ -45.22909, -23.838314799999978 ], [ -45.229146499999956, -23.838372299999946 ], [ -45.229251, -23.83842889999994 ], [ -45.229356, -23.83853309999995 ], [ -45.229444799999953, -23.838608299999976 ], [ -45.229521399999953, -23.838665499999934 ], [ -45.229574099999979, -23.838730399999974 ], [ -45.229667599999971, -23.838849699999969 ], [ -45.229800599999976, -23.83893889999996 ], [ -45.229853499999933, -23.839003799999944 ], [ -45.229994199999965, -23.839067 ], [ -45.230124699999976, -23.839235499999972 ], [ -45.230237399999965, -23.839299399999959 ], [ -45.230314, -23.839349299999981 ], [ -45.230436299999951, -23.839281399999948 ], [ -45.230596799999944, -23.839351599999929 ], [ -45.230785899999944, -23.83946519999995 ], [ -45.23091519999997, -23.839568799999938 ], [ -45.231043799999952, -23.839643099999932 ], [ -45.231106099999977, -23.839766299999951 ], [ -45.231309799999963, -23.839935399999945 ], [ -45.231414499999971, -23.840003 ], [ -45.231531199999949, -23.840073899999936 ], [ -45.231607799999949, -23.840131 ], [ -45.23171949999994, -23.840154599999948 ], [ -45.231840299999931, -23.84024 ], [ -45.231922599999962, -23.840377199999978 ], [ -45.231852899999978, -23.840458899999931 ], [ -45.231726599999945, -23.840497899999946 ], [ -45.231659699999966, -23.840532099999962 ], [ -45.231760399999985, -23.840596 ], [ -45.231850299999962, -23.840707799999961 ], [ -45.23189229999997, -23.840813299999979 ], [ -45.232017799999937, -23.840880899999945 ], [ -45.232150099999956, -23.840918899999963 ], [ -45.232278399999984, -23.840960499999937 ], [ -45.232446799999934, -23.841019699999947 ], [ -45.232532599999956, -23.841135099999974 ], [ -45.232571099999973, -23.841269699999941 ], [ -45.232629299999985, -23.841396699999962 ], [ -45.23270279999997, -23.84148689999995 ], [ -45.232811899999945, -23.841619499999979 ], [ -45.232862499999953, -23.841775799999937 ], [ -45.232921099999942, -23.84192459999997 ], [ -45.233015499999965, -23.842065699999978 ], [ -45.233176199999946, -23.842118 ], [ -45.233364199999983, -23.842140399999948 ], [ -45.233546699999977, -23.842093599999941 ], [ -45.23374309999997, -23.842138099999943 ], [ -45.233917899999938, -23.842106099999967 ], [ -45.234024699999964, -23.842075099999931 ], [ -45.234138499999972, -23.842007399999943 ], [ -45.234338099999945, -23.842037 ], [ -45.234477199999958, -23.842034699999942 ], [ -45.234613599999932, -23.842083699999932 ], [ -45.23480109999997, -23.842120499999965 ], [ -45.23494519999997, -23.84215469999998 ], [ -45.235058, -23.842229499999974 ], [ -45.235211599999957, -23.842354599999965 ], [ -45.235377199999959, -23.842472399999963 ], [ -45.235523599999965, -23.84263059999995 ], [ -45.235606799999971, -23.842822899999931 ], [ -45.235712599999943, -23.842930899999942 ], [ -45.235888, -23.842920799999945 ], [ -45.235929599999963, -23.842803199999935 ], [ -45.236104599999976, -23.842782199999931 ], [ -45.236300899999947, -23.84283389999996 ], [ -45.236476399999958, -23.842838399999948 ], [ -45.236628799999949, -23.842883499999971 ], [ -45.236778799999968, -23.84283 ], [ -45.23697169999997, -23.842903599999943 ], [ -45.237147499999935, -23.84292279999994 ], [ -45.237317399999938, -23.842872599999964 ], [ -45.237436099999968, -23.842856099999949 ], [ -45.237648, -23.842885599999931 ], [ -45.237788399999943, -23.842934499999956 ], [ -45.238075899999956, -23.842973699999959 ], [ -45.238323899999955, -23.84302109999993 ], [ -45.238543899999968, -23.84304359999993 ], [ -45.238897, -23.842929 ], [ -45.239045399999952, -23.842769699999963 ], [ -45.239083499999936, -23.842688799999962 ], [ -45.239095499999962, -23.842688599999974 ], [ -45.239259699999934, -23.842514699999981 ], [ -45.239461799999958, -23.842274599999939 ], [ -45.23962389999997, -23.84232309999993 ], [ -45.239644, -23.842319099999941 ], [ -45.23982959999995, -23.842228699999964 ], [ -45.23993239999993, -23.842041299999948 ], [ -45.240016699999956, -23.841865 ], [ -45.240054099999952, -23.841736899999944 ], [ -45.240074099999958, -23.841575399999954 ], [ -45.240106399999945, -23.841417599999943 ], [ -45.240179, -23.84127419999993 ], [ -45.24023909999994, -23.841109199999948 ], [ -45.240304799999933, -23.841009799999938 ], [ -45.240421599999934, -23.840873399999964 ], [ -45.240476399999977, -23.840821699999935 ], [ -45.24054579999995, -23.840875399999959 ], [ -45.240660599999956, -23.840979699999934 ], [ -45.240754, -23.841022299999963 ], [ -45.240891199999965, -23.841046099999971 ], [ -45.241024099999947, -23.841055399999959 ], [ -45.24105789999993, -23.840967199999966 ], [ -45.241102199999943, -23.840827599999955 ], [ -45.241059199999938, -23.840715 ], [ -45.241196099999968, -23.840596199999936 ], [ -45.241294499999981, -23.840518199999963 ], [ -45.241327799999965, -23.840393699999936 ], [ -45.241421299999956, -23.840250099999935 ], [ -45.241507299999967, -23.840132099999948 ], [ -45.241562699999974, -23.840080099999966 ], [ -45.241584399999965, -23.839963099999977 ], [ -45.241634199999964, -23.839846499999965 ], [ -45.241700099999946, -23.839736199999948 ], [ -45.24179369999996, -23.839618 ], [ -45.24188369999996, -23.83951449999995 ], [ -45.241952699999956, -23.839352899999938 ], [ -45.24187859999995, -23.839240899999936 ], [ -45.241970899999956, -23.839057099999934 ], [ -45.24204009999994, -23.838921099999936 ], [ -45.242155199999956, -23.838882799999965 ], [ -45.242302199999983, -23.838844 ], [ -45.242344399999979, -23.83877039999993 ], [ -45.242389599999967, -23.838658399999929 ], [ -45.242393599999957, -23.838658299999963 ], [ -45.242450899999938, -23.838522499999954 ], [ -45.242425199999957, -23.838431699999944 ], [ -45.242491499999971, -23.838350499999933 ], [ -45.242622499999982, -23.838319299999966 ], [ -45.242685399999971, -23.838270899999941 ], [ -45.242747399999985, -23.83817879999998 ], [ -45.242757099999949, -23.838062099999945 ], [ -45.242811399999937, -23.837981099999979 ], [ -45.242934199999979, -23.837931699999956 ], [ -45.243085, -23.83788549999997 ], [ -45.243220099999974, -23.837850399999979 ], [ -45.243382299999951, -23.837771199999963 ], [ -45.243453699999975, -23.837744499999928 ], [ -45.243561599999964, -23.837742699999978 ], [ -45.243686299999979, -23.837780799999962 ], [ -45.243782599999975, -23.837797499999965 ], [ -45.243902899999966, -23.837817399999949 ], [ -45.243989499999941, -23.837754099999927 ], [ -45.244024399999944, -23.837706099999934 ], [ -45.244118699999945, -23.837588199999971 ], [ -45.244196399999964, -23.837470199999927 ], [ -45.244302399999981, -23.837377299999957 ], [ -45.24446839999996, -23.837320099999943 ], [ -45.244549099999972, -23.837369899999942 ], [ -45.244697599999938, -23.837429699999973 ], [ -45.244889899999976, -23.837488699999938 ], [ -45.245065, -23.837493299999949 ], [ -45.245214199999964, -23.83744 ], [ -45.245357599999977, -23.837459699999954 ], [ -45.245435599999951, -23.837553199999945 ], [ -45.245502699999975, -23.837679799999933 ], [ -45.245655899999974, -23.837761299999954 ], [ -45.245619799999986, -23.837882399999955 ], [ -45.245776299999932, -23.837938399999928 ], [ -45.245868099999939, -23.837955099999931 ], [ -45.246160799999984, -23.838114399999938 ], [ -45.24630209999998, -23.838196099999948 ], [ -45.246489699999984, -23.838229799999965 ], [ -45.246673899999962, -23.838245099999938 ], [ -45.246883599999933, -23.838311199999964 ], [ -45.247109399999943, -23.838388 ], [ -45.247176699999955, -23.838350399999968 ], [ -45.247201399999938, -23.838229599999977 ], [ -45.247322199999985, -23.838140199999941 ], [ -45.247354799999982, -23.838059299999941 ], [ -45.247253299999954, -23.83797629999998 ], [ -45.247306199999969, -23.837847199999942 ], [ -45.247412199999985, -23.837779699999942 ], [ -45.247549499999934, -23.837686299999973 ], [ -45.24779529999995, -23.837713699999938 ], [ -45.248004699999967, -23.837649399999975 ], [ -45.248234299999979, -23.837600299999963 ], [ -45.248477, -23.837548199999958 ], [ -45.248702899999955, -23.837585899999965 ], [ -45.248924799999941, -23.837559699999929 ], [ -45.24917789999995, -23.837540799999942 ], [ -45.249497399999939, -23.837533299999961 ], [ -45.249720399999944, -23.837627 ], [ -45.250168499999972, -23.837578899999983 ], [ -45.250432199999977, -23.837587299999939 ], [ -45.250587499999938, -23.837441799999965 ], [ -45.250806599999976, -23.837438599999928 ], [ -45.250994899999966, -23.837428 ], [ -45.251164299999971, -23.837435699999958 ], [ -45.251362899999947, -23.837386899999956 ], [ -45.25147979999997, -23.837298499999974 ], [ -45.25165329999993, -23.837247599999955 ], [ -45.251776899999982, -23.837279099999932 ], [ -45.251963, -23.837307399999929 ], [ -45.252100899999959, -23.837257 ], [ -45.252171399999952, -23.837164199999961 ], [ -45.252281799999935, -23.837134599999956 ], [ -45.252419299999985, -23.837066599999957 ], [ -45.252679399999977, -23.837149599999975 ], [ -45.252798699999971, -23.837135099999955 ], [ -45.252946099999974, -23.837008 ], [ -45.253024499999981, -23.836907599999961 ], [ -45.253080899999929, -23.836833 ], [ -45.253183599999943, -23.836828899999944 ], [ -45.253265, -23.836855599999978 ], [ -45.253377899999975, -23.836815799999954 ], [ -45.253459299999975, -23.836834899999928 ], [ -45.253595899999937, -23.836835399999927 ], [ -45.253638499999965, -23.836771099999964 ], [ -45.253709199999946, -23.836716699999954 ], [ -45.253812899999957, -23.836732899999959 ], [ -45.253912599999978, -23.836703399999976 ], [ -45.254048499999953, -23.836650499999962 ], [ -45.254188499999941, -23.836586099999977 ], [ -45.254307, -23.836533199999963 ], [ -45.254474499999958, -23.836429 ], [ -45.254669399999955, -23.836296499999946 ], [ -45.254812699999945, -23.836233299999947 ], [ -45.254948099999979, -23.836200599999927 ], [ -45.25507209999995, -23.836160399999983 ], [ -45.255170899999939, -23.836118099999965 ], [ -45.255255599999941, -23.836068299999965 ], [ -45.255332799999962, -23.836051899999973 ], [ -45.255455299999937, -23.836072799999954 ], [ -45.255532099999982, -23.836150499999974 ], [ -45.255674099999965, -23.836285699999962 ], [ -45.255648299999962, -23.836347399999966 ], [ -45.255662299999983, -23.836435799999947 ], [ -45.255694399999982, -23.83650659999995 ], [ -45.255681399999958, -23.836550099999954 ], [ -45.255739199999937, -23.836656299999959 ], [ -45.255779599999983, -23.836727 ], [ -45.255856, -23.836789599999975 ], [ -45.255896299999961, -23.836852799999974 ], [ -45.255881099999954, -23.836922 ], [ -45.255904599999951, -23.836985 ], [ -45.255995299999938, -23.837067699999977 ], [ -45.256071499999962, -23.837120099999936 ], [ -45.256150399999967, -23.837167299999976 ], [ -45.256198799999936, -23.837220199999933 ], [ -45.256247199999962, -23.837270499999931 ], [ -45.256257, -23.837341899999956 ], [ -45.256319099999985, -23.837379299999952 ], [ -45.256425199999967, -23.837385299999937 ], [ -45.256539, -23.837360499999932 ], [ -45.25658169999997, -23.837280499999963 ], [ -45.256571599999972, -23.837204 ], [ -45.256646799999942, -23.837207899999953 ], [ -45.256740799999932, -23.837188399999945 ], [ -45.256761499999982, -23.837124199999948 ], [ -45.256732199999931, -23.837060899999983 ], [ -45.256794399999933, -23.836993599999971 ], [ -45.256796399999985, -23.836894299999983 ], [ -45.256822099999965, -23.836751499999934 ], [ -45.256876, -23.836654299999964 ], [ -45.256966699999964, -23.836607199999946 ], [ -45.257110699999942, -23.83659739999996 ], [ -45.257254599999953, -23.836587599999973 ], [ -45.257334299999968, -23.836550899999963 ], [ -45.257397699999956, -23.836532099999943 ], [ -45.257415299999934, -23.836445899999944 ], [ -45.257476099999963, -23.836437299999943 ], [ -45.25762, -23.836432599999966 ], [ -45.25777979999998, -23.836392099999955 ], [ -45.25792359999997, -23.836374599999942 ], [ -45.258023399999956, -23.836373 ], [ -45.258161399999949, -23.836340399999983 ], [ -45.258285899999976, -23.836344799999949 ], [ -45.258402399999966, -23.83635309999994 ], [ -45.258533, -23.836371399999962 ], [ -45.258660499999962, -23.836369399999967 ], [ -45.258766299999934, -23.836390599999959 ], [ -45.258898199999976, -23.836464799999931 ], [ -45.259001799999965, -23.836506499999928 ], [ -45.259289299999978, -23.836466299999927 ], [ -45.25936669999993, -23.836462499999982 ], [ -45.259469499999966, -23.83647609999997 ], [ -45.259566699999937, -23.836484699999971 ], [ -45.259617399999968, -23.836517 ], [ -45.25966829999993, -23.836554299999932 ], [ -45.259754799999939, -23.836630899999932 ], [ -45.25985, -23.836672599999929 ], [ -45.260049, -23.836758399999951 ], [ -45.260182899999961, -23.836791799999958 ], [ -45.260306, -23.836835699999938 ], [ -45.260402, -23.836895199999958 ], [ -45.260512, -23.836967199999947 ], [ -45.260702499999979, -23.837070299999937 ], [ -45.260913899999935, -23.837092599999949 ], [ -45.261189199999933, -23.837157099999956 ], [ -45.26165489999994, -23.837180599999954 ], [ -45.261812899999939, -23.83718319999997 ], [ -45.262023, -23.837177499999939 ], [ -45.262219, -23.837177099999963 ], [ -45.262358199999937, -23.837106699999936 ], [ -45.262452699999983, -23.837110199999927 ], [ -45.262572699999964, -23.837133599999959 ], [ -45.262723599999958, -23.837174199999936 ], [ -45.262779899999941, -23.837198599999965 ], [ -45.263004699999954, -23.837243199999932 ], [ -45.263229099999933, -23.837239699999941 ], [ -45.263415599999973, -23.837269799999945 ], [ -45.263536299999942, -23.837316099999953 ], [ -45.263712099999964, -23.837351399999932 ] ] ] } },
{ "type": "Feature", "properties": { "id": "3520400037", "cd_bairro": "3520400037", "bairro": "Feiticeira", "cd_mun": "3520400", "municipio": "Ilhabela", "cd_dist": "352040010", "distrito": "Cambaquara" }, "geometry": { "type": "Polygon", "coordinates": [ [ [ -45.404729299999985, -23.855490499999974 ], [ -45.409545199999968, -23.853691099999935 ], [ -45.410125, -23.85341539999996 ], [ -45.412340899999947, -23.85256389999995 ], [ -45.412347199999942, -23.852389099999982 ], [ -45.412338099999943, -23.85220309999994 ], [ -45.412285499999939, -23.85203139999993 ], [ -45.412605399999961, -23.851786199999935 ], [ -45.412715399999968, -23.851702699999976 ], [ -45.412779, -23.851673199999937 ], [ -45.412824299999954, -23.851668699999948 ], [ -45.412881, -23.851693599999976 ], [ -45.412915099999964, -23.851734499999964 ], [ -45.413012599999945, -23.851974899999959 ], [ -45.413022599999977, -23.851994799999943 ], [ -45.413188399999967, -23.852114299999982 ], [ -45.413264399999946, -23.852117799999974 ], [ -45.413359699999944, -23.85209059999994 ], [ -45.41340729999996, -23.852020299999936 ], [ -45.413411899999971, -23.851911399999949 ], [ -45.413398199999961, -23.851811599999962 ], [ -45.413418699999966, -23.85177079999994 ], [ -45.413475399999982, -23.851743499999941 ], [ -45.413588799999957, -23.851686799999982 ], [ -45.413625099999933, -23.851652799999954 ], [ -45.413643199999967, -23.851616499999977 ], [ -45.413643199999967, -23.85156429999995 ], [ -45.413620599999945, -23.851484899999946 ], [ -45.413595599999951, -23.851398699999947 ], [ -45.413563799999963, -23.851292099999966 ], [ -45.414202299999943, -23.851056899999946 ], [ -45.414143399999944, -23.850999099999967 ], [ -45.414115, -23.85092579999997 ], [ -45.414020099999959, -23.85088079999997 ], [ -45.41399389999998, -23.850775599999963 ], [ -45.41391189999996, -23.850701099999981 ], [ -45.41384979999998, -23.85062419999997 ], [ -45.41378149999997, -23.850564 ], [ -45.413681399999973, -23.850516599999935 ], [ -45.413613199999986, -23.850451499999963 ], [ -45.413594699999976, -23.850326699999982 ], [ -45.413603399999943, -23.850228499999957 ], [ -45.413647399999945, -23.850151599999947 ], [ -45.413757199999964, -23.85014949999993 ], [ -45.413788, -23.850080099999957 ], [ -45.413724799999954, -23.850000299999977 ], [ -45.413640699999974, -23.849948 ], [ -45.413596199999972, -23.849870199999941 ], [ -45.413532399999951, -23.849768099999949 ], [ -45.413512399999945, -23.849706899999944 ], [ -45.413460599999951, -23.849663599999928 ], [ -45.413416499999983, -23.849607899999967 ], [ -45.413378199999954, -23.849569299999928 ], [ -45.41335829999997, -23.849517899999967 ], [ -45.41332019999993, -23.849489199999937 ], [ -45.413319, -23.849384199999974 ], [ -45.413291, -23.849320699999964 ], [ -45.413246899999933, -23.84926489999998 ], [ -45.413194799999985, -23.849214299999971 ], [ -45.413142599999958, -23.849153799999954 ], [ -45.413096, -23.849105499999951 ], [ -45.413062499999967, -23.849042199999928 ], [ -45.41300769999998, -23.848984299999927 ], [ -45.412931199999946, -23.848914499999978 ], [ -45.412878099999944, -23.848871 ], [ -45.412818, -23.848818 ], [ -45.412789799999985, -23.848744899999929 ], [ -45.412801799999954, -23.848671 ], [ -45.412813599999936, -23.848587299999963 ], [ -45.412854799999934, -23.848488299999929 ], [ -45.41289919999997, -23.848416199999974 ], [ -45.412914, -23.848342199999934 ], [ -45.412947799999984, -23.84827759999996 ], [ -45.413043899999934, -23.848206799999957 ], [ -45.413167399999963, -23.848200199999951 ], [ -45.413268, -23.848228499999948 ], [ -45.413399599999934, -23.848270899999932 ], [ -45.41359209999996, -23.848334199999954 ], [ -45.413607599999978, -23.848334199999954 ], [ -45.413700399999982, -23.848278099999959 ], [ -45.413716, -23.848214899999959 ], [ -45.413731399999961, -23.848102299999937 ], [ -45.413731299999938, -23.848017899999945 ], [ -45.413769699999932, -23.847919399999967 ], [ -45.413754299999937, -23.847835 ], [ -45.413677399999983, -23.847799799999962 ], [ -45.413608199999942, -23.847778799999958 ], [ -45.413508199999967, -23.847708399999931 ], [ -45.413446699999952, -23.847736599999962 ], [ -45.413385199999937, -23.847835099999941 ], [ -45.413307599999939, -23.847912599999972 ], [ -45.413214299999936, -23.847961899999973 ], [ -45.413136899999984, -23.847976 ], [ -45.413097499999935, -23.847956099999976 ], [ -45.413000299999965, -23.847938 ], [ -45.412835899999948, -23.84791359999997 ], [ -45.412697799999933, -23.847859299999982 ], [ -45.4126, -23.847804399999973 ], [ -45.412510599999962, -23.847764099999949 ], [ -45.412417699999935, -23.847684499999957 ], [ -45.412365899999941, -23.847646 ], [ -45.412276199999951, -23.847591 ], [ -45.412167699999941, -23.847533799999951 ], [ -45.412115899999947, -23.847492899999963 ], [ -45.412042499999984, -23.84744749999993 ], [ -45.411971899999969, -23.847404399999959 ], [ -45.411876899999982, -23.847352 ], [ -45.411825, -23.847306199999935 ], [ -45.411761699999943, -23.84723589999993 ], [ -45.411693, -23.847187899999938 ], [ -45.411627499999952, -23.847132399999964 ], [ -45.411578, -23.847076699999946 ], [ -45.411517499999945, -23.847008899999935 ], [ -45.411460799999929, -23.84687219999995 ], [ -45.411418799999979, -23.846789299999955 ], [ -45.411381799999958, -23.84669649999995 ], [ -45.411347699999965, -23.846608499999945 ], [ -45.411353799999972, -23.84651729999996 ], [ -45.411365499999931, -23.84643589999996 ], [ -45.411326499999973, -23.846365099999957 ], [ -45.411274299999945, -23.846311899999932 ], [ -45.41122919999998, -23.846264899999937 ], [ -45.411182599999961, -23.846221299999968 ], [ -45.41113329999996, -23.846180299999958 ], [ -45.411055099999942, -23.846169299999929 ], [ -45.410936399999969, -23.846149199999957 ], [ -45.410817899999984, -23.846136399999978 ], [ -45.410716599999944, -23.846175 ], [ -45.410631699999954, -23.846220699999947 ], [ -45.410587, -23.84626819999994 ], [ -45.410558099999946, -23.84630059999995 ], [ -45.41049049999998, -23.846279599999946 ], [ -45.41044919999996, -23.846236 ], [ -45.410373899999968, -23.846237299999927 ], [ -45.410320599999977, -23.846257799999933 ], [ -45.410272599999985, -23.846270899999979 ], [ -45.410210099999972, -23.84624 ], [ -45.410113199999955, -23.846229299999948 ], [ -45.410070699999949, -23.846247199999937 ], [ -45.41002009999994, -23.84626529999997 ], [ -45.409968299999946, -23.846231699999976 ], [ -45.409910899999943, -23.846190899999954 ], [ -45.409837699999969, -23.84615759999997 ], [ -45.409793399999955, -23.846152099999983 ], [ -45.409757099999979, -23.84615679999996 ], [ -45.409707499999968, -23.846163299999944 ], [ -45.409633, -23.846198899999933 ], [ -45.409473499999933, -23.846112599999969 ], [ -45.409427099999959, -23.846069199999931 ], [ -45.409366, -23.846002599999963 ], [ -45.40929639999996, -23.845938699999977 ], [ -45.409246699999983, -23.845869299999947 ], [ -45.409179799999947, -23.845797499999946 ], [ -45.409121599999935, -23.845730699999933 ], [ -45.409077799999977, -23.845676799999978 ], [ -45.409022299999947, -23.845602199999973 ], [ -45.40897549999994, -23.845532699999978 ], [ -45.408925799999963, -23.845463299999949 ], [ -45.408893299999932, -23.845403899999951 ], [ -45.408861, -23.845352399999967 ], [ -45.408828799999981, -23.845303499999943 ], [ -45.408788, -23.845249599999931 ], [ -45.408749899999975, -23.845193 ], [ -45.408717599999932, -23.845138899999938 ], [ -45.408691, -23.845087299999932 ], [ -45.408652899999936, -23.845030699999938 ], [ -45.40862379999993, -23.844997399999954 ], [ -45.408597199999974, -23.844943299999954 ], [ -45.408553199999972, -23.844871199999943 ], [ -45.408526499999937, -23.844817 ], [ -45.408483499999932, -23.84476079999996 ], [ -45.40844919999995, -23.84471179999997 ], [ -45.408393299999943, -23.844630599999959 ], [ -45.408367399999975, -23.844585299999949 ], [ -45.408328599999948, -23.844517199999927 ], [ -45.408304299999941, -23.844450799999947 ], [ -45.408322299999952, -23.844416199999955 ], [ -45.408398899999952, -23.844391899999948 ], [ -45.408453599999973, -23.844310699999937 ], [ -45.408448599999986, -23.844268799999952 ], [ -45.408404, -23.844229399999961 ], [ -45.408359099999984, -23.844180499999936 ], [ -45.40825069999994, -23.844153499999948 ], [ -45.405715399999963, -23.84601269999996 ], [ -45.405856, -23.846198299999969 ], [ -45.40604639999998, -23.846422699999948 ], [ -45.406735, -23.846976 ], [ -45.406956099999945, -23.847172099999966 ], [ -45.406908, -23.847247 ], [ -45.406879, -23.847292 ], [ -45.406827, -23.847332 ], [ -45.406751, -23.847381 ], [ -45.406708, -23.847424 ], [ -45.406626, -23.847527 ], [ -45.406555, -23.84763 ], [ -45.406451, -23.847739 ], [ -45.406372, -23.847841 ], [ -45.406347, -23.847898 ], [ -45.406349, -23.847944 ], [ -45.40637, -23.847985 ], [ -45.406377, -23.848019 ], [ -45.406372, -23.848065 ], [ -45.406333, -23.848094 ], [ -45.406269, -23.848114 ], [ -45.406213, -23.848149 ], [ -45.40616, -23.848179 ], [ -45.40612, -23.848235 ], [ -45.40605, -23.848289 ], [ -45.406, -23.848352 ], [ -45.405997, -23.848385 ], [ -45.405984, -23.848405 ], [ -45.405951, -23.848424 ], [ -45.405922, -23.848411 ], [ -45.405881, -23.848363 ], [ -45.405811, -23.848314 ], [ -45.405723, -23.848304 ], [ -45.405603, -23.848326 ], [ -45.405485, -23.848325 ], [ -45.405387, -23.848305 ], [ -45.405296, -23.8483 ], [ -45.405247, -23.848303 ], [ -45.405152, -23.848344 ], [ -45.405086, -23.848383 ], [ -45.405003, -23.848378 ], [ -45.404926, -23.848369 ], [ -45.404875, -23.84842 ], [ -45.404844, -23.84844 ], [ -45.404803, -23.848456 ], [ -45.404758, -23.848475 ], [ -45.404685, -23.848517 ], [ -45.404675, -23.848535 ], [ -45.404679, -23.848559 ], [ -45.404684, -23.848596 ], [ -45.404685, -23.848651 ], [ -45.404679, -23.848712 ], [ -45.404659, -23.848764 ], [ -45.404622, -23.848808 ], [ -45.404594, -23.848814 ], [ -45.404325, -23.849047 ], [ -45.404249, -23.84914 ], [ -45.404094, -23.849279 ], [ -45.4039, -23.849366 ], [ -45.403767, -23.849468 ], [ -45.403667, -23.849534 ], [ -45.40355, -23.849558 ], [ -45.403454, -23.849657 ], [ -45.403315, -23.849803 ], [ -45.403175, -23.84989 ], [ -45.402819, -23.850154 ], [ -45.402619, -23.850342 ], [ -45.402465, -23.850491 ], [ -45.402341, -23.850681 ], [ -45.402096, -23.85085 ], [ -45.401878, -23.850979 ], [ -45.401699, -23.851081 ], [ -45.401457, -23.851122 ], [ -45.401203, -23.851171 ], [ -45.400897, -23.851345 ], [ -45.400599, -23.851566 ], [ -45.400173, -23.851839 ], [ -45.399805, -23.85212 ], [ -45.400047, -23.852657 ], [ -45.400256, -23.852822 ], [ -45.400798299999963, -23.852954699999941 ], [ -45.40082, -23.85296 ], [ -45.400889199999938, -23.852962499999933 ], [ -45.401317, -23.852978 ], [ -45.401668, -23.852949 ], [ -45.401984, -23.852793 ], [ -45.40251, -23.852779 ], [ -45.402983, -23.852868 ], [ -45.403575, -23.853339 ], [ -45.403933, -23.853634 ], [ -45.403928699999938, -23.853837699999929 ], [ -45.403927899999985, -23.853878799999961 ], [ -45.403927, -23.853919499999961 ], [ -45.403926, -23.853968 ], [ -45.40374, -23.854565 ], [ -45.403621, -23.854921 ], [ -45.403611, -23.855463 ], [ -45.403755099999955, -23.855865199999982 ], [ -45.404729299999985, -23.855490499999974 ] ] ] } },
{ "type": "Feature", "properties": { "id": "3520400013", "cd_bairro": "3520400013", "bairro": "Fome", "cd_mun": "3520400", "municipio": "Ilhabela", "cd_dist": "352040005", "distrito": "Ilhabela" }, "geometry": { "type": "Polygon", "coordinates": [ [ [ -45.255909499999973, -23.74979159999998 ], [ -45.258843599999977, -23.750552499999969 ], [ -45.259222, -23.750268 ], [ -45.259878, -23.749979 ], [ -45.260362, -23.749537 ], [ -45.260615, -23.74878 ], [ -45.261039, -23.748211 ], [ -45.262101, -23.747583 ], [ -45.263131, -23.747347 ], [ -45.264098, -23.747157 ], [ -45.264669, -23.74674 ], [ -45.265607, -23.74611 ], [ -45.266489, -23.745733 ], [ -45.267509, -23.745393 ], [ -45.267972, -23.745378 ], [ -45.26872, -23.745449 ], [ -45.269269, -23.745505 ], [ -45.26913, -23.744949 ], [ -45.269141, -23.744406 ], [ -45.269273, -23.744039 ], [ -45.269931, -23.743647 ], [ -45.270309, -23.743527 ], [ -45.270819, -23.743663 ], [ -45.271133, -23.743487 ], [ -45.271337, -23.743383 ], [ -45.271192, -23.742492 ], [ -45.271033899999964, -23.741814599999941 ], [ -45.270967399999961, -23.74141579999997 ], [ -45.270692099999962, -23.740770299999951 ], [ -45.27061139999995, -23.740518699999939 ], [ -45.27061, -23.74046379999993 ], [ -45.270536199999981, -23.740495299999964 ], [ -45.27040379999994, -23.740468399999941 ], [ -45.270212199999946, -23.740446499999962 ], [ -45.270023699999967, -23.74035809999998 ], [ -45.269839399999967, -23.740265399999942 ], [ -45.269682899999964, -23.740197199999955 ], [ -45.269472699999938, -23.740167199999973 ], [ -45.269317199999932, -23.740140499999939 ], [ -45.269101899999953, -23.740089699999942 ], [ -45.269022499999949, -23.739995 ], [ -45.268816699999945, -23.739931599999977 ], [ -45.26866949999993, -23.739846299999954 ], [ -45.268559, -23.73978139999997 ], [ -45.268407899999943, -23.739733699999931 ], [ -45.268237599999964, -23.739661299999966 ], [ -45.268090699999959, -23.73961769999994 ], [ -45.267861899999957, -23.73965039999996 ], [ -45.267653099999961, -23.73970369999995 ], [ -45.267622599999982, -23.739775099999974 ], [ -45.267710699999952, -23.739848699999982 ], [ -45.267803, -23.73990989999993 ], [ -45.267859299999941, -23.739988199999971 ], [ -45.267811799999947, -23.740122399999962 ], [ -45.267759199999944, -23.740231599999959 ], [ -45.267807399999981, -23.74036 ], [ -45.267860399999961, -23.740492399999937 ], [ -45.267940499999952, -23.740607599999976 ], [ -45.268019099999947, -23.740652 ], [ -45.268003499999963, -23.740785499999959 ], [ -45.267983899999933, -23.740939699999956 ], [ -45.267904499999986, -23.74108259999997 ], [ -45.267782599999975, -23.74116829999997 ], [ -45.267698099999961, -23.741273699999965 ], [ -45.267631, -23.741341499999976 ], [ -45.267591299999935, -23.741485799999964 ], [ -45.267516699999931, -23.741632799999934 ], [ -45.267523399999959, -23.741745 ], [ -45.267527099999938, -23.741932299999974 ], [ -45.267597, -23.742005899999981 ], [ -45.267612499999984, -23.742101399999967 ], [ -45.267595899999947, -23.742189 ], [ -45.267584699999929, -23.74231409999993 ], [ -45.26755959999997, -23.742431 ], [ -45.267558, -23.74258489999994 ], [ -45.26761579999993, -23.742741799999976 ], [ -45.267662899999948, -23.742821099999958 ], [ -45.267786299999955, -23.742904199999941 ], [ -45.267758299999969, -23.74296389999995 ], [ -45.267726499999981, -23.742998399999976 ], [ -45.267666, -23.743051299999934 ], [ -45.267597499999965, -23.743117599999948 ], [ -45.267554299999972, -23.743146499999966 ], [ -45.267487099999983, -23.743199499999946 ], [ -45.267405099999962, -23.743243899999982 ], [ -45.267340699999977, -23.743274699999972 ], [ -45.267255599999942, -23.743328 ], [ -45.267179599999963, -23.743353099999979 ], [ -45.267106899999931, -23.743385599999954 ], [ -45.267042699999934, -23.743420699999945 ], [ -45.266948499999955, -23.743434699999966 ], [ -45.266848299999936, -23.743449599999963 ], [ -45.266757699999971, -23.743464399999937 ], [ -45.266671599999938, -23.743459799999982 ], [ -45.266577799999936, -23.743474599999956 ], [ -45.266464199999973, -23.743473399999971 ], [ -45.266369899999972, -23.743508899999938 ], [ -45.26630149999994, -23.743501299999934 ], [ -45.26623189999998, -23.743494899999973 ], [ -45.266138299999966, -23.743491799999958 ], [ -45.266057099999955, -23.743464899999935 ], [ -45.265955099999985, -23.743441299999972 ], [ -45.265899799999943, -23.743415499999969 ], [ -45.265860799999984, -23.743382399999973 ], [ -45.265884399999948, -23.743295099999955 ], [ -45.265903299999934, -23.743209 ], [ -45.265930199999957, -23.743118199999969 ], [ -45.265949299999932, -23.743039199999942 ], [ -45.265933, -23.742963599999939 ], [ -45.265905499999974, -23.742894099999944 ], [ -45.265888, -23.742834799999969 ], [ -45.26592409999995, -23.742782 ], [ -45.265963099999965, -23.742708199999981 ], [ -45.265895599999965, -23.742661599999963 ], [ -45.265801, -23.742639399999973 ], [ -45.265703299999984, -23.742617299999949 ], [ -45.265633499999979, -23.742599299999938 ], [ -45.265507099999979, -23.742569099999969 ], [ -45.265413299999977, -23.742541199999948 ], [ -45.26530159999993, -23.742490699999962 ], [ -45.265261399999986, -23.742424599999936 ], [ -45.265220799999952, -23.742336199999954 ], [ -45.265176899999972, -23.742246299999977 ], [ -45.265109299999949, -23.742177699999957 ], [ -45.265050099999939, -23.742128199999968 ], [ -45.264968799999963, -23.742063599999938 ], [ -45.264927, -23.741997399999946 ], [ -45.264813799999956, -23.741927899999951 ], [ -45.264739799999973, -23.74188 ], [ -45.264629199999945, -23.741853599999956 ], [ -45.264556199999959, -23.741808799999944 ], [ -45.264463299999932, -23.741773699999953 ], [ -45.26437569999996, -23.741707299999973 ], [ -45.264229899999975, -23.741669899999977 ], [ -45.264079299999935, -23.741689099999974 ], [ -45.263928, -23.741688499999952 ], [ -45.263798, -23.741676299999938 ], [ -45.263657599999931, -23.741681799999981 ], [ -45.263524199999949, -23.741652699999975 ], [ -45.263380799999936, -23.741595599999982 ], [ -45.263273899999945, -23.741523599999937 ], [ -45.263178599999947, -23.741544899999951 ], [ -45.26308309999996, -23.741560499999935 ], [ -45.263006799999971, -23.741615299999978 ], [ -45.262943899999982, -23.741703899999948 ], [ -45.262883599999952, -23.741767099999947 ], [ -45.26283, -23.741849799999954 ], [ -45.262813699999981, -23.741940399999976 ], [ -45.262831499999947, -23.742053 ], [ -45.262842699999965, -23.742148799999939 ], [ -45.262772799999937, -23.742200699999955 ], [ -45.262768599999958, -23.742274 ], [ -45.262749399999961, -23.742367199999933 ], [ -45.262777099999937, -23.742476299999964 ], [ -45.262735299999974, -23.742533299999934 ], [ -45.262646599999982, -23.742591199999936 ], [ -45.262576, -23.742640499999936 ], [ -45.262505199999964, -23.742681399999981 ], [ -45.262396499999966, -23.742838499999948 ], [ -45.262325, -23.742806 ], [ -45.262230599999953, -23.74287529999998 ], [ -45.262133399999982, -23.74295589999997 ], [ -45.262088399999982, -23.743021499999941 ], [ -45.262099699999965, -23.743128399999932 ], [ -45.262064799999962, -23.743238899999938 ], [ -45.262014099999931, -23.743332899999928 ], [ -45.261996499999952, -23.743506899999943 ], [ -45.261971499999959, -23.743577399999936 ], [ -45.262010399999951, -23.743671399999982 ], [ -45.262036799999976, -23.743761799999959 ], [ -45.26195249999995, -23.743895699999939 ], [ -45.261967199999958, -23.744020399999954 ], [ -45.261969399999941, -23.744137699999953 ], [ -45.261996499999952, -23.744262099999958 ], [ -45.261961399999961, -23.744376399999965 ], [ -45.261950399999932, -23.744448499999976 ], [ -45.261988799999983, -23.744519599999933 ], [ -45.26189839999995, -23.744544299999973 ], [ -45.26179609999997, -23.74460339999996 ], [ -45.261830299999986, -23.744659499999955 ], [ -45.261909499999945, -23.744695599999943 ], [ -45.261956, -23.744755099999963 ], [ -45.261951699999941, -23.744817099999977 ], [ -45.261907599999972, -23.744886 ], [ -45.261905399999932, -23.745010899999954 ], [ -45.261824399999966, -23.745099299999936 ], [ -45.261751299999958, -23.745183599999962 ], [ -45.261627899999951, -23.745212 ], [ -45.261467, -23.745233399999961 ], [ -45.261338, -23.745186299999943 ], [ -45.261177, -23.745200199999942 ], [ -45.261021199999959, -23.745274599999959 ], [ -45.260926499999982, -23.745298799999944 ], [ -45.260840299999984, -23.745338 ], [ -45.260750199999961, -23.745384799999954 ], [ -45.260685, -23.745435 ], [ -45.260669399999983, -23.745488299999977 ], [ -45.260659, -23.745590499999935 ], [ -45.260606199999984, -23.745644199999958 ], [ -45.260612299999934, -23.745742099999973 ], [ -45.260589699999969, -23.745851799999969 ], [ -45.260496799999942, -23.745962799999973 ], [ -45.260426099999961, -23.746040299999947 ], [ -45.260357399999975, -23.746124599999973 ], [ -45.260280099999932, -23.746182599999941 ], [ -45.260161699999969, -23.746256399999936 ], [ -45.260072399999956, -23.746344699999952 ], [ -45.259979, -23.746436899999935 ], [ -45.259882, -23.746555499999943 ], [ -45.259771099999966, -23.746587799999929 ], [ -45.259643899999958, -23.746643099999972 ], [ -45.259558099999936, -23.746701499999972 ], [ -45.259464099999946, -23.746759699999927 ], [ -45.25937829999998, -23.74681789999994 ], [ -45.25930059999996, -23.746868599999971 ], [ -45.259236499999986, -23.746983199999931 ], [ -45.259221199999956, -23.747051499999941 ], [ -45.259187, -23.747203 ], [ -45.259211, -23.747274899999979 ], [ -45.259236199999975, -23.74733509999993 ], [ -45.259252499999945, -23.747400899999946 ], [ -45.259277599999962, -23.747461 ], [ -45.259287899999947, -23.747526799999946 ], [ -45.259295099999974, -23.747595399999966 ], [ -45.259293399999933, -23.747664099999952 ], [ -45.259268399999939, -23.747777099999951 ], [ -45.259206899999981, -23.747863299999949 ], [ -45.259145199999978, -23.747938599999941 ], [ -45.259041099999934, -23.748001299999942 ], [ -45.258935199999939, -23.747981699999968 ], [ -45.258829299999945, -23.747967299999971 ], [ -45.258727199999953, -23.747985599999936 ], [ -45.258617799999968, -23.748086399999977 ], [ -45.258546399999943, -23.748148399999934 ], [ -45.258452399999953, -23.748231099999941 ], [ -45.258381199999974, -23.748290299999951 ], [ -45.258446499999934, -23.748393599999929 ], [ -45.258433099999934, -23.748484299999973 ], [ -45.258386799999982, -23.74857819999994 ], [ -45.258333899999968, -23.748644799999965 ], [ -45.258317199999965, -23.748713299999963 ], [ -45.258258099999978, -23.748763499999939 ], [ -45.258174199999985, -23.74877609999993 ], [ -45.258072599999934, -23.748805 ], [ -45.257988499999954, -23.748811799999942 ], [ -45.257883899999968, -23.748838099999944 ], [ -45.257766, -23.748812799999939 ], [ -45.257707499999981, -23.748759199999938 ], [ -45.257660699999974, -23.748694399999977 ], [ -45.257615199999975, -23.748681499999975 ], [ -45.257542899999976, -23.748682699999961 ], [ -45.257467599999984, -23.748683899999946 ], [ -45.257334299999968, -23.74864759999997 ], [ -45.257285099999933, -23.748612799999933 ], [ -45.25718889999996, -23.748614199999963 ], [ -45.257109199999945, -23.748670199999935 ], [ -45.257015599999932, -23.748671899999977 ], [ -45.256906399999934, -23.748660099999938 ], [ -45.256809099999941, -23.748639799999978 ], [ -45.256725299999971, -23.748657499999979 ], [ -45.256644899999969, -23.748708499999964 ], [ -45.256553399999973, -23.748803699999939 ], [ -45.256485699999985, -23.748890099999983 ], [ -45.256418099999962, -23.748979399999939 ], [ -45.256427, -23.749128 ], [ -45.256238099999962, -23.749337699999955 ], [ -45.256152, -23.749416399999973 ], [ -45.256074599999977, -23.749479299999962 ], [ -45.256027499999959, -23.749538 ], [ -45.255972199999974, -23.749646399999961 ], [ -45.255923, -23.749754699999983 ], [ -45.255909499999973, -23.74979159999998 ] ] ] } },
{ "type": "Feature", "properties": { "id": "3520400011", "cd_bairro": "3520400011", "bairro": "Furnas", "cd_mun": "3520400", "municipio": "Ilhabela", "cd_dist": "352040005", "distrito": "Ilhabela" }, "geometry": { "type": "Polygon", "coordinates": [ [ [ -45.293228299999953, -23.733165799999938 ], [ -45.293465, -23.733519 ], [ -45.293824, -23.733991 ], [ -45.293963, -23.734086 ], [ -45.293978, -23.734137 ], [ -45.294007, -23.734164 ], [ -45.294038, -23.734184 ], [ -45.294084, -23.734211 ], [ -45.294122, -23.734252 ], [ -45.29415, -23.734324 ], [ -45.294204, -23.734396 ], [ -45.2944, -23.73462029999996 ], [ -45.294425, -23.734649 ], [ -45.294451, -23.734681299999977 ], [ -45.294574, -23.734834 ], [ -45.294979, -23.735243 ], [ -45.29531, -23.735491 ], [ -45.295701, -23.735328 ], [ -45.296258, -23.735614 ], [ -45.296963, -23.736008 ], [ -45.297554, -23.736445 ], [ -45.298327, -23.736585 ], [ -45.299162, -23.736681 ], [ -45.29952, -23.736929 ], [ -45.299778, -23.737153 ], [ -45.300224, -23.737357 ], [ -45.300428, -23.737199 ], [ -45.300744, -23.736997 ], [ -45.301319, -23.73703 ], [ -45.30192, -23.736983 ], [ -45.301868, -23.736405 ], [ -45.301873, -23.736186 ], [ -45.302569, -23.735101 ], [ -45.302701199999944, -23.735114299999964 ], [ -45.302735, -23.735118199999931 ], [ -45.302768199999946, -23.735120499999937 ], [ -45.303006, -23.735144 ], [ -45.303926, -23.735249 ], [ -45.303977799999984, -23.735252299999956 ], [ -45.304034899999976, -23.735256199999981 ], [ -45.304434, -23.735285 ], [ -45.303853, -23.734502 ], [ -45.303586, -23.733995 ], [ -45.303281, -23.733418 ], [ -45.303075, -23.732807 ], [ -45.30313, -23.732055 ], [ -45.303067599999963, -23.731618699999956 ], [ -45.302873299999931, -23.731675899999971 ], [ -45.302674099999933, -23.731712399999935 ], [ -45.302505099999962, -23.731677599999955 ], [ -45.302394899999967, -23.731629199999929 ], [ -45.302284699999973, -23.731580899999983 ], [ -45.302148399999965, -23.731583099999966 ], [ -45.30198919999998, -23.731577299999969 ], [ -45.30185739999996, -23.73157939999993 ], [ -45.301711699999942, -23.731573399999945 ], [ -45.301574799999969, -23.731554599999981 ], [ -45.301415299999974, -23.73154459999995 ], [ -45.301329, -23.731565099999955 ], [ -45.301197399999978, -23.731579699999941 ], [ -45.30108359999997, -23.731569 ], [ -45.300938199999962, -23.73157539999994 ], [ -45.300802399999952, -23.731610799999942 ], [ -45.300652499999956, -23.73162149999996 ], [ -45.300552, -23.731598099999928 ], [ -45.300366399999973, -23.731650899999977 ], [ -45.300285199999962, -23.73169379999996 ], [ -45.300163899999973, -23.731779 ], [ -45.300111899999933, -23.731909 ], [ -45.300114299999962, -23.732029799999964 ], [ -45.300125899999955, -23.732158599999934 ], [ -45.300137399999983, -23.732275 ], [ -45.300075499999934, -23.732375899999965 ], [ -45.299972599999933, -23.732469199999969 ], [ -45.299887399999932, -23.732541399999945 ], [ -45.299743199999966, -23.732627099999945 ], [ -45.299575399999981, -23.732675799999981 ], [ -45.29942479999994, -23.732686799999954 ], [ -45.299316599999941, -23.732755299999951 ], [ -45.299272499999972, -23.732826899999964 ], [ -45.29920119999997, -23.732907199999943 ], [ -45.299258499999951, -23.733035299999983 ], [ -45.299284, -23.733172399999944 ], [ -45.299277399999937, -23.733301599999947 ], [ -45.299343699999952, -23.733429599999965 ], [ -45.299355399999968, -23.733562699999936 ], [ -45.299295799999982, -23.733695 ], [ -45.299238699999933, -23.73380839999993 ], [ -45.299217899999974, -23.73391289999995 ], [ -45.299261299999955, -23.734032899999931 ], [ -45.299276299999974, -23.734099199999946 ], [ -45.299182199999962, -23.734175599999958 ], [ -45.299060099999963, -23.73421929999995 ], [ -45.298896599999978, -23.734242799999947 ], [ -45.29883, -23.734110899999962 ], [ -45.298834399999976, -23.734102499999949 ], [ -45.298782099999983, -23.734003499999972 ], [ -45.298640599999942, -23.733993299999952 ], [ -45.298517799999956, -23.733999399999959 ], [ -45.298448499999949, -23.734158599999944 ], [ -45.298502499999984, -23.734340699999962 ], [ -45.29844049999997, -23.73441639999993 ], [ -45.298313199999939, -23.734414199999947 ], [ -45.298130799999967, -23.734392 ], [ -45.297997699999939, -23.734335899999962 ], [ -45.297849699999972, -23.734226 ], [ -45.297766199999955, -23.734156599999949 ], [ -45.297709399999974, -23.734066 ], [ -45.297711899999967, -23.733982799999978 ], [ -45.297669199999973, -23.733908499999927 ], [ -45.297537399999953, -23.733910499999979 ], [ -45.297412599999973, -23.734003899999948 ], [ -45.297384799999975, -23.734141299999976 ], [ -45.297330699999975, -23.734307899999976 ], [ -45.297249199999953, -23.734304899999927 ], [ -45.297085, -23.734244899999965 ], [ -45.296991, -23.734101099999975 ], [ -45.296928699999967, -23.733960799999977 ], [ -45.296894299999963, -23.733849199999952 ], [ -45.296777499999962, -23.733705399999963 ], [ -45.296622199999945, -23.733662 ], [ -45.296443899999986, -23.733610599999963 ], [ -45.29618819999996, -23.73354379999995 ], [ -45.296015499999953, -23.733513099999982 ], [ -45.295787899999937, -23.73349589999998 ], [ -45.295623399999954, -23.733481899999958 ], [ -45.295505099999957, -23.73341309999995 ], [ -45.295399299999985, -23.733364799999947 ], [ -45.295263199999965, -23.733379399999933 ], [ -45.295074199999931, -23.733461299999931 ], [ -45.294934499999954, -23.733509199999958 ], [ -45.294780399999979, -23.733524 ], [ -45.294647399999974, -23.73347629999995 ], [ -45.29454149999998, -23.733423899999934 ], [ -45.294461699999943, -23.733325399999956 ], [ -45.294359099999951, -23.733227099999965 ], [ -45.294285099999968, -23.73316989999995 ], [ -45.294192799999962, -23.733108899999934 ], [ -45.294082299999957, -23.733044 ], [ -45.293954299999939, -23.733012599999938 ], [ -45.293813799999953, -23.733027399999969 ], [ -45.293673199999944, -23.733054599999946 ], [ -45.293504899999959, -23.733078099999943 ], [ -45.293341799999951, -23.733134799999959 ], [ -45.293228299999953, -23.733165799999938 ] ] ] } },
{ "type": "Feature", "properties": { "id": "3520400006", "cd_bairro": "3520400006", "bairro": "Garapocaia", "cd_mun": "3520400", "municipio": "Ilhabela", "cd_dist": "352040005", "distrito": "Ilhabela" }, "geometry": { "type": "Polygon", "coordinates": [ [ [ -45.33891, -23.745669 ], [ -45.339286, -23.746299 ], [ -45.339134199999933, -23.746488299999953 ], [ -45.339071099999956, -23.746567 ], [ -45.338966, -23.746698 ], [ -45.338752, -23.747398 ], [ -45.338591, -23.747984 ], [ -45.338648, -23.74802 ], [ -45.338956, -23.747762 ], [ -45.33944, -23.747539 ], [ -45.339913, -23.747433 ], [ -45.340875, -23.747543 ], [ -45.341163, -23.747645 ], [ -45.342511, -23.747696 ], [ -45.34311, -23.74767 ], [ -45.343559, -23.74769 ], [ -45.343922, -23.747792 ], [ -45.344537, -23.74817 ], [ -45.345225, -23.748271 ], [ -45.345786, -23.748325 ], [ -45.346343399999967, -23.748377299999959 ], [ -45.346661599999948, -23.74844429999996 ], [ -45.347038299999952, -23.748523899999952 ], [ -45.347331299999951, -23.748584299999948 ], [ -45.347351699999933, -23.748584899999969 ], [ -45.347370299999966, -23.748585499999933 ], [ -45.347387, -23.748587899999961 ], [ -45.347422299999948, -23.74859 ], [ -45.34743119999996, -23.748590599999943 ], [ -45.347919299999944, -23.74853429999996 ], [ -45.347885, -23.74839929999996 ], [ -45.347828199999981, -23.74822 ], [ -45.34780429999995, -23.748040399999979 ], [ -45.347800699999937, -23.747833299999968 ], [ -45.347830899999963, -23.747701499999948 ], [ -45.347865099999979, -23.747562099999982 ], [ -45.347915299999954, -23.74740369999995 ], [ -45.347948799999983, -23.747234399999968 ], [ -45.348007299999949, -23.747083399999951 ], [ -45.348045699999943, -23.746951499999966 ], [ -45.348088599999983, -23.746842099999981 ], [ -45.348210799999947, -23.74686719999994 ], [ -45.348349299999938, -23.74683129999994 ], [ -45.348516699999948, -23.74680989999996 ], [ -45.348633199999938, -23.746688 ], [ -45.348742, -23.74659239999994 ], [ -45.348789199999942, -23.746490299999948 ], [ -45.34887249999997, -23.746346399999936 ], [ -45.34892739999998, -23.746214099999975 ], [ -45.34900609999994, -23.746043899999961 ], [ -45.349031299999979, -23.74585959999996 ], [ -45.348916, -23.745822 ], [ -45.348463, -23.745952 ], [ -45.348448, -23.745951699999978 ], [ -45.348413299999947, -23.745951199999979 ], [ -45.348396, -23.74583089999993 ], [ -45.348296499999947, -23.745887 ], [ -45.348236899999961, -23.745877499999949 ], [ -45.348165399999971, -23.745867899999951 ], [ -45.348083899999949, -23.745961499999964 ], [ -45.347972499999969, -23.746049 ], [ -45.347884299999976, -23.746089499999982 ], [ -45.347836699999959, -23.746072799999979 ], [ -45.347808099999952, -23.746018 ], [ -45.347767599999941, -23.745951299999945 ], [ -45.347697899999957, -23.745908399999962 ], [ -45.34763, -23.745886399999961 ], [ -45.347554299999956, -23.745866799999931 ], [ -45.347464399999978, -23.745866799999931 ], [ -45.347279199999946, -23.745868499999972 ], [ -45.347182699999962, -23.745857799999953 ], [ -45.346844399999952, -23.745741099999975 ], [ -45.346697799999959, -23.745703 ], [ -45.346635499999934, -23.745682699999975 ], [ -45.345753, -23.74539649999997 ], [ -45.345531699999981, -23.745338899999979 ], [ -45.345163599999978, -23.745104799999979 ], [ -45.344572899999946, -23.744921 ], [ -45.343967599999985, -23.744867099999965 ], [ -45.34303129999995, -23.745023899999978 ], [ -45.34224219999993, -23.745337599999971 ], [ -45.341521599999965, -23.745705299999941 ], [ -45.340614799999969, -23.745764099999974 ], [ -45.339864899999952, -23.74575429999993 ], [ -45.33891, -23.745669 ] ] ] } },
{ "type": "Feature", "properties": { "id": "3520400045", "cd_bairro": "3520400045", "bairro": "Guanxumas", "cd_mun": "3520400", "municipio": "Ilhabela", "cd_dist": "352040015", "distrito": "Paranabi" }, "geometry": { "type": "Polygon", "coordinates": [ [ [ -45.247963699999957, -23.825855899999965 ], [ -45.247907199999986, -23.825937799999963 ], [ -45.247654099999977, -23.825976599999933 ], [ -45.247475699999939, -23.825953699999957 ], [ -45.247346499999935, -23.826062499999978 ], [ -45.24712349999993, -23.826094199999943 ], [ -45.24689989999996, -23.826085099999943 ], [ -45.246751499999959, -23.826059199999975 ], [ -45.246524, -23.826040699999965 ], [ -45.246326799999963, -23.826012399999968 ], [ -45.246150099999966, -23.825986899999975 ], [ -45.245937899999944, -23.825939799999958 ], [ -45.245741299999963, -23.825981299999967 ], [ -45.245604599999979, -23.826021299999979 ], [ -45.245431699999983, -23.826105899999959 ], [ -45.24538229999996, -23.82627679999996 ], [ -45.245215, -23.826383199999952 ], [ -45.24507159999996, -23.826470399999948 ], [ -45.244974499999955, -23.826626399999952 ], [ -45.244909499999949, -23.826785 ], [ -45.244975299999965, -23.826919199999963 ], [ -45.244920099999945, -23.827055099999939 ], [ -45.244792799999971, -23.827088699999933 ], [ -45.244641, -23.827116499999931 ], [ -45.244491599999947, -23.827116 ], [ -45.244358499999976, -23.827187399999957 ], [ -45.244179199999962, -23.827237799999978 ], [ -45.244006499999955, -23.827284899999938 ], [ -45.243923499999937, -23.827347299999929 ], [ -45.243758, -23.827387599999952 ], [ -45.243729799999983, -23.827523799999938 ], [ -45.243664699999954, -23.827707699999962 ], [ -45.243626699999936, -23.82786909999993 ], [ -45.24353659999997, -23.827864299999931 ], [ -45.243450399999972, -23.827887799999928 ], [ -45.243418799999972, -23.828036499999939 ], [ -45.24349049999995, -23.828158299999927 ], [ -45.243493899999976, -23.828158199999962 ], [ -45.243624299999965, -23.828272499999969 ], [ -45.243660399999953, -23.82834749999995 ], [ -45.24363059999996, -23.828417299999956 ], [ -45.243505399999947, -23.828384899999946 ], [ -45.243386899999962, -23.828355599999952 ], [ -45.243318099999954, -23.828388399999938 ], [ -45.243299499999978, -23.828508699999929 ], [ -45.243319199999974, -23.828637699999945 ], [ -45.243383299999948, -23.828728199999944 ], [ -45.243426099999965, -23.828800099999967 ], [ -45.243482899999947, -23.828871799999945 ], [ -45.243539599999963, -23.828946599999938 ], [ -45.24360669999993, -23.829021099999977 ], [ -45.243653199999983, -23.829105499999969 ], [ -45.243738299999961, -23.829220699999951 ], [ -45.243802199999948, -23.829301499999929 ], [ -45.243861899999956, -23.829338099999973 ], [ -45.243877399999974, -23.829432399999973 ], [ -45.243938, -23.829532 ], [ -45.243957299999977, -23.829641899999956 ], [ -45.243999699999961, -23.82977939999995 ], [ -45.244046599999933, -23.829869899999949 ], [ -45.244121199999938, -23.829962899999941 ], [ -45.244147399999974, -23.830072599999937 ], [ -45.244197899999961, -23.830181799999934 ], [ -45.244252, -23.830297099999939 ], [ -45.244271, -23.830394299999966 ], [ -45.244235, -23.830521099999942 ], [ -45.244254799999965, -23.830633599999942 ], [ -45.244113199999958, -23.830699 ], [ -45.244101499999942, -23.830809299999942 ], [ -45.244175299999938, -23.830896199999927 ], [ -45.244276, -23.830948099999944 ], [ -45.244422899999961, -23.831084099999941 ], [ -45.244502899999929, -23.831139299999961 ], [ -45.244597599999963, -23.831244499999968 ], [ -45.244705599999975, -23.831333699999959 ], [ -45.244772099999977, -23.831411099999968 ], [ -45.244774499999949, -23.831537 ], [ -45.244714399999964, -23.831622699999969 ], [ -45.244654399999945, -23.831724099999974 ], [ -45.244528099999968, -23.831769799999961 ], [ -45.244453199999953, -23.831805499999973 ], [ -45.244340399999942, -23.831835599999977 ], [ -45.244210099999975, -23.831847 ], [ -45.244051399999933, -23.831805399999951 ], [ -45.243903599999953, -23.831792 ], [ -45.243748399999959, -23.831756699999971 ], [ -45.243604799999957, -23.831680799999958 ], [ -45.243433299999936, -23.831542099999979 ], [ -45.243284899999935, -23.831497299999967 ], [ -45.243149699999947, -23.831427099999928 ], [ -45.242969799999969, -23.83135139999996 ], [ -45.242820799999947, -23.831281399999966 ], [ -45.242664699999978, -23.83120839999998 ], [ -45.242511399999955, -23.831125699999973 ], [ -45.242355799999984, -23.831041199999959 ], [ -45.242189899999971, -23.830983899999978 ], [ -45.242058099999952, -23.830919899999969 ], [ -45.241916, -23.830849799999953 ], [ -45.241704899999945, -23.830758799999955 ], [ -45.241553899999985, -23.830663099999981 ], [ -45.241454099999942, -23.830645799999957 ], [ -45.241394499999956, -23.830593299999975 ], [ -45.241255299999978, -23.830516799999941 ], [ -45.241144599999984, -23.83047449999998 ], [ -45.241043899999966, -23.830422599999963 ], [ -45.241002799999933, -23.830309799999952 ], [ -45.24089239999995, -23.830182 ], [ -45.240752399999963, -23.830105199999934 ], [ -45.240586699999938, -23.830057499999953 ], [ -45.240499399999976, -23.830020799999943 ], [ -45.240344099999959, -23.829998099999955 ], [ -45.240210399999967, -23.830134499999929 ], [ -45.240105599999936, -23.830251899999951 ], [ -45.239747299999976, -23.830219899999975 ], [ -45.239522699999952, -23.830156199999976 ], [ -45.239484899999979, -23.830008799999973 ], [ -45.239383699999962, -23.829953499999931 ], [ -45.239215199999933, -23.829994099999965 ], [ -45.239052699999945, -23.829990299999963 ], [ -45.238918199999944, -23.830005 ], [ -45.238781299999971, -23.830063899999971 ], [ -45.238706, -23.830213199999946 ], [ -45.238589499999932, -23.83024329999995 ], [ -45.238477399999965, -23.830327 ], [ -45.238355799999965, -23.83033869999997 ], [ -45.238280399999951, -23.830390499999965 ], [ -45.238346499999977, -23.830537299999946 ], [ -45.238387599999953, -23.830662399999937 ], [ -45.238414099999943, -23.830749899999944 ], [ -45.23840359999997, -23.830881799999929 ], [ -45.238414899999952, -23.830973 ], [ -45.238351399999942, -23.831078099999957 ], [ -45.238294099999962, -23.831151599999941 ], [ -45.238197099999979, -23.831131199999959 ], [ -45.238127899999938, -23.831119699999931 ], [ -45.238056299999982, -23.831161799999961 ], [ -45.238034599999935, -23.831291399999941 ], [ -45.238012799999979, -23.831421 ], [ -45.237991199999954, -23.831553699999972 ], [ -45.237980299999947, -23.831711399999961 ], [ -45.237958899999967, -23.83186 ], [ -45.237972, -23.832012099999929 ], [ -45.237849199999971, -23.832099299999982 ], [ -45.237795299999959, -23.832182299999943 ], [ -45.237811299999976, -23.832298799999933 ], [ -45.237841499999945, -23.832440299999973 ], [ -45.237919799999986, -23.832558699999936 ], [ -45.237977099999966, -23.832653099999959 ], [ -45.238041, -23.832734 ], [ -45.238118399999962, -23.832798799999978 ], [ -45.238287, -23.832881599999951 ], [ -45.238375799999972, -23.833025199999952 ], [ -45.238442799999973, -23.833099799999957 ], [ -45.238534199999947, -23.833183399999939 ], [ -45.238657299999943, -23.833301199999937 ], [ -45.240111, -23.833458 ], [ -45.242229, -23.833916 ], [ -45.244124, -23.834109 ], [ -45.245795, -23.833901 ], [ -45.246964, -23.833284 ], [ -45.247464, -23.832361 ], [ -45.246737, -23.831286 ], [ -45.246791, -23.83026 ], [ -45.247291, -23.829337 ], [ -45.248571, -23.828618 ], [ -45.249907, -23.828154 ], [ -45.25044, -23.82844 ], [ -45.251011, -23.828035 ], [ -45.251562, -23.828045 ], [ -45.251861, -23.828096 ], [ -45.252724, -23.8281 ], [ -45.253074, -23.828118 ], [ -45.253974, -23.82818 ], [ -45.254313, -23.828093 ], [ -45.254516, -23.827982 ], [ -45.25446, -23.827646 ], [ -45.254462, -23.826907 ], [ -45.254128599999945, -23.826447299999927 ], [ -45.253327, -23.826833799999974 ], [ -45.252195499999971, -23.826721599999928 ], [ -45.251409899999942, -23.826459799999952 ], [ -45.250942399999985, -23.826141799999959 ], [ -45.250381299999958, -23.825721 ], [ -45.25012879999997, -23.825449799999944 ], [ -45.249782799999934, -23.825262799999962 ], [ -45.249436799999955, -23.825216 ], [ -45.249109499999975, -23.825346899999943 ], [ -45.248834799999941, -23.825523499999974 ], [ -45.248627899999974, -23.825763099999961 ], [ -45.248297099999945, -23.825883499999975 ], [ -45.247963699999957, -23.825855899999965 ] ] ] } },
{ "type": "Feature", "properties": { "id": "3520400027", "cd_bairro": "3520400027", "bairro": "Ilhote", "cd_mun": "3520400", "municipio": "Ilhabela", "cd_dist": "352040010", "distrito": "Cambaquara" }, "geometry": { "type": "Polygon", "coordinates": [ [ [ -45.385659, -23.831236 ], [ -45.385008, -23.831715 ], [ -45.385197, -23.831991 ], [ -45.385603, -23.832512 ], [ -45.385742, -23.832919 ], [ -45.385939, -23.833432 ], [ -45.38602, -23.83405 ], [ -45.386699, -23.834541 ], [ -45.387481, -23.834855 ], [ -45.388187, -23.835213 ], [ -45.387994, -23.835498 ], [ -45.387482, -23.835455 ], [ -45.38698, -23.835539 ], [ -45.386872, -23.835952 ], [ -45.387102, -23.836349 ], [ -45.387417, -23.836943 ], [ -45.387493, -23.837533 ], [ -45.387091, -23.837618 ], [ -45.386403, -23.837607 ], [ -45.386210699999936, -23.837455199999965 ], [ -45.386184799999967, -23.837399399999981 ], [ -45.386168299999952, -23.83732329999998 ], [ -45.385963, -23.836376 ], [ -45.385666, -23.836262 ], [ -45.385074, -23.836412 ], [ -45.384527, -23.836454 ], [ -45.38431, -23.836599 ], [ -45.384174, -23.836771 ], [ -45.384217, -23.837043 ], [ -45.384589, -23.837187 ], [ -45.384888, -23.837404 ], [ -45.384949, -23.837695 ], [ -45.384672, -23.837962 ], [ -45.384275, -23.838124 ], [ -45.38404, -23.838387 ], [ -45.384069, -23.839095 ], [ -45.383938, -23.839492 ], [ -45.383952, -23.839881 ], [ -45.384233, -23.8402 ], [ -45.384639, -23.840385 ], [ -45.385118, -23.840505 ], [ -45.385535, -23.840573 ], [ -45.38584, -23.840718 ], [ -45.386133, -23.840953 ], [ -45.386478, -23.841305 ], [ -45.386565799999971, -23.841409799999951 ], [ -45.386887, -23.841793 ], [ -45.387156, -23.841474 ], [ -45.387645, -23.841413 ], [ -45.388483, -23.841428 ], [ -45.388994, -23.841552 ], [ -45.389465, -23.84179 ], [ -45.390575, -23.842629 ], [ -45.390966, -23.84312 ], [ -45.391452, -23.843232 ], [ -45.391621, -23.842889 ], [ -45.39168, -23.842416 ], [ -45.391874, -23.842073 ], [ -45.391884, -23.841566 ], [ -45.391805, -23.841091 ], [ -45.391809, -23.840907 ], [ -45.392093, -23.840427 ], [ -45.392456, -23.840433 ], [ -45.392519, -23.839741 ], [ -45.393292, -23.839881 ], [ -45.393748, -23.840939 ], [ -45.393927, -23.841369 ], [ -45.393681, -23.842485 ], [ -45.393899, -23.842892 ], [ -45.394522, -23.843175 ], [ -45.394833, -23.842804 ], [ -45.395087, -23.842405 ], [ -45.39526, -23.842122 ], [ -45.39538, -23.841871 ], [ -45.395497, -23.841662 ], [ -45.395775, -23.841614 ], [ -45.396083, -23.841629 ], [ -45.396336, -23.841505 ], [ -45.396681, -23.841152 ], [ -45.396869, -23.840737 ], [ -45.396908, -23.840329 ], [ -45.396862, -23.840073 ], [ -45.396864199999982, -23.839907299999936 ], [ -45.396931499999937, -23.839803599999982 ], [ -45.397039399999983, -23.83962669999994 ], [ -45.39715579999995, -23.839514599999973 ], [ -45.397311099999968, -23.839428299999952 ], [ -45.397479399999952, -23.839367899999957 ], [ -45.39768209999994, -23.839346399999954 ], [ -45.397867599999984, -23.839355 ], [ -45.397988399999974, -23.839355 ], [ -45.398074599999973, -23.839303199999961 ], [ -45.398398199999974, -23.839053 ], [ -45.39864689999996, -23.838852799999927 ], [ -45.398776399999974, -23.838758199999972 ], [ -45.39875539999997, -23.838730199999929 ], [ -45.398689199999978, -23.838677099999927 ], [ -45.398622399999965, -23.838597899999968 ], [ -45.398568, -23.838529599999958 ], [ -45.398425199999963, -23.838526599999966 ], [ -45.398328899999967, -23.83850579999995 ], [ -45.398275499999954, -23.838486199999977 ], [ -45.398202, -23.838472699999954 ], [ -45.398158699999954, -23.838441699999976 ], [ -45.398151499999983, -23.838393199999928 ], [ -45.39812, -23.838348899999971 ], [ -45.398080099999959, -23.838293599999929 ], [ -45.398052599999971, -23.838247399999943 ], [ -45.398029299999962, -23.838203 ], [ -45.397999099999936, -23.838113299999975 ], [ -45.397956799999974, -23.838035599999955 ], [ -45.397941399999979, -23.837977899999942 ], [ -45.397921699999984, -23.837911 ], [ -45.397879799999941, -23.837855699999977 ], [ -45.397849899999983, -23.837789 ], [ -45.397824499999956, -23.837744599999951 ], [ -45.397760199999937, -23.837687899999935 ], [ -45.397736799999961, -23.837636099999941 ], [ -45.397693099999969, -23.837592099999938 ], [ -45.397623099999976, -23.837556099999972 ], [ -45.397587499999986, -23.83749279999995 ], [ -45.397549699999956, -23.837435 ], [ -45.397512, -23.837354299999959 ], [ -45.397448099999963, -23.837319099999945 ], [ -45.397397499999954, -23.837249699999973 ], [ -45.397343099999944, -23.837220199999933 ], [ -45.397321699999964, -23.83717009999998 ], [ -45.397318699999971, -23.837127199999941 ], [ -45.397307499999954, -23.837076899999943 ], [ -45.397275699999966, -23.837017699999933 ], [ -45.397209699999962, -23.836972299999957 ], [ -45.397153899999978, -23.836930499999937 ], [ -45.397126699999944, -23.836855799999967 ], [ -45.397031899999945, -23.836803299999929 ], [ -45.396921, -23.836754699999972 ], [ -45.396821899999964, -23.83668369999998 ], [ -45.396767699999941, -23.836617599999954 ], [ -45.39673769999996, -23.83654729999995 ], [ -45.396746699999937, -23.836491099999932 ], [ -45.396647399999949, -23.836409 ], [ -45.396599899999956, -23.836372599999947 ], [ -45.396560499999964, -23.836334199999953 ], [ -45.396535099999937, -23.83625909999995 ], [ -45.396459799999946, -23.836178799999971 ], [ -45.396359399999938, -23.836075499999936 ], [ -45.396258899999964, -23.835937699999931 ], [ -45.396183199999939, -23.835787699999969 ], [ -45.396107899999947, -23.835730599999977 ], [ -45.396045299999969, -23.835673399999962 ], [ -45.395970199999965, -23.835604799999942 ], [ -45.395896, -23.835592 ], [ -45.395842399999935, -23.835550199999943 ], [ -45.395806099999959, -23.835472399999958 ], [ -45.395782199999985, -23.835411199999953 ], [ -45.395738799999947, -23.835376599999961 ], [ -45.395720399999959, -23.835323 ], [ -45.395728899999938, -23.835248299999932 ], [ -45.395696799999939, -23.835174199999983 ], [ -45.39563359999994, -23.835078199999941 ], [ -45.395532199999934, -23.834995899999967 ], [ -45.395451899999955, -23.834945199999936 ], [ -45.395386899999949, -23.834876099999974 ], [ -45.395311199999981, -23.834795499999927 ], [ -45.395247799999936, -23.83476109999998 ], [ -45.39518929999997, -23.834746399999972 ], [ -45.395129199999985, -23.834691499999963 ], [ -45.395080899999982, -23.834621499999969 ], [ -45.395055599999978, -23.834579 ], [ -45.395001199999967, -23.834510899999941 ], [ -45.394944899999985, -23.834444699999949 ], [ -45.394923399999982, -23.834396499999968 ], [ -45.394899699999939, -23.834338899999977 ], [ -45.39484779999998, -23.834289399999932 ], [ -45.394813599999964, -23.834220799999969 ], [ -45.394797399999959, -23.834142299999939 ], [ -45.394778, -23.834089099999971 ], [ -45.394742399999984, -23.834044899999981 ], [ -45.394680299999948, -23.834006799999941 ], [ -45.394636599999956, -23.833964599999945 ], [ -45.394637399999965, -23.833895499999983 ], [ -45.394598799999983, -23.833797299999958 ], [ -45.394534, -23.833720099999937 ], [ -45.394499899999971, -23.833644199999981 ], [ -45.39449419999994, -23.833558399999959 ], [ -45.394458199999974, -23.833493699999963 ], [ -45.394434499999932, -23.833407699999952 ], [ -45.394425, -23.833325699999932 ], [ -45.394380699999942, -23.833249899999942 ], [ -45.39432249999993, -23.833200399999953 ], [ -45.394248499999946, -23.833179399999949 ], [ -45.394172399999945, -23.833154599999943 ], [ -45.394120499999985, -23.833108899999957 ], [ -45.394070399999976, -23.83305 ], [ -45.393995799999971, -23.83298979999995 ], [ -45.393941599999948, -23.832929199999967 ], [ -45.393887899999982, -23.832891099999983 ], [ -45.393824, -23.832851299999959 ], [ -45.393777599999964, -23.832777 ], [ -45.393729399999984, -23.832705099999941 ], [ -45.393666799999949, -23.832633399999963 ], [ -45.393594399999984, -23.832582499999944 ], [ -45.393499599999984, -23.83253389999993 ], [ -45.393389399999933, -23.832361799999944 ], [ -45.393287, -23.832328099999927 ], [ -45.393227099999933, -23.832286199999942 ], [ -45.393167099999971, -23.832238699999948 ], [ -45.392985099999976, -23.832084099999975 ], [ -45.392937199999949, -23.832028899999955 ], [ -45.39287829999995, -23.831930799999952 ], [ -45.392834199999982, -23.831864199999927 ], [ -45.392792199999974, -23.831803099999945 ], [ -45.392740199999935, -23.831751599999961 ], [ -45.392704199999969, -23.831688499999927 ], [ -45.392654099999959, -23.831631199999947 ], [ -45.392595799999981, -23.831576 ], [ -45.392491699999937, -23.831526599999961 ], [ -45.392348099999936, -23.831499099999974 ], [ -45.392210699999964, -23.831467799999928 ], [ -45.392096099999947, -23.831449299999974 ], [ -45.391962499999977, -23.83139 ], [ -45.391871399999957, -23.831318799999963 ], [ -45.391780399999959, -23.831256799999949 ], [ -45.391724199999942, -23.831199899999945 ], [ -45.39168049999995, -23.831155799999976 ], [ -45.39161839999997, -23.831110099999933 ], [ -45.391575199999977, -23.831051299999956 ], [ -45.391520799999967, -23.830983099999969 ], [ -45.391468799999984, -23.830929799999979 ], [ -45.391424599999937, -23.830863299999976 ], [ -45.391380499999968, -23.830804199999932 ], [ -45.391320399999984, -23.830762199999981 ], [ -45.391236099999958, -23.830733699999939 ], [ -45.391059199999972, -23.830663799999968 ], [ -45.390958399999931, -23.83062069999994 ], [ -45.390780699999937, -23.830524799999978 ], [ -45.390696, -23.830472 ], [ -45.39065, -23.830422299999952 ], [ -45.390613599999938, -23.830342499999972 ], [ -45.390583699999979, -23.830279399999938 ], [ -45.390553799999964, -23.830223699999976 ], [ -45.390505599999983, -23.830166299999973 ], [ -45.390469699999983, -23.830116299999929 ], [ -45.390436099999931, -23.830077399999936 ], [ -45.390390399999944, -23.830048099999942 ], [ -45.390330399999982, -23.830020899999965 ], [ -45.390270599999951, -23.830005 ], [ -45.390188599999931, -23.829998799999942 ], [ -45.390096599999936, -23.83000409999994 ], [ -45.390034, -23.830020499999932 ], [ -45.389973699999985, -23.830035 ], [ -45.389922199999944, -23.830009699999948 ], [ -45.389808599999981, -23.829942499999959 ], [ -45.389719099999979, -23.82990209999997 ], [ -45.389649099999986, -23.829867699999966 ], [ -45.389556399999947, -23.829813199999933 ], [ -45.389479899999969, -23.829756599999939 ], [ -45.389423699999952, -23.829699699999935 ], [ -45.389215399999955, -23.829581799999971 ], [ -45.389159099999972, -23.82953219999996 ], [ -45.38905619999997, -23.829494699999941 ], [ -45.388911599999972, -23.829427799999962 ], [ -45.388798399999985, -23.829390399999966 ], [ -45.388739, -23.829372699999965 ], [ -45.388689299999953, -23.829362 ], [ -45.388629799999933, -23.82934419999998 ], [ -45.388568199999952, -23.829324699999972 ], [ -45.388502299999971, -23.829296 ], [ -45.388434199999949, -23.829263499999968 ], [ -45.388368299999968, -23.829234699999972 ], [ -45.388275499999963, -23.829183899999975 ], [ -45.388162199999954, -23.829127899999946 ], [ -45.388071799999977, -23.829088299999967 ], [ -45.387932299999932, -23.829028299999948 ], [ -45.387831799999958, -23.829000099999973 ], [ -45.387668199999951, -23.828978499999948 ], [ -45.387548, -23.828975 ], [ -45.38742979999995, -23.828962099999956 ], [ -45.387248099999965, -23.828913099999966 ], [ -45.387112799999954, -23.828855799999928 ], [ -45.386995299999967, -23.828779499999939 ], [ -45.386942199999964, -23.828692699999976 ], [ -45.386887799999954, -23.828623399999969 ], [ -45.386831599999937, -23.828564799999981 ], [ -45.386722099999986, -23.828480899999931 ], [ -45.386641299999951, -23.828413299999966 ], [ -45.386590799999965, -23.828335899999956 ], [ -45.386505399999976, -23.828244099999949 ], [ -45.38644869999996, -23.828161099999932 ], [ -45.386328399999968, -23.828244499999983 ], [ -45.386258299999952, -23.828298 ], [ -45.386203, -23.828381899999954 ], [ -45.386202099999934, -23.828490899999963 ], [ -45.386196699999971, -23.828579899999966 ], [ -45.386169099999961, -23.828628699999967 ], [ -45.386150899999961, -23.828660399999933 ], [ -45.386132799999984, -23.828691899999967 ], [ -45.386319, -23.828747 ], [ -45.386190899999974, -23.828953299999966 ], [ -45.38593469999995, -23.829340299999956 ], [ -45.385805699999935, -23.829455899999971 ], [ -45.385793299999932, -23.829503799999941 ], [ -45.385772, -23.829607 ], [ -45.385793499999977, -23.829709 ], [ -45.385833, -23.829808 ], [ -45.385911, -23.829856 ], [ -45.38597, -23.829919 ], [ -45.38599, -23.830012 ], [ -45.385975499999972, -23.830109499999935 ], [ -45.385956, -23.830199 ], [ -45.386009, -23.830355 ], [ -45.386087, -23.830475 ], [ -45.386139, -23.83054 ], [ -45.386192, -23.83060009999997 ], [ -45.386168099999963, -23.830632099999946 ], [ -45.386147199999982, -23.830680599999937 ], [ -45.386119199999939, -23.830727799999977 ], [ -45.386045099999933, -23.830826099999967 ], [ -45.38600409999998, -23.83095579999997 ], [ -45.385966, -23.831036 ], [ -45.385869899999932, -23.831145 ], [ -45.385739, -23.831210899999974 ], [ -45.385659, -23.831236 ] ] ] } },
{ "type": "Feature", "properties": { "id": "3520400022", "cd_bairro": "3520400022", "bairro": "Itaguassu", "cd_mun": "3520400", "municipio": "Ilhabela", "cd_dist": "352040005", "distrito": "Ilhabela" }, "geometry": { "type": "Polygon", "coordinates": [ [ [ -45.359741399999962, -23.800346399999967 ], [ -45.359589099999937, -23.800412399999971 ], [ -45.359500099999934, -23.800418199999967 ], [ -45.359405299999935, -23.80040669999994 ], [ -45.359342099999935, -23.80040379999997 ], [ -45.359250199999963, -23.800438299999939 ], [ -45.359106599999961, -23.800504299999943 ], [ -45.359017599999959, -23.800501499999939 ], [ -45.358960099999933, -23.800481299999944 ], [ -45.358882599999959, -23.80047849999994 ], [ -45.35879639999996, -23.800495699999942 ], [ -45.358736099999931, -23.800530199999969 ], [ -45.358686699999964, -23.800565199999937 ], [ -45.358624099999986, -23.800636399999973 ], [ -45.358589599999959, -23.800679499999944 ], [ -45.358572399999957, -23.80070539999997 ], [ -45.35852639999996, -23.800731199999973 ], [ -45.358359899999982, -23.800803 ], [ -45.358222, -23.800834599999973 ], [ -45.358075499999984, -23.800857599999972 ], [ -45.357860099999982, -23.800866199999973 ], [ -45.357163799999967, -23.800999399999966 ], [ -45.357111499999974, -23.801009399999941 ], [ -45.355373499999985, -23.801342 ], [ -45.355026699999939, -23.801408299999935 ], [ -45.355029, -23.801439 ], [ -45.355011, -23.802839 ], [ -45.355321599999968, -23.80317539999993 ], [ -45.355563399999937, -23.803394199999957 ], [ -45.355935899999963, -23.803687399999944 ], [ -45.35654459999995, -23.804067499999974 ], [ -45.357129599999951, -23.804294699999957 ], [ -45.35780909999994, -23.804528799999957 ], [ -45.358566, -23.804710899999975 ], [ -45.358803199999954, -23.804738899999961 ], [ -45.359059799999955, -23.804769199999953 ], [ -45.359486799999956, -23.804722599999934 ], [ -45.359636899999941, -23.804648399999962 ], [ -45.359667599999966, -23.804633 ], [ -45.359631599999943, -23.804512099999954 ], [ -45.35967549999998, -23.804381099999944 ], [ -45.359748199999956, -23.80432339999993 ], [ -45.359989799999937, -23.804336599999942 ], [ -45.36022829999996, -23.804304199999933 ], [ -45.360448399999939, -23.804279799999961 ], [ -45.360808399999939, -23.804281399999979 ], [ -45.361049599999944, -23.80432159999998 ], [ -45.361276799999985, -23.80436839999993 ], [ -45.36147, -23.804324 ], [ -45.361828199999934, -23.804322799999966 ], [ -45.362173499999983, -23.804332799999941 ], [ -45.362336699999958, -23.804204899999945 ], [ -45.362501699999939, -23.804012399999976 ], [ -45.362708, -23.803962 ], [ -45.363367, -23.803915 ], [ -45.363517, -23.803896 ], [ -45.363659, -23.803854 ], [ -45.363769, -23.803785 ], [ -45.363896, -23.803734 ], [ -45.364042, -23.803704 ], [ -45.364176, -23.803682 ], [ -45.364367, -23.803702 ], [ -45.364463, -23.803963 ], [ -45.364561, -23.804133 ], [ -45.364754, -23.804264 ], [ -45.364959, -23.804337 ], [ -45.365283, -23.804479 ], [ -45.365408099999968, -23.804587499999968 ], [ -45.365400899999941, -23.804476799999975 ], [ -45.36538859999996, -23.804361599999936 ], [ -45.36535589999994, -23.804237499999942 ], [ -45.365313499999957, -23.804132099999947 ], [ -45.365235899999959, -23.804031799999962 ], [ -45.365184299999953, -23.803899699999931 ], [ -45.365091699999937, -23.803808899999979 ], [ -45.364993699999957, -23.803699699999981 ], [ -45.364926199999957, -23.803599299999973 ], [ -45.364939299999946, -23.803497499999935 ], [ -45.364947399999949, -23.803396499999963 ], [ -45.364955499999951, -23.803294799999946 ], [ -45.364973499999962, -23.803179299999954 ], [ -45.365001699999937, -23.803072799999939 ], [ -45.36501439999995, -23.802943399999947 ], [ -45.365052, -23.802799799999946 ], [ -45.365074199999981, -23.802637899999979 ], [ -45.365081699999962, -23.802503899999977 ], [ -45.36509419999993, -23.802369899999974 ], [ -45.365132399999936, -23.80225379999996 ], [ -45.36515049999997, -23.802147399999967 ], [ -45.365188799999942, -23.802040599999941 ], [ -45.365206599999965, -23.801920199999927 ], [ -45.365244699999948, -23.801799599999981 ], [ -45.36526779999997, -23.801693 ], [ -45.365291, -23.801582599999961 ], [ -45.36531279999997, -23.801408399999957 ], [ -45.365286, -23.80132569999995 ], [ -45.365222499999959, -23.801174399999979 ], [ -45.36514829999993, -23.800995599999965 ], [ -45.364995299999975, -23.800910299999941 ], [ -45.364952799999969, -23.800800199999969 ], [ -45.36492039999996, -23.80069 ], [ -45.364923599999941, -23.800593099999958 ], [ -45.364946699999962, -23.800486499999977 ], [ -45.364974899999936, -23.800379899999939 ], [ -45.364988099999948, -23.800278099999957 ], [ -45.365016, -23.800157599999977 ], [ -45.365039, -23.800041799999974 ], [ -45.365057699999966, -23.799967699999968 ], [ -45.365096, -23.799860899999942 ], [ -45.365114099999971, -23.799749799999972 ], [ -45.365132399999936, -23.799652499999979 ], [ -45.365170299999932, -23.799527299999966 ], [ -45.36522309999998, -23.799387899999942 ], [ -45.365275599999961, -23.799234799999965 ], [ -45.365313499999957, -23.799109499999929 ], [ -45.365371599999946, -23.798983899999939 ], [ -45.365409799999952, -23.798872499999959 ], [ -45.365458099999955, -23.79875629999998 ], [ -45.365484, -23.798699099999965 ], [ -45.365231899999969, -23.79873189999995 ], [ -45.365137499999946, -23.798740099999975 ], [ -45.364564899999948, -23.798928599999954 ], [ -45.364463, -23.798942299999965 ], [ -45.3644, -23.798928299999943 ], [ -45.36433969999996, -23.798876599999971 ], [ -45.364315099999942, -23.798775699999965 ], [ -45.364278199999944, -23.798547199999973 ], [ -45.363964399999929, -23.798600499999964 ], [ -45.363196, -23.798848 ], [ -45.362881, -23.798928 ], [ -45.362322499999948, -23.799096199999951 ], [ -45.362263899999959, -23.799113899999952 ], [ -45.36221089999998, -23.799131899999963 ], [ -45.361431, -23.799396799999954 ], [ -45.361169199999949, -23.799458199999947 ], [ -45.360922499999958, -23.79954 ], [ -45.360768, -23.799578799999949 ], [ -45.360618399999964, -23.799609699999962 ], [ -45.360473, -23.799638 ], [ -45.360118899999975, -23.799860199999955 ], [ -45.359833399999957, -23.799975 ], [ -45.359780799999953, -23.800122 ], [ -45.359766499999978, -23.800224299999968 ], [ -45.359741399999962, -23.800346399999967 ] ] ] } },
{ "type": "Feature", "properties": { "id": "3520400030", "cd_bairro": "3520400030", "bairro": "Itapecerica", "cd_mun": "3520400", "municipio": "Ilhabela", "cd_dist": "352040010", "distrito": "Cambaquara" }, "geometry": { "type": "Polygon", "coordinates": [ [ [ -45.459378899999933, -23.904399399999932 ], [ -45.45871, -23.904309 ], [ -45.458718, -23.904167 ], [ -45.4587, -23.903958 ], [ -45.458605, -23.903567 ], [ -45.458581, -23.903319 ], [ -45.458609, -23.90305 ], [ -45.458655, -23.902874 ], [ -45.458657, -23.90272 ], [ -45.458613, -23.902544 ], [ -45.458434, -23.9022 ], [ -45.458373, -23.902099 ], [ -45.458195, -23.901939 ], [ -45.457977, -23.901826 ], [ -45.457424399999979, -23.902212499999962 ], [ -45.457247399999972, -23.902295 ], [ -45.456686199999979, -23.901920799999971 ], [ -45.45685519999995, -23.901725699999929 ], [ -45.456936, -23.900818699999945 ], [ -45.456444199999964, -23.900783399999966 ], [ -45.455499, -23.900747 ], [ -45.455012699999941, -23.900787899999955 ], [ -45.454367, -23.900957 ], [ -45.454914, -23.901005 ], [ -45.455200199999979, -23.90107009999997 ], [ -45.455578199999934, -23.901270199999942 ], [ -45.456151, -23.90182 ], [ -45.456155699999954, -23.902010799999971 ], [ -45.456157499999961, -23.902083199999936 ], [ -45.456159, -23.902145 ], [ -45.455933, -23.902364 ], [ -45.456054, -23.902654 ], [ -45.456301, -23.902841 ], [ -45.45693, -23.903376 ], [ -45.456639, -23.903757 ], [ -45.456401, -23.903895 ], [ -45.455801, -23.90409 ], [ -45.455274, -23.904424 ], [ -45.454874, -23.904562 ], [ -45.4545, -23.90463 ], [ -45.454049, -23.904826 ], [ -45.453817, -23.905474 ], [ -45.454096, -23.906135 ], [ -45.454702, -23.906554 ], [ -45.455159, -23.906915 ], [ -45.45498, -23.90732 ], [ -45.454315, -23.907746 ], [ -45.453873, -23.908266 ], [ -45.454215, -23.908835 ], [ -45.455037, -23.908884 ], [ -45.455705, -23.909246 ], [ -45.456065, -23.909386 ], [ -45.456048, -23.909803 ], [ -45.455138, -23.910913 ], [ -45.454909, -23.911398 ], [ -45.455173, -23.911495 ], [ -45.455771, -23.911788 ], [ -45.456086, -23.912139 ], [ -45.456547, -23.912199 ], [ -45.456701599999974, -23.912245299999938 ], [ -45.456740299999979, -23.912256899999932 ], [ -45.45678, -23.91226869999997 ], [ -45.457195, -23.912393 ], [ -45.457389, -23.912584 ], [ -45.458048, -23.91311 ], [ -45.45838, -23.913328 ], [ -45.458777199999986, -23.913594 ], [ -45.459221599999978, -23.913775199999975 ], [ -45.459691699999951, -23.913827 ], [ -45.460250299999984, -23.913767699999937 ], [ -45.460166399999935, -23.913696499999958 ], [ -45.460089899999957, -23.913510799999983 ], [ -45.460008199999947, -23.913391599999954 ], [ -45.459945399999981, -23.913223899999934 ], [ -45.459995099999958, -23.913072199999931 ], [ -45.460011799999961, -23.912915199999929 ], [ -45.460208699999953, -23.912851899999964 ], [ -45.46031789999995, -23.912699299999929 ], [ -45.460306799999955, -23.912482199999943 ], [ -45.460353299999952, -23.912173699999983 ], [ -45.460303199999942, -23.911993699999982 ], [ -45.460166, -23.911742799999956 ], [ -45.460144, -23.911628599999972 ], [ -45.460027299999979, -23.911401399999932 ], [ -45.459950799999945, -23.91120369999993 ], [ -45.459862099999953, -23.911060499999962 ], [ -45.459614899999963, -23.910908599999971 ], [ -45.459508299999982, -23.910850499999981 ], [ -45.459408099999962, -23.910786299999927 ], [ -45.459365199999979, -23.910618399999976 ], [ -45.459375299999977, -23.910467399999959 ], [ -45.459538099999975, -23.910442499999931 ], [ -45.459548199999972, -23.910285599999952 ], [ -45.459559399999932, -23.910183 ], [ -45.459648399999935, -23.910024799999974 ], [ -45.459844399999952, -23.909973099999945 ], [ -45.460041399999966, -23.90995769999995 ], [ -45.460284899999976, -23.909935399999938 ], [ -45.460441699999933, -23.909866299999976 ], [ -45.46056539999995, -23.909785699999929 ], [ -45.460496499999977, -23.909636 ], [ -45.46042749999998, -23.90948039999995 ], [ -45.460346099999981, -23.909361299999944 ], [ -45.460337399999958, -23.909252899999956 ], [ -45.460395, -23.909167299999979 ], [ -45.460526499999958, -23.909152799999958 ], [ -45.460678099999939, -23.909149799999966 ], [ -45.460702399999946, -23.909046699999976 ], [ -45.460600499999941, -23.908897799999977 ], [ -45.460511499999939, -23.908736499999975 ], [ -45.460422699999981, -23.908581399999946 ], [ -45.460349099999974, -23.908528599999954 ], [ -45.460283799999956, -23.908554 ], [ -45.46021159999998, -23.908567599999969 ], [ -45.460138299999983, -23.908520899999928 ], [ -45.45994, -23.908482599999957 ], [ -45.459812599999964, -23.908364399999982 ], [ -45.459673399999986, -23.908312799999976 ], [ -45.459506699999963, -23.908213399999966 ], [ -45.459437699999967, -23.908069599999976 ], [ -45.459371199999964, -23.907912 ], [ -45.459314699999936, -23.907726 ], [ -45.459258099999943, -23.907534099999964 ], [ -45.459221499999956, -23.907353799999953 ], [ -45.459144799999933, -23.907144 ], [ -45.459089199999937, -23.907006299999978 ], [ -45.458987299999933, -23.906857499999944 ], [ -45.458931899999982, -23.906725899999969 ], [ -45.458870499999932, -23.906618499999979 ], [ -45.458874499999979, -23.906491799999969 ], [ -45.458897899999954, -23.906346599999949 ], [ -45.45906169999995, -23.906295 ], [ -45.459185299999945, -23.906208 ], [ -45.459242399999937, -23.906092299999955 ], [ -45.459161299999948, -23.905997499999955 ], [ -45.45908739999993, -23.90593279999996 ], [ -45.458975299999963, -23.905935199999931 ], [ -45.458886099999972, -23.90582459999996 ], [ -45.458844, -23.905698599999937 ], [ -45.458926599999984, -23.905540599999938 ], [ -45.458948499999963, -23.905323199999941 ], [ -45.45899739999993, -23.905129599999952 ], [ -45.45909, -23.904814499999929 ], [ -45.459250599999962, -23.904594699999961 ], [ -45.459365899999966, -23.904411699999969 ], [ -45.459378899999933, -23.904399399999932 ] ] ] } },
{ "type": "Feature", "properties": { "id": "3520400023", "cd_bairro": "3520400023", "bairro": "Itaquanduba", "cd_mun": "3520400", "municipio": "Ilhabela", "cd_dist": "352040005", "distrito": "Ilhabela" }, "geometry": { "type": "Polygon", "coordinates": [ [ [ -45.359833399999957, -23.799975 ], [ -45.360118899999975, -23.799860199999955 ], [ -45.360473, -23.799638 ], [ -45.360618399999964, -23.799609699999962 ], [ -45.360768, -23.799578799999949 ], [ -45.360922499999958, -23.79954 ], [ -45.361169199999949, -23.799458199999947 ], [ -45.361431, -23.799396799999954 ], [ -45.36221089999998, -23.799131899999963 ], [ -45.362263899999959, -23.799113899999952 ], [ -45.362322499999948, -23.799096199999951 ], [ -45.362881, -23.798928 ], [ -45.363196, -23.798848 ], [ -45.363964399999929, -23.798600499999964 ], [ -45.364278199999944, -23.798547199999973 ], [ -45.364315099999942, -23.798775699999965 ], [ -45.36433969999996, -23.798876599999971 ], [ -45.3644, -23.798928299999943 ], [ -45.364463, -23.798942299999965 ], [ -45.364564899999948, -23.798928599999954 ], [ -45.365137499999946, -23.798740099999975 ], [ -45.365231899999969, -23.79873189999995 ], [ -45.365484, -23.798699099999965 ], [ -45.365506399999958, -23.798649299999965 ], [ -45.365526299999942, -23.798573199999964 ], [ -45.365554199999963, -23.798503699999969 ], [ -45.365494899999931, -23.79846 ], [ -45.365491, -23.798384299999952 ], [ -45.365488299999981, -23.798248399999977 ], [ -45.365508399999953, -23.798156699999936 ], [ -45.365550299999938, -23.798055699999964 ], [ -45.365606799999966, -23.797955599999966 ], [ -45.365669699999955, -23.797809699999959 ], [ -45.365721299999962, -23.797704099999976 ], [ -45.365736, -23.797588 ], [ -45.365752, -23.797472299999981 ], [ -45.365813, -23.797353299999941 ], [ -45.365827099999933, -23.797197 ], [ -45.365814199999932, -23.797025899999937 ], [ -45.36581689999997, -23.79691 ], [ -45.365804199999957, -23.796758599999976 ], [ -45.365775299999939, -23.796649499999944 ], [ -45.365768299999957, -23.796540399999969 ], [ -45.365773199999978, -23.796415499999966 ], [ -45.365761099999986, -23.796295399999963 ], [ -45.365754199999969, -23.796190799999977 ], [ -45.365732799999932, -23.79609309999995 ], [ -45.365682699999979, -23.796022499999935 ], [ -45.365605799999969, -23.79590909999996 ], [ -45.365510699999959, -23.795774699999981 ], [ -45.365427899999986, -23.795649 ], [ -45.365390599999955, -23.795511799999929 ], [ -45.365337099999977, -23.795362399999931 ], [ -45.365296899999976, -23.795244499999967 ], [ -45.365258899999958, -23.795077399999968 ], [ -45.365224599999976, -23.794939199999931 ], [ -45.365174, -23.794775199999947 ], [ -45.365156599999978, -23.794688699999938 ], [ -45.365138499999944, -23.794573299999968 ], [ -45.365105, -23.794471699999974 ], [ -45.365086099999985, -23.794312899999966 ], [ -45.365045399999985, -23.794172 ], [ -45.365039699999954, -23.794150399999978 ], [ -45.364998899999932, -23.794155799999942 ], [ -45.364606699999968, -23.794272699999965 ], [ -45.364534699999979, -23.794293699999969 ], [ -45.364323599999977, -23.794356099999959 ], [ -45.364258699999937, -23.794383 ], [ -45.358806499999957, -23.795995599999969 ], [ -45.356015899999932, -23.796824599999979 ], [ -45.355946, -23.796845399999938 ], [ -45.352401899999961, -23.798028299999942 ], [ -45.353069499999947, -23.798276099999953 ], [ -45.354291, -23.798648 ], [ -45.354493, -23.799171 ], [ -45.354975, -23.799514 ], [ -45.354975499999966, -23.800078499999927 ], [ -45.354976, -23.800737 ], [ -45.355026699999939, -23.801408299999935 ], [ -45.355373499999985, -23.801342 ], [ -45.357111499999974, -23.801009399999941 ], [ -45.357163799999967, -23.800999399999966 ], [ -45.357860099999982, -23.800866199999973 ], [ -45.358075499999984, -23.800857599999972 ], [ -45.358222, -23.800834599999973 ], [ -45.358359899999982, -23.800803 ], [ -45.35852639999996, -23.800731199999973 ], [ -45.358572399999957, -23.80070539999997 ], [ -45.358589599999959, -23.800679499999944 ], [ -45.358624099999986, -23.800636399999973 ], [ -45.358686699999964, -23.800565199999937 ], [ -45.358736099999931, -23.800530199999969 ], [ -45.35879639999996, -23.800495699999942 ], [ -45.358882599999959, -23.80047849999994 ], [ -45.358960099999933, -23.800481299999944 ], [ -45.359017599999959, -23.800501499999939 ], [ -45.359106599999961, -23.800504299999943 ], [ -45.359250199999963, -23.800438299999939 ], [ -45.359342099999935, -23.80040379999997 ], [ -45.359405299999935, -23.80040669999994 ], [ -45.359500099999934, -23.800418199999967 ], [ -45.359589099999937, -23.800412399999971 ], [ -45.359741399999962, -23.800346399999967 ], [ -45.359766499999978, -23.800224299999968 ], [ -45.359780799999953, -23.800122 ], [ -45.359833399999957, -23.799975 ] ] ] } },
{ "type": "Feature", "properties": { "id": "3520400012", "cd_bairro": "3520400012", "bairro": "Jabaquara", "cd_mun": "3520400", "municipio": "Ilhabela", "cd_dist": "352040005", "distrito": "Ilhabela" }, "geometry": { "type": "Polygon", "coordinates": [ [ [ -45.27061, -23.74046379999993 ], [ -45.27061139999995, -23.740518699999939 ], [ -45.270692099999962, -23.740770299999951 ], [ -45.270967399999961, -23.74141579999997 ], [ -45.271033899999964, -23.741814599999941 ], [ -45.271192, -23.742492 ], [ -45.271631, -23.741784 ], [ -45.27218, -23.741205 ], [ -45.273003, -23.740689 ], [ -45.274062, -23.740234 ], [ -45.274687, -23.73961 ], [ -45.275436, -23.739023 ], [ -45.276105, -23.738735 ], [ -45.276664, -23.738248 ], [ -45.276649, -23.73774 ], [ -45.276533, -23.737288 ], [ -45.27726, -23.736585 ], [ -45.278146, -23.73667 ], [ -45.278874, -23.736498 ], [ -45.279602, -23.737642 ], [ -45.280455, -23.737496 ], [ -45.281288, -23.737741 ], [ -45.281875, -23.737128 ], [ -45.282493, -23.737485 ], [ -45.282637, -23.737153 ], [ -45.283604, -23.737574 ], [ -45.283767, -23.737577 ], [ -45.284381, -23.737484 ], [ -45.284942, -23.737574 ], [ -45.285505, -23.73755 ], [ -45.28618, -23.737562 ], [ -45.286475, -23.737809 ], [ -45.286717, -23.73824 ], [ -45.287183, -23.73871 ], [ -45.287726, -23.739078 ], [ -45.287906, -23.739462 ], [ -45.287598499999945, -23.739768 ], [ -45.287571899999932, -23.739794499999959 ], [ -45.287485, -23.739881 ], [ -45.286967, -23.740161 ], [ -45.287159, -23.740534 ], [ -45.287639, -23.740935 ], [ -45.28813, -23.741405 ], [ -45.288561, -23.741759 ], [ -45.288991, -23.742147 ], [ -45.289498, -23.742421 ], [ -45.28985, -23.742324 ], [ -45.290654, -23.74213 ], [ -45.291466, -23.742144 ], [ -45.292229, -23.742158 ], [ -45.292563, -23.742314 ], [ -45.293111, -23.742439 ], [ -45.293599, -23.742401 ], [ -45.293827, -23.742278 ], [ -45.294172, -23.74188 ], [ -45.29473, -23.741474 ], [ -45.295487, -23.741153 ], [ -45.296207, -23.740773 ], [ -45.29671, -23.74062 ], [ -45.297449, -23.740529 ], [ -45.298005, -23.740273 ], [ -45.297893, -23.73959 ], [ -45.297627, -23.739136 ], [ -45.297425, -23.738578 ], [ -45.297295, -23.738195 ], [ -45.296733, -23.737516 ], [ -45.29648, -23.737038 ], [ -45.296299, -23.736689 ], [ -45.295784, -23.736206 ], [ -45.295214, -23.735942 ], [ -45.294969, -23.735638 ], [ -45.29531, -23.735491 ], [ -45.294979, -23.735243 ], [ -45.294574, -23.734834 ], [ -45.294451, -23.734681299999977 ], [ -45.294425, -23.734649 ], [ -45.2944, -23.73462029999996 ], [ -45.294204, -23.734396 ], [ -45.29415, -23.734324 ], [ -45.294122, -23.734252 ], [ -45.294084, -23.734211 ], [ -45.294038, -23.734184 ], [ -45.294007, -23.734164 ], [ -45.293978, -23.734137 ], [ -45.293963, -23.734086 ], [ -45.293824, -23.733991 ], [ -45.293465, -23.733519 ], [ -45.293228299999953, -23.733165799999938 ], [ -45.293102099999942, -23.733242799999971 ], [ -45.293021599999975, -23.733323299999938 ], [ -45.292954399999985, -23.733391 ], [ -45.292983599999957, -23.733469699999944 ], [ -45.293003799999951, -23.733561 ], [ -45.293024199999934, -23.733660699999973 ], [ -45.293044699999939, -23.73376449999995 ], [ -45.293082899999945, -23.733847099999934 ], [ -45.293071199999986, -23.733959899999945 ], [ -45.293082499999969, -23.734084699999983 ], [ -45.293138499999941, -23.734146299999964 ], [ -45.293158199999937, -23.734225099999946 ], [ -45.293196399999943, -23.734316099999944 ], [ -45.293242099999929, -23.734383799999932 ], [ -45.293275499999936, -23.734462399999927 ], [ -45.293313699999942, -23.734557499999937 ], [ -45.293342099999961, -23.734619499999951 ], [ -45.293361899999979, -23.734702499999969 ], [ -45.29339959999993, -23.734772599999928 ], [ -45.293351099999938, -23.734857 ], [ -45.293262, -23.734967299999937 ], [ -45.293259399999954, -23.735071699999935 ], [ -45.293284, -23.735171399999956 ], [ -45.293349299999932, -23.735249299999964 ], [ -45.293446199999948, -23.735318199999938 ], [ -45.293456799999944, -23.735397299999931 ], [ -45.293435899999963, -23.735496099999978 ], [ -45.293283499999973, -23.735632099999975 ], [ -45.29318509999996, -23.735733899999957 ], [ -45.293054799999936, -23.735832 ], [ -45.292929299999969, -23.735942399999942 ], [ -45.292850399999963, -23.736018899999976 ], [ -45.292756599999962, -23.73612049999997 ], [ -45.29268529999996, -23.736209199999962 ], [ -45.292613499999959, -23.736264499999947 ], [ -45.292510499999935, -23.736362 ], [ -45.292412199999944, -23.736463599999979 ], [ -45.292322599999977, -23.736544199999969 ], [ -45.292255599999976, -23.736611899999957 ], [ -45.292174899999964, -23.736679799999933 ], [ -45.292107499999986, -23.736726699999963 ], [ -45.292017899999962, -23.736807299999953 ], [ -45.291919, -23.736871399999927 ], [ -45.291829399999983, -23.736952099999939 ], [ -45.29174409999996, -23.737016 ], [ -45.291644899999937, -23.737071799999967 ], [ -45.29153279999997, -23.737161 ], [ -45.291365599999949, -23.737221799999929 ], [ -45.291225899999972, -23.737286299999937 ], [ -45.291067899999973, -23.737342599999977 ], [ -45.290882199999942, -23.737353299999938 ], [ -45.290790899999934, -23.737325399999975 ], [ -45.29074369999995, -23.737238799999943 ], [ -45.29074879999996, -23.737060199999974 ], [ -45.290705899999978, -23.736969299999942 ], [ -45.290608799999973, -23.736883299999931 ], [ -45.290470599999935, -23.736785499999939 ], [ -45.290318299999967, -23.736675399999967 ], [ -45.290216499999985, -23.73659379999998 ], [ -45.290098199999932, -23.736578899999927 ], [ -45.289983599999971, -23.736530699999946 ], [ -45.289845699999944, -23.736457899999948 ], [ -45.289740299999949, -23.736418 ], [ -45.289555499999949, -23.736474899999962 ], [ -45.289411099999938, -23.736497899999961 ], [ -45.289296299999933, -23.736445599999968 ], [ -45.289208, -23.736398099999974 ], [ -45.289053099999933, -23.736383899999964 ], [ -45.288916299999983, -23.736365199999966 ], [ -45.288769799999955, -23.73631759999995 ], [ -45.288588799999957, -23.736362099999951 ], [ -45.288416799999936, -23.736398099999974 ], [ -45.288241399999947, -23.736479899999949 ], [ -45.288001799999961, -23.736546 ], [ -45.287811899999951, -23.736598899999933 ], [ -45.287621899999976, -23.736635199999967 ], [ -45.287396299999955, -23.736680199999967 ], [ -45.287179299999934, -23.73670009999995 ], [ -45.286994, -23.736711199999945 ], [ -45.286822099999938, -23.736705499999971 ], [ -45.286724899999967, -23.736640699999953 ], [ -45.286519799999951, -23.736569 ], [ -45.286419699999954, -23.73654149999993 ], [ -45.286246799999958, -23.736490199999935 ], [ -45.286128199999951, -23.736442199999942 ], [ -45.286044599999968, -23.736360399999967 ], [ -45.285994899999935, -23.736191599999927 ], [ -45.285968, -23.736026199999969 ], [ -45.285860399999933, -23.73588669999998 ], [ -45.28575369999993, -23.735784499999966 ], [ -45.285690599999953, -23.735619299999939 ], [ -45.285650199999964, -23.735461899999962 ], [ -45.285605499999974, -23.735308599999939 ], [ -45.28553439999996, -23.735184799999956 ], [ -45.285524799999962, -23.735064 ], [ -45.285441, -23.734969599999943 ], [ -45.285253499999953, -23.734909899999934 ], [ -45.285113399999943, -23.734924299999932 ], [ -45.284978699999954, -23.734963599999958 ], [ -45.284815799999933, -23.734978399999932 ], [ -45.284646, -23.734897899999964 ], [ -45.284489899999983, -23.734821299999965 ], [ -45.284392699999955, -23.734743799999933 ], [ -45.284232199999963, -23.734671499999934 ], [ -45.284111399999972, -23.734581899999966 ], [ -45.284019899999976, -23.734558399999969 ], [ -45.283878, -23.734519 ], [ -45.283764199999951, -23.734504099999981 ], [ -45.283689799999934, -23.73459669999994 ], [ -45.283616499999937, -23.734618499999954 ], [ -45.283437399999968, -23.734554499999945 ], [ -45.283298499999944, -23.734460699999943 ], [ -45.283159699999942, -23.734375199999931 ], [ -45.283039799999983, -23.734318499999972 ], [ -45.282941199999982, -23.734378499999934 ], [ -45.282908099999986, -23.734508399999982 ], [ -45.282795, -23.73453939999996 ], [ -45.282672099999957, -23.734557799999948 ], [ -45.282535499999938, -23.734580699999981 ], [ -45.28240379999994, -23.734611799999982 ], [ -45.282335799999942, -23.73476729999993 ], [ -45.282330299999956, -23.734884199999954 ], [ -45.282338, -23.734979899999928 ], [ -45.282192699999939, -23.735015399999952 ], [ -45.28206629999994, -23.735059 ], [ -45.281949099999963, -23.735114899999928 ], [ -45.281812699999932, -23.735139199999935 ], [ -45.281672899999933, -23.73519959999993 ], [ -45.281527899999958, -23.735222799999974 ], [ -45.281382299999962, -23.735216699999967 ], [ -45.281222299999968, -23.735173499999974 ], [ -45.281058199999961, -23.735151099999939 ], [ -45.280945199999962, -23.73518619999993 ], [ -45.280836399999941, -23.735204499999952 ], [ -45.280686699999933, -23.735223499999961 ], [ -45.28049969999995, -23.735197299999982 ], [ -45.280331199999978, -23.73518329999996 ], [ -45.280172099999959, -23.73519 ], [ -45.279999299999986, -23.735188499999936 ], [ -45.279780199999948, -23.73515029999993 ], [ -45.279580199999941, -23.735153499999967 ], [ -45.279438899999946, -23.735139 ], [ -45.279215099999931, -23.735100899999964 ], [ -45.279049899999961, -23.735045299999967 ], [ -45.27886239999998, -23.735006599999963 ], [ -45.278703499999949, -23.735013199999969 ], [ -45.278536199999962, -23.735040799999979 ], [ -45.278341799999964, -23.73506459999993 ], [ -45.278178499999967, -23.735067199999946 ], [ -45.278057199999978, -23.73510239999996 ], [ -45.277908099999934, -23.735023899999931 ], [ -45.277784699999984, -23.734992499999976 ], [ -45.277645299999961, -23.735040699999956 ], [ -45.277433299999984, -23.735081699999967 ], [ -45.277236399999936, -23.735026399999981 ], [ -45.277083599999969, -23.734932799999967 ], [ -45.27695, -23.73488059999994 ], [ -45.276788099999976, -23.73497059999994 ], [ -45.276643299999932, -23.735010299999942 ], [ -45.276543599999968, -23.735028499999942 ], [ -45.276375499999972, -23.735072699999932 ], [ -45.276202799999965, -23.735137699999939 ], [ -45.276061699999957, -23.735185599999966 ], [ -45.27590779999997, -23.73525049999995 ], [ -45.275828, -23.735343499999942 ], [ -45.275794699999949, -23.735494 ], [ -45.275798299999963, -23.735631799999965 ], [ -45.275805399999967, -23.735723599999972 ], [ -45.275771199999951, -23.73584059999996 ], [ -45.275757, -23.73602 ], [ -45.275648599999954, -23.73607979999997 ], [ -45.275592099999983, -23.736189 ], [ -45.275469199999975, -23.736265599999967 ], [ -45.275388599999985, -23.736383299999943 ], [ -45.275289, -23.736447299999952 ], [ -45.275314399999957, -23.736559399999976 ], [ -45.275318, -23.736713399999928 ], [ -45.275297799999976, -23.73681769999996 ], [ -45.275352699999985, -23.736983099999975 ], [ -45.275302299999964, -23.737158499999964 ], [ -45.275260299999957, -23.737312899999949 ], [ -45.275122799999963, -23.737332 ], [ -45.275022399999955, -23.737358799999981 ], [ -45.274915399999941, -23.73732339999998 ], [ -45.274827699999946, -23.737320899999929 ], [ -45.27470859999994, -23.737352199999975 ], [ -45.27455329999998, -23.737414799999954 ], [ -45.274439699999959, -23.737441499999932 ], [ -45.274434499999984, -23.737595899999974 ], [ -45.274396899999942, -23.737738099999945 ], [ -45.274399599999981, -23.737871299999938 ], [ -45.274365299999943, -23.73799269999995 ], [ -45.274341299999946, -23.738122 ], [ -45.27432639999995, -23.738238599999931 ], [ -45.27434379999994, -23.738358699999935 ], [ -45.274333899999931, -23.738495799999953 ], [ -45.274269, -23.738638 ], [ -45.27416409999995, -23.738669099999981 ], [ -45.274027199999978, -23.738709099999937 ], [ -45.273898899999949, -23.738711399999943 ], [ -45.273800799999947, -23.738771 ], [ -45.273716699999966, -23.738834399999973 ], [ -45.27354889999998, -23.738899699999934 ], [ -45.273440699999981, -23.738938799999971 ], [ -45.273318299999971, -23.738961499999959 ], [ -45.273182, -23.738967799999955 ], [ -45.27303969999997, -23.738920299999961 ], [ -45.272853599999962, -23.738927299999943 ], [ -45.272666299999969, -23.738905399999965 ], [ -45.272503399999948, -23.738937 ], [ -45.27235909999996, -23.738980799999979 ], [ -45.272230399999955, -23.738945499999943 ], [ -45.272068299999944, -23.738873399999932 ], [ -45.27197179999996, -23.738866599999938 ], [ -45.271847399999956, -23.738839499999983 ], [ -45.27168759999995, -23.738837899999965 ], [ -45.271572699999979, -23.738910499999974 ], [ -45.271616599999959, -23.739034499999946 ], [ -45.271609399999932, -23.739117799999974 ], [ -45.271565599999974, -23.73921 ], [ -45.271536, -23.739318699999956 ], [ -45.271478899999977, -23.739419399999974 ], [ -45.271425699999952, -23.739478299999973 ], [ -45.271359199999949, -23.739558199999976 ], [ -45.271315899999934, -23.739662799999962 ], [ -45.271199099999933, -23.739760599999954 ], [ -45.271156899999937, -23.739902299999983 ], [ -45.271050599999967, -23.740049499999941 ], [ -45.270970099999943, -23.740125699999965 ], [ -45.270899699999973, -23.740226399999983 ], [ -45.27080129999996, -23.740333 ], [ -45.270658, -23.740443399999947 ], [ -45.27061, -23.74046379999993 ] ] ] } },
{ "type": "Feature", "properties": { "id": "3520400043", "cd_bairro": "3520400043", "bairro": "Laje Preta", "cd_mun": "3520400", "municipio": "Ilhabela", "cd_dist": "352040015", "distrito": "Paranabi" }, "geometry": { "type": "Polygon", "coordinates": [ [ [ -45.263483, -23.836347 ], [ -45.263712099999964, -23.837351399999932 ], [ -45.263849099999959, -23.837400099999968 ], [ -45.263941099999954, -23.837411299999928 ], [ -45.263994299999979, -23.837441 ], [ -45.264108599999986, -23.837469599999963 ], [ -45.264272299999959, -23.837469499999941 ], [ -45.264458399999967, -23.837481899999943 ], [ -45.264685899999961, -23.837478399999952 ], [ -45.264824699999963, -23.837476299999935 ], [ -45.264836599999967, -23.837509199999943 ], [ -45.264836299999956, -23.83761869999995 ], [ -45.264776299999937, -23.837675499999932 ], [ -45.264805699999954, -23.837751499999968 ], [ -45.264898099999982, -23.837780699999939 ], [ -45.264980599999944, -23.837818399999946 ], [ -45.265040099999965, -23.837878499999931 ], [ -45.265046899999959, -23.837944599999958 ], [ -45.265098399999943, -23.838022799999976 ], [ -45.26516659999993, -23.83809309999998 ], [ -45.265157, -23.83817739999995 ], [ -45.265161899999953, -23.838287 ], [ -45.26524349999994, -23.838331599999947 ], [ -45.265324, -23.83831749999996 ], [ -45.265417199999945, -23.838384899999937 ], [ -45.265522899999951, -23.838378099999943 ], [ -45.265662099999986, -23.838380899999947 ], [ -45.265709899999933, -23.838400599999943 ], [ -45.265847199999939, -23.838446899999951 ], [ -45.265975199999957, -23.838444799999934 ], [ -45.266082, -23.838494099999934 ], [ -45.266183, -23.838533299999938 ], [ -45.266331199999968, -23.838582 ], [ -45.266456199999936, -23.838564599999927 ], [ -45.266495899999939, -23.838602399999957 ], [ -45.266561099999933, -23.838657599999976 ], [ -45.266664099999957, -23.838656 ], [ -45.266686599999957, -23.83852539999998 ], [ -45.266780599999947, -23.83848329999995 ], [ -45.266806499999973, -23.838386 ], [ -45.266939799999932, -23.838361099999929 ], [ -45.266965299999981, -23.838243299999931 ], [ -45.266976099999965, -23.838107899999954 ], [ -45.266989899999942, -23.837982799999963 ], [ -45.266978699999981, -23.837860899999953 ], [ -45.267013199999951, -23.837791799999934 ], [ -45.267095599999948, -23.837810399999967 ], [ -45.267230899999959, -23.837770199999966 ], [ -45.267329699999948, -23.837710199999947 ], [ -45.267441399999939, -23.837736599999971 ], [ -45.267579399999931, -23.83769129999996 ], [ -45.26755849999995, -23.837622899999928 ], [ -45.267532, -23.837547 ], [ -45.267602899999986, -23.837479899999948 ], [ -45.267671199999938, -23.837428099999954 ], [ -45.267733899999939, -23.837371299999973 ], [ -45.267781299999967, -23.837253899999951 ], [ -45.267855899999972, -23.837235 ], [ -45.26791419999995, -23.837234 ], [ -45.26794689999997, -23.83732729999997 ], [ -45.268020399999955, -23.83737949999994 ], [ -45.268124899999975, -23.837441399999932 ], [ -45.268205599999931, -23.837437699999953 ], [ -45.268272799999977, -23.837451899999962 ], [ -45.268369599999971, -23.83742239999998 ], [ -45.268462499999941, -23.837456599999939 ], [ -45.268582699999968, -23.837472599999955 ], [ -45.268711099999962, -23.837483299999974 ], [ -45.268829299999936, -23.837433099999942 ], [ -45.268924099999936, -23.837345099999936 ], [ -45.269012299999986, -23.837234499999965 ], [ -45.269073099999957, -23.837223399999971 ], [ -45.269248399999981, -23.837339099999951 ], [ -45.269416899999953, -23.837409899999955 ], [ -45.269529, -23.837443599999972 ], [ -45.269679099999962, -23.837436199999956 ], [ -45.269792, -23.837399 ], [ -45.269898699999942, -23.837346799999978 ], [ -45.269989399999986, -23.837301 ], [ -45.269994899999972, -23.837300899999946 ], [ -45.27014209999993, -23.837306199999944 ], [ -45.27032029999998, -23.837336299999947 ], [ -45.270434699999953, -23.83737009999993 ], [ -45.270722599999942, -23.837474799999939 ], [ -45.270994199999961, -23.837651699999981 ], [ -45.271151499999974, -23.837743299999943 ], [ -45.271426299999973, -23.837866099999928 ], [ -45.271606399999939, -23.837870799999962 ], [ -45.271735599999943, -23.837853299999949 ], [ -45.271883, -23.837891499999955 ], [ -45.272002699999973, -23.837920099999963 ], [ -45.272134599999958, -23.837976499999968 ], [ -45.272147299999972, -23.838022199999955 ], [ -45.27223609999993, -23.838118 ], [ -45.27236019999998, -23.838192299999946 ], [ -45.272328199999947, -23.838236 ], [ -45.272333899999978, -23.838241 ], [ -45.272441, -23.838305499999933 ], [ -45.272594899999945, -23.838252199999943 ], [ -45.27270539999995, -23.838265899999953 ], [ -45.272825, -23.838282199999981 ], [ -45.272918, -23.838342799999964 ], [ -45.273023599999931, -23.838432299999965 ], [ -45.273158599999931, -23.838437399999975 ], [ -45.273158499999965, -23.838568899999927 ], [ -45.273247399999946, -23.838622199999975 ], [ -45.273297299999967, -23.838570199999936 ], [ -45.273379399999953, -23.838583799999981 ], [ -45.273455499999955, -23.838615399999981 ], [ -45.273563599999932, -23.83865359999993 ], [ -45.273679399999935, -23.838688 ], [ -45.273786899999948, -23.838711699999976 ], [ -45.273881599999982, -23.838699 ], [ -45.273954, -23.83874869999994 ], [ -45.274034, -23.838791 ], [ -45.274023799999952, -23.838860499999953 ], [ -45.274103299999979, -23.838884399999984 ], [ -45.274125199999958, -23.838971599999979 ], [ -45.274164499999983, -23.839015699999948 ], [ -45.274236799999983, -23.839058299999976 ], [ -45.274276899999961, -23.839083099999982 ], [ -45.274318, -23.839151499999957 ], [ -45.27433549999995, -23.839234899999951 ], [ -45.274395799999979, -23.839273899999966 ], [ -45.274464799999976, -23.839352799999972 ], [ -45.274414499999978, -23.839411899999959 ], [ -45.274467199999947, -23.839469299999962 ], [ -45.274507899999946, -23.839523199999974 ], [ -45.27456449999994, -23.839576799999975 ], [ -45.274456899999961, -23.839787199999932 ], [ -45.274505199999965, -23.840019299999938 ], [ -45.274605099999974, -23.840194499999939 ], [ -45.274766, -23.840332299999943 ], [ -45.274861, -23.840479399999936 ], [ -45.274999199999968, -23.840597599999967 ], [ -45.275076299999967, -23.840725099999929 ], [ -45.275259099999971, -23.840909699999941 ], [ -45.275361499999974, -23.840984299999946 ], [ -45.275464399999976, -23.841099199999974 ], [ -45.275572299999965, -23.841242299999976 ], [ -45.275723899999946, -23.841368699999975 ], [ -45.275888299999963, -23.841458799999941 ], [ -45.276057199999968, -23.841556799999978 ], [ -45.276181399999984, -23.841615199999978 ], [ -45.276323499999933, -23.841685299999938 ], [ -45.276447899999937, -23.841755699999965 ], [ -45.276575, -23.841749399999969 ], [ -45.276679499999943, -23.841715199999953 ], [ -45.276772, -23.841733799999929 ], [ -45.276885199999981, -23.841885199999979 ], [ -45.277002799999934, -23.841854799999965 ], [ -45.277105899999981, -23.84177219999998 ], [ -45.277206199999966, -23.841758399999947 ], [ -45.277238599999976, -23.841826399999945 ], [ -45.27731579999994, -23.841934 ], [ -45.277422499999943, -23.842043 ], [ -45.277552699999944, -23.842185699999959 ], [ -45.277668899999981, -23.842280399999936 ], [ -45.277814899999953, -23.84233839999996 ], [ -45.277960499999949, -23.842376199999933 ], [ -45.278052299999956, -23.842366599999934 ], [ -45.278102799999942, -23.842293299999938 ], [ -45.278283199999976, -23.842326599999978 ], [ -45.27849509999993, -23.842391499999962 ], [ -45.278569299999958, -23.842386199999964 ], [ -45.278644199999974, -23.842409099999941 ], [ -45.27871, -23.84242009999997 ], [ -45.278763199999958, -23.842447299999947 ], [ -45.278799799999945, -23.842511099999967 ], [ -45.278871099999947, -23.842562099999952 ], [ -45.278917399999955, -23.842662 ], [ -45.27898829999998, -23.842713599999968 ], [ -45.279068199999983, -23.842760599999963 ], [ -45.279157099999964, -23.842815399999949 ], [ -45.279223799999954, -23.842858499999977 ], [ -45.279282099999932, -23.842917899999975 ], [ -45.27925289999996, -23.842982799999959 ], [ -45.279223599999966, -23.843047799999965 ], [ -45.27924239999993, -23.84310389999996 ], [ -45.279320599999949, -23.843070299999965 ], [ -45.279370399999948, -23.843141899999978 ], [ -45.27942349999995, -23.84316519999993 ], [ -45.27945189999997, -23.84326139999996 ], [ -45.279489499999954, -23.84337359999995 ], [ -45.279582499999947, -23.843412299999954 ], [ -45.279705499999977, -23.843422299999929 ], [ -45.279743499999938, -23.843357099999935 ], [ -45.279812699999979, -23.843323599999962 ], [ -45.279870799999969, -23.843374899999958 ], [ -45.279932899999949, -23.843410099999971 ], [ -45.279978099999937, -23.843465699999967 ], [ -45.280093, -23.84352789999997 ], [ -45.280164499999955, -23.843591099999969 ], [ -45.280231299999969, -23.84363819999993 ], [ -45.280324099999973, -23.843668899999955 ], [ -45.280426399999953, -23.843731599999956 ], [ -45.280555599999957, -23.843826 ], [ -45.280716599999948, -23.843968199999949 ], [ -45.280772299999967, -23.844108199999937 ], [ -45.280842099999973, -23.84429229999995 ], [ -45.280898299999933, -23.844460499999968 ], [ -45.280919199999971, -23.844633299999941 ], [ -45.28092179999993, -23.844766199999981 ], [ -45.280742799999985, -23.845047399999942 ], [ -45.280708899999979, -23.845263399999965 ], [ -45.280726199999947, -23.845484599999963 ], [ -45.280730699999935, -23.845492599999943 ], [ -45.280754299999955, -23.845810399999948 ], [ -45.281487599999934, -23.845782299999939 ], [ -45.281943899999931, -23.845601099999953 ], [ -45.282695299999943, -23.845426699999962 ], [ -45.283245399999942, -23.84515829999998 ], [ -45.283359599999983, -23.845135499999969 ], [ -45.283580899999947, -23.845091199999956 ], [ -45.284037099999978, -23.844950399999959 ], [ -45.284292, -23.844675299999949 ], [ -45.284419499999956, -23.844393499999967 ], [ -45.284768399999962, -23.844017799999961 ], [ -45.285097099999973, -23.843823199999974 ], [ -45.285325199999932, -23.84372929999995 ], [ -45.285727799999961, -23.843447499999968 ], [ -45.285761299999933, -23.843138899999929 ], [ -45.285707599999967, -23.842917499999942 ], [ -45.285768, -23.842662599999983 ], [ -45.285922299999982, -23.842380799999944 ], [ -45.286237599999936, -23.842105699999934 ], [ -45.286526099999946, -23.841998399999966 ], [ -45.286747499999933, -23.841844099999946 ], [ -45.287036, -23.841656199999932 ], [ -45.287270799999931, -23.841542199999935 ], [ -45.287518299999931, -23.841424199999949 ], [ -45.28778, -23.840907 ], [ -45.287505, -23.840903 ], [ -45.287041, -23.840941 ], [ -45.286604, -23.840921 ], [ -45.285892, -23.840817 ], [ -45.28536, -23.841177 ], [ -45.284966, -23.841504 ], [ -45.283485, -23.841698 ], [ -45.282561, -23.841589 ], [ -45.281899, -23.841531 ], [ -45.280978, -23.841307 ], [ -45.27987, -23.841011 ], [ -45.27911, -23.840859 ], [ -45.278381, -23.840373 ], [ -45.277912, -23.840053 ], [ -45.277546, -23.839562 ], [ -45.277031, -23.839045 ], [ -45.276628, -23.838542 ], [ -45.275961, -23.838091 ], [ -45.27518, -23.837743 ], [ -45.274182, -23.837575 ], [ -45.273074, -23.837313 ], [ -45.272156, -23.836904 ], [ -45.271439, -23.836453 ], [ -45.271037, -23.835915 ], [ -45.270913, -23.835209 ], [ -45.270862, -23.834642 ], [ -45.270961, -23.834032 ], [ -45.271158, -23.833574 ], [ -45.27104, -23.833226 ], [ -45.270505, -23.833078 ], [ -45.270187, -23.833338 ], [ -45.269746, -23.833503 ], [ -45.269319, -23.833553 ], [ -45.268674, -23.833276 ], [ -45.267868, -23.832916 ], [ -45.267559, -23.832714 ], [ -45.267012, -23.833166 ], [ -45.266595, -23.833401 ], [ -45.265782, -23.833987 ], [ -45.265319, -23.833979 ], [ -45.264602, -23.834197 ], [ -45.263779, -23.834067 ], [ -45.263556, -23.835217 ], [ -45.263483, -23.836347 ] ] ] } },
{ "type": "Feature", "properties": { "id": "3520400010", "cd_bairro": "3520400010", "bairro": "Pacoíba", "cd_mun": "3520400", "municipio": "Ilhabela", "cd_dist": "352040005", "distrito": "Ilhabela" }, "geometry": { "type": "Polygon", "coordinates": [ [ [ -45.303067599999963, -23.731618699999956 ], [ -45.30313, -23.732055 ], [ -45.303075, -23.732807 ], [ -45.303281, -23.733418 ], [ -45.303586, -23.733995 ], [ -45.303853, -23.734502 ], [ -45.304434, -23.735285 ], [ -45.304953, -23.735328 ], [ -45.304814, -23.734713 ], [ -45.304731, -23.733835 ], [ -45.304687, -23.733568 ], [ -45.304696, -23.733107 ], [ -45.304879, -23.73266 ], [ -45.305622, -23.732419 ], [ -45.305959, -23.732425 ], [ -45.306853, -23.732741 ], [ -45.307259, -23.733082 ], [ -45.308395, -23.733183 ], [ -45.309039, -23.733471 ], [ -45.309511, -23.733653 ], [ -45.310144, -23.733248 ], [ -45.310845, -23.732556 ], [ -45.311242, -23.732055 ], [ -45.311904, -23.731455 ], [ -45.312901, -23.730987 ], [ -45.313724, -23.730448 ], [ -45.314686, -23.730464 ], [ -45.315502, -23.730305 ], [ -45.315976399999954, -23.729320899999948 ], [ -45.316378, -23.728993 ], [ -45.316892, -23.728887 ], [ -45.317546, -23.72869 ], [ -45.317873, -23.728615 ], [ -45.318632899999955, -23.728609199999937 ], [ -45.318638399999941, -23.728609099999971 ], [ -45.318674599999952, -23.728608799999961 ], [ -45.318711899999983, -23.72860849999995 ], [ -45.320291, -23.728334 ], [ -45.32067, -23.728121 ], [ -45.320967, -23.727653 ], [ -45.321104, -23.727009 ], [ -45.321366, -23.726379 ], [ -45.322542, -23.72573 ], [ -45.323792, -23.72507 ], [ -45.32492, -23.724293 ], [ -45.325613, -23.723994 ], [ -45.326678, -23.723874 ], [ -45.327557, -23.723658 ], [ -45.3281, -23.723367 ], [ -45.3294, -23.72339 ], [ -45.330261, -23.723474 ], [ -45.330447399999969, -23.723528599999952 ], [ -45.330585699999972, -23.723569 ], [ -45.330660399999942, -23.723591599999963 ], [ -45.330758, -23.723621 ], [ -45.331212, -23.723949 ], [ -45.331449, -23.724118 ], [ -45.332044, -23.72437 ], [ -45.332706, -23.724382 ], [ -45.332943, -23.72440359999996 ], [ -45.333258499999943, -23.723584499999959 ], [ -45.333271, -23.723551799999939 ], [ -45.333285399999966, -23.72351539999994 ], [ -45.333456199999944, -23.723073 ], [ -45.333534099999952, -23.722873199999981 ], [ -45.333593499999949, -23.722729099999981 ], [ -45.333571899999981, -23.722577499999943 ], [ -45.333486199999982, -23.722561499999983 ], [ -45.333358099999941, -23.722563499999978 ], [ -45.333210599999973, -23.72255279999996 ], [ -45.333079299999952, -23.722663299999965 ], [ -45.33302969999994, -23.722824499999945 ], [ -45.332954899999947, -23.722895 ], [ -45.33270669999996, -23.722812099999942 ], [ -45.332577899999933, -23.722770699999955 ], [ -45.332416399999943, -23.722760199999982 ], [ -45.332226499999933, -23.722741499999927 ], [ -45.33202689999996, -23.722714199999928 ], [ -45.33188819999998, -23.722642699999938 ], [ -45.331734299999937, -23.722523899999942 ], [ -45.33154849999994, -23.722470499999929 ], [ -45.331288899999947, -23.722522199999958 ], [ -45.331116099999974, -23.722633199999962 ], [ -45.331012199999975, -23.722643499999947 ], [ -45.330803599999967, -23.722629499999982 ], [ -45.33060439999997, -23.722611 ], [ -45.330362199999968, -23.722571499999958 ], [ -45.330096, -23.722519499999976 ], [ -45.329901699999937, -23.722505199999944 ], [ -45.329743699999938, -23.722480599999983 ], [ -45.32950429999994, -23.722495599999945 ], [ -45.329324399999962, -23.722425399999963 ], [ -45.329248199999938, -23.722319699999957 ], [ -45.328978399999983, -23.722352099999966 ], [ -45.328622099999961, -23.722374699999932 ], [ -45.328387799999973, -23.722355899999968 ], [ -45.328135599999939, -23.722371299999963 ], [ -45.327964699999939, -23.722435899999937 ], [ -45.327703499999984, -23.722586499999977 ], [ -45.32741029999994, -23.722698199999968 ], [ -45.327001, -23.722834199999966 ], [ -45.326779299999941, -23.722915 ], [ -45.326503099999968, -23.722851799999944 ], [ -45.326226099999985, -23.722867599999972 ], [ -45.326038899999958, -23.722816099999932 ], [ -45.325769099999945, -23.722881 ], [ -45.325463199999945, -23.722970199999963 ], [ -45.325281199999949, -23.723096699999928 ], [ -45.325155299999949, -23.723255699999982 ], [ -45.324922, -23.72327649999994 ], [ -45.324718799999971, -23.723268699999949 ], [ -45.324430699999937, -23.723318499999948 ], [ -45.324109599999986, -23.723290399999939 ], [ -45.323835699999961, -23.723435399999971 ], [ -45.323583599999949, -23.723479399999974 ], [ -45.323320599999931, -23.723585199999945 ], [ -45.323078499999951, -23.723734799999932 ], [ -45.322852699999942, -23.723805699999957 ], [ -45.322663299999931, -23.723853599999927 ], [ -45.322463199999959, -23.723744799999963 ], [ -45.322283599999935, -23.723702799999955 ], [ -45.322085299999969, -23.723655399999927 ], [ -45.321836299999973, -23.72375459999995 ], [ -45.321625899999958, -23.723718699999949 ], [ -45.321466199999975, -23.723726899999974 ], [ -45.32134259999998, -23.72374259999998 ], [ -45.321187499999951, -23.723655099999974 ], [ -45.321088, -23.72358909999997 ], [ -45.320903899999962, -23.723620199999971 ], [ -45.320726199999967, -23.723668099999941 ], [ -45.320605199999932, -23.723782599999936 ], [ -45.320619, -23.723866699999974 ], [ -45.320477399999959, -23.72385769999994 ], [ -45.32018039999997, -23.723772499999939 ], [ -45.319939, -23.723703299999954 ], [ -45.319740199999956, -23.723616399999969 ], [ -45.319577599999946, -23.723489299999983 ], [ -45.319485499999985, -23.723507699999971 ], [ -45.319257, -23.723477499999944 ], [ -45.318972099999939, -23.72340319999995 ], [ -45.318818, -23.7234 ], [ -45.318597699999941, -23.723482499999932 ], [ -45.318415099999982, -23.723598199999969 ], [ -45.318233599999985, -23.72375889999995 ], [ -45.318168, -23.723861399999976 ], [ -45.318109, -23.723997699999927 ], [ -45.318205699999965, -23.724210299999982 ], [ -45.318276399999945, -23.724349899999936 ], [ -45.318334199999981, -23.724455899999953 ], [ -45.318195, -23.724576499999955 ], [ -45.318065899999965, -23.724606899999969 ], [ -45.317923199999939, -23.72457559999998 ], [ -45.317735299999981, -23.724437899999941 ], [ -45.317665499999976, -23.724343199999964 ], [ -45.317516199999943, -23.724283699999944 ], [ -45.317338899999982, -23.724359899999968 ], [ -45.317230799999948, -23.724513899999977 ], [ -45.31716629999994, -23.724678499999982 ], [ -45.317218499999967, -23.724824199999944 ], [ -45.317313299999967, -23.724929699999961 ], [ -45.317372, -23.725086499999975 ], [ -45.317437499999983, -23.725277 ], [ -45.317458899999963, -23.725401099999942 ], [ -45.317437899999959, -23.725598799999943 ], [ -45.317490499999963, -23.725750099999971 ], [ -45.317456899999968, -23.725914 ], [ -45.317428899999982, -23.726055299999928 ], [ -45.31731579999996, -23.726265799999965 ], [ -45.317265799999973, -23.726414499999976 ], [ -45.317126799999983, -23.726546399999961 ], [ -45.316944899999953, -23.72669019999995 ], [ -45.316793, -23.726794 ], [ -45.316566499999965, -23.726865299999929 ], [ -45.316376899999966, -23.726924599999961 ], [ -45.31614339999993, -23.72693959999998 ], [ -45.315939399999934, -23.726897799999961 ], [ -45.315594499999975, -23.726886399999955 ], [ -45.31540769999998, -23.726799199999959 ], [ -45.315226299999949, -23.726683799999932 ], [ -45.315074699999968, -23.726528299999927 ], [ -45.31495979999994, -23.726366599999949 ], [ -45.314846299999942, -23.726238699999953 ], [ -45.314751, -23.726093499999934 ], [ -45.314639499999942, -23.726061399999935 ], [ -45.314593899999977, -23.726248299999952 ], [ -45.314611099999979, -23.726463599999931 ], [ -45.314596799999947, -23.726683799999932 ], [ -45.314593799999955, -23.726853 ], [ -45.314547699999935, -23.727017299999943 ], [ -45.314445899999953, -23.727171099999964 ], [ -45.314387699999941, -23.727346699999941 ], [ -45.314275099999975, -23.727573799999959 ], [ -45.314168299999949, -23.727783899999963 ], [ -45.314054499999941, -23.727943299999936 ], [ -45.31397069999997, -23.728068599999972 ], [ -45.31394819999997, -23.728181599999971 ], [ -45.313800799999967, -23.728206899999975 ], [ -45.313665699999945, -23.728226 ], [ -45.313580599999966, -23.72828949999996 ], [ -45.313491099999965, -23.728443199999958 ], [ -45.313500199999964, -23.728583499999957 ], [ -45.313429, -23.728714 ], [ -45.313387099999943, -23.728776699999969 ], [ -45.31323969999994, -23.728819099999953 ], [ -45.313090399999965, -23.728765799999962 ], [ -45.312941899999942, -23.728734399999951 ], [ -45.312881899999979, -23.728814199999931 ], [ -45.312798199999975, -23.728950899999973 ], [ -45.312869, -23.729101899999932 ], [ -45.312953, -23.729262799999958 ], [ -45.313046799999938, -23.729319299999929 ], [ -45.313116499999978, -23.729402599999958 ], [ -45.313144199999954, -23.729531399999928 ], [ -45.31304769999997, -23.729623 ], [ -45.312871299999983, -23.729727099999934 ], [ -45.312697499999956, -23.729679499999975 ], [ -45.312548199999981, -23.72963139999996 ], [ -45.312346199999979, -23.729696699999977 ], [ -45.312094599999966, -23.729768499999977 ], [ -45.311862499999961, -23.729868 ], [ -45.311592599999983, -23.729917399999977 ], [ -45.311372899999981, -23.729982599999971 ], [ -45.311036199999933, -23.730078099999957 ], [ -45.310928899999965, -23.730167599999959 ], [ -45.310797, -23.730254799999955 ], [ -45.310629, -23.730284099999949 ], [ -45.310465799999974, -23.730265399999951 ], [ -45.310330499999964, -23.730193 ], [ -45.310187599999949, -23.73031229999998 ], [ -45.309862199999941, -23.730349399999966 ], [ -45.309696599999938, -23.730511699999965 ], [ -45.309624299999939, -23.73066179999995 ], [ -45.309646399999963, -23.730868799999939 ], [ -45.309671599999945, -23.730953299999953 ], [ -45.309593699999937, -23.731113899999968 ], [ -45.309468599999946, -23.731248799999946 ], [ -45.309313, -23.731320399999959 ], [ -45.309116299999971, -23.731387599999948 ], [ -45.308882099999948, -23.731588 ], [ -45.30862819999993, -23.73168789999994 ], [ -45.308407299999942, -23.731723599999953 ], [ -45.308036499999957, -23.73178269999994 ], [ -45.307811699999945, -23.731844499999966 ], [ -45.30762679999998, -23.731910299999981 ], [ -45.307515899999942, -23.73186979999997 ], [ -45.307357799999977, -23.731798 ], [ -45.307141599999966, -23.731732299999976 ], [ -45.307053, -23.731654 ], [ -45.3069, -23.731555399999934 ], [ -45.306743099999949, -23.731552499999964 ], [ -45.306540499999983, -23.731587499999932 ], [ -45.306384099999946, -23.731600499999956 ], [ -45.306256299999973, -23.731591899999955 ], [ -45.306095, -23.731642199999953 ], [ -45.306011299999966, -23.731526699999961 ], [ -45.305968099999973, -23.731410499999981 ], [ -45.30584529999993, -23.731369899999947 ], [ -45.305630099999973, -23.731341399999963 ], [ -45.305476599999963, -23.731354099999976 ], [ -45.305337, -23.731410599999947 ], [ -45.30515459999998, -23.731435099999942 ], [ -45.304932399999984, -23.73140449999994 ], [ -45.304678799999976, -23.731441899999936 ], [ -45.304524399999934, -23.731448499999942 ], [ -45.30436, -23.731426 ], [ -45.304178799999931, -23.731462099999931 ], [ -45.303983399999936, -23.731469299999958 ], [ -45.303737799999965, -23.73148139999995 ], [ -45.303564599999959, -23.731484 ], [ -45.303362099999958, -23.731564 ], [ -45.303221299999962, -23.731570399999953 ], [ -45.303067599999963, -23.731618699999956 ] ] ] } },
{ "type": "Feature", "properties": { "id": "3520400021", "cd_bairro": "3520400021", "bairro": "Perequê", "cd_mun": "3520400", "municipio": "Ilhabela", "cd_dist": "352040005", "distrito": "Ilhabela" }, "geometry": { "type": "Polygon", "coordinates": [ [ [ -45.367212099999961, -23.811612 ], [ -45.367153299999984, -23.811484199999938 ], [ -45.367074, -23.811399599999959 ], [ -45.367033099999958, -23.811359899999957 ], [ -45.366921599999955, -23.81139109999998 ], [ -45.36683759999994, -23.811396199999933 ], [ -45.366712099999972, -23.811324899999931 ], [ -45.36657189999994, -23.811121899999932 ], [ -45.366493599999956, -23.811009499999955 ], [ -45.366458799999975, -23.810874399999932 ], [ -45.366389799999979, -23.810730899999953 ], [ -45.366349, -23.810571799999934 ], [ -45.366240599999969, -23.810275199999978 ], [ -45.366144299999974, -23.810076299999935 ], [ -45.366041699999982, -23.80987749999997 ], [ -45.365975099999957, -23.809705 ], [ -45.365947399999982, -23.809531799999945 ], [ -45.365934, -23.809349499999939 ], [ -45.365872899999943, -23.809208 ], [ -45.365808199999947, -23.809133399999951 ], [ -45.365731099999948, -23.809006 ], [ -45.36569, -23.808890899999938 ], [ -45.365687399999956, -23.808761899999979 ], [ -45.365654699999936, -23.808579899999927 ], [ -45.365638, -23.80846889999998 ], [ -45.36562559999993, -23.808331099999975 ], [ -45.365608799999961, -23.808220099999971 ], [ -45.365597499999978, -23.808140099999946 ], [ -45.365586099999973, -23.808051299999931 ], [ -45.365584399999932, -23.807963899999947 ], [ -45.365597299999934, -23.807874699999957 ], [ -45.365575499999977, -23.807754799999941 ], [ -45.365553699999964, -23.807635 ], [ -45.365551799999935, -23.807537099999934 ], [ -45.365535699999953, -23.807457199999931 ], [ -45.365523799999949, -23.807346099999961 ], [ -45.365522299999952, -23.807270499999959 ], [ -45.365491299999974, -23.807177499999966 ], [ -45.365475899999979, -23.807115799999963 ], [ -45.365470199999947, -23.807093299999963 ], [ -45.365458099999955, -23.806968799999936 ], [ -45.365451499999949, -23.806879899999956 ], [ -45.365454499999942, -23.806782 ], [ -45.365452399999981, -23.806648099999961 ], [ -45.36547429999996, -23.806523099999936 ], [ -45.365476799999954, -23.806402899999966 ], [ -45.365494099999978, -23.806291399999964 ], [ -45.365506899999957, -23.806197699999927 ], [ -45.365509799999984, -23.806095299999981 ], [ -45.36553239999995, -23.806010299999969 ], [ -45.365545099999963, -23.805912199999966 ], [ -45.365558299999975, -23.805840799999942 ], [ -45.365566299999955, -23.805751599999951 ], [ -45.365564799999959, -23.80567149999996 ], [ -45.36557259999995, -23.80557349999998 ], [ -45.365570899999966, -23.805484499999977 ], [ -45.365583799999968, -23.805399699999953 ], [ -45.36559219999998, -23.805332799999974 ], [ -45.36557629999993, -23.805261799999982 ], [ -45.36556029999997, -23.805190799999934 ], [ -45.36554579999995, -23.805143299999941 ], [ -45.365484599999945, -23.805131199999948 ], [ -45.365391099999954, -23.805113 ], [ -45.36536469999993, -23.805047799999954 ], [ -45.365376499999968, -23.804916499999933 ], [ -45.365391799999941, -23.804781799999944 ], [ -45.365385099999969, -23.804703199999949 ], [ -45.365408099999968, -23.804587499999968 ], [ -45.365283, -23.804479 ], [ -45.364959, -23.804337 ], [ -45.364754, -23.804264 ], [ -45.364561, -23.804133 ], [ -45.364463, -23.803963 ], [ -45.364367, -23.803702 ], [ -45.364176, -23.803682 ], [ -45.364042, -23.803704 ], [ -45.363896, -23.803734 ], [ -45.363769, -23.803785 ], [ -45.363659, -23.803854 ], [ -45.363517, -23.803896 ], [ -45.363367, -23.803915 ], [ -45.362708, -23.803962 ], [ -45.362501699999939, -23.804012399999976 ], [ -45.362336699999958, -23.804204899999945 ], [ -45.362173499999983, -23.804332799999941 ], [ -45.361828199999934, -23.804322799999966 ], [ -45.36147, -23.804324 ], [ -45.361276799999985, -23.80436839999993 ], [ -45.361049599999944, -23.80432159999998 ], [ -45.360808399999939, -23.804281399999979 ], [ -45.360448399999939, -23.804279799999961 ], [ -45.36022829999996, -23.804304199999933 ], [ -45.359989799999937, -23.804336599999942 ], [ -45.359748199999956, -23.80432339999993 ], [ -45.35967549999998, -23.804381099999944 ], [ -45.359631599999943, -23.804512099999954 ], [ -45.359667599999966, -23.804633 ], [ -45.359636899999941, -23.804648399999962 ], [ -45.359486799999956, -23.804722599999934 ], [ -45.359059799999955, -23.804769199999953 ], [ -45.358803199999954, -23.804738899999961 ], [ -45.358566, -23.804710899999975 ], [ -45.35780909999994, -23.804528799999957 ], [ -45.357129599999951, -23.804294699999957 ], [ -45.35654459999995, -23.804067499999974 ], [ -45.355935899999963, -23.803687399999944 ], [ -45.355563399999937, -23.803394199999957 ], [ -45.355321599999968, -23.80317539999993 ], [ -45.355011, -23.802839 ], [ -45.354115, -23.802627 ], [ -45.35317, -23.802322 ], [ -45.352298, -23.8021 ], [ -45.350696, -23.802153 ], [ -45.350119, -23.80227 ], [ -45.349527, -23.802468 ], [ -45.349159, -23.802738 ], [ -45.348924, -23.803254 ], [ -45.348762, -23.803863 ], [ -45.34822, -23.804073 ], [ -45.349845, -23.804727 ], [ -45.350077, -23.805107 ], [ -45.350278, -23.805373 ], [ -45.350545, -23.805765 ], [ -45.35086, -23.806084 ], [ -45.351204, -23.806404 ], [ -45.351626, -23.806609 ], [ -45.35204, -23.806832 ], [ -45.352491, -23.807078 ], [ -45.352898, -23.807377 ], [ -45.353336, -23.807715 ], [ -45.353675, -23.808047 ], [ -45.354033, -23.808386 ], [ -45.354354, -23.808753 ], [ -45.354589, -23.809 ], [ -45.354907, -23.809279 ], [ -45.355226, -23.809474 ], [ -45.355563, -23.809654 ], [ -45.355829, -23.809844 ], [ -45.356063, -23.810082 ], [ -45.356152, -23.810168099999942 ], [ -45.35631, -23.810321 ], [ -45.35657, -23.810487 ], [ -45.356962, -23.810709 ], [ -45.357096, -23.810878 ], [ -45.357363, -23.811042 ], [ -45.357635, -23.811299 ], [ -45.357949, -23.81162 ], [ -45.358141, -23.811798 ], [ -45.358679, -23.812262 ], [ -45.359021899999959, -23.81260489999994 ], [ -45.359094, -23.812677 ], [ -45.359438, -23.812982 ], [ -45.359453899999949, -23.81300269999997 ], [ -45.359694, -23.813314 ], [ -45.359785, -23.813536 ], [ -45.359848, -23.813705 ], [ -45.360012, -23.813974 ], [ -45.360258, -23.81417 ], [ -45.360599, -23.814422 ], [ -45.360842799999944, -23.814687599999957 ], [ -45.361388, -23.815267 ], [ -45.362179899999944, -23.815940299999966 ], [ -45.362716, -23.816396 ], [ -45.364247299999931, -23.817923199999939 ], [ -45.364480599999979, -23.818171 ], [ -45.364565099999936, -23.818308 ], [ -45.364572, -23.818444199999931 ], [ -45.364549499999953, -23.818558699999983 ], [ -45.36446019999994, -23.818790899999954 ], [ -45.36424059999996, -23.818806499999937 ], [ -45.363929, -23.818783 ], [ -45.363639, -23.818862 ], [ -45.363484799999981, -23.818900499999927 ], [ -45.363270299999954, -23.819046399999934 ], [ -45.363316, -23.819057699999973 ], [ -45.363439899999946, -23.819088399999941 ], [ -45.363701799999944, -23.819193899999959 ], [ -45.363860899999963, -23.819281899999964 ], [ -45.364031299999965, -23.819406899999933 ], [ -45.364133599999946, -23.819537499999967 ], [ -45.364193199999931, -23.819693699999959 ], [ -45.364196, -23.819938 ], [ -45.36412219999994, -23.820125499999961 ], [ -45.363722, -23.820547599999941 ], [ -45.363670599999978, -23.820744599999955 ], [ -45.363650699999937, -23.820954799999981 ], [ -45.363705099999947, -23.821082799999942 ], [ -45.364687199999935, -23.82116 ], [ -45.364950399999941, -23.821221 ], [ -45.365160599999967, -23.82133749999997 ], [ -45.365393499999982, -23.821414199999936 ], [ -45.365641799999935, -23.821445199999971 ], [ -45.365678099999968, -23.821442399999967 ], [ -45.365750799999944, -23.821436299999959 ], [ -45.365879099999972, -23.821405599999935 ], [ -45.366211499999963, -23.821195499999931 ], [ -45.366609, -23.820835 ], [ -45.366836299999932, -23.820596199999954 ], [ -45.367069199999946, -23.820390299999929 ], [ -45.368140299999936, -23.819812699999943 ], [ -45.36838849999998, -23.819661 ], [ -45.368451299999947, -23.819617799999946 ], [ -45.36863139999997, -23.819479899999976 ], [ -45.368818799999985, -23.81938619999994 ], [ -45.368935299999976, -23.819360699999947 ], [ -45.36908, -23.819316 ], [ -45.369156799999985, -23.81930669999997 ], [ -45.369281799999953, -23.819298199999935 ], [ -45.369398199999978, -23.819360699999947 ], [ -45.36965669999995, -23.819579399999952 ], [ -45.369875399999955, -23.819727099999966 ], [ -45.37017359999993, -23.819837799999959 ], [ -45.370270199999936, -23.819874699999957 ], [ -45.370398, -23.819866199999979 ], [ -45.370557099999985, -23.81980939999994 ], [ -45.37068359999995, -23.81976949999995 ], [ -45.371528399999931, -23.819894599999941 ], [ -45.371755599999972, -23.819874699999957 ], [ -45.371965799999941, -23.819812299999967 ], [ -45.372096499999941, -23.819778199999973 ], [ -45.372235699999976, -23.819684399999971 ], [ -45.372414599999956, -23.81950269999993 ], [ -45.37266939999995, -23.819186099999968 ], [ -45.372733299999936, -23.819089799999972 ], [ -45.372738, -23.818985599999962 ], [ -45.372685899999965, -23.818866699999944 ], [ -45.372612799999956, -23.818758299999956 ], [ -45.37257429999994, -23.818675799999937 ], [ -45.372516, -23.818598799999961 ], [ -45.372454399999981, -23.818496599999946 ], [ -45.372398899999951, -23.818419499999948 ], [ -45.372331899999949, -23.818329699999936 ], [ -45.372276299999953, -23.81825 ], [ -45.372209299999952, -23.818162799999982 ], [ -45.372147899999959, -23.818072899999947 ], [ -45.372069099999976, -23.817962399999942 ], [ -45.372005199999933, -23.817890699999964 ], [ -45.371952499999963, -23.817809299999965 ], [ -45.371894399999974, -23.81774269999994 ], [ -45.371785599999953, -23.817643699999962 ], [ -45.371687899999984, -23.817553199999963 ], [ -45.371557099999961, -23.817424199999948 ], [ -45.371509699999933, -23.817354 ], [ -45.371456399999943, -23.81731439999993 ], [ -45.371458399999938, -23.817272799999955 ], [ -45.371477099999936, -23.817210199999977 ], [ -45.371501699999953, -23.817163 ], [ -45.37150029999998, -23.817087699999945 ], [ -45.371482, -23.817025599999965 ], [ -45.371446599999956, -23.816958599999964 ], [ -45.371396899999979, -23.816884099999982 ], [ -45.371370299999967, -23.81683 ], [ -45.371346399999936, -23.816755899999976 ], [ -45.371307799999954, -23.816699299999982 ], [ -45.371334199999978, -23.816646299999945 ], [ -45.371393499999954, -23.816608699999961 ], [ -45.371410199999957, -23.816565 ], [ -45.371370899999931, -23.816476399999942 ], [ -45.371355499999936, -23.816453799999977 ], [ -45.371308299999953, -23.816470599999946 ], [ -45.37126829999994, -23.816469 ], [ -45.371237099999973, -23.816405399999951 ], [ -45.371198599999957, -23.816358 ], [ -45.371169599999973, -23.816278499999953 ], [ -45.37113549999998, -23.816194399999972 ], [ -45.371119399999941, -23.816139799999974 ], [ -45.371082899999976, -23.816060299999947 ], [ -45.371014, -23.815909799999929 ], [ -45.370953699999973, -23.815764399999978 ], [ -45.370895699999949, -23.815607499999942 ], [ -45.37076, -23.815698899999973 ], [ -45.370713799999976, -23.815637899999956 ], [ -45.37066029999994, -23.815583899999979 ], [ -45.370598599999937, -23.81549339999998 ], [ -45.37057249999998, -23.815436699999964 ], [ -45.37054349999994, -23.815357199999937 ], [ -45.37051729999996, -23.81529809999995 ], [ -45.370527099999947, -23.815223599999968 ], [ -45.370420399999944, -23.815084399999932 ], [ -45.370285, -23.815039 ], [ -45.370196399999941, -23.814853 ], [ -45.370179099999973, -23.814747699999941 ], [ -45.37018779999994, -23.814683499999944 ], [ -45.370247, -23.814643699999976 ], [ -45.370273299999951, -23.81458379999998 ], [ -45.370265699999948, -23.814578399999959 ], [ -45.370245399999931, -23.814563699999951 ], [ -45.370151299999975, -23.81460409999994 ], [ -45.370077199999969, -23.814648699999964 ], [ -45.37000809999995, -23.814695599999936 ], [ -45.369955399999981, -23.814685 ], [ -45.369872099999952, -23.814642899999967 ], [ -45.369815699999947, -23.81457649999993 ], [ -45.369756299999949, -23.814500099999975 ], [ -45.369705499999952, -23.814407199999948 ], [ -45.369650499999977, -23.814332799999931 ], [ -45.369613499999957, -23.814262099999951 ], [ -45.369563199999959, -23.814171599999952 ], [ -45.369512499999985, -23.814103499999931 ], [ -45.369429699999955, -23.813986 ], [ -45.369389399999932, -23.813915399999928 ], [ -45.36931949999996, -23.813797699999952 ], [ -45.369261399999971, -23.813746299999934 ], [ -45.36920269999996, -23.813666499999954 ], [ -45.369142499999953, -23.813565099999948 ], [ -45.369065, -23.813457 ], [ -45.369027699999947, -23.813405399999965 ], [ -45.368966099999966, -23.813311299999953 ], [ -45.368925499999932, -23.813228799999933 ], [ -45.36886869999995, -23.813115599999946 ], [ -45.368775699999958, -23.81300779999998 ], [ -45.368717, -23.812930299999948 ], [ -45.368679199999974, -23.812857199999939 ], [ -45.368652, -23.812795799999947 ], [ -45.36861209999995, -23.812748899999974 ], [ -45.368569, -23.812666399999955 ], [ -45.368544399999962, -23.812605 ], [ -45.368518599999959, -23.812544699999933 ], [ -45.368501699999968, -23.812476 ], [ -45.368479499999978, -23.812407499999949 ], [ -45.368441599999983, -23.812327299999936 ], [ -45.368425299999956, -23.812291899999934 ], [ -45.368363299999942, -23.812307099999941 ], [ -45.368293699999981, -23.81233919999994 ], [ -45.368237199999953, -23.812373399999956 ], [ -45.368136899999968, -23.812420199999963 ], [ -45.368093299999941, -23.812449399999934 ], [ -45.368011099999933, -23.812495899999931 ], [ -45.367956499999934, -23.812489599999935 ], [ -45.367888499999935, -23.812469299999975 ], [ -45.367802099999949, -23.81243029999996 ], [ -45.367720499999962, -23.812377 ], [ -45.367662699999983, -23.812339899999984 ], [ -45.36762269999997, -23.812290699999949 ], [ -45.367572099999961, -23.812224899999933 ], [ -45.36751049999998, -23.812130899999943 ], [ -45.367454799999962, -23.812055899999962 ], [ -45.36738749999995, -23.811931099999981 ], [ -45.367335899999944, -23.811828799999944 ], [ -45.367263399999956, -23.811720499999979 ], [ -45.367212099999961, -23.811612 ] ] ] } },
{ "type": "Feature", "properties": { "id": "3520400007", "cd_bairro": "3520400007", "bairro": "Ponta Azeda", "cd_mun": "3520400", "municipio": "Ilhabela", "cd_dist": "352040005", "distrito": "Ilhabela" }, "geometry": { "type": "Polygon", "coordinates": [ [ [ -45.346898199999941, -23.74012369999997 ], [ -45.347022899999956, -23.740188299999943 ], [ -45.347098699999947, -23.740279499999929 ], [ -45.347142699999949, -23.740429199999937 ], [ -45.347124699999938, -23.740624 ], [ -45.347038399999974, -23.740782499999966 ], [ -45.346971899999971, -23.740919099999928 ], [ -45.346945099999971, -23.741020899999967 ], [ -45.346938, -23.741123199999947 ], [ -45.346903099999963, -23.741125699999941 ], [ -45.346289199999944, -23.741169399999933 ], [ -45.346020399999929, -23.741335699999979 ], [ -45.345717199999967, -23.741580499999941 ], [ -45.345548199999939, -23.741985599999964 ], [ -45.345353499999931, -23.742170699999974 ], [ -45.345137499999964, -23.742315799999972 ], [ -45.344708, -23.742484 ], [ -45.344235, -23.742637 ], [ -45.343674, -23.742664 ], [ -45.343237, -23.742643 ], [ -45.342871, -23.742823 ], [ -45.342518, -23.743444 ], [ -45.342519, -23.743668 ], [ -45.342244, -23.743968 ], [ -45.342059, -23.744226 ], [ -45.341836, -23.744866 ], [ -45.338829699999962, -23.745369199999971 ], [ -45.33891, -23.745669 ], [ -45.339864899999952, -23.74575429999993 ], [ -45.340614799999969, -23.745764099999974 ], [ -45.341521599999965, -23.745705299999941 ], [ -45.34224219999993, -23.745337599999971 ], [ -45.34303129999995, -23.745023899999978 ], [ -45.343967599999985, -23.744867099999965 ], [ -45.344572899999946, -23.744921 ], [ -45.345163599999978, -23.745104799999979 ], [ -45.345531699999981, -23.745338899999979 ], [ -45.345753, -23.74539649999997 ], [ -45.346635499999934, -23.745682699999975 ], [ -45.346697799999959, -23.745703 ], [ -45.346844399999952, -23.745741099999975 ], [ -45.347182699999962, -23.745857799999953 ], [ -45.347279199999946, -23.745868499999972 ], [ -45.347464399999978, -23.745866799999931 ], [ -45.347554299999956, -23.745866799999931 ], [ -45.34763, -23.745886399999961 ], [ -45.347697899999957, -23.745908399999962 ], [ -45.347767599999941, -23.745951299999945 ], [ -45.347808099999952, -23.746018 ], [ -45.347836699999959, -23.746072799999979 ], [ -45.347884299999976, -23.746089499999982 ], [ -45.347972499999969, -23.746049 ], [ -45.348083899999949, -23.745961499999964 ], [ -45.348165399999971, -23.745867899999951 ], [ -45.348236899999961, -23.745877499999949 ], [ -45.348296499999947, -23.745887 ], [ -45.348396, -23.74583089999993 ], [ -45.348413299999947, -23.745951199999979 ], [ -45.348448, -23.745951699999978 ], [ -45.348463, -23.745952 ], [ -45.348916, -23.745822 ], [ -45.349031299999979, -23.74585959999996 ], [ -45.349002899999959, -23.745664899999952 ], [ -45.348942799999975, -23.745519599999966 ], [ -45.34885, -23.745385899999974 ], [ -45.34868309999996, -23.745231 ], [ -45.348558399999945, -23.745135399999981 ], [ -45.348436699999979, -23.744979799999953 ], [ -45.348351499999978, -23.744808699999965 ], [ -45.348287699999958, -23.744682199999943 ], [ -45.348248399999932, -23.744559 ], [ -45.348211099999958, -23.744322799999964 ], [ -45.348213699999974, -23.744247799999982 ], [ -45.348240399999952, -23.744138599999928 ], [ -45.348287599999935, -23.744032799999957 ], [ -45.348327299999937, -23.743960799999968 ], [ -45.348386799999957, -23.743858599999953 ], [ -45.348462099999949, -23.743726099999947 ], [ -45.348529199999973, -23.743593799999928 ], [ -45.348636599999963, -23.743430699999976 ], [ -45.348728499999936, -23.743313 ], [ -45.34879559999996, -23.74317689999998 ], [ -45.348876, -23.743093099999953 ], [ -45.348964499999965, -23.74300919999996 ], [ -45.349070199999971, -23.742966199999955 ], [ -45.349222, -23.742978499999936 ], [ -45.349291499999936, -23.742969199999948 ], [ -45.349372599999981, -23.742926699999941 ], [ -45.349441899999931, -23.742692899999952 ], [ -45.349389799999983, -23.74253989999994 ], [ -45.349317099999951, -23.74238349999996 ], [ -45.349241399999983, -23.742276 ], [ -45.34913279999995, -23.742165299999954 ], [ -45.349040099999968, -23.74202809999997 ], [ -45.348948, -23.741920899999968 ], [ -45.348872699999959, -23.741836 ], [ -45.348784499999965, -23.741721199999972 ], [ -45.348725399999978, -23.741632099999947 ], [ -45.348641699999973, -23.741543399999955 ], [ -45.348520299999961, -23.74140959999994 ], [ -45.348423899999943, -23.741294899999957 ], [ -45.348331799999983, -23.741198899999972 ], [ -45.34825589999997, -23.741087599999958 ], [ -45.348143399999969, -23.740995599999962 ], [ -45.348034899999959, -23.740888599999948 ], [ -45.347942799999942, -23.740781399999946 ], [ -45.347854799999936, -23.740677799999958 ], [ -45.347799899999984, -23.740592499999934 ], [ -45.347756499999946, -23.740469399999938 ], [ -45.347770799999978, -23.740367699999979 ], [ -45.347812899999951, -23.740224299999966 ], [ -45.347786, -23.740104699999961 ], [ -45.347711, -23.740038399999946 ], [ -45.347648399999969, -23.739979399999982 ], [ -45.347565499999973, -23.739924599999938 ], [ -45.347498099999939, -23.739831899999956 ], [ -45.347423099999958, -23.739765599999942 ], [ -45.347355899999968, -23.739684099999977 ], [ -45.347139499999969, -23.739884 ], [ -45.346924599999966, -23.740097899999967 ], [ -45.346898199999941, -23.74012369999997 ] ] ] } },
{ "type": "Feature", "properties": { "id": "3520400009", "cd_bairro": "3520400009", "bairro": "Ponta das Canas", "cd_mun": "3520400", "municipio": "Ilhabela", "cd_dist": "352040005", "distrito": "Ilhabela" }, "geometry": { "type": "Polygon", "coordinates": [ [ [ -45.332943, -23.72440359999996 ], [ -45.332968, -23.72440649999993 ], [ -45.333305, -23.724438 ], [ -45.333905, -23.724449 ], [ -45.334561, -23.724806 ], [ -45.334829, -23.725134 ], [ -45.335357, -23.725651 ], [ -45.335699, -23.726073 ], [ -45.336102, -23.726564 ], [ -45.33665, -23.727301 ], [ -45.335042, -23.729039 ], [ -45.334824, -23.729947 ], [ -45.334599, -23.730636 ], [ -45.335064, -23.73114 ], [ -45.335682, -23.73152 ], [ -45.336044, -23.732208 ], [ -45.336391, -23.732999 ], [ -45.336268, -23.733516 ], [ -45.336529, -23.734282 ], [ -45.336945199999946, -23.734204699999964 ], [ -45.337509699999941, -23.734144599999979 ], [ -45.338170299999945, -23.733940799999971 ], [ -45.339054799999985, -23.733570099999952 ], [ -45.339439699999957, -23.733301099999949 ], [ -45.340053299999965, -23.73304319999994 ], [ -45.340394799999956, -23.733036699999957 ], [ -45.34078889999995, -23.733034599999939 ], [ -45.34133989999998, -23.732849499999929 ], [ -45.341438899999957, -23.732775299999957 ], [ -45.341561699999943, -23.732679499999961 ], [ -45.341596599999946, -23.732664899999975 ], [ -45.34162989999993, -23.73265129999993 ], [ -45.341721399999983, -23.732614099999978 ], [ -45.341761499999961, -23.732599099999959 ], [ -45.341827299999977, -23.732574499999942 ], [ -45.34209629999998, -23.732480199999941 ], [ -45.342062, -23.732397599999956 ], [ -45.342067699999973, -23.732284599999957 ], [ -45.342165, -23.732208 ], [ -45.342178, -23.732071 ], [ -45.342136, -23.731945 ], [ -45.341998399999966, -23.731885099999943 ], [ -45.341966199999945, -23.731824299999971 ], [ -45.341900499999952, -23.731757 ], [ -45.341867899999954, -23.731668 ], [ -45.341905299999951, -23.731599099999983 ], [ -45.341890899999953, -23.731516799999952 ], [ -45.341829599999983, -23.731414099999938 ], [ -45.34177939999995, -23.731351399999937 ], [ -45.34171379999998, -23.731289 ], [ -45.341645399999948, -23.73121249999997 ], [ -45.341646, -23.731108699999936 ], [ -45.341601, -23.731041199999936 ], [ -45.341577599999937, -23.73089269999997 ], [ -45.341554899999949, -23.73078 ], [ -45.341658799999948, -23.730582799999979 ], [ -45.341600099999937, -23.730447 ], [ -45.341631099999972, -23.730314399999941 ], [ -45.341632, -23.73022949999995 ], [ -45.341548899999964, -23.729924299999936 ], [ -45.34151989999998, -23.729800799999964 ], [ -45.341502599999956, -23.729704399999946 ], [ -45.34151049999997, -23.729579299999955 ], [ -45.341583899999932, -23.729502599999932 ], [ -45.341591599999958, -23.729500099999939 ], [ -45.341613299999949, -23.729419599999972 ], [ -45.341670399999941, -23.729227299999934 ], [ -45.341714499999966, -23.729108599999961 ], [ -45.341783299999975, -23.729058 ], [ -45.341827699999953, -23.728944099999978 ], [ -45.341843599999947, -23.728825699999959 ], [ -45.341826199999957, -23.728726799999947 ], [ -45.341834699999936, -23.728625099999931 ], [ -45.341804, -23.728507499999978 ], [ -45.341755099999943, -23.728376099999934 ], [ -45.34168909999994, -23.728296799999953 ], [ -45.341653899999983, -23.72820749999994 ], [ -45.341642299999933, -23.728136699999936 ], [ -45.341608599999972, -23.727993 ], [ -45.341560399999935, -23.727901599999939 ], [ -45.341473599999972, -23.727789499999972 ], [ -45.341400399999941, -23.727741 ], [ -45.341319399999975, -23.727690299999949 ], [ -45.341248899999982, -23.727648899999963 ], [ -45.341112, -23.727648899999963 ], [ -45.34103239999996, -23.727676299999928 ], [ -45.34094239999996, -23.727696799999933 ], [ -45.34086039999994, -23.727724299999977 ], [ -45.340783199999976, -23.727732699999933 ], [ -45.340700099999935, -23.727698699999962 ], [ -45.340604199999973, -23.727667299999951 ], [ -45.340537599999948, -23.727687399999979 ], [ -45.340444599999955, -23.727667799999949 ], [ -45.340338299999985, -23.727624799999944 ], [ -45.340265599999952, -23.727590699999951 ], [ -45.340154699999971, -23.727571499999954 ], [ -45.340093199999956, -23.727572699999939 ], [ -45.340025899999944, -23.727548 ], [ -45.339968899999974, -23.727520699999957 ], [ -45.339806499999952, -23.727379399999961 ], [ -45.339723, -23.727326499999947 ], [ -45.33958569999993, -23.727279299999964 ], [ -45.33952, -23.727250199999958 ], [ -45.339379599999972, -23.727179399999955 ], [ -45.339239499999962, -23.727135 ], [ -45.339119899999957, -23.727071799999976 ], [ -45.338995199999943, -23.726995799999941 ], [ -45.338860799999964, -23.726902499999937 ], [ -45.338769399999933, -23.726830299999961 ], [ -45.338634599999978, -23.726719699999933 ], [ -45.338509699999975, -23.726626299999964 ], [ -45.338464199999976, -23.726501199999973 ], [ -45.338414, -23.726376099999982 ], [ -45.338322299999959, -23.726290799999958 ], [ -45.33824489999995, -23.726209599999947 ], [ -45.338269599999933, -23.72602859999995 ], [ -45.33828189999997, -23.725919699999963 ], [ -45.338185, -23.725808399999949 ], [ -45.337998099999936, -23.725715899999955 ], [ -45.337887299999977, -23.725630799999976 ], [ -45.337730599999929, -23.72562929999998 ], [ -45.337602799999956, -23.725657899999931 ], [ -45.337436099999934, -23.725622 ], [ -45.337265599999967, -23.725625299999933 ], [ -45.337141, -23.725549399999977 ], [ -45.337166599999932, -23.725401099999942 ], [ -45.337130499999944, -23.725245099999938 ], [ -45.337019399999974, -23.725134 ], [ -45.336877499999957, -23.724904899999956 ], [ -45.336717399999941, -23.724712199999942 ], [ -45.336563, -23.724571499999968 ], [ -45.336384799999962, -23.724426799999947 ], [ -45.336187499999937, -23.724278 ], [ -45.336, -23.72414219999996 ], [ -45.335800799999959, -23.723977099999956 ], [ -45.335480699999948, -23.723847699999965 ], [ -45.335188199999948, -23.723683199999982 ], [ -45.334911899999952, -23.723605099999929 ], [ -45.334670099999983, -23.723578499999974 ], [ -45.33454409999996, -23.723446099999933 ], [ -45.33440029999997, -23.723361599999976 ], [ -45.334190699999965, -23.723312899999939 ], [ -45.33403809999993, -23.723267599999929 ], [ -45.333805599999948, -23.723228 ], [ -45.33362829999993, -23.723139699999933 ], [ -45.333456199999944, -23.723073 ], [ -45.333285399999966, -23.72351539999994 ], [ -45.333271, -23.723551799999939 ], [ -45.333258499999943, -23.723584499999959 ], [ -45.332943, -23.72440359999996 ] ] ] } },
{ "type": "Feature", "properties": { "id": "3520400038", "cd_bairro": "3520400038", "bairro": "Portinho", "cd_mun": "3520400", "municipio": "Ilhabela", "cd_dist": "352040010", "distrito": "Cambaquara" }, "geometry": { "type": "Polygon", "coordinates": [ [ [ -45.39864689999996, -23.838852799999927 ], [ -45.398398199999974, -23.839053 ], [ -45.398074599999973, -23.839303199999961 ], [ -45.397988399999974, -23.839355 ], [ -45.397867599999984, -23.839355 ], [ -45.39768209999994, -23.839346399999954 ], [ -45.397479399999952, -23.839367899999957 ], [ -45.397311099999968, -23.839428299999952 ], [ -45.39715579999995, -23.839514599999973 ], [ -45.397039399999983, -23.83962669999994 ], [ -45.396931499999937, -23.839803599999982 ], [ -45.396864199999982, -23.839907299999936 ], [ -45.396862, -23.840073 ], [ -45.396908, -23.840329 ], [ -45.396869, -23.840737 ], [ -45.396681, -23.841152 ], [ -45.396336, -23.841505 ], [ -45.396083, -23.841629 ], [ -45.395775, -23.841614 ], [ -45.395497, -23.841662 ], [ -45.39538, -23.841871 ], [ -45.39526, -23.842122 ], [ -45.395087, -23.842405 ], [ -45.394833, -23.842804 ], [ -45.394522, -23.843175 ], [ -45.395122, -23.843051 ], [ -45.395676, -23.842853 ], [ -45.396323, -23.843072 ], [ -45.396965, -23.84351 ], [ -45.397733, -23.843915 ], [ -45.398527, -23.844263 ], [ -45.398792199999946, -23.844631299999946 ], [ -45.398322, -23.844525 ], [ -45.397726, -23.844307 ], [ -45.397252, -23.844207 ], [ -45.396541, -23.844126 ], [ -45.395618, -23.844618 ], [ -45.395339, -23.844833 ], [ -45.394492, -23.844611 ], [ -45.393396, -23.84435 ], [ -45.392867, -23.844491 ], [ -45.39235, -23.844748 ], [ -45.391921, -23.844925 ], [ -45.391422, -23.844824 ], [ -45.390872, -23.844815 ], [ -45.39086, -23.845427 ], [ -45.390353, -23.84648 ], [ -45.390113, -23.847226 ], [ -45.390608, -23.847523 ], [ -45.391199, -23.848052 ], [ -45.391647, -23.848187 ], [ -45.392079, -23.848471 ], [ -45.392801, -23.848703 ], [ -45.393382, -23.848713 ], [ -45.393673, -23.848902 ], [ -45.394101, -23.849406 ], [ -45.394646, -23.849715 ], [ -45.395107, -23.84985 ], [ -45.395362, -23.850269 ], [ -45.395671, -23.850471 ], [ -45.396293, -23.850654 ], [ -45.397039, -23.850898 ], [ -45.397661, -23.85107 ], [ -45.398345, -23.851312 ], [ -45.398892, -23.851506 ], [ -45.399329, -23.851583 ], [ -45.399711, -23.851855 ], [ -45.399805, -23.85212 ], [ -45.400173, -23.851839 ], [ -45.400599, -23.851566 ], [ -45.400897, -23.851345 ], [ -45.401203, -23.851171 ], [ -45.401457, -23.851122 ], [ -45.401699, -23.851081 ], [ -45.401878, -23.850979 ], [ -45.402096, -23.85085 ], [ -45.402341, -23.850681 ], [ -45.402465, -23.850491 ], [ -45.402619, -23.850342 ], [ -45.402819, -23.850154 ], [ -45.403175, -23.84989 ], [ -45.403315, -23.849803 ], [ -45.403454, -23.849657 ], [ -45.40355, -23.849558 ], [ -45.403667, -23.849534 ], [ -45.403767, -23.849468 ], [ -45.4039, -23.849366 ], [ -45.404094, -23.849279 ], [ -45.404249, -23.84914 ], [ -45.404325, -23.849047 ], [ -45.404594, -23.848814 ], [ -45.404622, -23.848808 ], [ -45.404659, -23.848764 ], [ -45.404679, -23.848712 ], [ -45.404685, -23.848651 ], [ -45.404684, -23.848596 ], [ -45.404679, -23.848559 ], [ -45.404675, -23.848535 ], [ -45.404685, -23.848517 ], [ -45.404758, -23.848475 ], [ -45.404803, -23.848456 ], [ -45.404844, -23.84844 ], [ -45.404875, -23.84842 ], [ -45.404926, -23.848369 ], [ -45.405003, -23.848378 ], [ -45.405086, -23.848383 ], [ -45.405152, -23.848344 ], [ -45.405247, -23.848303 ], [ -45.405296, -23.8483 ], [ -45.405387, -23.848305 ], [ -45.405485, -23.848325 ], [ -45.405603, -23.848326 ], [ -45.405723, -23.848304 ], [ -45.405811, -23.848314 ], [ -45.405881, -23.848363 ], [ -45.405922, -23.848411 ], [ -45.405951, -23.848424 ], [ -45.405984, -23.848405 ], [ -45.405997, -23.848385 ], [ -45.406, -23.848352 ], [ -45.40605, -23.848289 ], [ -45.40612, -23.848235 ], [ -45.40616, -23.848179 ], [ -45.406213, -23.848149 ], [ -45.406269, -23.848114 ], [ -45.406333, -23.848094 ], [ -45.406372, -23.848065 ], [ -45.406377, -23.848019 ], [ -45.40637, -23.847985 ], [ -45.406349, -23.847944 ], [ -45.406347, -23.847898 ], [ -45.406372, -23.847841 ], [ -45.406451, -23.847739 ], [ -45.406555, -23.84763 ], [ -45.406626, -23.847527 ], [ -45.406708, -23.847424 ], [ -45.406751, -23.847381 ], [ -45.406827, -23.847332 ], [ -45.406879, -23.847292 ], [ -45.406908, -23.847247 ], [ -45.406956099999945, -23.847172099999966 ], [ -45.406735, -23.846976 ], [ -45.40604639999998, -23.846422699999948 ], [ -45.405856, -23.846198299999969 ], [ -45.405715399999963, -23.84601269999996 ], [ -45.40825069999994, -23.844153499999948 ], [ -45.408231499999943, -23.844148799999971 ], [ -45.408159699999942, -23.844109799999956 ], [ -45.408065099999931, -23.844077 ], [ -45.407995599999936, -23.844045699999981 ], [ -45.407944699999973, -23.844004599999948 ], [ -45.407902099999944, -23.843961399999955 ], [ -45.407861299999979, -23.843902799999967 ], [ -45.407814199999962, -23.843844399999966 ], [ -45.407781799999952, -23.843787599999928 ], [ -45.407763799999941, -23.843726699999934 ], [ -45.40771669999998, -23.843666299999938 ], [ -45.407675799999936, -23.84360769999995 ], [ -45.407624899999973, -23.843568399999981 ], [ -45.407546199999956, -23.843379899999945 ], [ -45.407495499999982, -23.843355799999983 ], [ -45.407441499999948, -23.843368199999929 ], [ -45.407387099999937, -23.843367199999932 ], [ -45.407341599999938, -23.843385199999943 ], [ -45.40731779999993, -23.843444899999952 ], [ -45.407298, -23.843496899999934 ], [ -45.407295099999942, -23.843558099999939 ], [ -45.407289899999967, -23.843607899999938 ], [ -45.407316199999968, -23.84366289999997 ], [ -45.407325399999934, -23.84370279999996 ], [ -45.407292899999959, -23.84374159999993 ], [ -45.407259499999952, -23.843736399999955 ], [ -45.407202899999959, -23.843725899999981 ], [ -45.407150399999978, -23.843713399999956 ], [ -45.407119899999941, -23.84374639999993 ], [ -45.407141599999932, -23.843784199999959 ], [ -45.407167799999968, -23.843831499999965 ], [ -45.40712469999994, -23.843862699999931 ], [ -45.407081399999981, -23.843886299999951 ], [ -45.407032, -23.843915699999968 ], [ -45.406988499999954, -23.843931699999928 ], [ -45.406916099999933, -23.843957699999976 ], [ -45.406869099999938, -23.843998499999941 ], [ -45.406858099999965, -23.844067299999949 ], [ -45.406813099999965, -23.844108099999971 ], [ -45.406806199999949, -23.844165299999929 ], [ -45.406769199999985, -23.844192599999928 ], [ -45.40673849999996, -23.844217899999933 ], [ -45.406678499999941, -23.84419859999997 ], [ -45.406599, -23.844197 ], [ -45.406539099999975, -23.844219799999962 ], [ -45.406519699999933, -23.844276699999966 ], [ -45.406490299999973, -23.844314899999972 ], [ -45.406489599999929, -23.844354099999975 ], [ -45.406440699999962, -23.844369399999948 ], [ -45.40633889999998, -23.844366799999932 ], [ -45.40624459999998, -23.844340799999941 ], [ -45.40618939999996, -23.844296699999973 ], [ -45.406150599999933, -23.844268299999953 ], [ -45.406089699999939, -23.844251899999961 ], [ -45.406047799999953, -23.844226399999968 ], [ -45.406020099999978, -23.844199199999935 ], [ -45.405985, -23.844198399999982 ], [ -45.405939099999955, -23.844202499999938 ], [ -45.405894499999931, -23.844194499999958 ], [ -45.405851299999938, -23.844182099999955 ], [ -45.405792199999951, -23.84417 ], [ -45.405744399999946, -23.844165 ], [ -45.405670599999951, -23.844132699999932 ], [ -45.405616, -23.844106 ], [ -45.405562599999939, -23.844061799999963 ], [ -45.405528599999968, -23.844031799999982 ], [ -45.405459699999938, -23.843993199999943 ], [ -45.40540169999997, -23.843951899999979 ], [ -45.405338499999971, -23.84389479999993 ], [ -45.405275399999937, -23.843844899999965 ], [ -45.405209199999945, -23.843795 ], [ -45.405151499999931, -23.843774099999962 ], [ -45.405086, -23.843757799999935 ], [ -45.405023699999958, -23.843739899999946 ], [ -45.404975799999931, -23.843726199999935 ], [ -45.404926499999931, -23.843722699999944 ], [ -45.404882899999961, -23.843761299999983 ], [ -45.404846199999952, -23.84382439999996 ], [ -45.404793699999971, -23.843816599999968 ], [ -45.404729599999939, -23.843781399999955 ], [ -45.404705799999931, -23.843776 ], [ -45.40465, -23.84376089999995 ], [ -45.404597299999978, -23.843737199999964 ], [ -45.404535099999976, -23.843713499999978 ], [ -45.404466299999967, -23.843677 ], [ -45.404456499999981, -23.843658299999959 ], [ -45.404461799999979, -23.843616099999963 ], [ -45.404464, -23.843575299999941 ], [ -45.404456899999957, -23.84353909999993 ], [ -45.404477799999938, -23.843489299999931 ], [ -45.40444789999998, -23.843448699999954 ], [ -45.404383899999971, -23.843420699999967 ], [ -45.40434259999995, -23.843417099999954 ], [ -45.404285799999968, -23.843425299999979 ], [ -45.404242699999941, -23.843405699999948 ], [ -45.404256, -23.843364799999961 ], [ -45.40423439999995, -23.843315899999936 ], [ -45.404229, -23.843284 ], [ -45.40418909999994, -23.843265799999983 ], [ -45.404146099999934, -23.843267799999978 ], [ -45.404137, -23.843268199999955 ], [ -45.40409109999996, -23.843263299999933 ], [ -45.404005499999982, -23.843421 ], [ -45.403980799999943, -23.843376499999977 ], [ -45.403929699999935, -23.843345599999964 ], [ -45.403898099999935, -23.843338899999935 ], [ -45.403850699999964, -23.843328299999939 ], [ -45.403784499999972, -23.843316499999958 ], [ -45.403708, -23.843270199999949 ], [ -45.403655399999934, -23.843231599999967 ], [ -45.403610799999967, -23.843210599999964 ], [ -45.40357, -23.843159699999944 ], [ -45.403522099999975, -23.843066499999964 ], [ -45.403480099999967, -23.843026699999939 ], [ -45.403415299999949, -23.84296269999993 ], [ -45.403349099999957, -23.842901499999982 ], [ -45.403282, -23.842869299999961 ], [ -45.403233, -23.842822599999977 ], [ -45.403139899999985, -23.84275759999997 ], [ -45.403081699999973, -23.842704899999944 ], [ -45.403003399999932, -23.842664199999945 ], [ -45.402925099999948, -23.842623499999945 ], [ -45.402839, -23.84258879999993 ], [ -45.402737399999978, -23.842555799999957 ], [ -45.402684699999952, -23.842527699999948 ], [ -45.402645899999982, -23.842492099999959 ], [ -45.402561, -23.84243859999998 ], [ -45.402514399999973, -23.842390799999976 ], [ -45.402431199999967, -23.842340099999944 ], [ -45.402374699999939, -23.842283099999975 ], [ -45.402321699999959, -23.842237699999941 ], [ -45.402269899999965, -23.842182099999945 ], [ -45.402246399999967, -23.842126 ], [ -45.402209099999936, -23.842083199999934 ], [ -45.402166099999931, -23.842022399999962 ], [ -45.402110899999968, -23.841955299999938 ], [ -45.402048099999945, -23.841896899999938 ], [ -45.402007899999944, -23.841865699999971 ], [ -45.401980199999969, -23.841827099999932 ], [ -45.401956699999971, -23.841769499999941 ], [ -45.401914599999941, -23.841723899999977 ], [ -45.401858499999946, -23.84168429999994 ], [ -45.401808699999947, -23.841644499999973 ], [ -45.401710699999967, -23.84154 ], [ -45.401676599999973, -23.841500099999962 ], [ -45.401629599999978, -23.841445799999974 ], [ -45.401564299999961, -23.841419299999927 ], [ -45.401556399999947, -23.84134709999995 ], [ -45.401569699999982, -23.841304899999955 ], [ -45.40154119999994, -23.841232899999966 ], [ -45.401512499999967, -23.841153499999962 ], [ -45.401473499999952, -23.841106299999979 ], [ -45.401423699999953, -23.841068 ], [ -45.401364299999955, -23.841062699999952 ], [ -45.401289499999962, -23.84104659999997 ], [ -45.401275699999985, -23.84099029999993 ], [ -45.401306799999929, -23.840960799999948 ], [ -45.401312299999972, -23.840912799999955 ], [ -45.401299699999981, -23.840837399999941 ], [ -45.40127659999996, -23.840792799999974 ], [ -45.401238199999966, -23.840777499999945 ], [ -45.40117609999993, -23.840765599999941 ], [ -45.401122, -23.840752099999975 ], [ -45.401083299999982, -23.840719399999955 ], [ -45.401069899999982, -23.84068469999994 ], [ -45.401018799999974, -23.840661 ], [ -45.400986699999976, -23.840639899999928 ], [ -45.400916699999982, -23.840612199999953 ], [ -45.400859499999967, -23.840593099999978 ], [ -45.400833399999954, -23.840543399999945 ], [ -45.400763099999949, -23.840428299999928 ], [ -45.400739099999953, -23.840351799999951 ], [ -45.40071039999998, -23.840265 ], [ -45.400682, -23.840201 ], [ -45.400648299999943, -23.840093299999978 ], [ -45.400598399999978, -23.839979599999936 ], [ -45.400528399999985, -23.839891199999954 ], [ -45.400475, -23.83984 ], [ -45.400431, -23.839805399999932 ], [ -45.400369099999978, -23.839794 ], [ -45.400309599999957, -23.839780599999983 ], [ -45.400286299999948, -23.83974029999996 ], [ -45.400224299999934, -23.839707699999963 ], [ -45.400103499999943, -23.839584699999932 ], [ -45.400051499999961, -23.839529499999969 ], [ -45.39990389999997, -23.839397599999927 ], [ -45.399899799999957, -23.839279699999963 ], [ -45.399847, -23.839187099999947 ], [ -45.39985379999996, -23.839113899999973 ], [ -45.399813199999983, -23.839022899999975 ], [ -45.39976919999998, -23.838971199999946 ], [ -45.399693, -23.838964099999941 ], [ -45.399631099999965, -23.838933299999951 ], [ -45.399575499999969, -23.838911799999948 ], [ -45.399530399999946, -23.83890329999997 ], [ -45.399451399999975, -23.838946 ], [ -45.399402499999951, -23.838952499999948 ], [ -45.399306299999978, -23.838939299999936 ], [ -45.399218599999983, -23.838939 ], [ -45.399149299999976, -23.838936499999932 ], [ -45.399066399999981, -23.838968 ], [ -45.399013799999977, -23.838982 ], [ -45.398986299999933, -23.838930199999936 ], [ -45.39888209999998, -23.838909599999965 ], [ -45.398828299999934, -23.83886949999993 ], [ -45.398811899999941, -23.838805699999966 ], [ -45.398776399999974, -23.838758199999972 ], [ -45.39864689999996, -23.838852799999927 ] ] ] } },
{ "type": "Feature", "properties": { "id": "3520400014", "cd_bairro": "3520400014", "bairro": "Poço", "cd_mun": "3520400", "municipio": "Ilhabela", "cd_dist": "352040005", "distrito": "Ilhabela" }, "geometry": { "type": "Polygon", "coordinates": [ [ [ -45.237323899999978, -23.801106399999981 ], [ -45.237958, -23.801349 ], [ -45.238745, -23.801664 ], [ -45.240756, -23.801415 ], [ -45.242792, -23.801785 ], [ -45.24308, -23.801667 ], [ -45.243408, -23.801395 ], [ -45.243649, -23.800972 ], [ -45.243768, -23.800217 ], [ -45.243671, -23.799979 ], [ -45.243534, -23.799584 ], [ -45.243347, -23.799469 ], [ -45.242873, -23.799144 ], [ -45.242951, -23.798881 ], [ -45.24308, -23.798332 ], [ -45.242946, -23.797758 ], [ -45.242673, -23.797504 ], [ -45.242349, -23.797283 ], [ -45.242048, -23.797236 ], [ -45.241723, -23.797119 ], [ -45.241038, -23.796609 ], [ -45.240605, -23.795758 ], [ -45.240219, -23.795434 ], [ -45.239423, -23.794695 ], [ -45.238744, -23.793234 ], [ -45.238267, -23.791787 ], [ -45.237288, -23.790324 ], [ -45.235846, -23.78707 ], [ -45.235698, -23.78677 ], [ -45.235489, -23.786184 ], [ -45.235303, -23.785908 ], [ -45.236111, -23.785157 ], [ -45.236588, -23.785046 ], [ -45.237291, -23.784914 ], [ -45.238383, -23.784727 ], [ -45.238634, -23.784637 ], [ -45.238462, -23.784177 ], [ -45.238176, -23.783808 ], [ -45.238007, -23.783016 ], [ -45.237962, -23.782397 ], [ -45.238003, -23.781939 ], [ -45.237743, -23.781524 ], [ -45.237355, -23.781372 ], [ -45.236795, -23.780818 ], [ -45.23596, -23.780342 ], [ -45.235386, -23.779925 ], [ -45.234674, -23.779622 ], [ -45.233876, -23.779123 ], [ -45.234217, -23.778793 ], [ -45.234921, -23.778478 ], [ -45.23565, -23.778254 ], [ -45.236451, -23.778385 ], [ -45.237089, -23.778482 ], [ -45.237401, -23.778599 ], [ -45.237775, -23.778819 ], [ -45.238138, -23.778913 ], [ -45.238504, -23.778538 ], [ -45.238321, -23.777963 ], [ -45.237997, -23.777697 ], [ -45.237836, -23.777387 ], [ -45.237826, -23.777066 ], [ -45.237828, -23.776791 ], [ -45.237817, -23.776676 ], [ -45.23758, -23.776433 ], [ -45.237294, -23.77626 ], [ -45.236934, -23.775821 ], [ -45.236615, -23.774845 ], [ -45.236983, -23.774217 ], [ -45.237099, -23.773771 ], [ -45.237102, -23.773427 ], [ -45.237482, -23.772834 ], [ -45.23771, -23.772572 ], [ -45.237962, -23.772344 ], [ -45.238919, -23.771686 ], [ -45.239108, -23.771607 ], [ -45.239575, -23.771221 ], [ -45.240063, -23.771225 ], [ -45.240552, -23.771228 ], [ -45.240815, -23.771253 ], [ -45.241153, -23.771301 ], [ -45.241478, -23.771315 ], [ -45.241655, -23.771225 ], [ -45.242149, -23.770403 ], [ -45.242277, -23.770071 ], [ -45.242669, -23.76965 ], [ -45.24306, -23.769298 ], [ -45.243137, -23.769011 ], [ -45.243014, -23.768747 ], [ -45.242604, -23.768263 ], [ -45.242367, -23.768112 ], [ -45.242194, -23.767858 ], [ -45.242059, -23.767433 ], [ -45.242532, -23.766233 ], [ -45.242759, -23.766006 ], [ -45.242988, -23.765572 ], [ -45.243429, -23.765139 ], [ -45.243796, -23.764718 ], [ -45.244112, -23.764342 ], [ -45.244452, -23.764058 ], [ -45.244817, -23.763866 ], [ -45.245156, -23.763753 ], [ -45.245971, -23.763759 ], [ -45.246282, -23.763968 ], [ -45.246531, -23.76421 ], [ -45.246954, -23.764672 ], [ -45.247365, -23.764973 ], [ -45.247925, -23.765481 ], [ -45.248588, -23.765658 ], [ -45.249629, -23.765424 ], [ -45.250144, -23.765245 ], [ -45.250598, -23.765178 ], [ -45.251439, -23.765008 ], [ -45.252008, -23.764706 ], [ -45.253336, -23.764603 ], [ -45.254556, -23.764255 ], [ -45.255498, -23.764041 ], [ -45.256064, -23.763855 ], [ -45.256987, -23.763998 ], [ -45.258014, -23.764525 ], [ -45.259601, -23.765245 ], [ -45.260169, -23.765602 ], [ -45.260943, -23.766285 ], [ -45.261208, -23.766786 ], [ -45.261198, -23.767282 ], [ -45.261127, -23.767731 ], [ -45.261809, -23.768031 ], [ -45.262381, -23.768203 ], [ -45.26357, -23.768143 ], [ -45.264021, -23.767482 ], [ -45.264674, -23.76672 ], [ -45.265288, -23.766662 ], [ -45.265938, -23.766673 ], [ -45.266603, -23.766558 ], [ -45.266993, -23.766403 ], [ -45.267498, -23.76617 ], [ -45.268219, -23.76579 ], [ -45.268453, -23.765321 ], [ -45.268797, -23.764992 ], [ -45.269293, -23.764597 ], [ -45.269922, -23.764366 ], [ -45.270661, -23.763698 ], [ -45.270673, -23.763086 ], [ -45.269816699999978, -23.762604 ], [ -45.269424, -23.762383 ], [ -45.26882, -23.761946 ], [ -45.268029, -23.761447 ], [ -45.267381, -23.761343 ], [ -45.266619, -23.761329 ], [ -45.266104, -23.761401 ], [ -45.265371, -23.76118 ], [ -45.264345, -23.760574 ], [ -45.263444, -23.760627 ], [ -45.262507, -23.760553 ], [ -45.261814, -23.760194 ], [ -45.261557, -23.758631 ], [ -45.26141, -23.757855 ], [ -45.261091, -23.756926 ], [ -45.261101, -23.75643 ], [ -45.261476, -23.755813 ], [ -45.261994, -23.754876 ], [ -45.261763, -23.754549 ], [ -45.26127, -23.754182 ], [ -45.260905, -23.753679 ], [ -45.261347, -23.752856 ], [ -45.261933, -23.752312 ], [ -45.261861, -23.751503 ], [ -45.260965, -23.751268 ], [ -45.26007, -23.751033 ], [ -45.259042, -23.751165 ], [ -45.258343, -23.751118 ], [ -45.258638, -23.750707 ], [ -45.258843599999977, -23.750552499999969 ], [ -45.255909499999973, -23.74979159999998 ], [ -45.255874199999937, -23.749887899999976 ], [ -45.25587059999998, -23.750017599999978 ], [ -45.255943699999932, -23.750057799999979 ], [ -45.256000099999937, -23.750172699999951 ], [ -45.256065699999965, -23.750301099999945 ], [ -45.256116599999984, -23.750443599999983 ], [ -45.256124299999954, -23.750537299999962 ], [ -45.256132099999945, -23.75063369999998 ], [ -45.256063799999936, -23.750684699999965 ], [ -45.256040699999971, -23.750737599999979 ], [ -45.256048299999975, -23.750824499999965 ], [ -45.256040699999971, -23.750904699999978 ], [ -45.256072599999982, -23.750998 ], [ -45.256107099999952, -23.751071899999943 ], [ -45.256135399999948, -23.75113209999995 ], [ -45.256157499999972, -23.751187 ], [ -45.256167599999969, -23.751247499999977 ], [ -45.256168899999977, -23.751316499999973 ], [ -45.256164199999944, -23.751385599999935 ], [ -45.256165199999941, -23.751440799999955 ], [ -45.256208, -23.75147039999996 ], [ -45.25625969999993, -23.751499899999942 ], [ -45.256308699999977, -23.751540399999953 ], [ -45.256333599999948, -23.751584099999945 ], [ -45.256379699999968, -23.751635699999952 ], [ -45.256395699999985, -23.751682399999936 ], [ -45.256535499999984, -23.751757 ], [ -45.256612, -23.751822 ], [ -45.256540199999961, -23.75184 ], [ -45.256437699999935, -23.751830899999959 ], [ -45.256412099999977, -23.751909099999978 ], [ -45.25637329999995, -23.751984799999946 ], [ -45.256377699999973, -23.752062099999932 ], [ -45.256433399999935, -23.752141299999948 ], [ -45.256497699999954, -23.75219 ], [ -45.256583199999966, -23.752244 ], [ -45.256704899999932, -23.7523 ], [ -45.256825899999967, -23.752314499999954 ], [ -45.256901499999969, -23.752327099999945 ], [ -45.256980899999974, -23.752378299999975 ], [ -45.257108599999981, -23.752434299999948 ], [ -45.25719179999993, -23.752377499999966 ], [ -45.257267799999966, -23.752409399999976 ], [ -45.257334599999979, -23.752438699999971 ], [ -45.257341799999949, -23.752496599999972 ], [ -45.257408699999985, -23.752534099999934 ], [ -45.257482399999958, -23.752452699999935 ], [ -45.257502199999976, -23.752399799999978 ], [ -45.257603299999971, -23.752353699999958 ], [ -45.257694099999981, -23.752382599999976 ], [ -45.257715899999937, -23.752473099999975 ], [ -45.257875899999931, -23.752545699999928 ], [ -45.25803529999996, -23.75261809999995 ], [ -45.258114899999953, -23.752617799999939 ], [ -45.258173099999965, -23.752653599999974 ], [ -45.258198599999957, -23.752730299999939 ], [ -45.258239399999979, -23.752831599999979 ], [ -45.258262499999944, -23.752938599999936 ], [ -45.258258599999976, -23.75304049999994 ], [ -45.258260699999937, -23.753147899999931 ], [ -45.258257, -23.753266399999973 ], [ -45.25822, -23.753363499999978 ], [ -45.258218699999929, -23.753451699999971 ], [ -45.258199, -23.753512699999931 ], [ -45.258161499999972, -23.753587799999934 ], [ -45.258148, -23.75366809999997 ], [ -45.25810139999993, -23.753746099999944 ], [ -45.258064, -23.75382959999996 ], [ -45.258032399999934, -23.75390479999993 ], [ -45.25797689999996, -23.753985899999975 ], [ -45.257993499999941, -23.754064199999959 ], [ -45.258016399999974, -23.754157799999973 ], [ -45.258062499999937, -23.754209399999979 ], [ -45.258049, -23.754284299999938 ], [ -45.258011099999976, -23.754348599999958 ], [ -45.258028, -23.754447699999957 ], [ -45.258077599999979, -23.754521499999953 ], [ -45.258138299999985, -23.754545299999961 ], [ -45.258202, -23.754569099999969 ], [ -45.258265899999969, -23.754601099999945 ], [ -45.258341599999937, -23.754619099999957 ], [ -45.258405299999936, -23.754642799999942 ], [ -45.258466099999964, -23.754674899999941 ], [ -45.258503299999973, -23.754729499999939 ], [ -45.258522699999958, -23.754792899999927 ], [ -45.258575599999972, -23.754877699999952 ], [ -45.258628699999974, -23.754970899999932 ], [ -45.25864839999997, -23.755053499999974 ], [ -45.258697299999938, -23.755091399999969 ], [ -45.258776, -23.755109399999981 ], [ -45.258848899999975, -23.75514389999995 ], [ -45.258922499999983, -23.755211699999961 ], [ -45.258961, -23.755256299999928 ], [ -45.259034299999939, -23.755304699999954 ], [ -45.259149099999945, -23.755310899999927 ], [ -45.25923709999995, -23.755345199999965 ], [ -45.259280099999955, -23.755388499999981 ], [ -45.259332599999937, -23.755456599999945 ], [ -45.259367, -23.755525 ], [ -45.259389, -23.755577099999982 ], [ -45.259441299999935, -23.755636899999956 ], [ -45.259451499999955, -23.755694699999935 ], [ -45.259513799999979, -23.755806899999982 ], [ -45.259541799999965, -23.755902499999934 ], [ -45.259567599999968, -23.755993099999955 ], [ -45.259596299999941, -23.756069799999977 ], [ -45.259616199999982, -23.756171399999971 ], [ -45.259650499999964, -23.756225899999947 ], [ -45.259724799999958, -23.756323599999973 ], [ -45.259726399999977, -23.756414599999971 ], [ -45.259742499999959, -23.756536799999935 ], [ -45.259769, -23.756663099999969 ], [ -45.259780399999954, -23.756800799999951 ], [ -45.259833799999967, -23.756904499999962 ], [ -45.259887, -23.75700269999993 ], [ -45.259922199999949, -23.757106699999952 ], [ -45.259950799999956, -23.757197099999928 ], [ -45.25994019999996, -23.75728259999994 ], [ -45.25992679999996, -23.757376499999964 ], [ -45.259925799999962, -23.757492199999945 ], [ -45.25996159999994, -23.757621 ], [ -45.259999599999958, -23.757713899999942 ], [ -45.260053399999947, -23.75783679999995 ], [ -45.260028399999953, -23.757966499999952 ], [ -45.260021699999982, -23.758087799999942 ], [ -45.259977699999979, -23.758157299999937 ], [ -45.259937, -23.758246 ], [ -45.259902299999965, -23.758331899999973 ], [ -45.259921799999972, -23.758403199999975 ], [ -45.259908199999984, -23.758483299999966 ], [ -45.259885299999951, -23.758552499999951 ], [ -45.259884199999931, -23.758651699999973 ], [ -45.259893599999941, -23.758808399999964 ], [ -45.259827799999982, -23.758853599999952 ], [ -45.259725299999957, -23.758894099999964 ], [ -45.259647899999948, -23.758981 ], [ -45.259595, -23.759075799999948 ], [ -45.259518299999968, -23.759187599999962 ], [ -45.259490099999937, -23.759296 ], [ -45.259499399999982, -23.759472499999958 ], [ -45.259480399999973, -23.759588599999972 ], [ -45.259440299999937, -23.759696899999938 ], [ -45.259336599999983, -23.759635099999969 ], [ -45.259274099999971, -23.759520099999975 ], [ -45.259199899999942, -23.75943019999994 ], [ -45.259142299999951, -23.759414499999934 ], [ -45.259054499999934, -23.759407499999952 ], [ -45.258856699999967, -23.759499 ], [ -45.258744799999931, -23.759649899999943 ], [ -45.258687699999939, -23.759824899999956 ], [ -45.258630099999948, -23.759975 ], [ -45.258542499999976, -23.760122699999954 ], [ -45.25846759999996, -23.760201299999949 ], [ -45.258381899999961, -23.760268899999971 ], [ -45.258253199999956, -23.760333899999978 ], [ -45.258122, -23.760303599999929 ], [ -45.25802479999993, -23.760342499999979 ], [ -45.257884799999943, -23.760421799999961 ], [ -45.257767199999932, -23.760533199999941 ], [ -45.257763799999964, -23.760645299999965 ], [ -45.257869199999959, -23.760750799999983 ], [ -45.257753099999945, -23.760797399999944 ], [ -45.257525599999951, -23.760855699999979 ], [ -45.257361299999957, -23.760950399999956 ], [ -45.257334, -23.761090299999978 ], [ -45.257320799999945, -23.761252299999967 ], [ -45.257407199999932, -23.761360499999967 ], [ -45.257542899999976, -23.761472399999946 ], [ -45.257661399999961, -23.76148459999996 ], [ -45.257690299999979, -23.761495799999977 ], [ -45.257714899999939, -23.761531799999943 ], [ -45.257731599999943, -23.761573699999929 ], [ -45.257748499999934, -23.761625699999968 ], [ -45.25775909999993, -23.761683699999935 ], [ -45.257781199999954, -23.761761699999965 ], [ -45.257784499999957, -23.761848599999951 ], [ -45.257750099999953, -23.761954 ], [ -45.257721199999935, -23.762028399999963 ], [ -45.257656099999963, -23.762123199999962 ], [ -45.257598599999938, -23.762184599999955 ], [ -45.25748649999997, -23.762200599999971 ], [ -45.257441899999947, -23.76218549999993 ], [ -45.25738709999996, -23.762156899999979 ], [ -45.257333199999948, -23.762143299999934 ], [ -45.257231699999977, -23.762130399999933 ], [ -45.25718269999993, -23.762134 ], [ -45.257083299999977, -23.762157299999956 ], [ -45.257026399999972, -23.762162499999931 ], [ -45.256955099999971, -23.762157799999954 ], [ -45.256852299999935, -23.762162299999943 ], [ -45.25673919999997, -23.762198699999942 ], [ -45.256692, -23.762208 ], [ -45.256621399999972, -23.762227799999948 ], [ -45.256534699999975, -23.762232 ], [ -45.256476799999973, -23.762251599999956 ], [ -45.256419299999948, -23.762279799999931 ], [ -45.256355099999951, -23.76229369999993 ], [ -45.256264599999952, -23.762262799999974 ], [ -45.256180399999948, -23.762235399999952 ], [ -45.256124599999964, -23.762208899999962 ], [ -45.25607059999993, -23.762198299999966 ], [ -45.255984499999954, -23.762165099999947 ], [ -45.255895599999974, -23.76214779999998 ], [ -45.255825499999958, -23.762127299999975 ], [ -45.255758699999944, -23.762112499999944 ], [ -45.255664, -23.762116799999944 ], [ -45.255580899999984, -23.762089299999957 ], [ -45.255472099999963, -23.76207729999993 ], [ -45.255382599999962, -23.762107599999979 ], [ -45.255319399999962, -23.76211 ], [ -45.255244699999935, -23.762163 ], [ -45.255149, -23.762193299999979 ], [ -45.255046899999968, -23.762216499999965 ], [ -45.254923, -23.762192599999935 ], [ -45.254823199999976, -23.762188499999979 ], [ -45.254751, -23.762160899999969 ], [ -45.254704299999958, -23.762134299999957 ], [ -45.254637799999955, -23.762138199999981 ], [ -45.254567899999984, -23.762179699999933 ], [ -45.254510699999969, -23.762198199999943 ], [ -45.254425399999946, -23.762203899999975 ], [ -45.254373199999975, -23.762204699999927 ], [ -45.254296099999976, -23.762224699999933 ], [ -45.254215599999952, -23.762231699999973 ], [ -45.254124099999956, -23.762314 ], [ -45.254037299999936, -23.762388899999962 ], [ -45.253944499999932, -23.762468 ], [ -45.253877899999964, -23.762517899999978 ], [ -45.25378859999995, -23.762553899999943 ], [ -45.253689799999961, -23.762534199999948 ], [ -45.253644699999938, -23.762512099999981 ], [ -45.253580899999974, -23.762501699999973 ], [ -45.253514199999984, -23.762505799999929 ], [ -45.253471299999944, -23.762542599999961 ], [ -45.253426599999955, -23.762598199999957 ], [ -45.253381299999944, -23.762623499999961 ], [ -45.253289699999982, -23.762629299999958 ], [ -45.253219099999967, -23.762654899999973 ], [ -45.253119899999945, -23.762679599999956 ], [ -45.253045099999952, -23.76272849999998 ], [ -45.252950599999963, -23.762796199999968 ], [ -45.252864699999975, -23.762832 ], [ -45.252805899999942, -23.762827299999969 ], [ -45.252717099999984, -23.762824499999965 ], [ -45.252631799999961, -23.762828799999966 ], [ -45.252565899999979, -23.762842699999965 ], [ -45.252496899999983, -23.762859 ], [ -45.25242819999994, -23.762883099999954 ], [ -45.252347499999985, -23.762921799999958 ], [ -45.252280299999939, -23.762941499999954 ], [ -45.252203399999985, -23.762951299999941 ], [ -45.252115599999968, -23.762978699999962 ], [ -45.252003699999932, -23.762993399999971 ], [ -45.251912399999981, -23.762999199999967 ], [ -45.251852199999973, -23.762994399999968 ], [ -45.251787599999943, -23.762982799999975 ], [ -45.251670299999944, -23.762987599999974 ], [ -45.251573099999973, -23.763015899999971 ], [ -45.251494599999944, -23.763008199999945 ], [ -45.251415899999984, -23.762994499999934 ], [ -45.251363599999934, -23.762989399999981 ], [ -45.251304499999947, -23.762975399999959 ], [ -45.251162099999931, -23.763028299999974 ], [ -45.25103189999993, -23.763042299999938 ], [ -45.250889199999961, -23.763080299999956 ], [ -45.25078469999994, -23.763085 ], [ -45.250601299999971, -23.763078899999982 ], [ -45.250504, -23.763110299999937 ], [ -45.25039929999997, -23.763115 ], [ -45.250320699999975, -23.763113199999964 ], [ -45.250219699999946, -23.763138799999979 ], [ -45.250145299999986, -23.76315829999993 ], [ -45.250067099999967, -23.763171599999964 ], [ -45.249991899999941, -23.763178799999935 ], [ -45.249907599999972, -23.763213 ], [ -45.249741799999981, -23.763257399999929 ], [ -45.249631099999931, -23.763289099999952 ], [ -45.249546699999939, -23.763329399999975 ], [ -45.249446199999966, -23.763381899999956 ], [ -45.249382899999944, -23.76346639999997 ], [ -45.249258599999962, -23.763471299999935 ], [ -45.249177199999963, -23.763481499999955 ], [ -45.249093699999946, -23.763524299999972 ], [ -45.24898079999997, -23.763561599999946 ], [ -45.248887399999944, -23.763595699999939 ], [ -45.248788099999956, -23.763644599999964 ], [ -45.248637599999938, -23.76363809999998 ], [ -45.248529799999972, -23.76363079999993 ], [ -45.248403899999971, -23.763608399999953 ], [ -45.248302299999978, -23.763574 ], [ -45.248201199999983, -23.763563399999953 ], [ -45.24808969999998, -23.763523299999974 ], [ -45.247986899999944, -23.763438599999972 ], [ -45.247937199999967, -23.763400699999977 ], [ -45.24788719999998, -23.763347899999928 ], [ -45.247821399999964, -23.763307 ], [ -45.247729599999957, -23.763257499999952 ], [ -45.247702, -23.763183399999946 ], [ -45.247661899999969, -23.763127399999973 ], [ -45.247637399999974, -23.763044299999933 ], [ -45.247615899999971, -23.762952199999972 ], [ -45.247615, -23.762883299999942 ], [ -45.247571299999947, -23.762809399999981 ], [ -45.247559399999943, -23.762717 ], [ -45.247525499999938, -23.762654699999928 ], [ -45.247500899999977, -23.762571399999956 ], [ -45.247479, -23.76247 ], [ -45.247469699999954, -23.762356299999965 ], [ -45.24745809999996, -23.76227259999996 ], [ -45.247412199999985, -23.76211939999996 ], [ -45.24749769999994, -23.761995399999932 ], [ -45.247475799999961, -23.761881899999935 ], [ -45.247476899999981, -23.761777 ], [ -45.247451799999965, -23.761672399999952 ], [ -45.247424199999955, -23.76159789999997 ], [ -45.247386799999958, -23.761523599999975 ], [ -45.24734, -23.761473299999977 ], [ -45.247289699999953, -23.761411199999941 ], [ -45.24722, -23.761355399999957 ], [ -45.247145899999964, -23.761410599999977 ], [ -45.247081899999955, -23.761471699999959 ], [ -45.247067, -23.761534899999958 ], [ -45.246969899999954, -23.761578499999928 ], [ -45.246884499999965, -23.761558899999955 ], [ -45.24678339999997, -23.761563499999966 ], [ -45.246684099999982, -23.761631099999931 ], [ -45.246568299999979, -23.761666099999957 ], [ -45.246418399999982, -23.761677499999962 ], [ -45.246288599999957, -23.76161639999998 ], [ -45.246221899999966, -23.761584299999981 ], [ -45.246154399999966, -23.761531199999979 ], [ -45.246031, -23.761518199999955 ], [ -45.245921899999985, -23.761487 ], [ -45.245836699999984, -23.761491299999932 ], [ -45.245772699999975, -23.761540199999956 ], [ -45.245706599999949, -23.761624799999936 ], [ -45.245667199999957, -23.761726899999928 ], [ -45.245653199999936, -23.761804599999948 ], [ -45.245622899999944, -23.761885399999983 ], [ -45.245561, -23.762017399999934 ], [ -45.245483799999931, -23.762060299999973 ], [ -45.245402299999967, -23.762084799999968 ], [ -45.245289399999933, -23.76214049999993 ], [ -45.245176399999934, -23.762190099999941 ], [ -45.245073, -23.762233399999957 ], [ -45.244969499999968, -23.762270799999953 ], [ -45.244859899999938, -23.762326199999961 ], [ -45.244770099999982, -23.762387299999943 ], [ -45.244685699999934, -23.76241529999993 ], [ -45.244551599999966, -23.762420299999974 ], [ -45.244439399999976, -23.762395099999935 ], [ -45.244328799999948, -23.762417699999958 ], [ -45.244232299999965, -23.762472899999977 ], [ -45.244121699999937, -23.76251039999994 ], [ -45.244001599999933, -23.762572 ], [ -45.243934099999933, -23.762635699999976 ], [ -45.243869899999936, -23.762696399999982 ], [ -45.24383249999994, -23.762762699999939 ], [ -45.243740599999967, -23.76277609999994 ], [ -45.243632099999957, -23.762777899999946 ], [ -45.243539899999973, -23.762779399999943 ], [ -45.243589199999974, -23.762859 ], [ -45.243535299999962, -23.762910499999975 ], [ -45.243465899999933, -23.762983099999929 ], [ -45.243392699999958, -23.763082699999927 ], [ -45.243339499999934, -23.763193799999954 ], [ -45.243286099999978, -23.763296099999934 ], [ -45.243248699999981, -23.763377199999979 ], [ -45.243142899999953, -23.763483099999974 ], [ -45.24303139999995, -23.763508699999932 ], [ -45.242965799999979, -23.763515699999971 ], [ -45.242915299999936, -23.763582099999951 ], [ -45.242796299999952, -23.763670499999932 ], [ -45.242661799999951, -23.763693599999954 ], [ -45.242570599999965, -23.763751799999966 ], [ -45.242500899999982, -23.763863399999934 ], [ -45.242439699999977, -23.763927099999933 ], [ -45.242372799999941, -23.764254499999936 ], [ -45.242333, -23.764380399999936 ], [ -45.242243899999949, -23.764477 ], [ -45.242141299999957, -23.764553 ], [ -45.242067199999951, -23.764610799999957 ], [ -45.241941099999963, -23.764693499999964 ], [ -45.241913899999986, -23.764798199999973 ], [ -45.24189, -23.764896699999952 ], [ -45.241809099999955, -23.764948899999979 ], [ -45.241747099999941, -23.764968 ], [ -45.241663099999982, -23.765023199999973 ], [ -45.241586, -23.765074699999957 ], [ -45.241490799999951, -23.765201499999932 ], [ -45.241417199999944, -23.765274199999965 ], [ -45.241336699999977, -23.76535309999997 ], [ -45.241266, -23.765425899999968 ], [ -45.241153099999963, -23.765529399999934 ], [ -45.241063199999985, -23.765629599999954 ], [ -45.240976799999942, -23.765735599999971 ], [ -45.24094249999996, -23.765810699999975 ], [ -45.240892499999973, -23.76590989999994 ], [ -45.240848299999982, -23.765976099999932 ], [ -45.24077479999994, -23.766073 ], [ -45.240728099999956, -23.766193099999953 ], [ -45.240727499999934, -23.766289899999947 ], [ -45.240679799999953, -23.76634729999995 ], [ -45.240604599999983, -23.766363499999954 ], [ -45.240557699999954, -23.766456699999935 ], [ -45.240500299999951, -23.766541299999972 ], [ -45.240425399999936, -23.766593399999977 ], [ -45.240368499999931, -23.76670189999993 ], [ -45.240360599999974, -23.766785499999969 ], [ -45.240301, -23.766908799999953 ], [ -45.240237499999978, -23.766993399999933 ], [ -45.240178899999933, -23.767073599999947 ], [ -45.240049599999963, -23.767141399999957 ], [ -45.239988, -23.767166199999963 ], [ -45.239911, -23.767236199999957 ], [ -45.239823, -23.767252599999949 ], [ -45.239682399999936, -23.767261 ], [ -45.239535399999966, -23.767269399999975 ], [ -45.239387499999964, -23.767238799999973 ], [ -45.239223099999947, -23.767205499999932 ], [ -45.239084799999944, -23.767183799999941 ], [ -45.238930299999936, -23.767171399999938 ], [ -45.23881, -23.76721809999998 ], [ -45.238732099999936, -23.767252299999939 ], [ -45.238661599999944, -23.767334299999959 ], [ -45.238581899999986, -23.767458399999953 ], [ -45.238507199999958, -23.767498599999954 ], [ -45.238443599999982, -23.767601399999933 ], [ -45.23840679999995, -23.767721799999947 ], [ -45.238395299999979, -23.767814899999962 ], [ -45.238446299999964, -23.767897799999957 ], [ -45.23839849999996, -23.76798249999996 ], [ -45.238346699999965, -23.768028499999957 ], [ -45.238338699999986, -23.768127499999935 ], [ -45.23836069999993, -23.768240499999933 ], [ -45.238401099999976, -23.768272799999977 ], [ -45.238503, -23.768265099999951 ], [ -45.238492599999972, -23.768369799999959 ], [ -45.238502499999981, -23.768504 ], [ -45.238501699999972, -23.768623499999933 ], [ -45.238494199999934, -23.768734199999983 ], [ -45.238459399999954, -23.76880959999994 ], [ -45.238517799999954, -23.768912799999953 ], [ -45.238474, -23.768996799999968 ], [ -45.238371899999947, -23.769008099999951 ], [ -45.238307099999986, -23.769063199999948 ], [ -45.238197099999979, -23.769161299999951 ], [ -45.23813279999996, -23.769213099999945 ], [ -45.238183499999934, -23.76928369999996 ], [ -45.238211599999943, -23.76936939999996 ], [ -45.238164099999949, -23.769438599999944 ], [ -45.238070599999958, -23.769512 ], [ -45.238024099999961, -23.769595099999947 ], [ -45.237950199999943, -23.769653 ], [ -45.237896599999942, -23.76977329999994 ], [ -45.23788849999994, -23.769892699999957 ], [ -45.237887199999932, -23.770014799999956 ], [ -45.237924799999973, -23.770145 ], [ -45.237838499999953, -23.770218099999965 ], [ -45.237715799999933, -23.770262299999956 ], [ -45.237593, -23.770309499999939 ], [ -45.237457099999972, -23.77037409999997 ], [ -45.23736759999997, -23.770473299999935 ], [ -45.237287499999979, -23.770545599999934 ], [ -45.23713859999998, -23.770598699999937 ], [ -45.237012, -23.77063389999995 ], [ -45.236878399999966, -23.770654499999978 ], [ -45.236764799999946, -23.770743099999947 ], [ -45.236687099999983, -23.770774099999983 ], [ -45.23658359999996, -23.770817699999952 ], [ -45.236508399999934, -23.77080419999993 ], [ -45.236416499999962, -23.770776 ], [ -45.236344899999949, -23.770789199999967 ], [ -45.236241199999938, -23.770841899999937 ], [ -45.236151099999972, -23.770918 ], [ -45.236064, -23.770982299999957 ], [ -45.236045899999965, -23.771051 ], [ -45.236063699999931, -23.771119 ], [ -45.236016899999981, -23.771217699999966 ], [ -45.235959599999944, -23.77128689999995 ], [ -45.235801599999945, -23.771394099999952 ], [ -45.235743799999966, -23.771454899999981 ], [ -45.23571, -23.771559799999977 ], [ -45.235628899999938, -23.771685299999945 ], [ -45.235594699999979, -23.771778499999982 ], [ -45.235547599999961, -23.771878 ], [ -45.235510499999975, -23.771989299999973 ], [ -45.235495599999979, -23.772067199999981 ], [ -45.235425499999963, -23.772164199999963 ], [ -45.235354899999948, -23.772234399999945 ], [ -45.235373099999947, -23.772338599999955 ], [ -45.235449199999948, -23.772387499999979 ], [ -45.235439, -23.772479799999928 ], [ -45.235402, -23.772587699999974 ], [ -45.235427099999981, -23.772685499999966 ], [ -45.235439099999951, -23.77278339999998 ], [ -45.235321799999952, -23.772809499999937 ], [ -45.235184199999935, -23.772815199999968 ], [ -45.235097799999949, -23.772772199999963 ], [ -45.23502979999995, -23.772681099999943 ], [ -45.234896699999979, -23.772755199999949 ], [ -45.234747199999958, -23.772814399999959 ], [ -45.234603899999968, -23.772840499999973 ], [ -45.234503899999936, -23.772938 ], [ -45.234413299999972, -23.773017399999958 ], [ -45.234279699999945, -23.773073699999941 ], [ -45.234176399999967, -23.773183399999937 ], [ -45.234081799999956, -23.773318899999936 ], [ -45.233982899999944, -23.773458199999936 ], [ -45.233978799999932, -23.773584 ], [ -45.233980599999938, -23.77368279999996 ], [ -45.233903899999973, -23.773795 ], [ -45.233905599999957, -23.773887899999977 ], [ -45.233982599999933, -23.773976499999947 ], [ -45.234019199999977, -23.774005799999941 ], [ -45.234037399999977, -23.774107399999934 ], [ -45.234082099999966, -23.774220499999956 ], [ -45.234120299999972, -23.774342799999943 ], [ -45.234103, -23.774473499999942 ], [ -45.234170499999948, -23.774580199999946 ], [ -45.234194899999977, -23.774657699999977 ], [ -45.23426969999997, -23.774785 ], [ -45.234324199999946, -23.774888699999963 ], [ -45.23435859999995, -23.774971799999946 ], [ -45.234386099999938, -23.775040099999956 ], [ -45.23439819999993, -23.775171599999965 ], [ -45.234393099999977, -23.775255799999968 ], [ -45.234459799999968, -23.775310899999965 ], [ -45.234474499999976, -23.775399899999968 ], [ -45.234482699999944, -23.775489499999935 ], [ -45.234494599999948, -23.775599899999975 ], [ -45.23453619999998, -23.775718799999936 ], [ -45.234545199999957, -23.775850099999957 ], [ -45.234557099999961, -23.775951299999974 ], [ -45.234539299999938, -23.776047199999937 ], [ -45.234613, -23.776129 ], [ -45.234581699999978, -23.776207199999931 ], [ -45.234504499999957, -23.776277499999935 ], [ -45.234426, -23.776392099999953 ], [ -45.234333499999934, -23.776510199999962 ], [ -45.234226799999931, -23.776574799999935 ], [ -45.234085599999958, -23.776702199999932 ], [ -45.233898099999976, -23.776791299999957 ], [ -45.233706899999959, -23.776853799999969 ], [ -45.233527699999968, -23.776874499999963 ], [ -45.233376599999986, -23.776844299999937 ], [ -45.233295299999952, -23.776741699999945 ], [ -45.233191899999952, -23.77667189999994 ], [ -45.23304539999998, -23.776689 ], [ -45.232839399999932, -23.776784199999952 ], [ -45.232708299999956, -23.776860299999953 ], [ -45.232616, -23.776826 ], [ -45.232519699999955, -23.776797699999975 ], [ -45.232412, -23.776796199999978 ], [ -45.232255099999975, -23.776780699999961 ], [ -45.232129699999973, -23.77672309999997 ], [ -45.231974099999945, -23.776630299999965 ], [ -45.231840799999929, -23.776525 ], [ -45.231750099999942, -23.776421899999946 ], [ -45.231683, -23.77634519999998 ], [ -45.231681599999945, -23.776219399999945 ], [ -45.23162949999994, -23.776159299999961 ], [ -45.231549799999982, -23.776134399999933 ], [ -45.231457, -23.776092199999937 ], [ -45.231377599999973, -23.776081899999951 ], [ -45.23128289999994, -23.776097799999945 ], [ -45.231225599999959, -23.77609 ], [ -45.231171, -23.77618659999996 ], [ -45.231096899999955, -23.776238599999942 ], [ -45.230970599999978, -23.776265699999954 ], [ -45.230876299999977, -23.776231899999971 ], [ -45.230768299999966, -23.776205899999979 ], [ -45.230710099999953, -23.77619169999997 ], [ -45.230566, -23.77615359999993 ], [ -45.230498499999953, -23.776096699999982 ], [ -45.23047779999996, -23.776031599999953 ], [ -45.230424599999935, -23.775994599999933 ], [ -45.230336699999953, -23.776013599999942 ], [ -45.230137799999966, -23.776183599999968 ], [ -45.230033899999967, -23.776271399999928 ], [ -45.229940099999965, -23.776280499999928 ], [ -45.229871299999957, -23.776299299999948 ], [ -45.229833199999973, -23.776332699999955 ], [ -45.229837699999962, -23.776426199999946 ], [ -45.229819299999974, -23.776471899999933 ], [ -45.229812099999947, -23.776532699999962 ], [ -45.229816799999981, -23.776602599999933 ], [ -45.229865699999948, -23.776705499999935 ], [ -45.229917899999975, -23.776843699999972 ], [ -45.230005299999959, -23.776941 ], [ -45.230012599999952, -23.777036899999928 ], [ -45.230049099999974, -23.777223299999946 ], [ -45.23005349999994, -23.777309099999968 ], [ -45.230094399999984, -23.777388799999983 ], [ -45.230131399999948, -23.777458899999942 ], [ -45.230162299999961, -23.777498799999933 ], [ -45.230145199999981, -23.777569099999937 ], [ -45.230154699999957, -23.77762 ], [ -45.23019469999997, -23.777705699999956 ], [ -45.230252099999973, -23.777810699999975 ], [ -45.23031409999993, -23.77791579999996 ], [ -45.230328499999985, -23.777986399999975 ], [ -45.230367799999954, -23.778028399999982 ], [ -45.230437099999961, -23.778074499999946 ], [ -45.230463899999961, -23.778129 ], [ -45.230499399999985, -23.778187399999979 ], [ -45.230569, -23.778249199999948 ], [ -45.23059109999997, -23.778287 ], [ -45.230634499999951, -23.778313799999978 ], [ -45.230673699999954, -23.778344599999969 ], [ -45.230700199999944, -23.778387399999929 ], [ -45.230739399999948, -23.778418199999976 ], [ -45.230774199999985, -23.778445099999942 ], [ -45.230826799999932, -23.778503199999932 ], [ -45.230879, -23.778541699999948 ], [ -45.230918699999961, -23.778596099999959 ], [ -45.230984099999944, -23.778654099999983 ], [ -45.231049399999961, -23.77870409999997 ], [ -45.231152899999984, -23.778733799999941 ], [ -45.231256299999984, -23.778763499999968 ], [ -45.231393899999944, -23.778792599999974 ], [ -45.231539299999952, -23.778782199999966 ], [ -45.231573699999956, -23.778789499999959 ], [ -45.231612799999937, -23.778816399999982 ], [ -45.231618499999968, -23.77887549999997 ], [ -45.231718299999955, -23.778932899999973 ], [ -45.231676499999935, -23.778977 ], [ -45.231724899999961, -23.779035299999975 ], [ -45.231819599999938, -23.779053399999952 ], [ -45.23190939999995, -23.779051799999934 ], [ -45.231998699999963, -23.77904209999997 ], [ -45.232021599999939, -23.779073499999981 ], [ -45.232129599999951, -23.779118899999958 ], [ -45.232251699999949, -23.779223 ], [ -45.232394299999953, -23.779291399999977 ], [ -45.232387699999947, -23.779381899999976 ], [ -45.23244509999995, -23.779463599999929 ], [ -45.232536899999957, -23.779552499999966 ], [ -45.232628799999929, -23.779645399999936 ], [ -45.23278369999997, -23.779689799999971 ], [ -45.232916599999953, -23.779703299999937 ], [ -45.233019199999944, -23.779701599999953 ], [ -45.233093799999949, -23.779779 ], [ -45.233159, -23.779825199999948 ], [ -45.233241599999985, -23.779878899999972 ], [ -45.233311, -23.779917099999977 ], [ -45.233398, -23.780021699999963 ], [ -45.23347629999995, -23.780083299999944 ], [ -45.233605699999941, -23.780128399999967 ], [ -45.233705399999963, -23.780185699999947 ], [ -45.233742199999938, -23.780307 ], [ -45.233833699999934, -23.780380199999968 ], [ -45.233921099999975, -23.780461299999956 ], [ -45.234016299999951, -23.780510899999967 ], [ -45.234111699999971, -23.78056829999997 ], [ -45.234204, -23.780688599999962 ], [ -45.234299499999963, -23.780769299999974 ], [ -45.234396299999958, -23.780867099999966 ], [ -45.234475, -23.780948299999977 ], [ -45.234500299999979, -23.780992199999957 ], [ -45.234550899999931, -23.78104529999996 ], [ -45.234607599999947, -23.781092699999931 ], [ -45.234586899999954, -23.781144199999972 ], [ -45.234645399999977, -23.781288199999949 ], [ -45.234693099999959, -23.781352699999957 ], [ -45.234723, -23.781454699999983 ], [ -45.234745799999985, -23.781514 ], [ -45.234784399999967, -23.781584499999951 ], [ -45.234826099999964, -23.781657699999982 ], [ -45.234851899999967, -23.781708499999979 ], [ -45.234890099999973, -23.78176179999997 ], [ -45.234922099999949, -23.781814099999963 ], [ -45.234994099999938, -23.781858399999976 ], [ -45.23506679999997, -23.781939499999964 ], [ -45.23513029999998, -23.78202639999995 ], [ -45.235159599999974, -23.782108199999982 ], [ -45.235170899999957, -23.782215899999983 ], [ -45.235200599999985, -23.782320299999981 ], [ -45.235190699999976, -23.782396 ], [ -45.235176499999966, -23.782455899999945 ], [ -45.235104099999944, -23.782511199999931 ], [ -45.235059699999965, -23.782594399999937 ], [ -45.235045599999978, -23.782662899999934 ], [ -45.235012799999936, -23.78274289999996 ], [ -45.234986099999958, -23.782817099999932 ], [ -45.234996699999954, -23.782927499999971 ], [ -45.234976499999959, -23.783021499999961 ], [ -45.234944, -23.783112899999935 ], [ -45.234883799999977, -23.783190499999932 ], [ -45.234810799999934, -23.783251299999961 ], [ -45.234747099999936, -23.78332329999995 ], [ -45.234695099999954, -23.783358299999975 ], [ -45.234649199999978, -23.783407199999942 ], [ -45.234569299999976, -23.783445399999948 ], [ -45.23448019999995, -23.783492199999955 ], [ -45.234415899999931, -23.783558399999947 ], [ -45.23436769999995, -23.783644199999969 ], [ -45.234399499999938, -23.783717099999933 ], [ -45.23440979999998, -23.783798899999965 ], [ -45.234383399999956, -23.783884399999977 ], [ -45.234387399999946, -23.783949299999961 ], [ -45.23431439999996, -23.783987899999943 ], [ -45.234225699999968, -23.784018499999945 ], [ -45.234149399999978, -23.784068399999967 ], [ -45.234069799999986, -23.784140299999933 ], [ -45.234005699999955, -23.784206299999937 ], [ -45.23393219999997, -23.784261599999979 ], [ -45.233874, -23.784310699999935 ], [ -45.233809599999972, -23.784357 ], [ -45.233745899999974, -23.784426199999928 ], [ -45.233697799999959, -23.784509199999945 ], [ -45.233621399999947, -23.784558899999979 ], [ -45.233541899999977, -23.784608699999978 ], [ -45.233446, -23.784616199999959 ], [ -45.233374499999968, -23.784608799999944 ], [ -45.233297, -23.784613 ], [ -45.233298499999933, -23.78469819999998 ], [ -45.233299699999975, -23.78476349999994 ], [ -45.233255699999972, -23.78473589999993 ], [ -45.233197399999938, -23.784771 ], [ -45.233111699999938, -23.784840699999961 ], [ -45.232994299999973, -23.784879799999942 ], [ -45.232859699999949, -23.784917699999937 ], [ -45.232689, -23.784971199999973 ], [ -45.232594399999982, -23.785011499999939 ], [ -45.232532, -23.785068199999955 ], [ -45.232599099999959, -23.785125299999947 ], [ -45.232655399999942, -23.785163099999977 ], [ -45.232729799999959, -23.785183699999948 ], [ -45.23280589999996, -23.785153399999956 ], [ -45.232842199999936, -23.785261699999978 ], [ -45.232869199999982, -23.785297499999956 ], [ -45.232896399999959, -23.785340599999927 ], [ -45.232900799999982, -23.785437399999978 ], [ -45.232949499999961, -23.785501899999929 ], [ -45.232948199999953, -23.785585599999933 ], [ -45.232991899999945, -23.785659899999928 ], [ -45.233028399999966, -23.785773099999972 ], [ -45.233060299999977, -23.785784699999965 ], [ -45.233139599999959, -23.785783299999935 ], [ -45.233196899999939, -23.785743599999932 ], [ -45.233267299999966, -23.785698699999955 ], [ -45.23331479999996, -23.785705199999938 ], [ -45.233381599999973, -23.785752399999978 ], [ -45.233424699999944, -23.7858 ], [ -45.233402299999966, -23.785865799999954 ], [ -45.233366299999943, -23.785912399999972 ], [ -45.233360199999936, -23.786004499999933 ], [ -45.233356499999957, -23.786091599999963 ], [ -45.233345399999962, -23.786193499999968 ], [ -45.233352799999977, -23.78630469999996 ], [ -45.233396499999969, -23.786374299999977 ], [ -45.23344, -23.786439 ], [ -45.233478599999955, -23.786520699999983 ], [ -45.233550399999956, -23.78656049999995 ], [ -45.233546499999932, -23.786677299999951 ], [ -45.233565799999951, -23.78680559999998 ], [ -45.233666199999959, -23.786934299999928 ], [ -45.23378729999996, -23.786989299999959 ], [ -45.233828899999935, -23.787173799999948 ], [ -45.233861299999944, -23.78735 ], [ -45.233901, -23.787497099999939 ], [ -45.233952599999952, -23.787567199999955 ], [ -45.23398519999995, -23.787636199999952 ], [ -45.23400879999997, -23.787705499999959 ], [ -45.234032799999966, -23.787791099999936 ], [ -45.234021799999937, -23.787926499999969 ], [ -45.234063699999979, -23.788016 ], [ -45.234105599999964, -23.78810139999996 ], [ -45.234155399999963, -23.788137399999982 ], [ -45.234196399999973, -23.788177499999961 ], [ -45.234224, -23.788222 ], [ -45.234238599999969, -23.788287199999957 ], [ -45.234275599999933, -23.788356 ], [ -45.234303599999976, -23.788420899999949 ], [ -45.234358399999962, -23.788485199999968 ], [ -45.23438109999995, -23.788508499999978 ], [ -45.234439699999939, -23.788540199999943 ], [ -45.234467399999971, -23.788592899999969 ], [ -45.234504899999934, -23.78869039999995 ], [ -45.234573, -23.788754599999947 ], [ -45.234614499999964, -23.78883559999997 ], [ -45.23464789999997, -23.788945499999954 ], [ -45.234680699999956, -23.789030799999978 ], [ -45.23469579999994, -23.789120599999933 ], [ -45.234684399999935, -23.789219099999968 ], [ -45.234677, -23.789297 ], [ -45.234750099999985, -23.789389799999981 ], [ -45.234733799999958, -23.789471899999967 ], [ -45.234731199999942, -23.789576899999929 ], [ -45.234755299999961, -23.789666499999953 ], [ -45.234774699999946, -23.789743899999962 ], [ -45.234794799999975, -23.789858199999969 ], [ -45.23482759999996, -23.789935399999933 ], [ -45.234874099999956, -23.790036899999961 ], [ -45.234929099999931, -23.790121799999952 ], [ -45.234966499999985, -23.790215299999943 ], [ -45.234999199999947, -23.790288499999974 ], [ -45.235089799999969, -23.790368699999931 ], [ -45.235169799999937, -23.790379299999927 ], [ -45.235233699999981, -23.790402599999936 ], [ -45.235337399999935, -23.790449699999954 ], [ -45.235379299999977, -23.790543099999979 ], [ -45.23543479999995, -23.79065259999993 ], [ -45.23552159999997, -23.790757299999939 ], [ -45.235537299999976, -23.790884199999937 ], [ -45.235618699999975, -23.790939799999933 ], [ -45.235677, -23.791060699999946 ], [ -45.235705899999971, -23.791170699999952 ], [ -45.235765499999957, -23.791259599999933 ], [ -45.235822, -23.79141409999994 ], [ -45.235926599999971, -23.791526699999963 ], [ -45.236000199999978, -23.79164389999994 ], [ -45.236095299999931, -23.791732 ], [ -45.23618149999993, -23.791817399999957 ], [ -45.236196599999971, -23.791907 ], [ -45.236208199999965, -23.79204169999997 ], [ -45.23619739999998, -23.792164599999978 ], [ -45.236216899999931, -23.792250099999933 ], [ -45.236246699999981, -23.792417199999932 ], [ -45.236177399999974, -23.792512599999952 ], [ -45.236095399999954, -23.792653199999961 ], [ -45.236081099999979, -23.792837599999928 ], [ -45.236111199999982, -23.793017099999929 ], [ -45.236091699999974, -23.793160899999975 ], [ -45.236301899999944, -23.793272 ], [ -45.236410499999977, -23.79334769999997 ], [ -45.236505299999976, -23.793403099999978 ], [ -45.236595499999964, -23.793454499999939 ], [ -45.236646699999937, -23.793572099999949 ], [ -45.236667899999929, -23.793747899999971 ], [ -45.236689, -23.793915799999979 ], [ -45.236749199999963, -23.794031799999971 ], [ -45.236898799999949, -23.794143799999972 ], [ -45.23691139999994, -23.794360799999936 ], [ -45.236986099999967, -23.79453129999996 ], [ -45.237168299999951, -23.79471209999997 ], [ -45.237215299999946, -23.794838 ], [ -45.23726709999994, -23.794984399999976 ], [ -45.237357199999963, -23.795170699999971 ], [ -45.237378399999955, -23.795350099999951 ], [ -45.237466099999949, -23.795487599999944 ], [ -45.237512799999934, -23.795588899999927 ], [ -45.237463499999933, -23.795589799999959 ], [ -45.237305399999968, -23.795531299999936 ], [ -45.23712519999998, -23.795493499999964 ], [ -45.236895699999934, -23.795472899999936 ], [ -45.236772899999949, -23.795380799999975 ], [ -45.23668239999995, -23.79557049999994 ], [ -45.236622499999953, -23.795714699999962 ], [ -45.236557, -23.795789199999945 ], [ -45.236537399999975, -23.795907899999975 ], [ -45.236495399999967, -23.796026899999958 ], [ -45.23640219999993, -23.796073399999955 ], [ -45.236298399999953, -23.796046599999954 ], [ -45.236181699999975, -23.796044499999937 ], [ -45.236100299999976, -23.796009099999935 ], [ -45.235992199999941, -23.795978099999957 ], [ -45.235884799999951, -23.795979799999941 ], [ -45.235832899999934, -23.796040099999971 ], [ -45.235762299999976, -23.796094399999959 ], [ -45.235647899999947, -23.796206599999948 ], [ -45.235555399999953, -23.796285799999964 ], [ -45.235494699999947, -23.796393199999955 ], [ -45.235420699999963, -23.79650479999998 ], [ -45.235400699999957, -23.796632 ], [ -45.235429299999964, -23.796721599999955 ], [ -45.235453499999949, -23.796819399999947 ], [ -45.235411, -23.796938699999941 ], [ -45.235382299999969, -23.797082399999965 ], [ -45.235403099999985, -23.79725 ], [ -45.235414799999944, -23.797405399999946 ], [ -45.235461899999962, -23.797539799999981 ], [ -45.235497, -23.79762779999993 ], [ -45.235569799999951, -23.797684 ], [ -45.235647, -23.797731899999974 ], [ -45.235715899999946, -23.797824899999966 ], [ -45.235775699999976, -23.797914 ], [ -45.235845, -23.798035699999957 ], [ -45.235873599999934, -23.798133499999949 ], [ -45.235888699999975, -23.798223299999961 ], [ -45.235900299999969, -23.798374599999931 ], [ -45.235903, -23.798521899999969 ], [ -45.235905199999934, -23.798640499999976 ], [ -45.23592089999994, -23.798758799999973 ], [ -45.235933099999954, -23.798930499999983 ], [ -45.235994, -23.799072599999931 ], [ -45.235965399999941, -23.799229899999943 ], [ -45.235972199999935, -23.799364799999978 ], [ -45.236001199999976, -23.79948719999993 ], [ -45.236067199999979, -23.799670299999946 ], [ -45.23614989999993, -23.799787699999968 ], [ -45.23627689999995, -23.79987559999995 ], [ -45.236386899999957, -23.800017099999934 ], [ -45.236451799999941, -23.800143 ], [ -45.236529299999972, -23.800223599999981 ], [ -45.236603699999932, -23.800377799999978 ], [ -45.23675389999994, -23.800514499999963 ], [ -45.236863599999936, -23.800643699999966 ], [ -45.237004099999979, -23.800739599999929 ], [ -45.237135899999942, -23.800851899999941 ], [ -45.237250499999959, -23.801005399999951 ], [ -45.237323899999978, -23.801106399999981 ] ] ] } },
{ "type": "Feature", "properties": { "id": "3520400036", "cd_bairro": "3520400036", "bairro": "Praia Grande", "cd_mun": "3520400", "municipio": "Ilhabela", "cd_dist": "352040010", "distrito": "Cambaquara" }, "geometry": { "type": "Polygon", "coordinates": [ [ [ -45.415758, -23.856525 ], [ -45.415742099999932, -23.856467899999927 ], [ -45.415710799999943, -23.85637509999998 ], [ -45.415673799999979, -23.856270099999961 ], [ -45.415631899999937, -23.856187199999965 ], [ -45.415611, -23.856079499999964 ], [ -45.415627499999971, -23.855971099999977 ], [ -45.415606399999945, -23.855856 ], [ -45.415583099999935, -23.855765499999961 ], [ -45.415545799999961, -23.855731699999978 ], [ -45.415455599999973, -23.855649599999936 ], [ -45.415402499999971, -23.855547299999955 ], [ -45.415309299999933, -23.855450599999983 ], [ -45.415194799999938, -23.855364099999974 ], [ -45.415118299999961, -23.855294099999981 ], [ -45.415052699999933, -23.855236299999945 ], [ -45.41493319999995, -23.855174099999942 ], [ -45.414817399999947, -23.855156299999976 ], [ -45.414769599999943, -23.855169399999966 ], [ -45.41472129999994, -23.855132499999968 ], [ -45.414652799999942, -23.855062399999952 ], [ -45.414603299999953, -23.855004399999928 ], [ -45.414574899999934, -23.854928799999982 ], [ -45.41452529999998, -23.854865699999948 ], [ -45.414488899999981, -23.854795199999955 ], [ -45.414463299999966, -23.85472679999998 ], [ -45.414421299999958, -23.854641599999979 ], [ -45.41439349999996, -23.854592899999943 ], [ -45.41436, -23.85452719999995 ], [ -45.414339899999959, -23.854463599999974 ], [ -45.414314199999978, -23.854390399999943 ], [ -45.414288599999963, -23.854322 ], [ -45.414268099999958, -23.854238799999962 ], [ -45.414249599999948, -23.854126299999962 ], [ -45.414212799999973, -23.854033499999957 ], [ -45.414186699999959, -23.853943099999981 ], [ -45.414213599999982, -23.853812099999971 ], [ -45.414174799999955, -23.853753799999936 ], [ -45.414130599999964, -23.853693 ], [ -45.414083299999959, -23.853610299999957 ], [ -45.414076, -23.853519499999948 ], [ -45.414084799999955, -23.853425899999934 ], [ -45.414107399999978, -23.85334679999994 ], [ -45.414145099999985, -23.85321829999998 ], [ -45.41416479999998, -23.853131899999937 ], [ -45.414150199999938, -23.853073099999961 ], [ -45.414101, -23.853029699999979 ], [ -45.414089099999956, -23.852970899999946 ], [ -45.414106799999956, -23.852918899999963 ], [ -45.414138199999968, -23.852876599999945 ], [ -45.41414089999995, -23.852876499999979 ], [ -45.41411, -23.852810599999941 ], [ -45.414076399999942, -23.852742399999954 ], [ -45.414014099999974, -23.85270909999997 ], [ -45.413953599999957, -23.852678399999945 ], [ -45.413914899999952, -23.852622499999939 ], [ -45.413916099999938, -23.852546299999972 ], [ -45.414053699999954, -23.852444599999956 ], [ -45.414063099999964, -23.852375699999982 ], [ -45.414043199999981, -23.852317099999937 ], [ -45.414037, -23.852277899999933 ], [ -45.413940099999934, -23.852255099999979 ], [ -45.413935399999957, -23.852152099999955 ], [ -45.414015099999972, -23.852113799999927 ], [ -45.414083699999935, -23.852053599999977 ], [ -45.41416659999993, -23.852039799999943 ], [ -45.414213599999982, -23.851970199999982 ], [ -45.41421779999996, -23.851911199999961 ], [ -45.414163599999938, -23.851748599999951 ], [ -45.414290799999947, -23.851655599999958 ], [ -45.41440979999993, -23.851557699999944 ], [ -45.414445099999966, -23.851436699999965 ], [ -45.414424299999951, -23.851341099999956 ], [ -45.414379499999939, -23.851248399999974 ], [ -45.414337, -23.851140899999962 ], [ -45.414217399999984, -23.851071599999955 ], [ -45.414202299999943, -23.851056899999946 ], [ -45.413563799999963, -23.851292099999966 ], [ -45.413595599999951, -23.851398699999947 ], [ -45.413620599999945, -23.851484899999946 ], [ -45.413643199999967, -23.85156429999995 ], [ -45.413643199999967, -23.851616499999977 ], [ -45.413625099999933, -23.851652799999954 ], [ -45.413588799999957, -23.851686799999982 ], [ -45.413475399999982, -23.851743499999941 ], [ -45.413418699999966, -23.85177079999994 ], [ -45.413398199999961, -23.851811599999962 ], [ -45.413411899999971, -23.851911399999949 ], [ -45.41340729999996, -23.852020299999936 ], [ -45.413359699999944, -23.85209059999994 ], [ -45.413264399999946, -23.852117799999974 ], [ -45.413188399999967, -23.852114299999982 ], [ -45.413022599999977, -23.851994799999943 ], [ -45.413012599999945, -23.851974899999959 ], [ -45.412915099999964, -23.851734499999964 ], [ -45.412881, -23.851693599999976 ], [ -45.412824299999954, -23.851668699999948 ], [ -45.412779, -23.851673199999937 ], [ -45.412715399999968, -23.851702699999976 ], [ -45.412605399999961, -23.851786199999935 ], [ -45.412285499999939, -23.85203139999993 ], [ -45.412338099999943, -23.85220309999994 ], [ -45.412347199999942, -23.852389099999982 ], [ -45.412340899999947, -23.85256389999995 ], [ -45.410125, -23.85341539999996 ], [ -45.409545199999968, -23.853691099999935 ], [ -45.404729299999985, -23.855490499999974 ], [ -45.403755099999955, -23.855865199999982 ], [ -45.403765, -23.855893 ], [ -45.403881, -23.856391 ], [ -45.404404, -23.856539 ], [ -45.404943, -23.85649 ], [ -45.405596, -23.856374 ], [ -45.406159, -23.856383 ], [ -45.406608, -23.85646 ], [ -45.406867, -23.856672 ], [ -45.40692, -23.857158 ], [ -45.406974, -23.857644 ], [ -45.407114, -23.858188 ], [ -45.407342, -23.858666 ], [ -45.407408, -23.859198 ], [ -45.40744, -23.859464 ], [ -45.407554, -23.860089 ], [ -45.407674199999974, -23.860167899999965 ], [ -45.408221, -23.860527 ], [ -45.409332, -23.860696 ], [ -45.410077, -23.860985 ], [ -45.410575, -23.861109 ], [ -45.411343, -23.861537 ], [ -45.411967, -23.862309 ], [ -45.412279, -23.863007 ], [ -45.412573, -23.86337 ], [ -45.413059, -23.86347 ], [ -45.413285, -23.86412 ], [ -45.413382, -23.864953 ], [ -45.413709, -23.865536 ], [ -45.414225, -23.866029 ], [ -45.414382, -23.866236 ], [ -45.414791699999967, -23.866798199999948 ], [ -45.414997899999946, -23.866585399999963 ], [ -45.415415799999948, -23.866270499999928 ], [ -45.415864099999965, -23.866016099999968 ], [ -45.416118499999982, -23.865731399999959 ], [ -45.416348699999958, -23.865325499999983 ], [ -45.416475899999966, -23.864998399999934 ], [ -45.416561199999933, -23.864765699999964 ], [ -45.416782, -23.86440609999994 ], [ -45.417049599999984, -23.864068699999962 ], [ -45.417172499999936, -23.863968599999964 ], [ -45.417469299999937, -23.86363549999993 ], [ -45.417717599999946, -23.863108499999953 ], [ -45.417802399999971, -23.862533 ], [ -45.41783879999997, -23.861981799999967 ], [ -45.417793399999937, -23.860734 ], [ -45.417711599999961, -23.860207 ], [ -45.417657099999985, -23.859937399999978 ], [ -45.417645, -23.859686 ], [ -45.417664899999977, -23.859622699999932 ], [ -45.417678299999977, -23.85958 ], [ -45.417764599999941, -23.859445599999958 ], [ -45.417720899999949, -23.859412 ], [ -45.41768449999995, -23.859402399999965 ], [ -45.417621699999984, -23.859356799999944 ], [ -45.417547799999966, -23.859289199999978 ], [ -45.417481899999984, -23.859221499999933 ], [ -45.41741989999997, -23.859142 ], [ -45.417367599999977, -23.859081499999945 ], [ -45.417298899999935, -23.859008899999935 ], [ -45.41724929999998, -23.858953199999974 ], [ -45.417213299999958, -23.858902199999932 ], [ -45.417158399999948, -23.858846599999936 ], [ -45.417130399999962, -23.858790499999941 ], [ -45.417094199999951, -23.858727199999976 ], [ -45.417047799999978, -23.858686199999966 ], [ -45.417006699999945, -23.858645 ], [ -45.416965299999958, -23.858594099999948 ], [ -45.416918599999974, -23.858538299999964 ], [ -45.416885199999967, -23.858479899999963 ], [ -45.416846299999975, -23.85841419999997 ], [ -45.416799699999956, -23.858365799999945 ], [ -45.416761, -23.858312399999932 ], [ -45.416706, -23.858212099999946 ], [ -45.41667259999997, -23.858153699999946 ], [ -45.416611599999953, -23.858061299999974 ], [ -45.416564599999958, -23.857995699999947 ], [ -45.416530699999953, -23.857912699999929 ], [ -45.416475399999968, -23.857837399999937 ], [ -45.416430699999978, -23.857754499999942 ], [ -45.416376399999933, -23.857654199999956 ], [ -45.416331899999932, -23.857578699999976 ], [ -45.416298199999972, -23.857505499999945 ], [ -45.416265, -23.857459399999982 ], [ -45.416231699999969, -23.85740329999993 ], [ -45.416206599999953, -23.857357 ], [ -45.416173399999934, -23.857308399999965 ], [ -45.416148499999963, -23.857269499999973 ], [ -45.416120799999931, -23.857225699999958 ], [ -45.416093199999978, -23.857186799999965 ], [ -45.416068, -23.857138 ], [ -45.416040299999963, -23.857094299999972 ], [ -45.416015, -23.857035699999983 ], [ -45.415987499999972, -23.857001699999955 ], [ -45.415964799999983, -23.856938199999945 ], [ -45.415928799999961, -23.856879799999945 ], [ -45.41589, -23.856819099999939 ], [ -45.415848599999947, -23.856758299999967 ], [ -45.415834299999972, -23.85671439999993 ], [ -45.415819799999952, -23.856660599999941 ], [ -45.415800099999956, -23.856611799999939 ], [ -45.415765199999953, -23.856551099999933 ], [ -45.415758, -23.856525 ] ] ] } },
{ "type": "Feature", "properties": { "id": "3520400041", "cd_bairro": "3520400041", "bairro": "Praia Mansa", "cd_mun": "3520400", "municipio": "Ilhabela", "cd_dist": "352040015", "distrito": "Paranabi" }, "geometry": { "type": "Polygon", "coordinates": [ [ [ -45.287837299999978, -23.862383 ], [ -45.28776, -23.862435 ], [ -45.287626099999954, -23.862432 ], [ -45.287334099999953, -23.862389599999972 ], [ -45.287161099999935, -23.862291699999957 ], [ -45.287047799999982, -23.862196599999947 ], [ -45.286957399999949, -23.862131799999929 ], [ -45.286840199999972, -23.862128499999983 ], [ -45.286645699999951, -23.862167299999953 ], [ -45.286466699999949, -23.862139499999955 ], [ -45.286350299999981, -23.862177 ], [ -45.286171299999978, -23.862154399999952 ], [ -45.286058499999967, -23.862095 ], [ -45.285994099999982, -23.862223599999936 ], [ -45.285873, -23.862312199999963 ], [ -45.285722399999941, -23.862319699999944 ], [ -45.285668699999974, -23.862432799999965 ], [ -45.285598599999958, -23.86256149999997 ], [ -45.285539299999982, -23.862669599999947 ], [ -45.285480699999937, -23.862813299999971 ], [ -45.285432799999967, -23.862941699999965 ], [ -45.285424399999954, -23.863095 ], [ -45.285427399999946, -23.86326349999996 ], [ -45.285491899999954, -23.863425699999937 ], [ -45.285555199999976, -23.86352039999997 ], [ -45.28562949999997, -23.863606 ], [ -45.285731899999973, -23.863701399999968 ], [ -45.285833799999978, -23.863776299999927 ], [ -45.285958499999936, -23.863876399999981 ], [ -45.286066, -23.863956299999927 ], [ -45.286173399999939, -23.864031 ], [ -45.286285899999939, -23.864080199999933 ], [ -45.286387599999955, -23.864149899999973 ], [ -45.286523299999942, -23.864254699999947 ], [ -45.286620399999947, -23.864380599999947 ], [ -45.286740399999985, -23.864536799999939 ], [ -45.286849299999972, -23.864693299999942 ], [ -45.287019499999985, -23.864853699999969 ], [ -45.287049899999943, -23.864981099999966 ], [ -45.287318899999946, -23.865068099999974 ], [ -45.287470399999961, -23.865131699999949 ], [ -45.287634, -23.865241199999957 ], [ -45.287828299999944, -23.865453299999956 ], [ -45.288112799999965, -23.865469 ], [ -45.288414899999964, -23.865670299999977 ], [ -45.288666699999965, -23.86570729999994 ], [ -45.288851, -23.865724899999975 ], [ -45.289029, -23.865707 ], [ -45.289289799999949, -23.865652099999977 ], [ -45.289546499999972, -23.865673499999957 ], [ -45.289819199999954, -23.865664099999947 ], [ -45.290105899999958, -23.865766399999927 ], [ -45.290307599999949, -23.865819299999941 ], [ -45.290503599999965, -23.865867199999968 ], [ -45.290765199999953, -23.865898799999968 ], [ -45.290832199999954, -23.865918199999953 ], [ -45.290917399999955, -23.866013599999974 ], [ -45.290931099999966, -23.866135699999973 ], [ -45.29083449999996, -23.866290099999958 ], [ -45.290799799999945, -23.866499699999963 ], [ -45.29075279999995, -23.866663599999981 ], [ -45.290650299999982, -23.866818299999977 ], [ -45.290629799999977, -23.866910399999938 ], [ -45.290494199999955, -23.867081199999973 ], [ -45.290332199999966, -23.867053399999975 ], [ -45.290242899999953, -23.867044699999951 ], [ -45.290178099999935, -23.867153 ], [ -45.290208799999959, -23.867305499999929 ], [ -45.290290399999947, -23.86749489999994 ], [ -45.290393799999947, -23.867661599999963 ], [ -45.290408199999945, -23.867834899999934 ], [ -45.290480699999932, -23.868119499999978 ], [ -45.290421799999933, -23.868237799999974 ], [ -45.29032049999995, -23.868318399999964 ], [ -45.290147899999965, -23.868291899999974 ], [ -45.290031399999975, -23.868200299999955 ], [ -45.289771799999983, -23.867964699999959 ], [ -45.289482, -23.867846499999928 ], [ -45.28934339999995, -23.867953899999975 ], [ -45.289539099999956, -23.86816129999994 ], [ -45.289829699999984, -23.868326199999956 ], [ -45.289973299999986, -23.868499299999939 ], [ -45.290154599999937, -23.868642399999942 ], [ -45.290266499999973, -23.868827599999975 ], [ -45.290399599999944, -23.869134899999949 ], [ -45.290731, -23.868995 ], [ -45.291506, -23.868997 ], [ -45.292394, -23.868907 ], [ -45.293256, -23.869069 ], [ -45.294281, -23.869105 ], [ -45.29498, -23.869267 ], [ -45.295554, -23.869715 ], [ -45.296078, -23.870059 ], [ -45.29674, -23.870301 ], [ -45.297262899999964, -23.870196299999975 ], [ -45.297365, -23.870176 ], [ -45.297492, -23.869599 ], [ -45.297144, -23.8695 ], [ -45.296819, -23.869495 ], [ -45.296439, -23.869084 ], [ -45.295974, -23.868545 ], [ -45.295851, -23.868439 ], [ -45.295407, -23.868108 ], [ -45.295048, -23.867882 ], [ -45.294766, -23.867577 ], [ -45.294458, -23.867318 ], [ -45.294166, -23.866897 ], [ -45.293908, -23.866685 ], [ -45.29361, -23.86653 ], [ -45.293378, -23.86626 ], [ -45.293331, -23.866063 ], [ -45.29325, -23.865739 ], [ -45.29307, -23.865378 ], [ -45.292897, -23.865248 ], [ -45.292517, -23.864837 ], [ -45.292437, -23.864466 ], [ -45.292542, -23.864214 ], [ -45.292568499999959, -23.864069399999948 ], [ -45.292654, -23.863604 ], [ -45.29266, -23.863293 ], [ -45.292796, -23.862753 ], [ -45.293027, -23.862422 ], [ -45.29332, -23.862185 ], [ -45.294264, -23.86189 ], [ -45.294783, -23.861576 ], [ -45.294826, -23.861299 ], [ -45.294945, -23.860967 ], [ -45.294294199999968, -23.860848899999951 ], [ -45.293687599999942, -23.860643799999934 ], [ -45.292768499999966, -23.860134599999981 ], [ -45.292275199999949, -23.859821699999941 ], [ -45.291738899999984, -23.859593799999971 ], [ -45.29162539999993, -23.859565099999941 ], [ -45.291550899999947, -23.859846399999981 ], [ -45.291284799999971, -23.860282499999983 ], [ -45.290833799999973, -23.860814799999957 ], [ -45.290656399999932, -23.861051399999951 ], [ -45.290353299999936, -23.86142469999993 ], [ -45.290242399999954, -23.86178689999997 ], [ -45.290116699999942, -23.862112199999956 ], [ -45.289858, -23.862411599999973 ], [ -45.289676899999961, -23.862596399999973 ], [ -45.289322099999936, -23.862818199999936 ], [ -45.288863699999979, -23.862888399999974 ], [ -45.288564299999962, -23.862892099999954 ], [ -45.288191, -23.862751599999967 ], [ -45.287837299999978, -23.862383 ] ] ] } },
{ "type": "Feature", "properties": { "id": "3520400040", "cd_bairro": "3520400040", "bairro": "Praia Vermelha", "cd_mun": "3520400", "municipio": "Ilhabela", "cd_dist": "352040015", "distrito": "Paranabi" }, "geometry": { "type": "Polygon", "coordinates": [ [ [ -45.290399599999944, -23.869134899999949 ], [ -45.290422, -23.869262899999967 ], [ -45.29041959999995, -23.869442099999958 ], [ -45.290337199999954, -23.869642 ], [ -45.290248299999973, -23.869663799999955 ], [ -45.290044199999954, -23.869707399999982 ], [ -45.289893199999938, -23.869742099999939 ], [ -45.289761399999975, -23.869871 ], [ -45.289666, -23.870023699999933 ], [ -45.289584899999966, -23.870233599999949 ], [ -45.28949369999998, -23.870369899999957 ], [ -45.289325599999984, -23.870458299999939 ], [ -45.28916879999997, -23.870444299999974 ], [ -45.289134699999977, -23.870539099999974 ], [ -45.289250399999958, -23.870738 ], [ -45.289364499999976, -23.870859 ], [ -45.289540899999963, -23.870974699999977 ], [ -45.289749899999947, -23.87117539999997 ], [ -45.289949299999932, -23.871339599999942 ], [ -45.290105199999971, -23.871545699999956 ], [ -45.290090499999963, -23.87169339999997 ], [ -45.290040599999941, -23.871867599999973 ], [ -45.289977499999964, -23.87205629999994 ], [ -45.28989189999993, -23.872245599999928 ], [ -45.289818699999955, -23.872394099999951 ], [ -45.289710699999944, -23.872592199999929 ], [ -45.28963669999996, -23.872703899999976 ], [ -45.289532299999962, -23.872861199999932 ], [ -45.289405699999975, -23.873039399999982 ], [ -45.289265899999975, -23.873225899999966 ], [ -45.289138899999955, -23.873383399999966 ], [ -45.289007699999956, -23.873548899999946 ], [ -45.288854, -23.873698 ], [ -45.288737599999934, -23.873691599999972 ], [ -45.288606699999946, -23.87362829999995 ], [ -45.288409699999931, -23.87361089999996 ], [ -45.288226799999961, -23.873634199999969 ], [ -45.287941399999966, -23.873671299999955 ], [ -45.287684199999944, -23.873748499999977 ], [ -45.287512399999969, -23.873836499999982 ], [ -45.287323899999933, -23.87379459999994 ], [ -45.287182, -23.873666599999979 ], [ -45.286974, -23.873576 ], [ -45.286873899999932, -23.873516399999971 ], [ -45.286691, -23.873252399999956 ], [ -45.286419, -23.873326299999974 ], [ -45.286297899999965, -23.873545899999954 ], [ -45.28619539999994, -23.873645299999964 ], [ -45.286066299999959, -23.873671899999977 ], [ -45.285861199999943, -23.873699699999975 ], [ -45.285583699999961, -23.873696099999961 ], [ -45.28536349999996, -23.873642399999937 ], [ -45.285268699999961, -23.873607199999981 ], [ -45.285252499999956, -23.873485 ], [ -45.285230199999944, -23.873297399999956 ], [ -45.284997899999951, -23.87331729999994 ], [ -45.28484949999995, -23.873475 ], [ -45.284790699999974, -23.873635099999944 ], [ -45.28463679999993, -23.873747699999967 ], [ -45.284473899999966, -23.873872899999981 ], [ -45.284350899999936, -23.873981 ], [ -45.284218499999952, -23.87404829999997 ], [ -45.284029799999985, -23.874022799999977 ], [ -45.283892199999968, -23.873890399999937 ], [ -45.283694099999934, -23.873840499999972 ], [ -45.283507099999952, -23.873859899999957 ], [ -45.28326949999996, -23.873839299999929 ], [ -45.283085299999982, -23.873809599999959 ], [ -45.282932499999959, -23.873783399999979 ], [ -45.282854699999973, -23.873911299999975 ], [ -45.282797699999946, -23.874140099999977 ], [ -45.282775099999981, -23.874307 ], [ -45.282676299999935, -23.874284099999954 ], [ -45.28252249999997, -23.874209399999927 ], [ -45.282359399999962, -23.874280699999929 ], [ -45.282221799999945, -23.874298799999963 ], [ -45.28204919999996, -23.874183599999981 ], [ -45.282033699999943, -23.873968599999955 ], [ -45.281974899999966, -23.873777899999936 ], [ -45.281842499999982, -23.873669699999937 ], [ -45.281720399999983, -23.873614299999929 ], [ -45.281614799999943, -23.873660699999959 ], [ -45.281633, -23.87382359999998 ], [ -45.281461, -23.873874899999976 ], [ -45.281272599999966, -23.873804099999973 ], [ -45.281085399999938, -23.873761699999932 ], [ -45.280955799999958, -23.873718699999984 ], [ -45.280638, -23.873662099999933 ], [ -45.280394099999967, -23.873539599999958 ], [ -45.280219699999975, -23.873371099999929 ], [ -45.279976199999965, -23.873281 ], [ -45.279783699999939, -23.873251299999936 ], [ -45.279557499999953, -23.873283299999969 ], [ -45.279305399999942, -23.873209699999961 ], [ -45.279123299999981, -23.873175799999956 ], [ -45.278934, -23.873101099999928 ], [ -45.278704499999947, -23.873031199999957 ], [ -45.278480099999967, -23.872993799999961 ], [ -45.278247599999986, -23.872981099999947 ], [ -45.27804969999994, -23.872931 ], [ -45.277850899999976, -23.872848199999964 ], [ -45.277745899999957, -23.872772099999963 ], [ -45.277564699999971, -23.87283229999997 ], [ -45.277351199999941, -23.872868399999959 ], [ -45.277122799999972, -23.872880099999975 ], [ -45.276905699999929, -23.872830199999953 ], [ -45.276742, -23.872775299999944 ], [ -45.276624599999934, -23.872752599999956 ], [ -45.276400299999978, -23.872694499999966 ], [ -45.276190699999972, -23.872738799999979 ], [ -45.276007, -23.872753799999941 ], [ -45.275854599999946, -23.872752099999957 ], [ -45.275735599999962, -23.872840099999962 ], [ -45.275712599999963, -23.873012499999959 ], [ -45.275588499999969, -23.873088099999961 ], [ -45.27548, -23.873265899999979 ], [ -45.275437799999963, -23.873377 ], [ -45.275463799999955, -23.873515499999939 ], [ -45.275480099999982, -23.87362539999998 ], [ -45.27555979999994, -23.873766799999942 ], [ -45.275454799999977, -23.873862199999962 ], [ -45.275235199999941, -23.873849499999949 ], [ -45.275121099999978, -23.873769799999934 ], [ -45.275040299999944, -23.873599799999965 ], [ -45.274911699999961, -23.873491599999966 ], [ -45.274673399999983, -23.873458599999935 ], [ -45.274507599999936, -23.873448899999971 ], [ -45.274384699999985, -23.873516099999961 ], [ -45.274224599999968, -23.873539 ], [ -45.274108, -23.873520399999961 ], [ -45.274053399999957, -23.87361089999996 ], [ -45.273942699999964, -23.87369579999995 ], [ -45.273760699999968, -23.873739499999942 ], [ -45.273523599999976, -23.873702399999956 ], [ -45.27333, -23.873623699999939 ], [ -45.273116699999946, -23.87349219999993 ], [ -45.272915699999942, -23.873335599999962 ], [ -45.272761799999955, -23.873272399999962 ], [ -45.272567199999969, -23.873177099999964 ], [ -45.272441299999969, -23.873162699999966 ], [ -45.272316199999977, -23.873201299999948 ], [ -45.272167499999966, -23.873359299999947 ], [ -45.271977799999945, -23.873337499999934 ], [ -45.271903299999963, -23.87353539999998 ], [ -45.271738299999981, -23.873689399999932 ], [ -45.271734099999946, -23.873812 ], [ -45.271601499999974, -23.87387949999993 ], [ -45.271500299999957, -23.873962799999958 ], [ -45.271528899999964, -23.874084699999969 ], [ -45.271441099999947, -23.874171599999954 ], [ -45.271379699999954, -23.874229699999944 ], [ -45.271234, -23.874313699999959 ], [ -45.271085, -23.874462699999981 ], [ -45.270929599999931, -23.874506199999928 ], [ -45.270714699999985, -23.874485799999945 ], [ -45.270565699999963, -23.874427299999979 ], [ -45.270422699999983, -23.874437899999975 ], [ -45.270336499999985, -23.874602599999946 ], [ -45.270315499999981, -23.874672399999952 ], [ -45.270251499999972, -23.874820199999931 ], [ -45.270341, -23.874963 ], [ -45.270876, -23.875099 ], [ -45.271162, -23.875231 ], [ -45.271548, -23.875319 ], [ -45.271799, -23.875289 ], [ -45.271978, -23.875072 ], [ -45.272371, -23.874837 ], [ -45.272924, -23.874731 ], [ -45.27306, -23.874815 ], [ -45.273153, -23.875139 ], [ -45.273251, -23.875257 ], [ -45.273686, -23.875449 ], [ -45.274085, -23.875514 ], [ -45.274333, -23.875622 ], [ -45.274479, -23.875855 ], [ -45.274814, -23.876 ], [ -45.275112, -23.87612 ], [ -45.275881, -23.875834 ], [ -45.276269, -23.875806 ], [ -45.276839, -23.875493 ], [ -45.277569, -23.875263 ], [ -45.277933, -23.875223 ], [ -45.278337, -23.875023 ], [ -45.278841, -23.87487 ], [ -45.279642, -23.874861 ], [ -45.28004, -23.874984 ], [ -45.280413, -23.875105 ], [ -45.280724, -23.875226 ], [ -45.281109, -23.87536 ], [ -45.281331, -23.875537 ], [ -45.281488, -23.875817 ], [ -45.281743, -23.876214 ], [ -45.281991, -23.876322 ], [ -45.282556, -23.876251 ], [ -45.283316, -23.875814 ], [ -45.283703, -23.875856 ], [ -45.28439, -23.875902 ], [ -45.285008, -23.875694 ], [ -45.286096, -23.875725 ], [ -45.287098, -23.875673 ], [ -45.287667, -23.875406 ], [ -45.288415, -23.875534 ], [ -45.288818, -23.876049 ], [ -45.289146, -23.876551 ], [ -45.289577, -23.876928 ], [ -45.289763, -23.877659 ], [ -45.29017, -23.877931 ], [ -45.29061, -23.877835 ], [ -45.2914, -23.877768 ], [ -45.291983, -23.878032 ], [ -45.292802, -23.877146 ], [ -45.29308, -23.87699 ], [ -45.293515, -23.877136 ], [ -45.293869, -23.877615 ], [ -45.294625, -23.877975 ], [ -45.295584, -23.878257 ], [ -45.296159, -23.878278 ], [ -45.296344, -23.877785 ], [ -45.296552, -23.877397 ], [ -45.296899, -23.876929 ], [ -45.297706, -23.876609 ], [ -45.298171, -23.87649 ], [ -45.298168, -23.876017 ], [ -45.297936, -23.875701 ], [ -45.298016, -23.875494 ], [ -45.298281, -23.875372 ], [ -45.298472, -23.875202 ], [ -45.298852, -23.874944 ], [ -45.298931, -23.874772 ], [ -45.298833, -23.874655 ], [ -45.298684, -23.874583 ], [ -45.29839, -23.874243 ], [ -45.298238, -23.873709 ], [ -45.298369, -23.873423 ], [ -45.298391, -23.872916 ], [ -45.298307, -23.872741 ], [ -45.297982, -23.872735 ], [ -45.297647, -23.872556 ], [ -45.297291, -23.872227 ], [ -45.297098, -23.871831 ], [ -45.296994, -23.871391 ], [ -45.297004, -23.870906 ], [ -45.297163, -23.870459 ], [ -45.297262899999964, -23.870196299999975 ], [ -45.29674, -23.870301 ], [ -45.296078, -23.870059 ], [ -45.295554, -23.869715 ], [ -45.29498, -23.869267 ], [ -45.294281, -23.869105 ], [ -45.293256, -23.869069 ], [ -45.292394, -23.868907 ], [ -45.291506, -23.868997 ], [ -45.290731, -23.868995 ], [ -45.290399599999944, -23.869134899999949 ] ] ] } },
{ "type": "Feature", "properties": { "id": "3520400017", "cd_bairro": "3520400017", "bairro": "Reino", "cd_mun": "3520400", "municipio": "Ilhabela", "cd_dist": "352040005", "distrito": "Ilhabela" }, "geometry": { "type": "Polygon", "coordinates": [ [ [ -45.353142099999957, -23.831631899999934 ], [ -45.35464769999993, -23.830619199999944 ], [ -45.355311, -23.830173 ], [ -45.356222799999955, -23.829531299999928 ], [ -45.356592499999977, -23.829290599999979 ], [ -45.356701499999986, -23.829189699999972 ], [ -45.356766599999958, -23.829129499999965 ], [ -45.35686759999993, -23.829036 ], [ -45.357273799999973, -23.828628599999945 ], [ -45.357426099999941, -23.828323199999943 ], [ -45.357494299999985, -23.828088199999968 ], [ -45.357947399999944, -23.827765499999941 ], [ -45.358072299999947, -23.827702399999964 ], [ -45.358136599999966, -23.82769449999995 ], [ -45.358025599999962, -23.82725709999994 ], [ -45.357917199999974, -23.82726329999997 ], [ -45.357797, -23.827244499999949 ], [ -45.357195199999978, -23.827072399999963 ], [ -45.356701, -23.826927199999943 ], [ -45.356274499999984, -23.826784199999963 ], [ -45.356029799999931, -23.82667379999998 ], [ -45.355959199999972, -23.826612499999953 ], [ -45.35591919999996, -23.826536199999964 ], [ -45.355911399999968, -23.826449099999934 ], [ -45.355916799999932, -23.826339 ], [ -45.355903199999943, -23.826249899999937 ], [ -45.355870699999969, -23.826163699999938 ], [ -45.355757599999947, -23.825965199999928 ], [ -45.355592199999933, -23.825818399999946 ], [ -45.355546, -23.825769699999967 ], [ -45.355523099999971, -23.825745499999982 ], [ -45.355455899999981, -23.825604699999928 ], [ -45.355350399999963, -23.82550509999993 ], [ -45.35522919999994, -23.825452499999983 ], [ -45.355053, -23.825356899999974 ], [ -45.354962599999965, -23.825278099999935 ], [ -45.354867399999932, -23.825083599999971 ], [ -45.354749899999945, -23.824887 ], [ -45.354637099999934, -23.824770899999976 ], [ -45.354522199999963, -23.824662299999943 ], [ -45.354451199999971, -23.824550699999975 ], [ -45.354387299999985, -23.824372899999958 ], [ -45.354314599999952, -23.824095899999975 ], [ -45.354271599999947, -23.823908299999971 ], [ -45.354269099999954, -23.823699899999951 ], [ -45.354293899999959, -23.823556099999962 ], [ -45.354201699999976, -23.823531899999978 ], [ -45.354059099999972, -23.823568 ], [ -45.353941, -23.823643299999958 ], [ -45.353830399999936, -23.823809599999947 ], [ -45.353802799999983, -23.823985 ], [ -45.353687099999945, -23.824145399999964 ], [ -45.353621799999985, -23.823860199999956 ], [ -45.353522599999962, -23.823607699999968 ], [ -45.353348199999971, -23.823293199999966 ], [ -45.35321, -23.822993299999951 ], [ -45.353189899999961, -23.822927599999957 ], [ -45.353050199999984, -23.82295629999993 ], [ -45.353069499999947, -23.823004599999933 ], [ -45.353086299999973, -23.823108099999956 ], [ -45.353051299999947, -23.82322709999994 ], [ -45.352950599999986, -23.823406199999965 ], [ -45.352887599999974, -23.823458 ], [ -45.352826, -23.82353349999994 ], [ -45.352686099999971, -23.823628699999972 ], [ -45.352617399999986, -23.82366369999994 ], [ -45.35259, -23.823739 ], [ -45.352563599999939, -23.823986699999978 ], [ -45.352545699999951, -23.824094399999979 ], [ -45.352472399999954, -23.824284099999943 ], [ -45.352406199999962, -23.824472499999956 ], [ -45.352347399999985, -23.824548099999959 ], [ -45.35229709999993, -23.82457329999994 ], [ -45.352224299999932, -23.824587299999962 ], [ -45.351922, -23.82460679999997 ], [ -45.351821299999983, -23.82463759999996 ], [ -45.351726099999951, -23.824716 ], [ -45.351678499999935, -23.824808399999938 ], [ -45.351647699999944, -23.82522819999997 ], [ -45.351636499999984, -23.825729199999955 ], [ -45.351611399999967, -23.825832699999978 ], [ -45.351517599999966, -23.825905499999976 ], [ -45.351408399999968, -23.825947499999927 ], [ -45.35122089999993, -23.825967099999957 ], [ -45.351064199999939, -23.82594469999998 ], [ -45.350910299999953, -23.825936299999967 ], [ -45.35080389999996, -23.826011799999947 ], [ -45.350619199999983, -23.826204899999937 ], [ -45.35051, -23.826258099999961 ], [ -45.350442899999962, -23.82626369999997 ], [ -45.350325299999952, -23.826246899999944 ], [ -45.350258199999985, -23.826221699999962 ], [ -45.350166599999966, -23.826148699999976 ], [ -45.350574599999959, -23.826941699999963 ], [ -45.350487899999962, -23.826992799999971 ], [ -45.350229, -23.827087 ], [ -45.350043199999959, -23.82713229999996 ], [ -45.349862099999939, -23.827160899999967 ], [ -45.349620099999981, -23.827199199999939 ], [ -45.34930479999997, -23.827314299999955 ], [ -45.349156799999946, -23.827401599999973 ], [ -45.349055599999986, -23.827461399999947 ], [ -45.34893349999993, -23.827532799999972 ], [ -45.348884599999963, -23.827561399999979 ], [ -45.348748699999931, -23.827673499999946 ], [ -45.348665199999971, -23.827745399999969 ], [ -45.348548699999981, -23.827823499999965 ], [ -45.348374699999965, -23.827997699999969 ], [ -45.348315699999944, -23.828043 ], [ -45.348232699999983, -23.828106699999978 ], [ -45.348071899999979, -23.828188499999953 ], [ -45.347869099999969, -23.828257099999973 ], [ -45.347766499999977, -23.828278699999942 ], [ -45.34765909999993, -23.828302399999927 ], [ -45.347556199999985, -23.828318199999956 ], [ -45.347293099999945, -23.828321699999947 ], [ -45.346999399999959, -23.828201 ], [ -45.346599399999945, -23.828278199999943 ], [ -45.346364, -23.828627 ], [ -45.346278, -23.828869 ], [ -45.346056, -23.829171 ], [ -45.345934, -23.829518 ], [ -45.345736, -23.82983 ], [ -45.345547, -23.83007 ], [ -45.345792, -23.83029 ], [ -45.346244, -23.830829 ], [ -45.347153, -23.831733 ], [ -45.348003, -23.831759 ], [ -45.348593, -23.832289 ], [ -45.350061, -23.831437 ], [ -45.35081, -23.831519 ], [ -45.35143, -23.831841 ], [ -45.352004099999931, -23.832397399999934 ], [ -45.352057099999968, -23.832448799999952 ], [ -45.353142099999957, -23.831631899999934 ] ] ] } },
{ "type": "Feature", "properties": { "id": "3520400035", "cd_bairro": "3520400035", "bairro": "Ribeirão", "cd_mun": "3520400", "municipio": "Ilhabela", "cd_dist": "352040010", "distrito": "Cambaquara" }, "geometry": { "type": "Polygon", "coordinates": [ [ [ -45.416561199999933, -23.864765699999964 ], [ -45.416475899999966, -23.864998399999934 ], [ -45.416348699999958, -23.865325499999983 ], [ -45.416118499999982, -23.865731399999959 ], [ -45.415864099999965, -23.866016099999968 ], [ -45.415415799999948, -23.866270499999928 ], [ -45.414997899999946, -23.866585399999963 ], [ -45.414791699999967, -23.866798199999948 ], [ -45.414836, -23.866859 ], [ -45.414941, -23.86723 ], [ -45.415514, -23.867413 ], [ -45.415822, -23.867404 ], [ -45.41629, -23.867379 ], [ -45.41659, -23.867431 ], [ -45.417296, -23.8678 ], [ -45.417860499999961, -23.868219 ], [ -45.417901, -23.868249 ], [ -45.418135, -23.868472 ], [ -45.41827, -23.868613 ], [ -45.418554, -23.868814 ], [ -45.418559399999936, -23.868816199999969 ], [ -45.4191, -23.869031 ], [ -45.419459, -23.869267 ], [ -45.419884, -23.869275 ], [ -45.420381, -23.869479 ], [ -45.420664, -23.869749 ], [ -45.42076, -23.869947 ], [ -45.420678, -23.870338 ], [ -45.420524, -23.870566 ], [ -45.420359, -23.870644 ], [ -45.420068, -23.870813 ], [ -45.419916, -23.870937 ], [ -45.419887, -23.871133 ], [ -45.41987, -23.87141 ], [ -45.419839, -23.871698 ], [ -45.419774, -23.871835 ], [ -45.419769, -23.872089 ], [ -45.420396, -23.8727 ], [ -45.420392, -23.872953 ], [ -45.420528499999932, -23.873202899999967 ], [ -45.421124799999973, -23.87244759999993 ], [ -45.42161939999994, -23.872062099999937 ], [ -45.422121299999958, -23.871916599999963 ], [ -45.423125099999936, -23.871371099999976 ], [ -45.423830699999939, -23.870789199999933 ], [ -45.424158, -23.870418199999961 ], [ -45.42433989999995, -23.869792599999982 ], [ -45.424587199999962, -23.869203499999969 ], [ -45.42470359999993, -23.868774299999927 ], [ -45.424885399999937, -23.868519699999979 ], [ -45.42508179999993, -23.868323299999929 ], [ -45.425374, -23.867902 ], [ -45.425403, -23.867855 ], [ -45.425409, -23.867806 ], [ -45.425413, -23.867727 ], [ -45.4254, -23.867652 ], [ -45.425389, -23.867585 ], [ -45.425396, -23.867514 ], [ -45.42541, -23.867361 ], [ -45.425424, -23.86728 ], [ -45.425472, -23.867083 ], [ -45.425482, -23.867032 ], [ -45.42549, -23.866984 ], [ -45.425499, -23.866925 ], [ -45.42552, -23.866875 ], [ -45.425544, -23.866796 ], [ -45.425551, -23.866725 ], [ -45.425559, -23.866658 ], [ -45.42556, -23.866576 ], [ -45.425564, -23.866543 ], [ -45.425583, -23.866487 ], [ -45.425583, -23.866433 ], [ -45.425592, -23.866403 ], [ -45.425604, -23.866353 ], [ -45.425602, -23.866326 ], [ -45.425597, -23.866276 ], [ -45.425601, -23.866232 ], [ -45.425624, -23.866181 ], [ -45.425661, -23.866073 ], [ -45.425697, -23.865955 ], [ -45.42576, -23.865831 ], [ -45.425814, -23.865732 ], [ -45.425888, -23.865674 ], [ -45.425955, -23.865615 ], [ -45.426004, -23.865556 ], [ -45.426102, -23.865492 ], [ -45.426179, -23.865386 ], [ -45.426215, -23.865309 ], [ -45.426244, -23.865213 ], [ -45.426266, -23.865155 ], [ -45.42633, -23.865064 ], [ -45.426385, -23.864989 ], [ -45.426434, -23.864922 ], [ -45.426492, -23.864858 ], [ -45.426555, -23.864777 ], [ -45.426572, -23.864693 ], [ -45.426589, -23.864604 ], [ -45.42666, -23.864492 ], [ -45.426682, -23.864429 ], [ -45.426706, -23.864356 ], [ -45.426749, -23.864278 ], [ -45.426807, -23.86418 ], [ -45.426865, -23.864096 ], [ -45.426911, -23.86403 ], [ -45.427041, -23.863895 ], [ -45.427071, -23.863878 ], [ -45.42715, -23.863834 ], [ -45.427226, -23.86379 ], [ -45.427292, -23.863731 ], [ -45.427354, -23.863707 ], [ -45.427397, -23.863667 ], [ -45.427462, -23.86362 ], [ -45.427541, -23.863573 ], [ -45.427615, -23.863545 ], [ -45.427749299999959, -23.863481399999955 ], [ -45.427784, -23.863465 ], [ -45.427820299999951, -23.863449499999945 ], [ -45.42795, -23.863394 ], [ -45.427996, -23.863362 ], [ -45.428062, -23.86333 ], [ -45.428122, -23.863302 ], [ -45.428143, -23.863264 ], [ -45.428146, -23.863227 ], [ -45.428205, -23.863173 ], [ -45.428268, -23.86314 ], [ -45.428432, -23.863077 ], [ -45.428575, -23.863055 ], [ -45.428682, -23.863058 ], [ -45.428805, -23.863087 ], [ -45.42889, -23.863098 ], [ -45.428958, -23.863114 ], [ -45.429028, -23.863137 ], [ -45.429102, -23.863137 ], [ -45.429182, -23.86313 ], [ -45.42929, -23.863129 ], [ -45.4294, -23.86311 ], [ -45.429512, -23.863086 ], [ -45.429604, -23.863084 ], [ -45.429699, -23.86308 ], [ -45.429779, -23.863066 ], [ -45.429823, -23.863049 ], [ -45.429853, -23.86303 ], [ -45.429918, -23.863036 ], [ -45.42998, -23.863027 ], [ -45.430052, -23.863014 ], [ -45.430153, -23.862989 ], [ -45.430201, -23.86297 ], [ -45.430247, -23.862952 ], [ -45.430322, -23.862954 ], [ -45.430394, -23.86294 ], [ -45.430469, -23.862911 ], [ -45.430547, -23.862876 ], [ -45.430592, -23.862864 ], [ -45.430645, -23.862857 ], [ -45.430698, -23.862852 ], [ -45.430711, -23.862849 ], [ -45.430727, -23.862841 ], [ -45.430761, -23.862829 ], [ -45.430824, -23.862801 ], [ -45.430892, -23.8628 ], [ -45.430946, -23.862797 ], [ -45.431021, -23.862774 ], [ -45.431086, -23.86275 ], [ -45.43114, -23.862719 ], [ -45.431166, -23.862711 ], [ -45.431243, -23.862684 ], [ -45.431282, -23.86267 ], [ -45.431343, -23.862656 ], [ -45.431371, -23.862644 ], [ -45.431394, -23.862631 ], [ -45.431421, -23.862622 ], [ -45.431448, -23.862621 ], [ -45.431498, -23.862628 ], [ -45.431543, -23.86263 ], [ -45.431579, -23.862641 ], [ -45.43163, -23.86264 ], [ -45.431675, -23.862637 ], [ -45.431715, -23.86263 ], [ -45.431775, -23.862616 ], [ -45.4318, -23.862613 ], [ -45.431839, -23.862594 ], [ -45.431882, -23.862578 ], [ -45.431911899999932, -23.862620799999945 ], [ -45.431917799999951, -23.862464199999977 ], [ -45.43190489999995, -23.862272899999937 ], [ -45.431888099999981, -23.862112499999967 ], [ -45.431821299999967, -23.861959299999967 ], [ -45.431710199999941, -23.861857599999951 ], [ -45.431635699999958, -23.861796199999958 ], [ -45.43151679999994, -23.861708599999929 ], [ -45.431408, -23.861634299999935 ], [ -45.431269799999939, -23.861560499999939 ], [ -45.431155199999978, -23.861499599999945 ], [ -45.431040399999972, -23.86138509999995 ], [ -45.43099019999994, -23.861323299999981 ], [ -45.430934499999978, -23.861230299999932 ], [ -45.430884, -23.861155099999962 ], [ -45.430828799999972, -23.86108889999997 ], [ -45.430802299999982, -23.860990799999968 ], [ -45.430766, -23.860893 ], [ -45.43074, -23.860817299999951 ], [ -45.430670099999929, -23.860746799999959 ], [ -45.43058659999997, -23.86069109999994 ], [ -45.430532099999937, -23.860640699999976 ], [ -45.430438099999947, -23.860535099999936 ], [ -45.43037309999994, -23.860470899999939 ], [ -45.430310199999951, -23.860388 ], [ -45.430220499999962, -23.860298899999975 ], [ -45.430148699999961, -23.860246699999948 ], [ -45.430072199999984, -23.860175599999934 ], [ -45.429979499999945, -23.86012379999994 ], [ -45.42989579999994, -23.860102299999937 ], [ -45.429782, -23.860039399999948 ], [ -45.429677599999934, -23.860022 ], [ -45.429543699999954, -23.85999 ], [ -45.429430299999979, -23.859942299999943 ], [ -45.429341499999964, -23.859879 ], [ -45.429226399999948, -23.859809799999937 ], [ -45.429132599999946, -23.859712399999978 ], [ -45.429026799999974, -23.859638 ], [ -45.428880699999979, -23.85962509999996 ], [ -45.428694199999939, -23.859666299999958 ], [ -45.428506199999958, -23.859635799999978 ], [ -45.428313299999957, -23.85957419999994 ], [ -45.428157599999963, -23.859500599999933 ], [ -45.42804, -23.859456799999975 ], [ -45.427913699999976, -23.859390299999973 ], [ -45.427711, -23.859330299999954 ], [ -45.427565499999957, -23.859313099999952 ], [ -45.427368, -23.859245099999953 ], [ -45.427157, -23.859172399999977 ], [ -45.427015299999937, -23.859086199999979 ], [ -45.426902499999983, -23.859028099999932 ], [ -45.426756199999943, -23.858961699999952 ], [ -45.426596699999948, -23.858912699999962 ], [ -45.42642189999998, -23.858915599999932 ], [ -45.426327899999933, -23.858919599999979 ], [ -45.426199899999972, -23.858980799999983 ], [ -45.426013299999966, -23.859072399999945 ], [ -45.425853699999948, -23.859158599999944 ], [ -45.425706899999966, -23.859215199999937 ], [ -45.425584699999945, -23.859290899999962 ], [ -45.425465199999962, -23.859359199999972 ], [ -45.425364699999932, -23.859441899999979 ], [ -45.425273899999979, -23.859470399999964 ], [ -45.425150699999961, -23.859487199999933 ], [ -45.424954, -23.859461099999976 ], [ -45.424832899999956, -23.859455699999955 ], [ -45.42467709999994, -23.859460799999965 ], [ -45.424513, -23.859461199999942 ], [ -45.424409299999979, -23.859521899999947 ], [ -45.424330099999963, -23.859592 ], [ -45.424276099999986, -23.859698499999979 ], [ -45.424213299999963, -23.859775599999978 ], [ -45.424119599999983, -23.859904699999959 ], [ -45.423958, -23.860005399999977 ], [ -45.423838899999964, -23.860024599999974 ], [ -45.423675699999933, -23.860051799999951 ], [ -45.42353079999998, -23.860059099999944 ], [ -45.423337799999956, -23.860079299999938 ], [ -45.42319, -23.860076799999945 ], [ -45.42291849999998, -23.86005659999995 ], [ -45.422851599999944, -23.860065 ], [ -45.422738399999957, -23.860039899999947 ], [ -45.422640599999966, -23.859982699999932 ], [ -45.422542299999975, -23.859903499999973 ], [ -45.422459699999933, -23.859806799999944 ], [ -45.422459699999933, -23.859804399999973 ], [ -45.422412699999938, -23.859741399999962 ], [ -45.422354399999961, -23.859654099999943 ], [ -45.422311699999966, -23.859546799999976 ], [ -45.422245399999952, -23.859398399999975 ], [ -45.422193199999981, -23.85934519999995 ], [ -45.422100199999932, -23.859268099999952 ], [ -45.422113599999932, -23.859143299999971 ], [ -45.422019099999943, -23.859125199999937 ], [ -45.421890399999938, -23.859142099999929 ], [ -45.421752, -23.859200899999962 ], [ -45.421619, -23.859259599999973 ], [ -45.421472299999948, -23.859311199999979 ], [ -45.421363499999984, -23.859374399999979 ], [ -45.421269699999982, -23.859356699999978 ], [ -45.421193099999982, -23.859421899999973 ], [ -45.42111129999995, -23.859492 ], [ -45.420999, -23.859518399999956 ], [ -45.420940199999961, -23.859534199999928 ], [ -45.420823499999983, -23.859607299999936 ], [ -45.420609799999966, -23.859667299999956 ], [ -45.420453799999962, -23.859665099999972 ], [ -45.420294499999954, -23.859638299999972 ], [ -45.420109299999979, -23.859646299999952 ], [ -45.419948399999953, -23.859658699999954 ], [ -45.419827299999952, -23.859692399999972 ], [ -45.419717899999966, -23.859738399999969 ], [ -45.419533, -23.859761099999957 ], [ -45.419371699999942, -23.859756399999981 ], [ -45.419199699999979, -23.859749399999941 ], [ -45.418995399999972, -23.859743 ], [ -45.418838899999969, -23.859703799999977 ], [ -45.418703799999946, -23.859661899999935 ], [ -45.418573399999957, -23.859590299999979 ], [ -45.418419, -23.859529 ], [ -45.418313, -23.859469299999944 ], [ -45.418234, -23.859421399999974 ], [ -45.418142299999943, -23.859400899999969 ], [ -45.418029799999942, -23.859410199999957 ], [ -45.417972899999938, -23.859391399999936 ], [ -45.417764599999941, -23.859445599999958 ], [ -45.417678299999977, -23.85958 ], [ -45.417664899999977, -23.859622699999932 ], [ -45.417645, -23.859686 ], [ -45.417657099999985, -23.859937399999978 ], [ -45.417711599999961, -23.860207 ], [ -45.417793399999937, -23.860734 ], [ -45.41783879999997, -23.861981799999967 ], [ -45.417802399999971, -23.862533 ], [ -45.417717599999946, -23.863108499999953 ], [ -45.417469299999937, -23.86363549999993 ], [ -45.417172499999936, -23.863968599999964 ], [ -45.417049599999984, -23.864068699999962 ], [ -45.416782, -23.86440609999994 ], [ -45.416561199999933, -23.864765699999964 ] ] ] } },
{ "type": "Feature", "properties": { "id": "3520400002", "cd_bairro": "3520400002", "bairro": "Santa Tereza", "cd_mun": "3520400", "municipio": "Ilhabela", "cd_dist": "352040005", "distrito": "Ilhabela" }, "geometry": { "type": "Polygon", "coordinates": [ [ [ -45.354473, -23.774447099999975 ], [ -45.354290099999957, -23.774371 ], [ -45.354068799999936, -23.774272699999983 ], [ -45.353875599999981, -23.774199399999929 ], [ -45.353751399999965, -23.774133899999981 ], [ -45.353562699999941, -23.774037899999939 ], [ -45.353442599999937, -23.773927399999934 ], [ -45.353332799999976, -23.773839199999941 ], [ -45.353173099999935, -23.773711299999945 ], [ -45.353023199999939, -23.773583299999927 ], [ -45.35288289999994, -23.773437199999933 ], [ -45.352732, -23.773250799999971 ], [ -45.352616599999976, -23.773122299999955 ], [ -45.352516399999956, -23.773011599999961 ], [ -45.352401499999985, -23.772905699999967 ], [ -45.352313399999957, -23.772752499999967 ], [ -45.352192299999956, -23.772579 ], [ -45.352096399999937, -23.772441199999946 ], [ -45.352048599999932, -23.772253299999932 ], [ -45.35207319999995, -23.772010199999954 ], [ -45.35213669999996, -23.771748299999956 ], [ -45.352155599999946, -23.771464599999945 ], [ -45.352132799999936, -23.771298499999943 ], [ -45.352061399999968, -23.771164799999951 ], [ -45.35202419999996, -23.771015599999942 ], [ -45.351917699999944, -23.770846399999982 ], [ -45.351874, -23.770617799999968 ], [ -45.351816799999938, -23.770452399999954 ], [ -45.351781, -23.770129099999963 ], [ -45.35177269999997, -23.769949299999951 ], [ -45.351724, -23.769720799999959 ], [ -45.351779299999976, -23.769531099999938 ], [ -45.35179519999997, -23.769337599999972 ], [ -45.351880799999947, -23.769192399999952 ], [ -45.351972899999964, -23.769128 ], [ -45.352142899999933, -23.769021699999939 ], [ -45.352374199999986, -23.769035699999961 ], [ -45.352452199999959, -23.769002899999975 ], [ -45.35246989999996, -23.768899199999964 ], [ -45.352168799999959, -23.768860099999984 ], [ -45.351979399999948, -23.768787499999974 ], [ -45.351944699999933, -23.768774899999983 ], [ -45.351897799999961, -23.768759099999954 ], [ -45.351310399999932, -23.768573599999968 ], [ -45.350808299999983, -23.768332499999929 ], [ -45.350448599999936, -23.768032299999959 ], [ -45.349985199999935, -23.767746 ], [ -45.349491299999954, -23.76753089999994 ], [ -45.349018399999977, -23.767393699999957 ], [ -45.348440599999947, -23.767312799999956 ], [ -45.347664899999984, -23.767119799999932 ], [ -45.346992099999966, -23.76699 ], [ -45.346474699999931, -23.766915899999958 ], [ -45.346400299999971, -23.767181699999981 ], [ -45.346083399999941, -23.767252699999972 ], [ -45.345643399999972, -23.767321599999946 ], [ -45.345107, -23.767453 ], [ -45.345215, -23.768343 ], [ -45.34512, -23.769415 ], [ -45.34499, -23.77029 ], [ -45.344997399999954, -23.771098599999959 ], [ -45.34572339999994, -23.772334599999965 ], [ -45.34641739999995, -23.773327599999959 ], [ -45.347128399999974, -23.774748599999953 ], [ -45.34725009999994, -23.775505799999962 ], [ -45.34734039999995, -23.776067599999976 ], [ -45.346607399999982, -23.776459599999953 ], [ -45.345983399999966, -23.776497599999971 ], [ -45.345384, -23.776518 ], [ -45.345012399999973, -23.777493599999957 ], [ -45.344484, -23.777784 ], [ -45.344187, -23.778264 ], [ -45.343952, -23.778779 ], [ -45.34462, -23.779183 ], [ -45.344982, -23.779189 ], [ -45.345641399999977, -23.779270599999961 ], [ -45.346297, -23.779516 ], [ -45.346516799999961, -23.779182799999944 ], [ -45.346910099999945, -23.778933499999937 ], [ -45.347596099999976, -23.778689 ], [ -45.348147099999949, -23.778549599999963 ], [ -45.348806799999977, -23.77841559999996 ], [ -45.349121899999943, -23.778261599999951 ], [ -45.349725599999942, -23.778323199999932 ], [ -45.350434699999937, -23.77851 ], [ -45.350924499999962, -23.77841049999995 ], [ -45.351636699999972, -23.778178699999955 ], [ -45.35222239999996, -23.778283599999952 ], [ -45.35289169999993, -23.778434399999981 ], [ -45.353572399999962, -23.778437799999949 ], [ -45.35429229999994, -23.778703099999973 ], [ -45.354836199999966, -23.778901499999961 ], [ -45.355207099999973, -23.779036899999937 ], [ -45.355464799999936, -23.77915 ], [ -45.355706699999985, -23.779179599999964 ], [ -45.355936499999984, -23.779152899999929 ], [ -45.356213, -23.779147499999965 ], [ -45.356389599999943, -23.779114599999957 ], [ -45.35649559999996, -23.779115199999978 ], [ -45.356668199999945, -23.779175899999927 ], [ -45.356858899999963, -23.779118799999935 ], [ -45.356925599999954, -23.77901 ], [ -45.356953799999985, -23.778880099999981 ], [ -45.356918199999939, -23.77868049999995 ], [ -45.356860599999948, -23.778481299999953 ], [ -45.356776499999967, -23.778243 ], [ -45.356732199999954, -23.778117399999928 ], [ -45.35670719999996, -23.777944199999979 ], [ -45.356758399999933, -23.777737299999956 ], [ -45.35687, -23.777587199999971 ], [ -45.357008499999949, -23.777438399999937 ], [ -45.357615799999962, -23.776738699999953 ], [ -45.357641899999976, -23.77670489999997 ], [ -45.357668699999977, -23.776670399999944 ], [ -45.357694899999956, -23.776636599999961 ], [ -45.357746599999984, -23.776569799999947 ], [ -45.358046799999954, -23.776222799999971 ], [ -45.357974899999931, -23.776159299999961 ], [ -45.358191, -23.775890199999935 ], [ -45.358179499999949, -23.775804799999946 ], [ -45.358045, -23.775712499999941 ], [ -45.357794699999943, -23.775592099999983 ], [ -45.357645699999978, -23.775513499999931 ], [ -45.357402399999955, -23.775391499999955 ], [ -45.35722839999994, -23.775290799999937 ], [ -45.357054, -23.775176599999952 ], [ -45.356873699999937, -23.775130599999954 ], [ -45.356720299999949, -23.775036899999975 ], [ -45.356631399999969, -23.77493149999998 ], [ -45.356502299999931, -23.774870599999929 ], [ -45.356320099999948, -23.774855499999944 ], [ -45.356184, -23.77493869999995 ], [ -45.35608179999997, -23.77498989999998 ], [ -45.356012, -23.774941499999954 ], [ -45.356024799999943, -23.774842299999932 ], [ -45.355969799999968, -23.774793699999975 ], [ -45.355860699999937, -23.774746 ], [ -45.355732499999931, -23.774725599999954 ], [ -45.355605599999933, -23.774772599999949 ], [ -45.355136399999935, -23.774658799999941 ], [ -45.354498299999932, -23.774457599999948 ], [ -45.354473, -23.774447099999975 ] ] ] } },
{ "type": "Feature", "properties": { "id": "3520400046", "cd_bairro": "3520400046", "bairro": "Serraria", "cd_mun": "3520400", "municipio": "Ilhabela", "cd_dist": "352040015", "distrito": "Paranabi" }, "geometry": { "type": "Polygon", "coordinates": [ [ [ -45.247963699999957, -23.825855899999965 ], [ -45.248297099999945, -23.825883499999975 ], [ -45.248627899999974, -23.825763099999961 ], [ -45.248834799999941, -23.825523499999974 ], [ -45.249109499999975, -23.825346899999943 ], [ -45.249436799999955, -23.825216 ], [ -45.249782799999934, -23.825262799999962 ], [ -45.25012879999997, -23.825449799999944 ], [ -45.250381299999958, -23.825721 ], [ -45.250942399999985, -23.826141799999959 ], [ -45.251409899999942, -23.826459799999952 ], [ -45.252195499999971, -23.826721599999928 ], [ -45.253327, -23.826833799999974 ], [ -45.254128599999945, -23.826447299999927 ], [ -45.253987, -23.826252 ], [ -45.253591, -23.826015 ], [ -45.253271, -23.82512 ], [ -45.253276, -23.824855 ], [ -45.253031, -23.82462 ], [ -45.252761, -23.824361 ], [ -45.252565, -23.824149 ], [ -45.252258, -23.823856 ], [ -45.251928, -23.823469 ], [ -45.25166, -23.823118 ], [ -45.251588, -23.822955 ], [ -45.251558, -23.82255 ], [ -45.251386, -23.82242 ], [ -45.251036, -23.822414 ], [ -45.250704, -23.822377 ], [ -45.250592, -23.82207 ], [ -45.250839, -23.821736 ], [ -45.25084, -23.821656 ], [ -45.25038, -23.821091 ], [ -45.249117, -23.82075 ], [ -45.248552, -23.820791 ], [ -45.248164, -23.820789 ], [ -45.247512, -23.820727 ], [ -45.247023, -23.820723 ], [ -45.246472, -23.820719 ], [ -45.245807, -23.820795 ], [ -45.245305, -23.820917 ], [ -45.244653, -23.820855 ], [ -45.244088, -23.820966 ], [ -45.243536, -23.821088 ], [ -45.24271, -23.820956 ], [ -45.242271, -23.820953 ], [ -45.241823, -23.820548 ], [ -45.241389, -23.819915 ], [ -45.241158, -23.818973 ], [ -45.240925, -23.818215 ], [ -45.240954, -23.817665 ], [ -45.240859, -23.817057 ], [ -45.240549, -23.816539 ], [ -45.240251, -23.816239 ], [ -45.239865, -23.815858 ], [ -45.239857, -23.815307 ], [ -45.240119, -23.815424 ], [ -45.240356, -23.81554 ], [ -45.240694, -23.815657 ], [ -45.240958, -23.815544 ], [ -45.241235, -23.81534 ], [ -45.241463, -23.815055 ], [ -45.241865, -23.814943 ], [ -45.242291, -23.814889 ], [ -45.242818, -23.814916 ], [ -45.243055, -23.815021 ], [ -45.244042, -23.815509 ], [ -45.244515, -23.815891 ], [ -45.244827, -23.8161 ], [ -45.245188, -23.816354 ], [ -45.245611, -23.816793 ], [ -45.246418, -23.817865 ], [ -45.246917, -23.818178 ], [ -45.247518, -23.81832 ], [ -45.247825, -23.817474 ], [ -45.247817, -23.81682 ], [ -45.247399, -23.815808 ], [ -45.247217, -23.814947 ], [ -45.246961, -23.813937 ], [ -45.246633, -23.812582 ], [ -45.246498, -23.812146 ], [ -45.246263, -23.811731 ], [ -45.246119, -23.810893 ], [ -45.24574, -23.809607 ], [ -45.245482, -23.808963 ], [ -45.245199, -23.808273 ], [ -45.244917, -23.807377 ], [ -45.244473, -23.806492 ], [ -45.244177, -23.805756 ], [ -45.244004, -23.805525 ], [ -45.243921, -23.804837 ], [ -45.243587, -23.804284 ], [ -45.243212, -23.804144 ], [ -45.242742, -23.803247 ], [ -45.242643, -23.803109 ], [ -45.242573, -23.80242 ], [ -45.242752, -23.801906 ], [ -45.242792, -23.801785 ], [ -45.240756, -23.801415 ], [ -45.238745, -23.801664 ], [ -45.237958, -23.801349 ], [ -45.237323899999978, -23.801106399999981 ], [ -45.237357199999963, -23.801220399999977 ], [ -45.237310199999968, -23.801340099999948 ], [ -45.237229699999943, -23.801341599999944 ], [ -45.237113299999976, -23.801335399999971 ], [ -45.237001899999939, -23.801361899999961 ], [ -45.236993, -23.801362099999949 ], [ -45.236903499999983, -23.801359399999967 ], [ -45.236795, -23.801303899999937 ], [ -45.236688, -23.801322 ], [ -45.236649, -23.801396299999965 ], [ -45.236731199999952, -23.801480899999945 ], [ -45.236723899999959, -23.801574899999935 ], [ -45.236708299999975, -23.801697899999965 ], [ -45.236733299999969, -23.801836699999967 ], [ -45.236815899999954, -23.801954099999932 ], [ -45.236950199999967, -23.80196019999994 ], [ -45.237077, -23.802044199999955 ], [ -45.237260899999967, -23.80207409999997 ], [ -45.237334299999929, -23.802171299999941 ], [ -45.237443499999983, -23.802272 ], [ -45.23766749999993, -23.802289 ], [ -45.237796499999945, -23.80225 ], [ -45.237871199999972, -23.802179199999955 ], [ -45.237995399999932, -23.802136 ], [ -45.238106599999981, -23.802117599999974 ], [ -45.23822789999997, -23.802156399999944 ], [ -45.238336199999935, -23.802220099999943 ], [ -45.238401799999963, -23.802370699999983 ], [ -45.23842609999997, -23.802464599999951 ], [ -45.238477399999965, -23.802570499999945 ], [ -45.238608899999974, -23.802674699999955 ], [ -45.238685299999986, -23.802762 ], [ -45.238775699999962, -23.802809699999955 ], [ -45.238952799999936, -23.802958299999943 ], [ -45.238957299999981, -23.802958199999978 ], [ -45.239079, -23.803013599999929 ], [ -45.239175, -23.803126599999928 ], [ -45.239213, -23.803252799999939 ], [ -45.239295599999934, -23.803370099999938 ], [ -45.239417, -23.803413099999943 ], [ -45.239494399999955, -23.803489499999955 ], [ -45.239527299999963, -23.803579 ], [ -45.239637099999982, -23.80371619999994 ], [ -45.239742799999931, -23.803878099999963 ], [ -45.23988739999993, -23.803977699999962 ], [ -45.23993889999997, -23.804099699999938 ], [ -45.240006899999969, -23.804219299999943 ], [ -45.240111699999943, -23.804328 ], [ -45.240207799999951, -23.804453199999955 ], [ -45.240308899999945, -23.804607 ], [ -45.240449, -23.804694499999982 ], [ -45.240616799999941, -23.804834799999981 ], [ -45.240719799999965, -23.804853199999968 ], [ -45.240788, -23.804921599999943 ], [ -45.240918699999952, -23.80499279999998 ], [ -45.240889599999946, -23.805172 ], [ -45.241068699999971, -23.805390799999941 ], [ -45.241266199999984, -23.805419599999937 ], [ -45.241268299999945, -23.805550299999936 ], [ -45.241328199999941, -23.805647399999941 ], [ -45.241433599999937, -23.805788599999971 ], [ -45.241484599999978, -23.805889899999954 ], [ -45.241535499999941, -23.805983 ], [ -45.241559699999982, -23.806092899999953 ], [ -45.241575, -23.806199 ], [ -45.241594699999951, -23.80630489999993 ], [ -45.24157839999998, -23.806399399999975 ], [ -45.241580099999965, -23.806493499999931 ], [ -45.241559399999971, -23.806592199999955 ], [ -45.241549199999952, -23.806668899999977 ], [ -45.241564899999958, -23.80682 ], [ -45.241593199999954, -23.806913699999939 ], [ -45.241670399999975, -23.80697379999998 ], [ -45.241783299999952, -23.807020899999941 ], [ -45.241882499999974, -23.807043699999952 ], [ -45.241906099999937, -23.807121 ], [ -45.241930399999944, -23.807239299999935 ], [ -45.241995199999963, -23.80736509999997 ], [ -45.24205539999997, -23.807470299999977 ], [ -45.242088199999955, -23.807551399999966 ], [ -45.242134399999941, -23.807628199999954 ], [ -45.242162199999939, -23.807680299999959 ], [ -45.24220379999997, -23.807749099999967 ], [ -45.242214299999944, -23.807834699999944 ], [ -45.242193499999985, -23.807929 ], [ -45.242177199999958, -23.808019199999933 ], [ -45.242169499999932, -23.80808879999995 ], [ -45.242158199999949, -23.808203499999934 ], [ -45.242114899999933, -23.808290099999965 ], [ -45.242103099999952, -23.808380299999953 ], [ -45.242105199999969, -23.808498899999961 ], [ -45.242085299999985, -23.808634099999949 ], [ -45.242030599999964, -23.808766499999933 ], [ -45.242078099999958, -23.808897799999954 ], [ -45.242136699999946, -23.808932 ], [ -45.242205899999931, -23.80902459999993 ], [ -45.242252299999961, -23.809097099999974 ], [ -45.242240799999934, -23.809173699999974 ], [ -45.242235199999982, -23.80925069999995 ], [ -45.242226099999982, -23.809338499999967 ], [ -45.242286499999977, -23.809420299999942 ], [ -45.242336, -23.809497399999941 ], [ -45.242407399999934, -23.80959839999997 ], [ -45.242389099999968, -23.80977409999997 ], [ -45.242327399999965, -23.809916399999963 ], [ -45.242194099999949, -23.809948 ], [ -45.242143299999952, -23.810095099999955 ], [ -45.24217219999997, -23.810206599999958 ], [ -45.24217479999993, -23.810342899999966 ], [ -45.242230599999971, -23.810468499999956 ], [ -45.242307499999981, -23.81057409999994 ], [ -45.242325599999958, -23.810680899999966 ], [ -45.242324399999973, -23.810762199999942 ], [ -45.242264599999942, -23.810869099999934 ], [ -45.242170699999974, -23.811118699999952 ], [ -45.242068599999982, -23.811261399999978 ], [ -45.241977899999938, -23.811356099999955 ], [ -45.241863399999943, -23.811502 ], [ -45.241763899999967, -23.811627599999952 ], [ -45.241670299999953, -23.811733199999935 ], [ -45.241546299999982, -23.811856 ], [ -45.241423699999984, -23.811950699999954 ], [ -45.241317199999969, -23.81202559999997 ], [ -45.241186, -23.812098099999957 ], [ -45.241076299999975, -23.812161699999933 ], [ -45.24091379999993, -23.812197799999979 ], [ -45.240855199999942, -23.812190199999975 ], [ -45.240758799999981, -23.812141 ], [ -45.240635099999963, -23.812106299999982 ], [ -45.240542099999971, -23.812071099999969 ], [ -45.240451599999972, -23.812007699999981 ], [ -45.24037949999996, -23.811944099999948 ], [ -45.240340899999978, -23.811868699999934 ], [ -45.240225099999975, -23.811777499999948 ], [ -45.240125199999966, -23.811714199999983 ], [ -45.239998599999979, -23.811690799999951 ], [ -45.239836199999957, -23.811707399999932 ], [ -45.239725399999941, -23.811695 ], [ -45.239607199999966, -23.811634899999945 ], [ -45.239522799999975, -23.811585399999956 ], [ -45.23943909999997, -23.811554 ], [ -45.239349399999981, -23.81153009999997 ], [ -45.239234799999963, -23.811500899999942 ], [ -45.239142, -23.811476899999946 ], [ -45.239039099999957, -23.811416599999973 ], [ -45.23895779999998, -23.811355899999967 ], [ -45.238883299999941, -23.811320399999943 ], [ -45.238787, -23.811273899999946 ], [ -45.238703299999941, -23.811238499999945 ], [ -45.238585199999932, -23.811186799999973 ], [ -45.238497299999949, -23.811103699999933 ], [ -45.238440099999934, -23.811017199999981 ], [ -45.238386499999933, -23.810953099999949 ], [ -45.238296, -23.81089819999994 ], [ -45.238186699999972, -23.810832199999936 ], [ -45.238074099999949, -23.810763399999928 ], [ -45.238008499999978, -23.810724799999946 ], [ -45.237937399999964, -23.810687299999927 ], [ -45.237862299999961, -23.810637699999972 ], [ -45.237769199999946, -23.810613799999942 ], [ -45.237691599999948, -23.810598 ], [ -45.237589, -23.810565699999927 ], [ -45.237502, -23.810536 ], [ -45.237431, -23.810537099999976 ], [ -45.237356699999964, -23.810527 ], [ -45.237275899999986, -23.810502799999938 ], [ -45.237169899999969, -23.810459199999968 ], [ -45.23706379999993, -23.810415599999942 ], [ -45.237001699999951, -23.810402499999952 ], [ -45.236943199999985, -23.810420299999976 ], [ -45.236855299999945, -23.810497599999962 ], [ -45.236877199999981, -23.810547699999972 ], [ -45.236977199999956, -23.810572299999933 ], [ -45.23701879999993, -23.810645099999931 ], [ -45.237084899999957, -23.810700499999939 ], [ -45.23717849999997, -23.810741399999984 ], [ -45.237265899999954, -23.810779599999933 ], [ -45.237341099999981, -23.810834799999952 ], [ -45.237408099999982, -23.810941 ], [ -45.237313699999959, -23.811015899999973 ], [ -45.237184799999966, -23.81106589999996 ], [ -45.237179899999944, -23.811136499999975 ], [ -45.237227799999971, -23.811220399999968 ], [ -45.237272399999938, -23.811287399999969 ], [ -45.237310899999954, -23.811360199999967 ], [ -45.237346299999956, -23.811435699999947 ], [ -45.23740609999993, -23.811494 ], [ -45.237487199999975, -23.811535 ], [ -45.237551, -23.811603099999957 ], [ -45.237591899999984, -23.811647599999958 ], [ -45.237651099999937, -23.811677799999927 ], [ -45.237711199999978, -23.811761499999932 ], [ -45.237764499999969, -23.811805799999945 ], [ -45.237837599999978, -23.811753899999928 ], [ -45.237918399999955, -23.811783699999978 ], [ -45.238014899999939, -23.811832899999956 ], [ -45.238093, -23.811888099999976 ], [ -45.238167799999985, -23.811932099999979 ], [ -45.238236899999947, -23.811998699999947 ], [ -45.238306, -23.812068099999976 ], [ -45.238378799999964, -23.812165499999935 ], [ -45.238435699999968, -23.812237699999969 ], [ -45.238507599999934, -23.812289799999974 ], [ -45.238580499999955, -23.812395099999947 ], [ -45.238588899999968, -23.812515599999983 ], [ -45.238598299999978, -23.812660299999948 ], [ -45.238535699999943, -23.81275119999998 ], [ -45.23845369999998, -23.812786199999948 ], [ -45.238418799999977, -23.812899199999947 ], [ -45.238337499999943, -23.812987599999929 ], [ -45.238178599999969, -23.813029599999936 ], [ -45.238040099999978, -23.813015 ], [ -45.23796939999994, -23.81301609999997 ], [ -45.237905199999943, -23.813039699999933 ], [ -45.237863, -23.813088099999959 ], [ -45.237753, -23.813126599999975 ], [ -45.237636299999963, -23.813148399999932 ], [ -45.237559699999963, -23.81317219999994 ], [ -45.237462299999947, -23.813238599999977 ], [ -45.237398799999937, -23.813301499999966 ], [ -45.237310399999956, -23.813359399999968 ], [ -45.237286499999982, -23.813402099999962 ], [ -45.237313, -23.81349739999996 ], [ -45.23734589999998, -23.813600899999983 ], [ -45.237378899999953, -23.813715499999944 ], [ -45.237410799999964, -23.813768299999936 ], [ -45.237405799999976, -23.813830099999961 ], [ -45.237292499999967, -23.813866 ], [ -45.237155799999982, -23.813823799999966 ], [ -45.237077399999976, -23.813766299999941 ], [ -45.236992799999939, -23.813711699999942 ], [ -45.236906, -23.813713599999971 ], [ -45.236851499999943, -23.813773799999979 ], [ -45.236887199999956, -23.813860599999941 ], [ -45.236916199999939, -23.813922099999957 ], [ -45.237026, -23.81399289999996 ], [ -45.237134799999978, -23.814021399999945 ], [ -45.237184, -23.814107799999931 ], [ -45.237173399999961, -23.814201 ], [ -45.23715969999995, -23.814311199999963 ], [ -45.237123799999949, -23.814410599999974 ], [ -45.237162299999966, -23.814503099999968 ], [ -45.237220199999967, -23.814637599999969 ], [ -45.237293199999954, -23.814743599999929 ], [ -45.237353399999961, -23.814827299999934 ], [ -45.23742939999994, -23.814933199999928 ], [ -45.237486499999932, -23.81501389999994 ], [ -45.237537599999939, -23.81510609999998 ], [ -45.237582599999939, -23.815201099999967 ], [ -45.237652299999979, -23.815280799999982 ], [ -45.237686799999949, -23.81536129999995 ], [ -45.23773209999996, -23.815436599999941 ], [ -45.23760249999998, -23.815565399999969 ], [ -45.237594899999976, -23.815686699999958 ], [ -45.237683, -23.815755799999977 ], [ -45.237758399999962, -23.815805299999965 ], [ -45.237852799999985, -23.815871199999947 ], [ -45.23787619999996, -23.81599209999996 ], [ -45.237992799999972, -23.816099899999983 ], [ -45.238090099999965, -23.816179799999929 ], [ -45.238153199999942, -23.816246199999966 ], [ -45.23822279999996, -23.816349199999934 ], [ -45.238303299999984, -23.816364499999963 ], [ -45.238422199999945, -23.816255499999954 ], [ -45.238462899999945, -23.816229499999963 ], [ -45.23848849999996, -23.816318899999942 ], [ -45.238464099999931, -23.816445899999962 ], [ -45.238481399999955, -23.816608899999949 ], [ -45.238501299999939, -23.816894899999966 ], [ -45.238571599999943, -23.817031699999973 ], [ -45.238657399999965, -23.817173699999955 ], [ -45.238705399999958, -23.817277 ], [ -45.238781099999983, -23.817371199999968 ], [ -45.238844499999971, -23.817476899999974 ], [ -45.238873699999942, -23.817563699999937 ], [ -45.238826399999937, -23.817677299999957 ], [ -45.238859599999955, -23.817806099999927 ], [ -45.238679499999932, -23.817790599999967 ], [ -45.238574, -23.817903699999931 ], [ -45.238802, -23.818051299999979 ], [ -45.238675399999977, -23.818168699999944 ], [ -45.238656499999934, -23.818301399999939 ], [ -45.238671599999975, -23.818451799999934 ], [ -45.238702299999943, -23.818611899999951 ], [ -45.238739099999975, -23.818774799999971 ], [ -45.238759399999935, -23.818873099999962 ], [ -45.238773699999967, -23.818982699999935 ], [ -45.238787899999977, -23.819086699999957 ], [ -45.238817199999971, -23.819165199999929 ], [ -45.238855499999943, -23.819237899999962 ], [ -45.238911599999938, -23.819279199999983 ], [ -45.238946099999964, -23.819315299999971 ], [ -45.23900279999998, -23.81938759999997 ], [ -45.239036699999986, -23.819427499999961 ], [ -45.239062, -23.819487099999947 ], [ -45.239104499999939, -23.819555799999932 ], [ -45.239126699999986, -23.819628 ], [ -45.239155399999959, -23.81968749999993 ], [ -45.23918759999998, -23.819753299999945 ], [ -45.239209499999959, -23.819816099999969 ], [ -45.239270899999951, -23.819829899999945 ], [ -45.239326799999958, -23.819863599999962 ], [ -45.239356, -23.819951499999945 ], [ -45.23941, -23.820083099999977 ], [ -45.239459899999986, -23.820170499999961 ], [ -45.239513299999942, -23.820261099999982 ], [ -45.23955559999996, -23.820310699999936 ], [ -45.239597799999956, -23.820357199999933 ], [ -45.239654, -23.820401599999968 ], [ -45.239713799999947, -23.820463699999948 ], [ -45.239787399999955, -23.820535 ], [ -45.239805599999954, -23.820600899999931 ], [ -45.239858899999945, -23.820694699999933 ], [ -45.239914599999963, -23.820725299999935 ], [ -45.239991499999974, -23.820780799999966 ], [ -45.240068599999972, -23.82084889999993 ], [ -45.240138499999944, -23.820901299999946 ], [ -45.24019119999997, -23.820954 ], [ -45.240278499999931, -23.82101549999993 ], [ -45.240396899999951, -23.821086 ], [ -45.240569899999969, -23.821157099999937 ], [ -45.240663599999948, -23.821196599999951 ], [ -45.240853899999934, -23.821244199999967 ], [ -45.241114599999946, -23.821384899999941 ], [ -45.241246899999965, -23.821464699999979 ], [ -45.241253799999981, -23.821464599999956 ], [ -45.241633699999966, -23.821544 ], [ -45.241782599999965, -23.821598299999948 ], [ -45.241979799999967, -23.821645599999954 ], [ -45.24211669999994, -23.821753699999931 ], [ -45.242224599999986, -23.821799299999952 ], [ -45.242344799999955, -23.821788 ], [ -45.242443199999968, -23.821871599999952 ], [ -45.242647199999965, -23.82197009999993 ], [ -45.242822799999942, -23.821957899999973 ], [ -45.242826, -23.82194839999994 ], [ -45.242879, -23.821840499999951 ], [ -45.242969499999958, -23.82172909999997 ], [ -45.243210499999975, -23.821722099999931 ], [ -45.243418499999962, -23.821640399999978 ], [ -45.243540899999971, -23.821585199999959 ], [ -45.243644299999971, -23.821583499999974 ], [ -45.243790099999956, -23.821618799999953 ], [ -45.243888599999934, -23.821576499999935 ], [ -45.244037799999944, -23.821615 ], [ -45.244153499999982, -23.821572499999945 ], [ -45.244327899999973, -23.821538399999952 ], [ -45.244423099999949, -23.821519199999955 ], [ -45.244543499999963, -23.821526699999936 ], [ -45.244630399999949, -23.821569499999953 ], [ -45.244762299999934, -23.821624099999951 ], [ -45.244866399999978, -23.821663399999977 ], [ -45.244985199999974, -23.821740399999953 ], [ -45.24506619999994, -23.821814899999936 ], [ -45.245251199999984, -23.821847 ], [ -45.24536489999997, -23.82185469999996 ], [ -45.245461599999942, -23.821875199999965 ], [ -45.245540699999935, -23.82187719999996 ], [ -45.245651, -23.821891199999982 ], [ -45.24572, -23.821899599999938 ], [ -45.245796399999961, -23.821933099999967 ], [ -45.245879699999932, -23.821975899999927 ], [ -45.245963199999949, -23.822031299999935 ], [ -45.246030099999984, -23.822102599999937 ], [ -45.246120599999983, -23.822167399999955 ], [ -45.246328699999935, -23.822286799999972 ], [ -45.246370399999932, -23.822425 ], [ -45.246401099999957, -23.82254759999995 ], [ -45.2465, -23.822683799999936 ], [ -45.246606099999951, -23.822830299999964 ], [ -45.246770099999935, -23.822944399999983 ], [ -45.246882099999937, -23.823037299999953 ], [ -45.247011899999961, -23.823158299999932 ], [ -45.247142799999949, -23.823332899999969 ], [ -45.24729629999996, -23.82343149999997 ], [ -45.247411599999964, -23.823511699999983 ], [ -45.247582, -23.82359729999996 ], [ -45.247704599999963, -23.82365539999995 ], [ -45.247829599999932, -23.823707 ], [ -45.247993199999939, -23.823799099999974 ], [ -45.248104699999942, -23.823863499999959 ], [ -45.248116899999957, -23.823958 ], [ -45.248235099999931, -23.824019199999952 ], [ -45.248282, -23.824125699999968 ], [ -45.248333699999932, -23.824295499999948 ], [ -45.248374099999978, -23.824424399999941 ], [ -45.248394599999983, -23.82459149999994 ], [ -45.248390099999938, -23.824717899999939 ], [ -45.248386099999948, -23.824830199999951 ], [ -45.24832, -23.82499219999994 ], [ -45.248237, -23.825170299999968 ], [ -45.248175199999935, -23.825366799999983 ], [ -45.248103, -23.825557 ], [ -45.24803049999997, -23.82572829999998 ], [ -45.247970699999939, -23.825845699999945 ], [ -45.247963699999957, -23.825855899999965 ] ] ] } },
{ "type": "Feature", "properties": { "id": "3520400005", "cd_bairro": "3520400005", "bairro": "Siriúba", "cd_mun": "3520400", "municipio": "Ilhabela", "cd_dist": "352040005", "distrito": "Ilhabela" }, "geometry": { "type": "Polygon", "coordinates": [ [ [ -45.350174399999958, -23.755373899999938 ], [ -45.350132, -23.755301799999927 ], [ -45.350061, -23.755239099999983 ], [ -45.349976499999968, -23.755105299999968 ], [ -45.349883199999965, -23.75494539999994 ], [ -45.349802299999965, -23.754787699999952 ], [ -45.349763399999972, -23.754679499999952 ], [ -45.349695499999939, -23.754546599999969 ], [ -45.349665199999947, -23.754460799999947 ], [ -45.349593499999969, -23.754353099999946 ], [ -45.34958759999995, -23.754343399999982 ], [ -45.349471, -23.754152399999953 ], [ -45.349431699999968, -23.754017899999951 ], [ -45.34938429999994, -23.753887499999962 ], [ -45.349370399999941, -23.753801399999929 ], [ -45.349347499999965, -23.753670599999964 ], [ -45.34935669999993, -23.753509199999939 ], [ -45.349370799999974, -23.753389 ], [ -45.349377499999946, -23.753268399999968 ], [ -45.349386899999956, -23.753122 ], [ -45.349429, -23.752975099999958 ], [ -45.349454899999955, -23.752832199999943 ], [ -45.349489099999971, -23.752696699999944 ], [ -45.34952809999993, -23.75259479999994 ], [ -45.349715799999956, -23.752458299999944 ], [ -45.349902099999952, -23.75235379999998 ], [ -45.350040899999954, -23.752332699999954 ], [ -45.350154299999986, -23.752267 ], [ -45.350271099999929, -23.752152399999943 ], [ -45.350203299999976, -23.752037199999961 ], [ -45.350021199999958, -23.751935199999934 ], [ -45.349863599999935, -23.751829199999975 ], [ -45.34972659999994, -23.751722799999982 ], [ -45.34963879999998, -23.751634199999955 ], [ -45.349634699999967, -23.751634199999955 ], [ -45.349535699999933, -23.75156149999998 ], [ -45.349353199999939, -23.751444299999946 ], [ -45.349305899999933, -23.751328799999953 ], [ -45.349195399999985, -23.751128 ], [ -45.349105599999973, -23.750934399999949 ], [ -45.34907069999997, -23.750822399999947 ], [ -45.349052399999948, -23.750728899999956 ], [ -45.349009499999966, -23.75062829999996 ], [ -45.348933599999953, -23.750513299999966 ], [ -45.348837799999956, -23.750424899999928 ], [ -45.348811199999943, -23.750320299999942 ], [ -45.348797299999944, -23.750238 ], [ -45.348758799999985, -23.750148699999954 ], [ -45.34872809999996, -23.750036699999953 ], [ -45.348664399999961, -23.749910399999976 ], [ -45.348622399999954, -23.74984749999993 ], [ -45.348624899999948, -23.749768699999947 ], [ -45.34863919999998, -23.749667099999954 ], [ -45.348629199999948, -23.749577099999954 ], [ -45.348575299999936, -23.749536899999953 ], [ -45.348559, -23.749541 ], [ -45.348506199999974, -23.749433199999942 ], [ -45.348467299999982, -23.749328799999944 ], [ -45.348400199999958, -23.749243699999965 ], [ -45.348264099999938, -23.749186 ], [ -45.348120199999983, -23.749143599999968 ], [ -45.348032099999955, -23.749026499999957 ], [ -45.347975099999985, -23.748829 ], [ -45.34793819999993, -23.748608499999932 ], [ -45.347919299999944, -23.74853429999996 ], [ -45.34743119999996, -23.748590599999943 ], [ -45.347422299999948, -23.74859 ], [ -45.347387, -23.748587899999961 ], [ -45.347370299999966, -23.748585499999933 ], [ -45.347351699999933, -23.748584899999969 ], [ -45.347331299999951, -23.748584299999948 ], [ -45.347038299999952, -23.748523899999952 ], [ -45.346661599999948, -23.74844429999996 ], [ -45.346343399999967, -23.748377299999959 ], [ -45.345786, -23.748325 ], [ -45.345225, -23.748271 ], [ -45.344537, -23.74817 ], [ -45.343922, -23.747792 ], [ -45.343559, -23.74769 ], [ -45.34311, -23.74767 ], [ -45.342511, -23.747696 ], [ -45.341163, -23.747645 ], [ -45.340875, -23.747543 ], [ -45.339913, -23.747433 ], [ -45.33944, -23.747539 ], [ -45.338956, -23.747762 ], [ -45.338648, -23.74802 ], [ -45.338939, -23.748105 ], [ -45.33916, -23.748282 ], [ -45.339231, -23.749161 ], [ -45.339079, -23.749908 ], [ -45.338535, -23.750257 ], [ -45.338363, -23.750716 ], [ -45.338795, -23.751035 ], [ -45.338834199999951, -23.751066699999967 ], [ -45.338839599999972, -23.751071 ], [ -45.339189, -23.751353 ], [ -45.339215, -23.751942 ], [ -45.338794, -23.752374 ], [ -45.33854, -23.7526 ], [ -45.338264, -23.753299 ], [ -45.338619, -23.753663 ], [ -45.338637, -23.754022 ], [ -45.338355, -23.754409 ], [ -45.338618, -23.755037 ], [ -45.339053, -23.75516 ], [ -45.339373299999977, -23.755156399999976 ], [ -45.339854, -23.755151 ], [ -45.340717, -23.755108 ], [ -45.340828299999941, -23.755267799999956 ], [ -45.340912, -23.755388 ], [ -45.340515, -23.755889 ], [ -45.339938, -23.755983 ], [ -45.339226, -23.755913 ], [ -45.338778, -23.755813 ], [ -45.338366, -23.755783 ], [ -45.338244, -23.756289 ], [ -45.33772, -23.756834 ], [ -45.336625, -23.757219 ], [ -45.336003199999936, -23.757875099999978 ], [ -45.335936, -23.757946 ], [ -45.336764, -23.758468 ], [ -45.337050399999953, -23.759207799999956 ], [ -45.337133, -23.759421 ], [ -45.338144, -23.75953 ], [ -45.338908799999956, -23.759755499999983 ], [ -45.339226, -23.759849 ], [ -45.339531399999942, -23.760905599999944 ], [ -45.343213099999957, -23.759861199999932 ], [ -45.343945499999961, -23.759738599999935 ], [ -45.34517459999995, -23.75941389999997 ], [ -45.34521019999994, -23.759404199999949 ], [ -45.345245099999943, -23.759394099999952 ], [ -45.345575, -23.759299099999964 ], [ -45.347769599999936, -23.758667399999979 ], [ -45.348833499999955, -23.758469099999957 ], [ -45.349270599999954, -23.758472199999972 ], [ -45.350280299999952, -23.758036599999969 ], [ -45.350825099999952, -23.75792649999994 ], [ -45.350895899999955, -23.757912199999964 ], [ -45.351239199999952, -23.757842599999947 ], [ -45.351186199999972, -23.757648299999971 ], [ -45.35115, -23.757472499999949 ], [ -45.351105399999938, -23.757285499999966 ], [ -45.350996, -23.757140899999968 ], [ -45.350951899999984, -23.756987699999968 ], [ -45.350847499999929, -23.756888 ], [ -45.350736599999948, -23.75686369999994 ], [ -45.35061369999994, -23.756858299999976 ], [ -45.350563499999964, -23.756806399999959 ], [ -45.350511, -23.756638399999929 ], [ -45.350482899999975, -23.75646329999995 ], [ -45.350449899999944, -23.756242499999928 ], [ -45.350413699999933, -23.756066699999963 ], [ -45.350374, -23.755921 ], [ -45.350321299999962, -23.755745399999967 ], [ -45.350272599999983, -23.755569799999932 ], [ -45.350204099999985, -23.755424499999947 ], [ -45.350174399999958, -23.755373899999938 ] ] ] } },
{ "type": "Feature", "properties": { "id": "3520400039", "cd_bairro": "3520400039", "bairro": "Sombrio", "cd_mun": "3520400", "municipio": "Ilhabela", "cd_dist": "352040015", "distrito": "Paranabi" }, "geometry": { "type": "Polygon", "coordinates": [ [ [ -45.244068899999945, -23.900690099999963 ], [ -45.242409, -23.90116 ], [ -45.242558, -23.901448 ], [ -45.242881, -23.90184 ], [ -45.243167, -23.902174 ], [ -45.243391, -23.902371 ], [ -45.243665, -23.902717 ], [ -45.24404, -23.902857 ], [ -45.244465, -23.903089 ], [ -45.24558, -23.903585 ], [ -45.246227, -23.90387 ], [ -45.247287, -23.904714 ], [ -45.247648, -23.905072 ], [ -45.248173, -23.905305 ], [ -45.248673, -23.905607 ], [ -45.249876, -23.905684 ], [ -45.25111, -23.905062 ], [ -45.251303, -23.904479 ], [ -45.251556, -23.904148 ], [ -45.252303, -23.903168 ], [ -45.25257, -23.902723 ], [ -45.253174, -23.902464 ], [ -45.253315, -23.902109 ], [ -45.253554, -23.901962 ], [ -45.254045, -23.901656 ], [ -45.254286, -23.90136 ], [ -45.254803, -23.900985 ], [ -45.255359, -23.900462 ], [ -45.255375, -23.900003 ], [ -45.255602, -23.89973 ], [ -45.255793, -23.89941 ], [ -45.256273, -23.899001 ], [ -45.2567, -23.898844 ], [ -45.25713, -23.898445 ], [ -45.257321, -23.898046 ], [ -45.257661, -23.897819 ], [ -45.258027, -23.897558 ], [ -45.258505, -23.897343 ], [ -45.259298, -23.896936 ], [ -45.259902, -23.896734 ], [ -45.260656, -23.896533 ], [ -45.261334, -23.896343 ], [ -45.261875, -23.896152 ], [ -45.262968, -23.895908 ], [ -45.263308, -23.895646 ], [ -45.263573, -23.895476 ], [ -45.264013, -23.895296 ], [ -45.264477, -23.895299 ], [ -45.265142, -23.89527 ], [ -45.265581, -23.895376 ], [ -45.265969, -23.895447 ], [ -45.26632, -23.895393 ], [ -45.266722, -23.895395 ], [ -45.267502, -23.895091 ], [ -45.267904, -23.894911 ], [ -45.268482, -23.8948 ], [ -45.268921, -23.89478 ], [ -45.269447, -23.894853 ], [ -45.269986, -23.894983 ], [ -45.270598, -23.895262 ], [ -45.271147, -23.895701 ], [ -45.271536, -23.895704 ], [ -45.271712, -23.895648 ], [ -45.272103, -23.895318 ], [ -45.272444, -23.894977 ], [ -45.272745, -23.89499 ], [ -45.272995, -23.895153 ], [ -45.273608, -23.895375 ], [ -45.273982, -23.895595 ], [ -45.274295, -23.895701 ], [ -45.275339, -23.895341 ], [ -45.275871, -23.894623 ], [ -45.275937, -23.894084 ], [ -45.276405, -23.893526 ], [ -45.277048, -23.893118 ], [ -45.277777, -23.892916 ], [ -45.278303, -23.892989 ], [ -45.278568, -23.89275 ], [ -45.27892, -23.892615 ], [ -45.278772, -23.892362 ], [ -45.278723, -23.892155 ], [ -45.278639, -23.891639 ], [ -45.278491, -23.891282 ], [ -45.278356, -23.890869 ], [ -45.278119, -23.890638 ], [ -45.277763, -23.889615 ], [ -45.277564, -23.88935 ], [ -45.277194, -23.888557 ], [ -45.277335, -23.888134 ], [ -45.277564, -23.887711 ], [ -45.277942, -23.887473 ], [ -45.278392, -23.887579 ], [ -45.278731, -23.887582 ], [ -45.279118, -23.887802 ], [ -45.279392, -23.888056 ], [ -45.279667, -23.888219 ], [ -45.279964, -23.888759 ], [ -45.2803, -23.88914 ], [ -45.280637, -23.889395 ], [ -45.281037, -23.889512 ], [ -45.281299, -23.889732 ], [ -45.281562, -23.889733 ], [ -45.281826, -23.889735 ], [ -45.28219, -23.8896 ], [ -45.282506, -23.889316 ], [ -45.282383, -23.888994 ], [ -45.282109, -23.88874 ], [ -45.282061, -23.888442 ], [ -45.282051, -23.888121 ], [ -45.282053, -23.887811 ], [ -45.282243, -23.887526 ], [ -45.282359, -23.887103 ], [ -45.282449, -23.886736 ], [ -45.282452, -23.886324 ], [ -45.282692, -23.886142 ], [ -45.283059, -23.88572 ], [ -45.283373, -23.885597 ], [ -45.283338, -23.885195 ], [ -45.283215, -23.88485 ], [ -45.28299, -23.884803 ], [ -45.28274, -23.884664 ], [ -45.282465, -23.884524 ], [ -45.282165, -23.884453 ], [ -45.282028, -23.884338 ], [ -45.281903, -23.884211 ], [ -45.281957, -23.88373 ], [ -45.28196, -23.883306 ], [ -45.281913, -23.882858 ], [ -45.281727, -23.882548 ], [ -45.281529, -23.882157 ], [ -45.281355, -23.881949 ], [ -45.28123, -23.881948 ], [ -45.281147, -23.88126 ], [ -45.280771, -23.881211 ], [ -45.280396, -23.881048 ], [ -45.279882, -23.880965 ], [ -45.279494, -23.88095 ], [ -45.279168, -23.880948 ], [ -45.278642, -23.880864 ], [ -45.278189, -23.881033 ], [ -45.277987, -23.881158 ], [ -45.27771, -23.881374 ], [ -45.277421, -23.881372 ], [ -45.277108, -23.881427 ], [ -45.276771, -23.881207 ], [ -45.276345, -23.881135 ], [ -45.276158, -23.880962 ], [ -45.27592, -23.880891 ], [ -45.275733, -23.880718 ], [ -45.275346, -23.880566 ], [ -45.27516, -23.880244 ], [ -45.2751, -23.879774 ], [ -45.27499, -23.879418 ], [ -45.274916, -23.879257 ], [ -45.274766, -23.879187 ], [ -45.274291, -23.878931 ], [ -45.27403, -23.878609 ], [ -45.273592, -23.87856 ], [ -45.273303, -23.878638 ], [ -45.272927, -23.878647 ], [ -45.272675, -23.878702 ], [ -45.272499, -23.878758 ], [ -45.272285, -23.878929 ], [ -45.272057, -23.879168 ], [ -45.27178, -23.879372 ], [ -45.271553, -23.87952 ], [ -45.271228, -23.879437 ], [ -45.271069, -23.87892 ], [ -45.271259, -23.878612 ], [ -45.271224, -23.878211 ], [ -45.271329, -23.877673 ], [ -45.271547, -23.876986 ], [ -45.271777, -23.876426 ], [ -45.27185, -23.875769 ], [ -45.271799, -23.875289 ], [ -45.271548, -23.875319 ], [ -45.271162, -23.875231 ], [ -45.270876, -23.875099 ], [ -45.270341, -23.874963 ], [ -45.270251499999972, -23.874820199999931 ], [ -45.270066099999951, -23.87495819999998 ], [ -45.270023199999969, -23.875061199999948 ], [ -45.26991339999995, -23.875194399999941 ], [ -45.269839599999955, -23.87532669999996 ], [ -45.269784699999946, -23.875505799999928 ], [ -45.269769599999961, -23.875649199999941 ], [ -45.269772899999964, -23.875816799999939 ], [ -45.269805799999972, -23.875893899999937 ], [ -45.269901699999934, -23.875961599999982 ], [ -45.269899399999986, -23.876071899999943 ], [ -45.269884299999944, -23.876215199999933 ], [ -45.269914699999958, -23.876373599999965 ], [ -45.269957699999964, -23.876490799999942 ], [ -45.269914299999982, -23.876573399999927 ], [ -45.26981109999997, -23.87679989999998 ], [ -45.269761699999947, -23.876922499999978 ], [ -45.269657, -23.877058799999929 ], [ -45.269538299999965, -23.877146599999946 ], [ -45.269407, -23.877267599999982 ], [ -45.269324399999959, -23.877383499999951 ], [ -45.269115399999976, -23.877420499999971 ], [ -45.268886699999939, -23.877387899999974 ], [ -45.268820699999935, -23.877446299999974 ], [ -45.268801099999962, -23.877597599999945 ], [ -45.268807599999946, -23.877710499999978 ], [ -45.268801899999971, -23.877886499999931 ], [ -45.268777799999953, -23.878029899999945 ], [ -45.268772799999965, -23.878242499999942 ], [ -45.268762599999945, -23.87841439999994 ], [ -45.268731099999968, -23.878644099999974 ], [ -45.26867139999996, -23.878804799999955 ], [ -45.268620699999985, -23.878965699999981 ], [ -45.268668499999933, -23.879128799999933 ], [ -45.268724799999973, -23.879267099999936 ], [ -45.268776099999968, -23.87938029999998 ], [ -45.268791499999963, -23.879482399999972 ], [ -45.268955799999958, -23.879655799999966 ], [ -45.269052399999964, -23.879793499999948 ], [ -45.269222, -23.879782399999954 ], [ -45.269331, -23.879866599999957 ], [ -45.269342599999959, -23.880001599999957 ], [ -45.269346299999938, -23.880186 ], [ -45.269513699999948, -23.880281699999955 ], [ -45.269725899999969, -23.880380599999967 ], [ -45.269823699999961, -23.880358399999977 ], [ -45.270122, -23.88048509999993 ], [ -45.27039259999998, -23.880386299999941 ], [ -45.270511899999974, -23.880261099999927 ], [ -45.270668699999931, -23.880275099999949 ], [ -45.270673199999976, -23.880275 ], [ -45.270928699999956, -23.880304099999933 ], [ -45.271164299999953, -23.880226499999935 ], [ -45.271420299999932, -23.880066 ], [ -45.271731, -23.879974699999934 ], [ -45.271965199999954, -23.879860399999927 ], [ -45.272206899999958, -23.879885299999955 ], [ -45.272434699999963, -23.879881799999964 ], [ -45.272613899999953, -23.879891499999928 ], [ -45.272654199999977, -23.880071499999929 ], [ -45.272761299999956, -23.880266399999982 ], [ -45.272757, -23.880474799999945 ], [ -45.27281389999996, -23.880641799999978 ], [ -45.27287, -23.880763699999932 ], [ -45.273042, -23.880879399999969 ], [ -45.273014199999977, -23.88104809999993 ], [ -45.27306619999996, -23.881194799999946 ], [ -45.27320119999996, -23.881249499999967 ], [ -45.273334399999953, -23.881222299999934 ], [ -45.273457099999973, -23.881330699999978 ], [ -45.273545699999943, -23.881509599999958 ], [ -45.273668899999961, -23.881630499999972 ], [ -45.273815699999943, -23.881575099999964 ], [ -45.274011599999938, -23.881510299999945 ], [ -45.274285099999986, -23.881558899999959 ], [ -45.274428899999975, -23.881605599999943 ], [ -45.27470349999993, -23.881723699999952 ], [ -45.274813399999971, -23.88186509999997 ], [ -45.274890899999946, -23.88194569999996 ], [ -45.27492559999996, -23.88211739999997 ], [ -45.274929, -23.882284899999945 ], [ -45.275042199999973, -23.88236489999997 ], [ -45.27511979999997, -23.882445399999938 ], [ -45.275192899999979, -23.882530199999962 ], [ -45.275266599999952, -23.88263939999996 ], [ -45.275370799999962, -23.882715499999961 ], [ -45.275311299999942, -23.882859899999971 ], [ -45.275233199999946, -23.88297179999995 ], [ -45.275230799999974, -23.883078399999931 ], [ -45.275215, -23.883181199999967 ], [ -45.275239699999986, -23.883299699999952 ], [ -45.275371299999961, -23.88339179999997 ], [ -45.275532899999973, -23.883421899999973 ], [ -45.275791899999945, -23.883434499999964 ], [ -45.276, -23.88333659999995 ], [ -45.276159599999971, -23.883268499999929 ], [ -45.276254499999936, -23.883200799999941 ], [ -45.276364399999977, -23.883129599999961 ], [ -45.276514199999951, -23.883053799999971 ], [ -45.276698799999963, -23.882948799999951 ], [ -45.276854199999946, -23.882917899999939 ], [ -45.276983499999972, -23.882911799999931 ], [ -45.277191899999934, -23.883051399999943 ], [ -45.277351599999974, -23.8832 ], [ -45.277497599999947, -23.883309699999927 ], [ -45.277578299999959, -23.883422799999948 ], [ -45.277653499999985, -23.883527699999945 ], [ -45.277713299999959, -23.883626 ], [ -45.27774809999994, -23.883722299999931 ], [ -45.277793699999961, -23.883860199999958 ], [ -45.277816399999949, -23.883982299999957 ], [ -45.27784429999997, -23.884114499999953 ], [ -45.277864499999964, -23.884243499999968 ], [ -45.277875699999981, -23.884437399999968 ], [ -45.277871199999936, -23.884599199999968 ], [ -45.277863099999934, -23.884707899999967 ], [ -45.277835399999958, -23.884844699999974 ], [ -45.277794799999981, -23.88497469999993 ], [ -45.277657899999951, -23.885048199999972 ], [ -45.277454199999966, -23.884993799999961 ], [ -45.277509499999951, -23.885140799999931 ], [ -45.277468499999941, -23.885348699999952 ], [ -45.277383, -23.885352299999965 ], [ -45.277236799999969, -23.885301699999957 ], [ -45.277106, -23.885310599999968 ], [ -45.277071699999965, -23.885394099999928 ], [ -45.276995199999931, -23.88551259999997 ], [ -45.276953599999956, -23.885605099999964 ], [ -45.276898799999969, -23.885631199999978 ], [ -45.276823099999945, -23.885605 ], [ -45.276707, -23.88556559999995 ], [ -45.276606, -23.885548799999981 ], [ -45.276468299999976, -23.88559239999995 ], [ -45.276301599999954, -23.885703 ], [ -45.276192699999967, -23.88580079999997 ], [ -45.276098099999956, -23.885850499999947 ], [ -45.275926499999969, -23.885828299999957 ], [ -45.275835099999938, -23.885797799999978 ], [ -45.275725499999965, -23.885744599999953 ], [ -45.275563199999965, -23.88571509999997 ], [ -45.275461099999973, -23.885677799999939 ], [ -45.275318899999945, -23.885654799999941 ], [ -45.275194399999975, -23.885631499999931 ], [ -45.275107899999966, -23.885616699999957 ], [ -45.275028099999986, -23.885666499999957 ], [ -45.275027799999975, -23.885744699999975 ], [ -45.275038299999949, -23.885843399999942 ], [ -45.275043299999936, -23.885925899999961 ], [ -45.275020099999949, -23.885997299999929 ], [ -45.274888, -23.885988299999951 ], [ -45.274757, -23.886029899999983 ], [ -45.274591099999952, -23.886085699999967 ], [ -45.274437099999943, -23.886097499999948 ], [ -45.274369899999954, -23.886032 ], [ -45.274276599999951, -23.88594379999995 ], [ -45.274202299999956, -23.885915199999943 ], [ -45.274189199999967, -23.886012299999948 ], [ -45.27427229999995, -23.886096 ], [ -45.274223599999971, -23.886189099999967 ], [ -45.27422729999995, -23.88634019999995 ], [ -45.274259299999983, -23.88642729999998 ], [ -45.274365099999955, -23.886409399999934 ], [ -45.274441799999977, -23.886463399999968 ], [ -45.274410399999965, -23.886533 ], [ -45.274301, -23.886620099999959 ], [ -45.274168399999951, -23.886689399999966 ], [ -45.274162599999954, -23.886781699999972 ], [ -45.274095099999954, -23.88682689999996 ], [ -45.274041, -23.886911399999974 ], [ -45.27412929999997, -23.887003399999969 ], [ -45.27422189999993, -23.887046099999964 ], [ -45.274266299999965, -23.887114399999973 ], [ -45.274360499999943, -23.887250799999947 ], [ -45.274394899999947, -23.887358699999936 ], [ -45.274321, -23.887449 ], [ -45.274317099999962, -23.88752809999994 ], [ -45.27435689999993, -23.887640899999951 ], [ -45.274423399999932, -23.887733399999945 ], [ -45.274478399999964, -23.887791799999945 ], [ -45.274529799999982, -23.887832599999967 ], [ -45.274521399999969, -23.887874799999963 ], [ -45.274441899999943, -23.887870699999951 ], [ -45.274377099999981, -23.887841199999968 ], [ -45.274322699999971, -23.887881499999935 ], [ -45.274339299999951, -23.887954099999945 ], [ -45.27451549999995, -23.888054499999953 ], [ -45.274586499999941, -23.888122399999929 ], [ -45.274538699999937, -23.888196099999959 ], [ -45.274409599999956, -23.888184399999943 ], [ -45.274342599999954, -23.888207899999941 ], [ -45.274408299999948, -23.888285199999927 ], [ -45.274446299999966, -23.888357399999961 ], [ -45.274569499999984, -23.888391799999965 ], [ -45.274744099999964, -23.888382899999954 ], [ -45.274879099999964, -23.888391299999967 ], [ -45.27496089999994, -23.888386599999933 ], [ -45.275035, -23.888415899999927 ], [ -45.275109199999974, -23.888459199999943 ], [ -45.275123099999973, -23.888554 ], [ -45.27514629999996, -23.888657 ], [ -45.275173399999971, -23.88874629999998 ], [ -45.275168699999938, -23.888844 ], [ -45.275207599999931, -23.888971799999979 ], [ -45.275215799999955, -23.889086199999952 ], [ -45.275212799999963, -23.889239799999928 ], [ -45.275159299999984, -23.88933 ], [ -45.275017799999944, -23.889332299999978 ], [ -45.274907399999961, -23.889359399999933 ], [ -45.274897199999941, -23.88946569999996 ], [ -45.274945499999944, -23.889565399999981 ], [ -45.274996199999975, -23.889637099999959 ], [ -45.275086699999974, -23.889833399999929 ], [ -45.275108, -23.889949899999976 ], [ -45.275022499999977, -23.889973899999973 ], [ -45.274949499999934, -23.88997089999998 ], [ -45.274760499999957, -23.889948799999956 ], [ -45.274589699999979, -23.889951499999938 ], [ -45.274398599999984, -23.890032799999972 ], [ -45.274292899999978, -23.890101499999957 ], [ -45.274166399999956, -23.890207 ], [ -45.274052, -23.890304 ], [ -45.273962, -23.890403299999946 ], [ -45.273817699999938, -23.890507899999932 ], [ -45.27371549999998, -23.89062139999993 ], [ -45.273582799999986, -23.890735199999938 ], [ -45.27344839999995, -23.890902199999971 ], [ -45.273353699999973, -23.89106849999996 ], [ -45.273197899999957, -23.891233099999965 ], [ -45.273118099999976, -23.891379699999959 ], [ -45.273197899999957, -23.891564899999935 ], [ -45.273198799999932, -23.89177989999996 ], [ -45.27316529999996, -23.891956 ], [ -45.273066899999947, -23.892102099999931 ], [ -45.272986899999978, -23.892231299999935 ], [ -45.272863799999982, -23.892324899999949 ], [ -45.27266439999994, -23.892414199999962 ], [ -45.27252569999996, -23.89234179999994 ], [ -45.272433399999954, -23.89216289999996 ], [ -45.272267199999931, -23.892104399999937 ], [ -45.272190799999976, -23.892102799999975 ], [ -45.272158199999978, -23.892145099999937 ], [ -45.272169799999972, -23.892247599999962 ], [ -45.27213329999995, -23.892381299999954 ], [ -45.272041599999966, -23.892508699999951 ], [ -45.271896799999979, -23.892591699999969 ], [ -45.271772, -23.892585299999951 ], [ -45.271612599999969, -23.89252369999997 ], [ -45.271432599999969, -23.892512499999953 ], [ -45.271286299999986, -23.892514799999958 ], [ -45.271143499999937, -23.892539299999953 ], [ -45.271025799999961, -23.89259409999994 ], [ -45.270924099999945, -23.892679199999975 ], [ -45.270783399999971, -23.89278719999993 ], [ -45.270672499999932, -23.892869599999983 ], [ -45.270583699999975, -23.892865499999971 ], [ -45.270408499999974, -23.892834899999968 ], [ -45.270342899999946, -23.892785799999956 ], [ -45.270285699999931, -23.892714299999966 ], [ -45.27014829999996, -23.892730399999948 ], [ -45.270074699999952, -23.892826299999967 ], [ -45.269916899999942, -23.892865 ], [ -45.269781399999943, -23.89292839999996 ], [ -45.269566099999963, -23.892968 ], [ -45.269435299999941, -23.89296719999993 ], [ -45.269249499999944, -23.892931099999942 ], [ -45.269102299999986, -23.8929 ], [ -45.268969899999945, -23.892860299999938 ], [ -45.268847, -23.89283439999997 ], [ -45.268750699999941, -23.892869299999973 ], [ -45.268636599999979, -23.892912799999976 ], [ -45.268483699999933, -23.892959599999983 ], [ -45.268377699999974, -23.893011199999933 ], [ -45.268238399999973, -23.893066099999942 ], [ -45.268111199999964, -23.893112299999927 ], [ -45.267971599999953, -23.893128299999944 ], [ -45.267841, -23.893133099999943 ], [ -45.267697299999952, -23.893088199999966 ], [ -45.267565199999979, -23.893026499999962 ], [ -45.267433299999936, -23.892978599999935 ], [ -45.267328299999974, -23.892916399999933 ], [ -45.26723549999997, -23.892859399999963 ], [ -45.267157499999939, -23.892788199999927 ], [ -45.267064399999981, -23.892850899999928 ], [ -45.266920399999947, -23.892819699999961 ], [ -45.266795, -23.892802199999949 ], [ -45.266664399999968, -23.892820899999947 ], [ -45.266596299999946, -23.892783 ], [ -45.266449899999941, -23.892907899999955 ], [ -45.266360899999938, -23.892892499999959 ], [ -45.266307099999949, -23.892823699999951 ], [ -45.26621659999995, -23.892758199999946 ], [ -45.266095699999937, -23.892701399999964 ], [ -45.26599049999993, -23.892664 ], [ -45.265885099999934, -23.892668399999934 ], [ -45.265794299999982, -23.892583099999968 ], [ -45.265708099999983, -23.892436 ], [ -45.265629299999944, -23.892319599999951 ], [ -45.265541699999972, -23.892225799999949 ], [ -45.265477, -23.89221 ], [ -45.265395399999932, -23.892261599999983 ], [ -45.265389599999935, -23.892334099999971 ], [ -45.265276599999936, -23.892352699999947 ], [ -45.265201599999955, -23.892437799999982 ], [ -45.265111, -23.89250629999998 ], [ -45.265008399999942, -23.892588899999964 ], [ -45.26493, -23.892657099999951 ], [ -45.264830299999971, -23.892722799999945 ], [ -45.264666899999952, -23.892650099999969 ], [ -45.264478599999961, -23.892558099999974 ], [ -45.264333099999931, -23.892473699999982 ], [ -45.264277499999935, -23.892289799999958 ], [ -45.264228699999933, -23.892136599999958 ], [ -45.264139099999966, -23.892098799999928 ], [ -45.264113799999961, -23.892214 ], [ -45.264025799999956, -23.892260199999953 ], [ -45.263953599999979, -23.892328499999962 ], [ -45.263994699999955, -23.892397799999969 ], [ -45.263999399999932, -23.892481799999928 ], [ -45.263957699999935, -23.892541199999982 ], [ -45.263941, -23.892611299999942 ], [ -45.264049499999942, -23.892670899999928 ], [ -45.264111899999932, -23.892722899999967 ], [ -45.264174799999978, -23.892805499999952 ], [ -45.26419489999995, -23.892885799999931 ], [ -45.26416329999995, -23.892935699999953 ], [ -45.264081099999942, -23.892948099999956 ], [ -45.263929099999984, -23.892978399999947 ], [ -45.263828199999978, -23.892968799999949 ], [ -45.263781899999969, -23.893117299999972 ], [ -45.263644699999929, -23.893119499999955 ], [ -45.263518199999965, -23.893040599999949 ], [ -45.263413299999968, -23.89298359999998 ], [ -45.263310899999965, -23.892901499999937 ], [ -45.263214799999957, -23.892835899999966 ], [ -45.26319529999995, -23.892931199999964 ], [ -45.263116499999967, -23.892963099999974 ], [ -45.262948699999981, -23.89298249999996 ], [ -45.262761, -23.893063599999948 ], [ -45.262659099999951, -23.893157299999928 ], [ -45.262529599999937, -23.893106299999943 ], [ -45.262381, -23.893027699999948 ], [ -45.262387099999955, -23.893027599999982 ], [ -45.262219699999946, -23.89293239999995 ], [ -45.262152399999934, -23.892804699999942 ], [ -45.262119, -23.892644599999983 ], [ -45.26206069999995, -23.892469399999982 ], [ -45.262003799999945, -23.892372299999977 ], [ -45.261910399999977, -23.892292599999962 ], [ -45.261786399999949, -23.89221329999998 ], [ -45.261635399999932, -23.892170799999974 ], [ -45.261521499999958, -23.892141799999933 ], [ -45.261499399999934, -23.892268199999933 ], [ -45.261419499999931, -23.892255399999954 ], [ -45.261410299999966, -23.892412299999933 ], [ -45.261501, -23.892514499999947 ], [ -45.261573399999975, -23.892608399999972 ], [ -45.261603, -23.892711199999951 ], [ -45.261534499999982, -23.892795799999931 ], [ -45.261464199999978, -23.892799599999933 ], [ -45.261385399999938, -23.892825699999946 ], [ -45.261324099999968, -23.892818199999965 ], [ -45.261210199999937, -23.892775299999983 ], [ -45.261141699999939, -23.892741199999932 ], [ -45.261052699999937, -23.892723 ], [ -45.260942799999953, -23.89273309999993 ], [ -45.260832899999969, -23.892740299999957 ], [ -45.260697299999947, -23.892686399999945 ], [ -45.260615499999972, -23.892729599999939 ], [ -45.260549699999956, -23.892809 ], [ -45.26047479999994, -23.892891199999951 ], [ -45.260385099999951, -23.893010099999969 ], [ -45.260321899999951, -23.893072599999982 ], [ -45.260259399999939, -23.89317159999996 ], [ -45.260203599999954, -23.893292699999961 ], [ -45.260091199999977, -23.89333929999998 ], [ -45.259973099999968, -23.893402599999945 ], [ -45.259892199999967, -23.89349059999995 ], [ -45.259903699999938, -23.893602199999975 ], [ -45.259893299999931, -23.893700199999955 ], [ -45.259883599999966, -23.893834499999969 ], [ -45.259913299999937, -23.893885399999931 ], [ -45.259954, -23.893940699999973 ], [ -45.259956199999976, -23.89405789999995 ], [ -45.260003099999949, -23.894115599999964 ], [ -45.259977, -23.894188499999927 ], [ -45.259874099999934, -23.894234799999936 ], [ -45.259796199999982, -23.894314099999974 ], [ -45.259801, -23.894405799999959 ], [ -45.259769299999959, -23.894500799999946 ], [ -45.259758099999942, -23.894548199999974 ], [ -45.259695299999976, -23.894610399999976 ], [ -45.259595099999956, -23.894634399999973 ], [ -45.259528799999941, -23.894674299999963 ], [ -45.259540799999968, -23.894763699999942 ], [ -45.259541899999931, -23.894819299999938 ], [ -45.259449, -23.894890199999963 ], [ -45.259315699999945, -23.894922899999983 ], [ -45.259226499999954, -23.89488549999993 ], [ -45.259104599999944, -23.894893 ], [ -45.258932, -23.894954299999938 ], [ -45.258815199999958, -23.894928399999969 ], [ -45.25875, -23.894884899999965 ], [ -45.258651, -23.894839199999979 ], [ -45.258610899999951, -23.894825899999944 ], [ -45.258584499999984, -23.894870899999944 ], [ -45.258556599999963, -23.89497149999994 ], [ -45.258473799999933, -23.894964499999958 ], [ -45.258397699999932, -23.894985299999973 ], [ -45.25834459999993, -23.895066899999961 ], [ -45.258256599999982, -23.895101799999964 ], [ -45.258106, -23.895146099999977 ], [ -45.257985, -23.895206599999938 ], [ -45.257853499999953, -23.895209 ], [ -45.25772319999993, -23.895124899999928 ], [ -45.257607, -23.894992899999977 ], [ -45.257517299999961, -23.894960899999944 ], [ -45.257488399999943, -23.895048 ], [ -45.257470199999943, -23.895199099999957 ], [ -45.25741759999994, -23.89530579999996 ], [ -45.257353399999943, -23.895417899999927 ], [ -45.257276199999978, -23.895496699999967 ], [ -45.257137599999965, -23.895562599999948 ], [ -45.256995099999983, -23.895612299999982 ], [ -45.256910599999969, -23.895638299999973 ], [ -45.256810099999939, -23.895645499999944 ], [ -45.256645699999979, -23.895670299999949 ], [ -45.256478399999935, -23.895698099999947 ], [ -45.256335699999966, -23.895742199999972 ], [ -45.256125199999985, -23.895767899999953 ], [ -45.25604519999996, -23.895741199999975 ], [ -45.255914299999972, -23.895765599999947 ], [ -45.255771099999947, -23.895807 ], [ -45.255647299999964, -23.895898399999965 ], [ -45.255558, -23.896003 ], [ -45.255484799999977, -23.896018199999958 ], [ -45.255366299999935, -23.896067599999981 ], [ -45.255261, -23.896138899999983 ], [ -45.255139299999939, -23.896177199999954 ], [ -45.254993099999979, -23.896215899999959 ], [ -45.254843199999982, -23.896277299999952 ], [ -45.25474209999993, -23.89631559999998 ], [ -45.254698399999938, -23.896405499999958 ], [ -45.254612499999951, -23.896498699999938 ], [ -45.254685, -23.896592599999963 ], [ -45.254749899999979, -23.896619499999929 ], [ -45.254731, -23.896711799999935 ], [ -45.25470009999998, -23.896809799999971 ], [ -45.254581199999961, -23.896831199999951 ], [ -45.254458, -23.89681939999997 ], [ -45.254315499999962, -23.896880299999964 ], [ -45.254176199999961, -23.896966299999974 ], [ -45.254083099999946, -23.897054399999945 ], [ -45.253877199999977, -23.897142 ], [ -45.253767899999957, -23.897207799999933 ], [ -45.253686699999946, -23.897301299999981 ], [ -45.2536, -23.897400499999947 ], [ -45.25350659999998, -23.897474599999953 ], [ -45.253441299999963, -23.897581799999955 ], [ -45.253369099999929, -23.897661299999982 ], [ -45.253337699999975, -23.897745499999928 ], [ -45.253309399999978, -23.897832299999948 ], [ -45.253234599999985, -23.897903099999951 ], [ -45.25311819999996, -23.89793039999995 ], [ -45.253049, -23.898009899999977 ], [ -45.252921799999967, -23.898093099999983 ], [ -45.252798799999937, -23.898198299999933 ], [ -45.252649199999951, -23.898253799999964 ], [ -45.252604499999961, -23.898310399999957 ], [ -45.252578399999948, -23.898377899999957 ], [ -45.252632099999971, -23.898455299999966 ], [ -45.252688099999943, -23.898493599999938 ], [ -45.252662099999952, -23.898566599999981 ], [ -45.252688499999977, -23.898652699999957 ], [ -45.252687199999968, -23.898733599999957 ], [ -45.252722899999981, -23.898816599999975 ], [ -45.252789299999961, -23.898898799999984 ], [ -45.252836099999968, -23.898928499999954 ], [ -45.252876, -23.898960199999976 ], [ -45.25278579999997, -23.899047899999971 ], [ -45.252693, -23.899160799999947 ], [ -45.252571699999976, -23.899215599999934 ], [ -45.252537, -23.899319399999968 ], [ -45.252587299999959, -23.899382899999978 ], [ -45.252604299999973, -23.899469099999976 ], [ -45.252567, -23.89959239999996 ], [ -45.252432899999974, -23.899639299999933 ], [ -45.252425699999947, -23.899737 ], [ -45.25247319999994, -23.89980879999996 ], [ -45.252497, -23.899928299999942 ], [ -45.252405599999975, -23.899966199999938 ], [ -45.252358399999935, -23.900064699999973 ], [ -45.25234219999993, -23.900151199999982 ], [ -45.252338399999985, -23.900240099999962 ], [ -45.252276499999937, -23.900345099999981 ], [ -45.252195299999983, -23.900407599999937 ], [ -45.252043799999967, -23.900468399999966 ], [ -45.251913599999966, -23.900526199999945 ], [ -45.251766399999951, -23.900637299999971 ], [ -45.251618699999938, -23.900720399999955 ], [ -45.251478099999986, -23.900828399999966 ], [ -45.25131719999996, -23.900861499999962 ], [ -45.25121269999994, -23.90087879999993 ], [ -45.251039399999968, -23.900857899999949 ], [ -45.250913699999955, -23.900840199999948 ], [ -45.250840199999971, -23.900837399999944 ], [ -45.250607799999955, -23.900868599999967 ], [ -45.250461299999984, -23.900882699999954 ], [ -45.250330799999972, -23.900857199999962 ], [ -45.250253099999952, -23.900862399999937 ], [ -45.250136599999962, -23.900868199999934 ], [ -45.250014, -23.900826799999948 ], [ -45.24993829999994, -23.90077279999997 ], [ -45.249893499999985, -23.900718299999937 ], [ -45.249810599999932, -23.900719599999945 ], [ -45.249719399999947, -23.900740799999937 ], [ -45.249641499999939, -23.90079 ], [ -45.249560299999985, -23.900842599999976 ], [ -45.249513799999932, -23.900898599999948 ], [ -45.24948969999997, -23.900993899999946 ], [ -45.249444399999959, -23.901121 ], [ -45.249454699999944, -23.901207799999952 ], [ -45.249465, -23.901294599999972 ], [ -45.249423499999978, -23.901394099999948 ], [ -45.24941229999996, -23.901489099999935 ], [ -45.249427, -23.901575699999967 ], [ -45.24945409999998, -23.901634399999978 ], [ -45.249468899999954, -23.901728799999944 ], [ -45.249504299999955, -23.901771499999938 ], [ -45.249570699999936, -23.901849099999936 ], [ -45.249607099999935, -23.901946799999962 ], [ -45.249659699999938, -23.901989 ], [ -45.249666199999979, -23.902103099999977 ], [ -45.24971979999998, -23.902200199999982 ], [ -45.249738699999966, -23.902290099999959 ], [ -45.24973209999996, -23.902396199999941 ], [ -45.24966459999996, -23.902476199999967 ], [ -45.249570799999958, -23.902533299999959 ], [ -45.249463799999944, -23.902578799999958 ], [ -45.249275399999931, -23.90273609999997 ], [ -45.249126199999978, -23.902829099999963 ], [ -45.24899019999998, -23.902941599999963 ], [ -45.248837099999946, -23.903054299999951 ], [ -45.248649299999954, -23.903159699999946 ], [ -45.248478299999931, -23.903237199999978 ], [ -45.24822329999995, -23.903209699999934 ], [ -45.248112299999946, -23.903069699999946 ], [ -45.24796, -23.903016899999955 ], [ -45.247765499999957, -23.903000099999929 ], [ -45.247587399999929, -23.902947599999948 ], [ -45.247383, -23.902879799999937 ], [ -45.247098499999936, -23.902752299999975 ], [ -45.246851599999957, -23.902692599999966 ], [ -45.246647699999983, -23.902624599999967 ], [ -45.246394599999974, -23.902482499999962 ], [ -45.246254, -23.902374299999963 ], [ -45.246134599999948, -23.902257799999973 ], [ -45.24596269999995, -23.902114399999959 ], [ -45.245835799999952, -23.902090099999953 ], [ -45.245602299999973, -23.902061599999968 ], [ -45.245310099999983, -23.901900199999943 ], [ -45.245235499999978, -23.901846899999953 ], [ -45.245035399999949, -23.901778499999978 ], [ -45.244902799999977, -23.901646199999959 ], [ -45.244779199999982, -23.901529399999959 ], [ -45.24462, -23.901357799999971 ], [ -45.244538499999976, -23.901185 ], [ -45.244409, -23.901136299999962 ], [ -45.244281399999977, -23.90104969999993 ], [ -45.244175599999949, -23.900942499999928 ], [ -45.244168199999933, -23.900824899999975 ], [ -45.244068899999945, -23.900690099999963 ] ] ] } },
{ "type": "Feature", "properties": { "id": "3520400032", "cd_bairro": "3520400032", "bairro": "São Pedro", "cd_mun": "3520400", "municipio": "Ilhabela", "cd_dist": "352040010", "distrito": "Cambaquara" }, "geometry": { "type": "Polygon", "coordinates": [ [ [ -45.453775599999972, -23.891401099999939 ], [ -45.455972, -23.891297699999939 ], [ -45.456964, -23.891160599999978 ], [ -45.457963599999971, -23.89082639999998 ], [ -45.458615, -23.89054729999998 ], [ -45.459195, -23.890098799999976 ], [ -45.459702899999968, -23.889688 ], [ -45.460343599999931, -23.889298699999983 ], [ -45.461118, -23.888827099999958 ], [ -45.462113, -23.888484299999959 ], [ -45.462030199999958, -23.88830239999993 ], [ -45.46193459999995, -23.888147 ], [ -45.461740299999974, -23.888011499999948 ], [ -45.461575499999981, -23.887898399999983 ], [ -45.461362099999974, -23.887793299999942 ], [ -45.461141399999974, -23.887652099999968 ], [ -45.460863, -23.887590299999943 ], [ -45.460558, -23.887511 ], [ -45.460234199999945, -23.887468099999978 ], [ -45.459942599999977, -23.887382499999944 ], [ -45.459662599999945, -23.887236499999972 ], [ -45.459374099999934, -23.887283599999932 ], [ -45.459136799999953, -23.887251499999934 ], [ -45.458943799999986, -23.887152299999968 ], [ -45.458963399999959, -23.88714589999995 ], [ -45.458933, -23.886885 ], [ -45.458843, -23.886719 ], [ -45.458573299999955, -23.886507299999948 ], [ -45.458612499999958, -23.886234699999932 ], [ -45.458622199999979, -23.886083499999927 ], [ -45.458605299999931, -23.885920599999963 ], [ -45.458433499999956, -23.885875599999963 ], [ -45.458188699999937, -23.885789799999941 ], [ -45.45803449999994, -23.885648199999935 ], [ -45.457957799999974, -23.885456499999975 ], [ -45.457933399999945, -23.885251899999957 ], [ -45.458012099999962, -23.884961 ], [ -45.457921299999953, -23.884751299999948 ], [ -45.457661899999948, -23.884659 ], [ -45.457383899999968, -23.884597399999961 ], [ -45.457041699999934, -23.884621299999935 ], [ -45.456761399999948, -23.884746799999959 ], [ -45.456389199999933, -23.884879799999965 ], [ -45.45609079999997, -23.884780599999942 ], [ -45.455807299999947, -23.884791399999983 ], [ -45.455590099999938, -23.88481319999994 ], [ -45.455339699999968, -23.884823499999982 ], [ -45.455183199999965, -23.884614699999929 ], [ -45.455106699999931, -23.884446599999933 ], [ -45.454932, -23.884316399999932 ], [ -45.454772899999966, -23.884294899999929 ], [ -45.454549699999973, -23.884353 ], [ -45.454429, -23.88454859999996 ], [ -45.454334699999947, -23.884743599999979 ], [ -45.454240399999946, -23.884938499999976 ], [ -45.454124699999966, -23.885049099999947 ], [ -45.453850799999941, -23.88515039999993 ], [ -45.453582, -23.885191099999929 ], [ -45.453333199999975, -23.885237599999982 ], [ -45.453155599999945, -23.885246599999959 ], [ -45.452959299999975, -23.885086899999976 ], [ -45.452790899999968, -23.884975 ], [ -45.452551899999946, -23.88491259999995 ], [ -45.45227929999993, -23.884879499999954 ], [ -45.451984399999958, -23.88492 ], [ -45.451688299999944, -23.884900499999958 ], [ -45.451540499999965, -23.884776599999952 ], [ -45.451304199999981, -23.884545899999978 ], [ -45.451120699999933, -23.884332299999983 ], [ -45.450910699999952, -23.884088599999927 ], [ -45.450662699999953, -23.883887699999946 ], [ -45.450637699999959, -23.88377509999998 ], [ -45.45061069999997, -23.883653299999935 ], [ -45.450441399999931, -23.883445 ], [ -45.450249099999951, -23.883357799999942 ], [ -45.45008619999993, -23.883131299999945 ], [ -45.449872699999958, -23.882978199999968 ], [ -45.449746299999958, -23.882825699999955 ], [ -45.449655199999938, -23.88258 ], [ -45.449485599999946, -23.88234749999998 ], [ -45.449278599999957, -23.882200299999965 ], [ -45.449006899999972, -23.882102499999974 ], [ -45.448964399999966, -23.881982499999935 ], [ -45.44891389999998, -23.881808099999944 ], [ -45.448812399999952, -23.881695099999945 ], [ -45.448654899999951, -23.881692 ], [ -45.448440399999981, -23.881768499999964 ], [ -45.448325699999941, -23.88189129999995 ], [ -45.448223299999938, -23.881724299999973 ], [ -45.448191, -23.881483399999979 ], [ -45.448127799999952, -23.881285599999956 ], [ -45.448104599999965, -23.881123199999934 ], [ -45.448050299999977, -23.880940199999941 ], [ -45.448130899999967, -23.880733899999939 ], [ -45.448170799999957, -23.880461799999978 ], [ -45.447968299999957, -23.880211899999949 ], [ -45.447871199999952, -23.879990299999974 ], [ -45.447898299999963, -23.879748099999972 ], [ -45.447753699999964, -23.879447699999957 ], [ -45.447568399999966, -23.879420699999969 ], [ -45.447292399999981, -23.879461499999934 ], [ -45.447068099999967, -23.879453199999944 ], [ -45.446941099999947, -23.879370899999969 ], [ -45.446779099999958, -23.879192599999953 ], [ -45.446678799999972, -23.879127899999958 ], [ -45.446405099999936, -23.879235199999982 ], [ -45.44622, -23.879250299999967 ], [ -45.446105899999964, -23.879101599999956 ], [ -45.44597, -23.878922899999964 ], [ -45.445787799999948, -23.878738899999973 ], [ -45.445606, -23.878572899999938 ], [ -45.44542679999995, -23.878503699999953 ], [ -45.445156, -23.878442099999972 ], [ -45.444965299999978, -23.878355899999974 ], [ -45.444780099999946, -23.878304499999956 ], [ -45.444592599999964, -23.87815089999998 ], [ -45.444331399999953, -23.877932199999975 ], [ -45.444196699999964, -23.877789899999982 ], [ -45.444087699999955, -23.877623 ], [ -45.444082899999955, -23.877424099999928 ], [ -45.444089299999973, -23.877418 ], [ -45.444123599999955, -23.877170099999944 ], [ -45.444164, -23.876885899999934 ], [ -45.444290499999966, -23.876636299999973 ], [ -45.444455799999957, -23.876367399999936 ], [ -45.444510599999944, -23.876193499999943 ], [ -45.444551599999954, -23.876020399999959 ], [ -45.444647799999984, -23.875884499999927 ], [ -45.444607099999985, -23.875797499999976 ], [ -45.444484199999977, -23.875722799999949 ], [ -45.444334199999957, -23.875710199999958 ], [ -45.444184899999982, -23.875673 ], [ -45.444071199999939, -23.875662099999943 ], [ -45.443803099999968, -23.875580199999945 ], [ -45.443526199999951, -23.875478799999939 ], [ -45.443288399999972, -23.875388699999974 ], [ -45.443148699999938, -23.875269399999979 ], [ -45.443033199999945, -23.875374 ], [ -45.443000299999937, -23.875445799999966 ], [ -45.442762, -23.875966 ], [ -45.442351, -23.876277 ], [ -45.44203559999994, -23.87697739999993 ], [ -45.441984, -23.877092 ], [ -45.441666, -23.877937 ], [ -45.441097, -23.878703 ], [ -45.440286, -23.879079 ], [ -45.439449, -23.879408 ], [ -45.438865, -23.880025 ], [ -45.438594, -23.880511 ], [ -45.438223, -23.881056 ], [ -45.437763, -23.881372 ], [ -45.437149, -23.881492 ], [ -45.436336, -23.881695 ], [ -45.435635, -23.881793 ], [ -45.434609, -23.882067 ], [ -45.433845, -23.882445 ], [ -45.43408, -23.882588 ], [ -45.434304, -23.882661 ], [ -45.434812, -23.882934 ], [ -45.435371, -23.883163 ], [ -45.435769, -23.883343 ], [ -45.436267, -23.883443 ], [ -45.436834, -23.883268 ], [ -45.436846, -23.883268 ], [ -45.438047, -23.883346 ], [ -45.438603, -23.883724 ], [ -45.438725, -23.883911 ], [ -45.438842, -23.88434 ], [ -45.438901, -23.884503 ], [ -45.439168, -23.884957 ], [ -45.439241, -23.885097 ], [ -45.439868, -23.885696 ], [ -45.440289, -23.885945 ], [ -45.440637, -23.886101 ], [ -45.44092, -23.886325 ], [ -45.441153, -23.886374 ], [ -45.441169299999956, -23.886382699999956 ], [ -45.441456, -23.886449 ], [ -45.441646, -23.886348 ], [ -45.441946, -23.886354 ], [ -45.442348, -23.886268 ], [ -45.442634, -23.886388 ], [ -45.44327, -23.886537 ], [ -45.44342, -23.886539 ], [ -45.444025, -23.886988 ], [ -45.444356, -23.887386 ], [ -45.44439, -23.887525 ], [ -45.44471, -23.887819 ], [ -45.445045, -23.887986 ], [ -45.445355, -23.888153 ], [ -45.445602, -23.88833 ], [ -45.445746, -23.88869 ], [ -45.445865, -23.889027 ], [ -45.446132, -23.889493 ], [ -45.446236, -23.889933 ], [ -45.446455, -23.890271 ], [ -45.446451, -23.890491 ], [ -45.446165, -23.891109 ], [ -45.446257, -23.891538 ], [ -45.446576, -23.891855 ], [ -45.446945, -23.89223 ], [ -45.447264, -23.892605 ], [ -45.447527, -23.892586 ], [ -45.44785, -23.892695 ], [ -45.44816, -23.892839 ], [ -45.453738399999963, -23.891418699999974 ], [ -45.453775599999972, -23.891401099999939 ] ] ] } },
{ "type": "Feature", "properties": { "id": "3520400031", "cd_bairro": "3520400031", "bairro": "Taubaté", "cd_mun": "3520400", "municipio": "Ilhabela", "cd_dist": "352040010", "distrito": "Cambaquara" }, "geometry": { "type": "Polygon", "coordinates": [ [ [ -45.460357699999975, -23.897572599999933 ], [ -45.460623699999985, -23.89734489999995 ], [ -45.460643299999958, -23.897332499999948 ], [ -45.460796, -23.897058299999969 ], [ -45.460948499999972, -23.896771899999976 ], [ -45.460995199999957, -23.896469499999967 ], [ -45.460884299999975, -23.896205599999973 ], [ -45.460734399999978, -23.895972599999936 ], [ -45.460683399999937, -23.895732 ], [ -45.460698199999968, -23.895484299999964 ], [ -45.460687099999973, -23.895261099999971 ], [ -45.460650399999963, -23.89507459999993 ], [ -45.460654199999965, -23.894935799999928 ], [ -45.460695399999963, -23.894693599999982 ], [ -45.460709, -23.894385599999964 ], [ -45.460744299999931, -23.894173699999953 ], [ -45.460759, -23.893919899999958 ], [ -45.46075449999995, -23.893696599999942 ], [ -45.460722099999941, -23.893396799999948 ], [ -45.460652399999958, -23.893210799999963 ], [ -45.460608199999967, -23.892982199999949 ], [ -45.460596799999962, -23.892741 ], [ -45.460765799999933, -23.892617399999949 ], [ -45.460958799999958, -23.892366699999968 ], [ -45.461072699999932, -23.892117299999938 ], [ -45.461120699999981, -23.891881099999978 ], [ -45.461286, -23.89156429999997 ], [ -45.461498099999972, -23.89127689999998 ], [ -45.461379799999975, -23.890977199999952 ], [ -45.461229599999967, -23.890732399999933 ], [ -45.461075899999969, -23.890638699999954 ], [ -45.460799299999962, -23.89047249999993 ], [ -45.460559099999955, -23.890343799999982 ], [ -45.460392099999979, -23.890238099999976 ], [ -45.460447599999952, -23.890044199999977 ], [ -45.460668399999975, -23.889871299999982 ], [ -45.460781499999939, -23.889591799999948 ], [ -45.460849099999962, -23.889343499999939 ], [ -45.46108229999993, -23.889128299999982 ], [ -45.461303699999974, -23.888973499999963 ], [ -45.461455699999931, -23.888976699999944 ], [ -45.461711499999979, -23.888887699999941 ], [ -45.462064599999962, -23.88870019999996 ], [ -45.462133899999969, -23.88853 ], [ -45.462113, -23.888484299999959 ], [ -45.461118, -23.888827099999958 ], [ -45.460343599999931, -23.889298699999983 ], [ -45.459702899999968, -23.889688 ], [ -45.459195, -23.890098799999976 ], [ -45.458615, -23.89054729999998 ], [ -45.457963599999971, -23.89082639999998 ], [ -45.456964, -23.891160599999978 ], [ -45.455972, -23.891297699999939 ], [ -45.453775599999972, -23.891401099999939 ], [ -45.454038899999944, -23.891793 ], [ -45.453853, -23.892286 ], [ -45.453848, -23.892586 ], [ -45.45384, -23.893013 ], [ -45.453772, -23.8933 ], [ -45.453507, -23.8934 ], [ -45.453263, -23.893765 ], [ -45.453513, -23.894473 ], [ -45.453925, -23.895219 ], [ -45.454208, -23.895501 ], [ -45.454793, -23.896353 ], [ -45.454775, -23.896653 ], [ -45.45473759999993, -23.896833399999934 ], [ -45.454706, -23.896986 ], [ -45.454481, -23.897675 ], [ -45.454459, -23.898148 ], [ -45.454448, -23.898794 ], [ -45.454556, -23.899038 ], [ -45.45455, -23.89935 ], [ -45.454493, -23.89973 ], [ -45.454385, -23.900132 ], [ -45.454199, -23.900729 ], [ -45.454301, -23.900874 ], [ -45.454367, -23.900957 ], [ -45.455012699999941, -23.900787899999955 ], [ -45.455499, -23.900747 ], [ -45.456444199999964, -23.900783399999966 ], [ -45.456936, -23.900818699999945 ], [ -45.45685519999995, -23.901725699999929 ], [ -45.456686199999979, -23.901920799999971 ], [ -45.457247399999972, -23.902295 ], [ -45.457424399999979, -23.902212499999962 ], [ -45.457977, -23.901826 ], [ -45.458195, -23.901939 ], [ -45.458373, -23.902099 ], [ -45.458434, -23.9022 ], [ -45.458613, -23.902544 ], [ -45.458657, -23.90272 ], [ -45.458655, -23.902874 ], [ -45.458609, -23.90305 ], [ -45.458581, -23.903319 ], [ -45.458605, -23.903567 ], [ -45.4587, -23.903958 ], [ -45.458718, -23.904167 ], [ -45.45871, -23.904309 ], [ -45.459378899999933, -23.904399399999932 ], [ -45.459307499999966, -23.904147599999931 ], [ -45.459236199999964, -23.903889799999945 ], [ -45.459179, -23.903674 ], [ -45.459148599999935, -23.903475799999967 ], [ -45.459105299999976, -23.903289899999947 ], [ -45.459125, -23.903283299999941 ], [ -45.459173799999974, -23.903083299999935 ], [ -45.459223699999939, -23.902937299999962 ], [ -45.45931539999998, -23.902892799999961 ], [ -45.459474599999965, -23.902919499999939 ], [ -45.459741899999983, -23.903058899999962 ], [ -45.459941899999933, -23.903133499999967 ], [ -45.460032499999954, -23.903035199999977 ], [ -45.460009699999944, -23.902890799999966 ], [ -45.459996499999932, -23.902891 ], [ -45.459914499999968, -23.902765899999963 ], [ -45.459813499999939, -23.902677499999982 ], [ -45.459517, -23.902665199999944 ], [ -45.459422099999983, -23.902558299999953 ], [ -45.459338399999979, -23.902354699999933 ], [ -45.459262599999931, -23.902223499999934 ], [ -45.459207599999957, -23.901995099999965 ], [ -45.459316499999943, -23.901830699999948 ], [ -45.459524899999963, -23.901766299999963 ], [ -45.459674099999972, -23.901618799999937 ], [ -45.459762199999943, -23.901347 ], [ -45.459856699999932, -23.901116199999933 ], [ -45.459790899999973, -23.900797399999931 ], [ -45.459769699999981, -23.900743899999952 ], [ -45.459700399999974, -23.900569699999949 ], [ -45.459631, -23.900401899999963 ], [ -45.459516, -23.900265199999978 ], [ -45.459478399999966, -23.900036599999964 ], [ -45.459547599999951, -23.899866399999951 ], [ -45.459569099999953, -23.899618499999974 ], [ -45.459531299999981, -23.899383899999975 ], [ -45.459510099999932, -23.899062 ], [ -45.45950629999993, -23.898875 ], [ -45.459481099999948, -23.898588699999948 ], [ -45.459556599999985, -23.898406399999942 ], [ -45.459731799999986, -23.898270899999943 ], [ -45.459945299999958, -23.898074299999962 ], [ -45.460125099999971, -23.897823899999935 ], [ -45.460357699999975, -23.897572599999933 ] ] ] } },
{ "type": "Feature", "properties": { "id": "3520400016", "cd_bairro": "3520400016", "bairro": "Toca", "cd_mun": "3520400", "municipio": "Ilhabela", "cd_dist": "352040005", "distrito": "Ilhabela" }, "geometry": { "type": "Polygon", "coordinates": [ [ [ -45.346999399999959, -23.828201 ], [ -45.347293099999945, -23.828321699999947 ], [ -45.347556199999985, -23.828318199999956 ], [ -45.34765909999993, -23.828302399999927 ], [ -45.347766499999977, -23.828278699999942 ], [ -45.347869099999969, -23.828257099999973 ], [ -45.348071899999979, -23.828188499999953 ], [ -45.348232699999983, -23.828106699999978 ], [ -45.348315699999944, -23.828043 ], [ -45.348374699999965, -23.827997699999969 ], [ -45.348548699999981, -23.827823499999965 ], [ -45.348665199999971, -23.827745399999969 ], [ -45.348748699999931, -23.827673499999946 ], [ -45.348884599999963, -23.827561399999979 ], [ -45.34893349999993, -23.827532799999972 ], [ -45.349055599999986, -23.827461399999947 ], [ -45.349156799999946, -23.827401599999973 ], [ -45.34930479999997, -23.827314299999955 ], [ -45.349620099999981, -23.827199199999939 ], [ -45.349862099999939, -23.827160899999967 ], [ -45.350043199999959, -23.82713229999996 ], [ -45.350229, -23.827087 ], [ -45.350487899999962, -23.826992799999971 ], [ -45.350574599999959, -23.826941699999963 ], [ -45.350166599999966, -23.826148699999976 ], [ -45.350258199999985, -23.826221699999962 ], [ -45.350325299999952, -23.826246899999944 ], [ -45.350442899999962, -23.82626369999997 ], [ -45.35051, -23.826258099999961 ], [ -45.350619199999983, -23.826204899999937 ], [ -45.35080389999996, -23.826011799999947 ], [ -45.350910299999953, -23.825936299999967 ], [ -45.351064199999939, -23.82594469999998 ], [ -45.35122089999993, -23.825967099999957 ], [ -45.351408399999968, -23.825947499999927 ], [ -45.351517599999966, -23.825905499999976 ], [ -45.351611399999967, -23.825832699999978 ], [ -45.351636499999984, -23.825729199999955 ], [ -45.351647699999944, -23.82522819999997 ], [ -45.351678499999935, -23.824808399999938 ], [ -45.351726099999951, -23.824716 ], [ -45.351821299999983, -23.82463759999996 ], [ -45.351922, -23.82460679999997 ], [ -45.352224299999932, -23.824587299999962 ], [ -45.35229709999993, -23.82457329999994 ], [ -45.352347399999985, -23.824548099999959 ], [ -45.352406199999962, -23.824472499999956 ], [ -45.352472399999954, -23.824284099999943 ], [ -45.351115, -23.824091 ], [ -45.349293, -23.823905 ], [ -45.347604, -23.823705 ], [ -45.346547, -23.823214 ], [ -45.346251, -23.822634 ], [ -45.346195099999932, -23.822674199999938 ], [ -45.346048, -23.82278 ], [ -45.345646, -23.822889 ], [ -45.34513, -23.823007 ], [ -45.344605, -23.822998 ], [ -45.344154, -23.823036 ], [ -45.343381, -23.822908 ], [ -45.343061899999952, -23.822952099999952 ], [ -45.34249, -23.823031 ], [ -45.341786, -23.823215 ], [ -45.34066, -23.823196 ], [ -45.339594, -23.823362 ], [ -45.339011, -23.823733 ], [ -45.338504, -23.824105 ], [ -45.338406, -23.824634 ], [ -45.338146, -23.825138 ], [ -45.337584, -23.82574 ], [ -45.337189, -23.826126 ], [ -45.33722, -23.826491 ], [ -45.337239, -23.82675 ], [ -45.3384, -23.827531 ], [ -45.338938, -23.827541 ], [ -45.339912, -23.827627 ], [ -45.341216, -23.828134 ], [ -45.342441, -23.828201 ], [ -45.34326, -23.828573 ], [ -45.344105, -23.828853 ], [ -45.344527, -23.829022 ], [ -45.345078, -23.829654 ], [ -45.345202, -23.829737 ], [ -45.345547, -23.83007 ], [ -45.345736, -23.82983 ], [ -45.345934, -23.829518 ], [ -45.346056, -23.829171 ], [ -45.346278, -23.828869 ], [ -45.346364, -23.828627 ], [ -45.346599399999945, -23.828278199999943 ], [ -45.346999399999959, -23.828201 ] ] ] } },
{ "type": "Feature", "properties": { "id": "3520400033", "cd_bairro": "3520400033", "bairro": "Veloso", "cd_mun": "3520400", "municipio": "Ilhabela", "cd_dist": "352040010", "distrito": "Cambaquara" }, "geometry": { "type": "Polygon", "coordinates": [ [ [ -45.435394099999939, -23.870539599999972 ], [ -45.435255499999982, -23.87047519999993 ], [ -45.435129599999982, -23.870398799999975 ], [ -45.434994599999982, -23.870299 ], [ -45.434872599999949, -23.870203 ], [ -45.434780699999976, -23.870114199999932 ], [ -45.434718199999963, -23.87000919999997 ], [ -45.434622299999944, -23.869928399999935 ], [ -45.43453489999996, -23.869843599999967 ], [ -45.434481199999937, -23.869746299999974 ], [ -45.434432299999969, -23.869664599999965 ], [ -45.434327799999949, -23.869580099999951 ], [ -45.43425689999998, -23.869475299999976 ], [ -45.434190099999967, -23.869354699999974 ], [ -45.434166499999947, -23.869260199999928 ], [ -45.434181099999932, -23.869150099999956 ], [ -45.434100599999965, -23.869006299999967 ], [ -45.434055699999931, -23.868920599999967 ], [ -45.434057899999971, -23.868834199999981 ], [ -45.434064299999932, -23.868747699999972 ], [ -45.433997699999964, -23.868650499999944 ], [ -45.433944699999984, -23.868584599999963 ], [ -45.433870299999967, -23.868523 ], [ -45.433782899999983, -23.868453699999975 ], [ -45.43367539999997, -23.868439799999976 ], [ -45.433634099999949, -23.868503399999952 ], [ -45.433523799999932, -23.868551199999956 ], [ -45.433420799999965, -23.86855689999993 ], [ -45.433299199999965, -23.868534099999977 ], [ -45.433215299999972, -23.868498599999953 ], [ -45.433135499999935, -23.868446499999948 ], [ -45.433075799999983, -23.868383799999947 ], [ -45.433000399999969, -23.868325499999969 ], [ -45.43299589999998, -23.868373499999961 ], [ -45.432987799999978, -23.868421199999943 ], [ -45.432957199999976, -23.868463599999927 ], [ -45.432897799999978, -23.86852829999998 ], [ -45.432842799999946, -23.868557299999964 ], [ -45.432793799999956, -23.868564899999967 ], [ -45.432735799999932, -23.86856679999994 ], [ -45.432658, -23.86856709999995 ], [ -45.432581, -23.868583699999931 ], [ -45.432547799999952, -23.868611299999941 ], [ -45.432449799999972, -23.868698699999982 ], [ -45.432397599999945, -23.868745299999944 ], [ -45.432354, -23.868781 ], [ -45.432312, -23.868814 ], [ -45.432267, -23.868864 ], [ -45.432219, -23.868902 ], [ -45.432151, -23.868961 ], [ -45.432109, -23.868995 ], [ -45.432069, -23.869041 ], [ -45.431993599999942, -23.86911 ], [ -45.431943899999965, -23.869168 ], [ -45.431893, -23.869247 ], [ -45.43187439999997, -23.869312 ], [ -45.431872, -23.869383 ], [ -45.431887099999983, -23.869466299999942 ], [ -45.43189289999998, -23.869549099999972 ], [ -45.431852, -23.869641 ], [ -45.427423, -23.87374 ], [ -45.427785, -23.87378 ], [ -45.428183, -23.873937 ], [ -45.4287, -23.873874 ], [ -45.428339, -23.874298 ], [ -45.428066, -23.874835 ], [ -45.42832, -23.875301 ], [ -45.428628, -23.875572 ], [ -45.429023, -23.875879 ], [ -45.428932, -23.87605 ], [ -45.428814, -23.87636 ], [ -45.428805, -23.876856 ], [ -45.428322, -23.877264 ], [ -45.428669, -23.877442 ], [ -45.429029, -23.877575 ], [ -45.429541, -23.87763 ], [ -45.43007, -23.878147 ], [ -45.430305, -23.878266 ], [ -45.430578, -23.878397 ], [ -45.430628199999944, -23.878439 ], [ -45.430874, -23.878645 ], [ -45.431069, -23.878937 ], [ -45.431262, -23.879344 ], [ -45.431622, -23.879465 ], [ -45.431847, -23.879503 ], [ -45.432196, -23.87959 ], [ -45.432568, -23.879781 ], [ -45.432803, -23.8799 ], [ -45.432988, -23.880065 ], [ -45.43327, -23.880393 ], [ -45.433264, -23.880693 ], [ -45.433236, -23.880877 ], [ -45.433105, -23.881198 ], [ -45.43304, -23.881347 ], [ -45.433034, -23.881658 ], [ -45.433231, -23.881835 ], [ -45.433589, -23.882095 ], [ -45.433723, -23.882305 ], [ -45.433845, -23.882445 ], [ -45.434609, -23.882067 ], [ -45.435635, -23.881793 ], [ -45.436336, -23.881695 ], [ -45.437149, -23.881492 ], [ -45.437763, -23.881372 ], [ -45.438223, -23.881056 ], [ -45.438594, -23.880511 ], [ -45.438865, -23.880025 ], [ -45.439449, -23.879408 ], [ -45.440286, -23.879079 ], [ -45.441097, -23.878703 ], [ -45.441666, -23.877937 ], [ -45.441984, -23.877092 ], [ -45.44203559999994, -23.87697739999993 ], [ -45.442351, -23.876277 ], [ -45.442762, -23.875966 ], [ -45.443000299999937, -23.875445799999966 ], [ -45.443033199999945, -23.875374 ], [ -45.443148699999938, -23.875269399999979 ], [ -45.443085399999973, -23.875113399999975 ], [ -45.443093899999951, -23.874954 ], [ -45.443021099999953, -23.874751 ], [ -45.442867199999966, -23.874569 ], [ -45.442609199999936, -23.874326 ], [ -45.442417199999966, -23.874160599999982 ], [ -45.442367199999978, -23.874024 ], [ -45.442414799999938, -23.87385 ], [ -45.442337899999984, -23.873666499999956 ], [ -45.442215099999942, -23.87353509999997 ], [ -45.442044199999941, -23.873320599999943 ], [ -45.44192419999996, -23.873118399999953 ], [ -45.441787899999952, -23.872963499999969 ], [ -45.441707399999984, -23.872807599999931 ], [ -45.441626299999939, -23.872624199999962 ], [ -45.441545299999973, -23.872444799999982 ], [ -45.441468799999939, -23.872269199999948 ], [ -45.44149189999996, -23.872139 ], [ -45.441406299999983, -23.871943899999962 ], [ -45.441296299999976, -23.871812099999943 ], [ -45.441221, -23.871703299999979 ], [ -45.44104219999997, -23.87152969999994 ], [ -45.440855899999974, -23.87145419999996 ], [ -45.440584599999966, -23.871427299999937 ], [ -45.440444299999967, -23.871500399999945 ], [ -45.440291299999956, -23.871589399999948 ], [ -45.440169199999957, -23.871713199999931 ], [ -45.440054799999984, -23.871789799999931 ], [ -45.439810899999941, -23.871837099999937 ], [ -45.439586499999962, -23.871789799999931 ], [ -45.439392099999964, -23.871741899999961 ], [ -45.439228399999934, -23.871709299999964 ], [ -45.439133199999958, -23.871671599999956 ], [ -45.439055, -23.871625699999981 ], [ -45.438933499999962, -23.871561 ], [ -45.43875879999996, -23.87141859999997 ], [ -45.438603099999966, -23.871350499999949 ], [ -45.43841679999997, -23.871255399999939 ], [ -45.438281699999948, -23.871151699999928 ], [ -45.438103699999942, -23.87104469999997 ], [ -45.437968699999942, -23.870952799999941 ], [ -45.437880799999959, -23.870859899999971 ], [ -45.437761499999965, -23.870712599999933 ], [ -45.437730399999964, -23.870604299999968 ], [ -45.437611199999935, -23.870445199999949 ], [ -45.437432599999966, -23.870322499999929 ], [ -45.437280399999963, -23.870230799999945 ], [ -45.437080499999979, -23.870120099999951 ], [ -45.436958699999934, -23.870047499999941 ], [ -45.43677839999998, -23.870050499999934 ], [ -45.436577499999942, -23.870101 ], [ -45.436416, -23.870190199999968 ], [ -45.436202899999955, -23.870272299999954 ], [ -45.436046099999942, -23.870369199999971 ], [ -45.435898399999985, -23.870473799999957 ], [ -45.435776099999941, -23.870546499999932 ], [ -45.435674199999937, -23.870583599999975 ], [ -45.43556209999997, -23.87057219999997 ], [ -45.435394099999939, -23.870539599999972 ] ] ] } },
{ "type": "Feature", "properties": { "id": "3520400004", "cd_bairro": "3520400004", "bairro": "Viana", "cd_mun": "3520400", "municipio": "Ilhabela", "cd_dist": "352040005", "distrito": "Ilhabela" }, "geometry": { "type": "Polygon", "coordinates": [ [ [ -45.345575, -23.759299099999964 ], [ -45.346106, -23.759914 ], [ -45.34618, -23.76001 ], [ -45.346242, -23.760169 ], [ -45.346256, -23.760268 ], [ -45.346268, -23.760355 ], [ -45.346281, -23.760407 ], [ -45.346319, -23.760463 ], [ -45.346408, -23.760472 ], [ -45.346665, -23.760758 ], [ -45.346929, -23.761383 ], [ -45.347068, -23.761425 ], [ -45.347359, -23.761436 ], [ -45.347731, -23.76136 ], [ -45.347883, -23.761305 ], [ -45.348134199999947, -23.761132 ], [ -45.348255, -23.760962 ], [ -45.348315299999967, -23.761097199999938 ], [ -45.348364299999957, -23.761165799999958 ], [ -45.348430499999949, -23.761229499999956 ], [ -45.348521199999936, -23.761266299999932 ], [ -45.348705, -23.761295699999948 ], [ -45.348821, -23.76129519999995 ], [ -45.349974399999951, -23.760887199999956 ], [ -45.350035099999957, -23.760869399999933 ], [ -45.35018, -23.760816899999952 ], [ -45.350355799999932, -23.760804499999949 ], [ -45.350456599999973, -23.760848499999952 ], [ -45.350531499999931, -23.760950899999955 ], [ -45.350615599999969, -23.760852099999966 ], [ -45.35078539999995, -23.760736899999984 ], [ -45.350871599999948, -23.760529 ], [ -45.350954899999977, -23.760377499999947 ], [ -45.351004599999953, -23.76019279999997 ], [ -45.351188499999978, -23.75994129999998 ], [ -45.351026399999967, -23.759845199999972 ], [ -45.351017299999967, -23.759578799999929 ], [ -45.351077499999974, -23.759469099999933 ], [ -45.351330099999984, -23.759476199999938 ], [ -45.351377, -23.759311 ], [ -45.351241, -23.759053 ], [ -45.351155, -23.758914 ], [ -45.351195, -23.758697 ], [ -45.351198799999963, -23.758679099999938 ], [ -45.351225899999974, -23.758553399999983 ], [ -45.35124049999996, -23.758401899999967 ], [ -45.351262, -23.758240099999966 ], [ -45.35128009999994, -23.75811589999995 ], [ -45.351290499999948, -23.75802189999996 ], [ -45.351239199999952, -23.757842599999947 ], [ -45.350895899999955, -23.757912199999964 ], [ -45.350825099999952, -23.75792649999994 ], [ -45.350280299999952, -23.758036599999969 ], [ -45.349270599999954, -23.758472199999972 ], [ -45.348833499999955, -23.758469099999957 ], [ -45.347769599999936, -23.758667399999979 ], [ -45.345575, -23.759299099999964 ] ] ] } },
{ "type": "Feature", "properties": { "id": "3520400001", "cd_bairro": "3520400001", "bairro": "Vila", "cd_mun": "3520400", "municipio": "Ilhabela", "cd_dist": "352040005", "distrito": "Ilhabela" }, "geometry": { "type": "Polygon", "coordinates": [ [ [ -45.356776499999967, -23.778243 ], [ -45.356860599999948, -23.778481299999953 ], [ -45.356918199999939, -23.77868049999995 ], [ -45.356953799999985, -23.778880099999981 ], [ -45.356925599999954, -23.77901 ], [ -45.356858899999963, -23.779118799999935 ], [ -45.356668199999945, -23.779175899999927 ], [ -45.35649559999996, -23.779115199999978 ], [ -45.356389599999943, -23.779114599999957 ], [ -45.356213, -23.779147499999965 ], [ -45.355936499999984, -23.779152899999929 ], [ -45.355706699999985, -23.779179599999964 ], [ -45.355464799999936, -23.77915 ], [ -45.355207099999973, -23.779036899999937 ], [ -45.354836199999966, -23.778901499999961 ], [ -45.35429229999994, -23.778703099999973 ], [ -45.353572399999962, -23.778437799999949 ], [ -45.35289169999993, -23.778434399999981 ], [ -45.35222239999996, -23.778283599999952 ], [ -45.351636699999972, -23.778178699999955 ], [ -45.350924499999962, -23.77841049999995 ], [ -45.350434699999937, -23.77851 ], [ -45.349725599999942, -23.778323199999932 ], [ -45.349121899999943, -23.778261599999951 ], [ -45.348806799999977, -23.77841559999996 ], [ -45.348147099999949, -23.778549599999963 ], [ -45.347596099999976, -23.778689 ], [ -45.346910099999945, -23.778933499999937 ], [ -45.346516799999961, -23.779182799999944 ], [ -45.346297, -23.779516 ], [ -45.34667, -23.779899 ], [ -45.347351, -23.780246 ], [ -45.347946, -23.780498 ], [ -45.348594, -23.780636 ], [ -45.349402, -23.78087 ], [ -45.349998, -23.781111 ], [ -45.350242099999946, -23.781299799999942 ], [ -45.3516, -23.78235 ], [ -45.35219, -23.78288 ], [ -45.352817, -23.783456 ], [ -45.35301, -23.783829 ], [ -45.353387, -23.784412 ], [ -45.353015, -23.784867 ], [ -45.352909, -23.785212 ], [ -45.352879, -23.785477 ], [ -45.35249, -23.786186 ], [ -45.352225, -23.786297 ], [ -45.351873, -23.786406 ], [ -45.351641, -23.786772 ], [ -45.351235, -23.787065 ], [ -45.350945, -23.787198 ], [ -45.350687, -23.787609 ], [ -45.350339, -23.788146 ], [ -45.349738, -23.788182 ], [ -45.349567, -23.788617 ], [ -45.34987, -23.788904 ], [ -45.350082, -23.789146 ], [ -45.35066, -23.789675 ], [ -45.350724, -23.790049 ], [ -45.350361, -23.79027 ], [ -45.349833, -23.790376 ], [ -45.349046, -23.790328 ], [ -45.348466, -23.790595 ], [ -45.347698, -23.790825 ], [ -45.347015, -23.791542 ], [ -45.348551, -23.791135 ], [ -45.350771, -23.790492 ], [ -45.354243, -23.789474 ], [ -45.356021, -23.788901499999952 ], [ -45.356960799999968, -23.78874819999993 ], [ -45.357658399999934, -23.788702799999953 ], [ -45.358395599999938, -23.788901299999964 ], [ -45.358744799999954, -23.789091099999951 ], [ -45.358930199999975, -23.789241 ], [ -45.359091599999942, -23.789325699999949 ], [ -45.359295499999973, -23.78937609999997 ], [ -45.359559, -23.789355 ], [ -45.359405, -23.789579 ], [ -45.359382, -23.789631 ], [ -45.35937, -23.789706 ], [ -45.359376, -23.789769 ], [ -45.359415, -23.789822 ], [ -45.359495, -23.789892 ], [ -45.359615, -23.790042 ], [ -45.359675, -23.790126 ], [ -45.359735, -23.790213 ], [ -45.359827, -23.790262 ], [ -45.359905, -23.79031 ], [ -45.359969, -23.790345 ], [ -45.36005, -23.790398 ], [ -45.360132, -23.790468 ], [ -45.360168, -23.790498 ], [ -45.360263, -23.790571 ], [ -45.360567599999968, -23.790541 ], [ -45.360766, -23.790628 ], [ -45.360908, -23.79067 ], [ -45.361114, -23.790687 ], [ -45.361269, -23.790619 ], [ -45.361413, -23.790563 ], [ -45.361532, -23.790552 ], [ -45.361608, -23.790558 ], [ -45.361948499999983, -23.790597299999945 ], [ -45.362642599999958, -23.789962599999967 ], [ -45.362671199999966, -23.78994229999995 ], [ -45.362760699999967, -23.789896099999964 ], [ -45.36284969999997, -23.789895499999943 ], [ -45.362953599999969, -23.78989009999998 ], [ -45.363024099999961, -23.789835799999935 ], [ -45.363068899999973, -23.789768899999956 ], [ -45.36316949999997, -23.789764099999957 ], [ -45.36330769999995, -23.789754599999981 ], [ -45.363454, -23.789744 ], [ -45.363587099999961, -23.789717399999972 ], [ -45.36355489999994, -23.789604899999972 ], [ -45.363508, -23.789470699999981 ], [ -45.363480099999947, -23.789352099999974 ], [ -45.363442499999962, -23.789186199999961 ], [ -45.363420499999961, -23.789065099999959 ], [ -45.363423099999977, -23.788943599999982 ], [ -45.363386299999945, -23.788822699999969 ], [ -45.363373599999932, -23.788674399999934 ], [ -45.363361199999986, -23.788544099999967 ], [ -45.363373699999954, -23.788431399999979 ], [ -45.363386399999968, -23.788323299999945 ], [ -45.363394099999937, -23.788215099999945 ], [ -45.363415399999951, -23.78804839999998 ], [ -45.363432299999943, -23.787908699999946 ], [ -45.363457099999948, -23.787797599999976 ], [ -45.363479, -23.787662299999965 ], [ -45.363506, -23.787531399999978 ], [ -45.363513099999977, -23.787391899999932 ], [ -45.363466799999969, -23.78728469999993 ], [ -45.363395499999967, -23.78716 ], [ -45.363339599999961, -23.787062 ], [ -45.363288, -23.786937 ], [ -45.363187399999958, -23.786817199999973 ], [ -45.36305219999997, -23.786688899999945 ], [ -45.362769, -23.786535899999933 ], [ -45.362540799999977, -23.786435899999958 ], [ -45.362239099999954, -23.786346199999969 ], [ -45.362005099999976, -23.786262799999975 ], [ -45.36177349999997, -23.786235099999942 ], [ -45.361462399999937, -23.786168099999941 ], [ -45.361106899999982, -23.786088399999983 ], [ -45.36084029999995, -23.786029699999972 ], [ -45.360618099999954, -23.785979299999951 ], [ -45.360465099999942, -23.785945799999979 ], [ -45.360336599999982, -23.785911899999974 ], [ -45.360074899999972, -23.785853199999963 ], [ -45.359902, -23.785806499999978 ], [ -45.359719299999938, -23.785764499999971 ], [ -45.359595499999955, -23.785721499999966 ], [ -45.359462, -23.785683199999937 ], [ -45.359328599999969, -23.785653799999977 ], [ -45.359155399999963, -23.785602599999947 ], [ -45.359011599999974, -23.785541899999942 ], [ -45.358862199999976, -23.785445399999958 ], [ -45.358718, -23.785362199999952 ], [ -45.35861639999996, -23.785297 ], [ -45.35851619999994, -23.785199699999964 ], [ -45.358441099999936, -23.785128899999961 ], [ -45.358365499999934, -23.785031099999969 ], [ -45.358324599999946, -23.784946199999979 ], [ -45.358293, -23.784834199999977 ], [ -45.358225899999979, -23.784664299999974 ], [ -45.358189599999946, -23.784561399999973 ], [ -45.358157399999982, -23.784413499999971 ], [ -45.358139499999936, -23.78424739999997 ], [ -45.358112399999982, -23.784112899999968 ], [ -45.358109599999977, -23.783969 ], [ -45.35810639999994, -23.783807199999956 ], [ -45.358108499999958, -23.783667699999967 ], [ -45.358101199999965, -23.783538699999951 ], [ -45.358117599999957, -23.783372 ], [ -45.358133499999951, -23.78317839999994 ], [ -45.358129899999938, -23.782994 ], [ -45.358160399999974, -23.78279109999994 ], [ -45.358196499999963, -23.782624099999964 ], [ -45.358223499999951, -23.782497699999965 ], [ -45.358230799999944, -23.782362599999942 ], [ -45.358232699999974, -23.782209699999953 ], [ -45.358259699999962, -23.782083299999954 ], [ -45.358222099999978, -23.781917399999941 ], [ -45.358215, -23.78180059999994 ], [ -45.358300799999938, -23.78141729999993 ], [ -45.358466399999941, -23.780834299999981 ], [ -45.35853069999996, -23.780599299999949 ], [ -45.35863889999996, -23.780107299999941 ], [ -45.35872059999997, -23.779755199999954 ], [ -45.358851699999946, -23.779245199999934 ], [ -45.358936099999937, -23.779023499999937 ], [ -45.358991099999969, -23.778806699999961 ], [ -45.359110299999941, -23.778597799999943 ], [ -45.359207499999968, -23.778362 ], [ -45.359215399999982, -23.778015299999936 ], [ -45.359225899999956, -23.777794599999936 ], [ -45.359165499999961, -23.777728099999933 ], [ -45.359055499999954, -23.777387899999951 ], [ -45.358977599999946, -23.777177699999982 ], [ -45.358819499999981, -23.776878899999929 ], [ -45.35874229999996, -23.776700199999937 ], [ -45.35862549999996, -23.776508699999965 ], [ -45.358504899999957, -23.776366699999983 ], [ -45.358438499999977, -23.776237299999934 ], [ -45.358382499999948, -23.776134699999943 ], [ -45.358264299999973, -23.77612309999995 ], [ -45.358161399999972, -23.77614269999998 ], [ -45.358064899999931, -23.776238799999931 ], [ -45.358046799999954, -23.776222799999971 ], [ -45.357746599999984, -23.776569799999947 ], [ -45.357694899999956, -23.776636599999961 ], [ -45.357668699999977, -23.776670399999944 ], [ -45.357641899999976, -23.77670489999997 ], [ -45.357615799999962, -23.776738699999953 ], [ -45.357008499999949, -23.777438399999937 ], [ -45.35687, -23.777587199999971 ], [ -45.356758399999933, -23.777737299999956 ], [ -45.35670719999996, -23.777944199999979 ], [ -45.356732199999954, -23.778117399999928 ], [ -45.356776499999967, -23.778243 ] ] ] } },
{ "type": "Feature", "properties": { "id": "3520400018", "cd_bairro": "3520400018", "bairro": "Zabumba", "cd_mun": "3520400", "municipio": "Ilhabela", "cd_dist": "352040005", "distrito": "Ilhabela" }, "geometry": { "type": "Polygon", "coordinates": [ [ [ -45.376650799999936, -23.842605499999934 ], [ -45.376750099999981, -23.842283 ], [ -45.376721299999986, -23.841831899999931 ], [ -45.376558199999977, -23.841289699999948 ], [ -45.376179099999945, -23.840632299999982 ], [ -45.37621269999994, -23.84053629999994 ], [ -45.376395, -23.840521899999942 ], [ -45.376500599999986, -23.840584299999932 ], [ -45.376630199999965, -23.840742599999942 ], [ -45.37675489999998, -23.840953799999966 ], [ -45.376784499999985, -23.840987299999938 ], [ -45.376504899999929, -23.840467499999932 ], [ -45.376259299999958, -23.840240599999959 ], [ -45.376068799999985, -23.840005699999949 ], [ -45.375925699999982, -23.839880599999958 ], [ -45.375848799999972, -23.839755699999955 ], [ -45.37578039999994, -23.839589699999976 ], [ -45.375622799999974, -23.839409199999977 ], [ -45.375485799999979, -23.839277399999958 ], [ -45.375397199999952, -23.839079099999935 ], [ -45.375370699999962, -23.83891529999994 ], [ -45.375374699999952, -23.838541599999928 ], [ -45.375358299999959, -23.83839 ], [ -45.375457799999936, -23.838148899999965 ], [ -45.375462, -23.83800969999993 ], [ -45.375444199999947, -23.837864 ], [ -45.375540899999976, -23.837832899999967 ], [ -45.375627299999962, -23.83779119999997 ], [ -45.375694899999985, -23.837698099999955 ], [ -45.375720699999931, -23.837572899999941 ], [ -45.375733299999979, -23.837325699999951 ], [ -45.375841399999956, -23.837171399999932 ], [ -45.375964599999975, -23.83702859999994 ], [ -45.375988099999972, -23.836985599999934 ], [ -45.375991799999952, -23.836872599999936 ], [ -45.375983399999939, -23.836766099999977 ], [ -45.375957599999936, -23.836647599999935 ], [ -45.375909299999933, -23.836562299999969 ], [ -45.375847799999974, -23.83649829999996 ], [ -45.375747599999954, -23.836434299999951 ], [ -45.375638899999956, -23.83638 ], [ -45.375479399999961, -23.836338299999966 ], [ -45.375527299999931, -23.836316299999964 ], [ -45.37561009999996, -23.836317799999961 ], [ -45.375761899999929, -23.836328099999946 ], [ -45.375809699999934, -23.836348599999951 ], [ -45.375861, -23.836380299999973 ], [ -45.375969299999952, -23.836451799999963 ], [ -45.376086599999951, -23.836465299999929 ], [ -45.376205599999935, -23.836429099999975 ], [ -45.376551199999938, -23.836158399999931 ], [ -45.376752099999976, -23.836036899999954 ], [ -45.376842699999941, -23.83591389999998 ], [ -45.376874799999939, -23.835829299999943 ], [ -45.376953, -23.835716599999955 ], [ -45.377086399999939, -23.835645299999953 ], [ -45.377316299999961, -23.83559409999998 ], [ -45.377490099999932, -23.83552119999996 ], [ -45.377703599999961, -23.835349099999974 ], [ -45.377850199999955, -23.835298299999977 ], [ -45.377999599999953, -23.835271899999952 ], [ -45.37811389999996, -23.835198199999979 ], [ -45.377566899999977, -23.834484399999951 ], [ -45.377625399999943, -23.833808399999953 ], [ -45.377714899999944, -23.833700599999929 ], [ -45.377788299999963, -23.833635199999947 ], [ -45.378084099999967, -23.833456399999932 ], [ -45.378142599999933, -23.833384099999932 ], [ -45.378245799999945, -23.833188 ], [ -45.37828479999996, -23.833082499999932 ], [ -45.378289399999971, -23.832956399999944 ], [ -45.378268399999968, -23.832832499999938 ], [ -45.378219099999967, -23.832717099999968 ], [ -45.378192599999977, -23.83256 ], [ -45.378191399999935, -23.832544399999961 ], [ -45.378180099999952, -23.832400099999973 ], [ -45.378171699999939, -23.832274699999971 ], [ -45.378126799999961, -23.832178399999975 ], [ -45.378037099999972, -23.832024 ], [ -45.37798719999995, -23.831888 ], [ -45.377912599999945, -23.831796299999951 ], [ -45.377748899999972, -23.831755 ], [ -45.377583099999981, -23.831652199999951 ], [ -45.377551399999959, -23.831607099999928 ], [ -45.376837899999941, -23.831678699999941 ], [ -45.376649199999974, -23.83165159999993 ], [ -45.376786599999946, -23.831270299999971 ], [ -45.376895, -23.830856199999971 ], [ -45.37697, -23.830448699999977 ], [ -45.376569399999937, -23.830497099999945 ], [ -45.376210799999967, -23.829551399999957 ], [ -45.375268099999971, -23.829810399999928 ], [ -45.375215599999933, -23.829563 ], [ -45.375198099999977, -23.829430499999944 ], [ -45.375196699999947, -23.829378799999972 ], [ -45.375346, -23.829245799999967 ], [ -45.375576399999943, -23.829044599999975 ], [ -45.375751699999967, -23.828866099999971 ], [ -45.375995099999955, -23.828632399999947 ], [ -45.37618329999998, -23.828460399999983 ], [ -45.376361799999984, -23.828298099999927 ], [ -45.37640719999996, -23.828239699999983 ], [ -45.376439699999935, -23.828165099999978 ], [ -45.376478399999939, -23.827986899999928 ], [ -45.376419299999952, -23.827978299999927 ], [ -45.376291499999979, -23.827959799999974 ], [ -45.376065, -23.827900499999942 ], [ -45.37540869999998, -23.827634799999942 ], [ -45.375308099999984, -23.827558799999963 ], [ -45.375263799999971, -23.827472799999953 ], [ -45.375255599999946, -23.82740739999997 ], [ -45.375278599999945, -23.827320499999928 ], [ -45.375326299999983, -23.827223699999934 ], [ -45.375322299999937, -23.827113599999961 ], [ -45.375283799999977, -23.827010599999937 ], [ -45.375140599999952, -23.826870499999927 ], [ -45.374948499999959, -23.826783699999964 ], [ -45.374723599999982, -23.826735099999951 ], [ -45.374379, -23.826647399999956 ], [ -45.37427839999998, -23.826614199999938 ], [ -45.37424, -23.826598299999944 ], [ -45.374124, -23.826550399999974 ], [ -45.373903, -23.826450799999975 ], [ -45.373648299999957, -23.826256099999966 ], [ -45.373569399999951, -23.826168 ], [ -45.373386399999958, -23.825954299999978 ], [ -45.373268699999983, -23.825821099999928 ], [ -45.373192499999959, -23.825733899999932 ], [ -45.372975099999962, -23.82548879999996 ], [ -45.372487599999943, -23.825894799999958 ], [ -45.372326699999974, -23.826035299999944 ], [ -45.371957299999963, -23.826354799999933 ], [ -45.371655799999985, -23.826614399999983 ], [ -45.371532199999933, -23.826721199999952 ], [ -45.371085199999982, -23.827091199999927 ], [ -45.37042619999994, -23.827643199999955 ], [ -45.369914, -23.828076399999929 ], [ -45.369626499999981, -23.828321199999948 ], [ -45.369297599999982, -23.828600599999959 ], [ -45.369024399999944, -23.828831399999956 ], [ -45.368153899999982, -23.829584699999941 ], [ -45.36786509999996, -23.829897699999947 ], [ -45.367692399999953, -23.830055799999968 ], [ -45.367587299999968, -23.830152 ], [ -45.367346699999985, -23.83030169999995 ], [ -45.367080199999975, -23.830501499999968 ], [ -45.367024, -23.83088209999994 ], [ -45.367000599999983, -23.831071 ], [ -45.366869699999938, -23.831252 ], [ -45.366398099999969, -23.831483 ], [ -45.365688699999964, -23.831645 ], [ -45.365910199999973, -23.831889 ], [ -45.366001, -23.83213 ], [ -45.366266, -23.832438 ], [ -45.366692, -23.832538 ], [ -45.367118, -23.832512 ], [ -45.367448, -23.83305 ], [ -45.367513, -23.833395 ], [ -45.367679, -23.833762 ], [ -45.368097, -23.834289 ], [ -45.368338, -23.834736 ], [ -45.368354, -23.83507 ], [ -45.367648, -23.835883 ], [ -45.367341, -23.836577 ], [ -45.367765, -23.837242 ], [ -45.368038, -23.837607 ], [ -45.368223, -23.8387 ], [ -45.368464, -23.839101 ], [ -45.368704, -23.83933 ], [ -45.36892, -23.8398 ], [ -45.369284, -23.840528 ], [ -45.369517, -23.840645 ], [ -45.369769, -23.840534 ], [ -45.370545, -23.839889 ], [ -45.371025, -23.840266 ], [ -45.370992, -23.840716 ], [ -45.371087, -23.841652 ], [ -45.371325, -23.842257 ], [ -45.371857, -23.842612 ], [ -45.372425, -23.842979 ], [ -45.373676399999965, -23.84224 ], [ -45.373757299999966, -23.842192199999943 ], [ -45.373968099999956, -23.842079499999954 ], [ -45.374047599999983, -23.842071399999952 ], [ -45.374309499999981, -23.842044699999974 ], [ -45.37439269999993, -23.842040599999962 ], [ -45.374641599999961, -23.842028399999947 ], [ -45.37503369999996, -23.842377399999975 ], [ -45.37510519999995, -23.842454299999929 ], [ -45.376037, -23.843689 ], [ -45.37603919999998, -23.843392399999971 ], [ -45.376246299999934, -23.843305 ], [ -45.376558199999977, -23.84290679999998 ], [ -45.376650799999936, -23.842605499999934 ] ] ] } },
{ "type": "Feature", "properties": { "id": "3520400015", "cd_bairro": "3520400015", "bairro": "Água Branca", "cd_mun": "3520400", "municipio": "Ilhabela", "cd_dist": "352040005", "distrito": "Ilhabela" }, "geometry": { "type": "Polygon", "coordinates": [ [ [ -45.353668, -23.821105399999965 ], [ -45.353659599999958, -23.821350699999982 ], [ -45.353607, -23.821442 ], [ -45.353534, -23.821505 ], [ -45.353457, -23.821564 ], [ -45.353364899999974, -23.821602899999959 ], [ -45.353281599999946, -23.821652699999959 ], [ -45.353212799999937, -23.821719899999948 ], [ -45.353187899999966, -23.821790899999939 ], [ -45.353168, -23.821872299999939 ], [ -45.353153599999985, -23.821982799999944 ], [ -45.353151499999967, -23.822104699999954 ], [ -45.35313919999993, -23.82221439999995 ], [ -45.353103399999952, -23.822286099999928 ], [ -45.353076, -23.822343 ], [ -45.353027599999962, -23.822429299999953 ], [ -45.352983299999948, -23.822503099999949 ], [ -45.352964399999962, -23.822562 ], [ -45.353030299999944, -23.822906599999953 ], [ -45.353050199999984, -23.82295629999993 ], [ -45.353189899999961, -23.822927599999957 ], [ -45.35321, -23.822993299999951 ], [ -45.353348199999971, -23.823293199999966 ], [ -45.353522599999962, -23.823607699999968 ], [ -45.353621799999985, -23.823860199999956 ], [ -45.353687099999945, -23.824145399999964 ], [ -45.353802799999983, -23.823985 ], [ -45.353830399999936, -23.823809599999947 ], [ -45.353941, -23.823643299999958 ], [ -45.354059099999972, -23.823568 ], [ -45.354201699999976, -23.823531899999978 ], [ -45.354293899999959, -23.823556099999962 ], [ -45.354269099999954, -23.823699899999951 ], [ -45.354271599999947, -23.823908299999971 ], [ -45.354314599999952, -23.824095899999975 ], [ -45.354387299999985, -23.824372899999958 ], [ -45.354451199999971, -23.824550699999975 ], [ -45.354522199999963, -23.824662299999943 ], [ -45.354637099999934, -23.824770899999976 ], [ -45.354749899999945, -23.824887 ], [ -45.354867399999932, -23.825083599999971 ], [ -45.354962599999965, -23.825278099999935 ], [ -45.355053, -23.825356899999974 ], [ -45.35522919999994, -23.825452499999983 ], [ -45.355350399999963, -23.82550509999993 ], [ -45.355455899999981, -23.825604699999928 ], [ -45.355523099999971, -23.825745499999982 ], [ -45.355546, -23.825769699999967 ], [ -45.355592199999933, -23.825818399999946 ], [ -45.355757599999947, -23.825965199999928 ], [ -45.355870699999969, -23.826163699999938 ], [ -45.355903199999943, -23.826249899999937 ], [ -45.355916799999932, -23.826339 ], [ -45.355911399999968, -23.826449099999934 ], [ -45.35591919999996, -23.826536199999964 ], [ -45.355959199999972, -23.826612499999953 ], [ -45.356029799999931, -23.82667379999998 ], [ -45.356274499999984, -23.826784199999963 ], [ -45.356701, -23.826927199999943 ], [ -45.357195199999978, -23.827072399999963 ], [ -45.357797, -23.827244499999949 ], [ -45.357917199999974, -23.82726329999997 ], [ -45.358025599999962, -23.82725709999994 ], [ -45.358136599999966, -23.82769449999995 ], [ -45.358072299999947, -23.827702399999964 ], [ -45.357947399999944, -23.827765499999941 ], [ -45.357494299999985, -23.828088199999968 ], [ -45.357426099999941, -23.828323199999943 ], [ -45.357273799999973, -23.828628599999945 ], [ -45.35686759999993, -23.829036 ], [ -45.356766599999958, -23.829129499999965 ], [ -45.356701499999986, -23.829189699999972 ], [ -45.356592499999977, -23.829290599999979 ], [ -45.356222799999955, -23.829531299999928 ], [ -45.355311, -23.830173 ], [ -45.35464769999993, -23.830619199999944 ], [ -45.353142099999957, -23.831631899999934 ], [ -45.352057099999968, -23.832448799999952 ], [ -45.352308099999959, -23.832726699999967 ], [ -45.35298, -23.833218 ], [ -45.353815, -23.833348 ], [ -45.354183, -23.833781 ], [ -45.357362, -23.834343 ], [ -45.357871, -23.834594 ], [ -45.357925, -23.835011 ], [ -45.357775, -23.835643 ], [ -45.357641, -23.836126 ], [ -45.357823, -23.836417 ], [ -45.357644, -23.836645 ], [ -45.357608, -23.837221 ], [ -45.358011, -23.837702 ], [ -45.358512, -23.83771 ], [ -45.358996199999979, -23.837474 ], [ -45.359050499999967, -23.837448299999949 ], [ -45.359131, -23.837409 ], [ -45.359891, -23.836926 ], [ -45.360333, -23.836691 ], [ -45.360713, -23.837101 ], [ -45.360989, -23.837729 ], [ -45.361447, -23.837991 ], [ -45.361757, -23.838112 ], [ -45.362078, -23.838348 ], [ -45.362236, -23.839228 ], [ -45.362585, -23.839984 ], [ -45.363155, -23.840294 ], [ -45.363591, -23.840371 ], [ -45.363669, -23.840222 ], [ -45.36369, -23.839772 ], [ -45.363698, -23.839334 ], [ -45.363717, -23.839022 ], [ -45.363773, -23.8387 ], [ -45.363853, -23.838448 ], [ -45.363996, -23.838161 ], [ -45.364226, -23.837888 ], [ -45.364455, -23.837719 ], [ -45.364798499999949, -23.837704099999939 ], [ -45.365031, -23.837694 ], [ -45.365525, -23.838003 ], [ -45.365804, -23.838469 ], [ -45.366562, -23.838748 ], [ -45.366967, -23.83917 ], [ -45.367152, -23.839312 ], [ -45.36765, -23.83947 ], [ -45.368885, -23.840334 ], [ -45.369284, -23.840528 ], [ -45.36892, -23.8398 ], [ -45.368704, -23.83933 ], [ -45.368464, -23.839101 ], [ -45.368223, -23.8387 ], [ -45.368038, -23.837607 ], [ -45.367765, -23.837242 ], [ -45.367341, -23.836577 ], [ -45.367648, -23.835883 ], [ -45.368354, -23.83507 ], [ -45.368338, -23.834736 ], [ -45.368097, -23.834289 ], [ -45.367679, -23.833762 ], [ -45.367513, -23.833395 ], [ -45.367448, -23.83305 ], [ -45.367118, -23.832512 ], [ -45.366692, -23.832538 ], [ -45.366266, -23.832438 ], [ -45.366001, -23.83213 ], [ -45.365910199999973, -23.831889 ], [ -45.365688699999964, -23.831645 ], [ -45.365545, -23.831546 ], [ -45.365271, -23.831618 ], [ -45.365045, -23.831597 ], [ -45.364744, -23.831484 ], [ -45.364717, -23.8313 ], [ -45.36459, -23.831071 ], [ -45.364376, -23.830888 ], [ -45.364087, -23.830776 ], [ -45.363809, -23.83049 ], [ -45.36351, -23.829632 ], [ -45.363274, -23.829297 ], [ -45.363224599999967, -23.829109399999936 ], [ -45.363262599999985, -23.828895399999965 ], [ -45.363413699999967, -23.82872059999994 ], [ -45.363590299999942, -23.828393799999958 ], [ -45.363631399999974, -23.828179399999954 ], [ -45.363596799999982, -23.827958299999977 ], [ -45.363461499999971, -23.827721 ], [ -45.363254299999937, -23.827540599999963 ], [ -45.362873899999954, -23.827312899999981 ], [ -45.362635199999943, -23.827189799999928 ], [ -45.362534399999959, -23.827173499999958 ], [ -45.362446, -23.827224299999955 ], [ -45.362440399999969, -23.827300499999978 ], [ -45.362467299999935, -23.827396299999975 ], [ -45.36246749999998, -23.827498899999966 ], [ -45.362428799999975, -23.82759 ], [ -45.362326899999971, -23.827653599999962 ], [ -45.362219899999957, -23.827657299999942 ], [ -45.362123599999961, -23.827576499999964 ], [ -45.362063899999953, -23.827404099999967 ], [ -45.361909399999945, -23.827223099999969 ], [ -45.361792499999979, -23.82706 ], [ -45.36158469999998, -23.826905299999964 ], [ -45.361605599999962, -23.826680499999952 ], [ -45.361839, -23.826521 ], [ -45.362157399999944, -23.826624699999968 ], [ -45.362447799999984, -23.826682799999958 ], [ -45.362755199999981, -23.826661499999943 ], [ -45.362965299999985, -23.826600299999939 ], [ -45.363048, -23.826512299999933 ], [ -45.363076099999944, -23.82636059999993 ], [ -45.363119499999982, -23.826026399999932 ], [ -45.363259399999947, -23.825737299999957 ], [ -45.363412699999969, -23.825531799999965 ], [ -45.363621599999931, -23.825307299999963 ], [ -45.364078899999981, -23.824832799999967 ], [ -45.364267699999971, -23.824535399999945 ], [ -45.364372299999957, -23.824195499999973 ], [ -45.364363, -23.824055899999962 ], [ -45.364300499999956, -23.823932099999979 ], [ -45.363993499999935, -23.823829199999977 ], [ -45.363960799999973, -23.823805199999981 ], [ -45.363928299999941, -23.823781299999951 ], [ -45.363567899999964, -23.823635499999966 ], [ -45.363508099999933, -23.823413799999969 ], [ -45.363442099999986, -23.823205499999972 ], [ -45.363310099999978, -23.82297449999993 ], [ -45.363173599999982, -23.82276029999997 ], [ -45.363147399999946, -23.822606399999927 ], [ -45.363309499999957, -23.822327299999984 ], [ -45.363369199999966, -23.822135 ], [ -45.363371799999982, -23.821913 ], [ -45.363373399999944, -23.82166 ], [ -45.363421899999935, -23.821357 ], [ -45.363526799999931, -23.821207699999945 ], [ -45.363705099999947, -23.821082799999942 ], [ -45.363650699999937, -23.820954799999981 ], [ -45.363670599999978, -23.820744599999955 ], [ -45.363722, -23.820547599999941 ], [ -45.36412219999994, -23.820125499999961 ], [ -45.364196, -23.819938 ], [ -45.364193199999931, -23.819693699999959 ], [ -45.364133599999946, -23.819537499999967 ], [ -45.364031299999965, -23.819406899999933 ], [ -45.363860899999963, -23.819281899999964 ], [ -45.363701799999944, -23.819193899999959 ], [ -45.363439899999946, -23.819088399999941 ], [ -45.363316, -23.819057699999973 ], [ -45.363270299999954, -23.819046399999934 ], [ -45.36322169999994, -23.819039499999974 ], [ -45.363189299999931, -23.819034899999963 ], [ -45.362646699999971, -23.819084499999974 ], [ -45.362163599999974, -23.819106899999952 ], [ -45.361794199999963, -23.819286199999965 ], [ -45.361334599999964, -23.819398399999955 ], [ -45.360927299999958, -23.819526599999961 ], [ -45.360060399999952, -23.819690799999933 ], [ -45.359409899999946, -23.819762899999944 ], [ -45.358936099999937, -23.819877399999939 ], [ -45.358633699999984, -23.819856899999934 ], [ -45.35833359999998, -23.819836499999951 ], [ -45.357663199999934, -23.819725499999947 ], [ -45.357194099999958, -23.819575199999974 ], [ -45.357085899999959, -23.819207399999982 ], [ -45.35691769999994, -23.818890499999952 ], [ -45.356853799999953, -23.818848099999968 ], [ -45.356677, -23.818731 ], [ -45.356534899999986, -23.818719899999962 ], [ -45.356375, -23.818738 ], [ -45.356245, -23.818819 ], [ -45.35608469999994, -23.818906399999946 ], [ -45.355985299999929, -23.819015899999954 ], [ -45.355903699999942, -23.819146599999954 ], [ -45.355805499999974, -23.819258599999955 ], [ -45.355687, -23.819342 ], [ -45.355591599999968, -23.819424 ], [ -45.355533, -23.819489 ], [ -45.35545, -23.819610599999976 ], [ -45.355393, -23.819732 ], [ -45.355336699999953, -23.81986489999997 ], [ -45.355288, -23.819978 ], [ -45.35525389999998, -23.820058 ], [ -45.355214199999978, -23.820127 ], [ -45.35517, -23.82018 ], [ -45.355112, -23.820231 ], [ -45.354974199999958, -23.820336 ], [ -45.354846, -23.820409 ], [ -45.354745799999932, -23.820458799999983 ], [ -45.354658499999971, -23.820483199999956 ], [ -45.354574899999932, -23.820514399999979 ], [ -45.354473399999961, -23.820567099999948 ], [ -45.354376399999978, -23.820605099999966 ], [ -45.354272899999955, -23.820644299999969 ], [ -45.354190899999935, -23.820674399999973 ], [ -45.354106899999977, -23.820689399999935 ], [ -45.353978899999959, -23.820725399999958 ], [ -45.353863699999977, -23.820786699999928 ], [ -45.353807299999971, -23.820863 ], [ -45.353770099999963, -23.820924199999979 ], [ -45.353721099999973, -23.821012399999972 ], [ -45.353668099999936, -23.821103199999982 ], [ -45.353668, -23.821105399999965 ] ] ] } },
{ "type": "Feature", "properties": {"id" : "geopixel_475", "cd_bairro": "geopixel_475", "bairro": "Ilha de Búzios", "cd_mun": "3520400", "municipio": "Ilhabela", "cd_dist":"352040005", "distrito": "Ilhabela" }, "geometry": { "type": "MultiPolygon", "coordinates":[[[[-45.138765857999964,-23.78974785569711],[-45.13863663199994,-23.789802743697095],[-45.13851854199999,-23.789786541697136],[-45.13837057799998,-23.78986086269711],[-45.13825218499995,-23.7898738336971],[-45.13812183299996,-23.78990091869711],[-45.13796002599998,-23.789872870697124],[-45.13783595899998,-23.78987566169709],[-45.13778055099994,-23.790035639697095],[-45.13778691699998,-23.790163689697103],[-45.13779292799996,-23.790269195697107],[-45.13771169199999,-23.790334420697153],[-45.13761493999994,-23.79045266169713],[-45.137654226999985,-23.79057271169716],[-45.13769804699997,-23.79071898469714],[-45.13774506499993,-23.790814044697143],[-45.137832880999966,-23.790888392697134],[-45.13792550999997,-23.79101117869715],[-45.13783192599993,-23.791079869697118],[-45.137817293999944,-23.791192816697162],[-45.13790117099995,-23.791278274697188],[-45.138026167999946,-23.79135942369716],[-45.138204769999966,-23.791451121697143],[-45.13822264799995,-23.79152990569715],[-45.138228389999945,-23.79162020769714],[-45.13830006599995,-23.79171711269716],[-45.138404664999946,-23.791817254697158],[-45.13849278599997,-23.791917604697165],[-45.13858829499999,-23.79197634269714],[-45.138691428999955,-23.792008546697172],[-45.138697258999976,-23.792098859697173],[-45.13879646599998,-23.79214609869712],[-45.13885104299993,-23.792216691697174],[-45.13891822699998,-23.792302146697164],[-45.13894478099998,-23.792395992697198],[-45.13900021499995,-23.792500653697143],[-45.139027015999936,-23.79260590069717],[-45.13910704799998,-23.792672117697165],[-45.13917378299994,-23.79272387469715],[-45.139240046999944,-23.792749326697187],[-45.13931951999996,-23.792827175697187],[-45.13937856899999,-23.79291280569718],[-45.13943721899995,-23.792975889697153],[-45.139503730999934,-23.793020051697166],[-45.13956689499997,-23.793105617697208],[-45.13960119899997,-23.793184113697162],[-45.139697058999964,-23.793261666697212],[-45.13975173499995,-23.793332323697207],[-45.139786405999985,-23.79342966769718],[-45.13982519099994,-23.793526979697205],[-45.139880324999986,-23.793620273697154],[-45.139951303999965,-23.793683164697196],[-45.14000604199998,-23.79375389269717],[-45.14000802199996,-23.79385200969724],[-45.14004669299993,-23.793938189697215],[-45.140075574999976,-23.79400048369718],[-45.140130033999995,-23.794059874697215],[-45.14016785099995,-23.794108210697193],[-45.14018198199995,-23.794205935697228],[-45.140180068999946,-23.794322878697205],[-45.14023502299996,-23.79440860769724],[-45.140260843999954,-23.794472261697223],[-45.140291966999946,-23.79460362269723],[-45.14033856299995,-23.7946855836972],[-45.14038194899998,-23.794710064697217],[-45.14041587299995,-23.794766032697183],[-45.140442016999955,-23.794848433697254],[-45.14044379599995,-23.794950004697213],[-45.14045902299995,-23.79511537069725],[-45.14046071999996,-23.79521324469725],[-45.140494946999986,-23.795287972697256],[-45.14049684599997,-23.79539717469726],[-45.14049503499997,-23.795529004697222],[-45.14043075899998,-23.795620552697237],[-45.14038298899993,-23.79571560369726],[-45.140409762999994,-23.795831778697263],[-45.140457770999944,-23.795985111697224],[-45.14045564499998,-23.796098028697266],[-45.140490482999965,-23.79620643369725],[-45.14046005599993,-23.796349256697223],[-45.14042460499997,-23.79644017869724],[-45.14036971399999,-23.796595367697282],[-45.14030565899998,-23.796698014697267],[-45.14023730699995,-23.79678938569728],[-45.14015673199997,-23.796888492697242],[-45.14009669099994,-23.796983463697238],[-45.14012228399998,-23.79706553169724],[-45.14001224299996,-23.797127319697307],[-45.139893595999986,-23.797166629697276],[-45.139717983999965,-23.797240538697313],[-45.139575157999964,-23.797302674697306],[-45.13939124399996,-23.797361691697258],[-45.13924786099995,-23.7973862896973],[-45.13912886099996,-23.79739554169728],[-45.13901419899998,-23.797415968697255],[-45.13889178799996,-23.797458992697326],[-45.138781420999976,-23.797486852697283],[-45.138674690999956,-23.79749219869725],[-45.13853381199995,-23.79744189569728],[-45.13833570099997,-23.797411159697297],[-45.138211524999974,-23.797383086697273],[-45.13807903999999,-23.7973551246973],[-45.13794981499996,-23.797293285697286],[-45.13780453099998,-23.7972504036973],[-45.13770841899999,-23.797199238697292],[-45.13763246799994,-23.797132693697293],[-45.13756056299998,-23.797062261697295],[-45.13750323999995,-23.797081949697287],[-45.137521138999944,-23.797134358697257],[-45.13753873099995,-23.797175465697265],[-45.13753570499995,-23.79721686569724],[-45.137482761999934,-23.79724398669727],[-45.13741286399994,-23.797263913697254],[-45.13736733899997,-23.79726464269728],[-45.13732120999998,-23.797287828697314],[-45.13730946999994,-23.79732563569727],[-45.137396647999935,-23.797376920697307],[-45.13738182399993,-23.797478672697288],[-45.137325198999974,-23.797535970697286],[-45.13722803199993,-23.797631397697305],[-45.137176138999976,-23.79772251869728],[-45.13713252899998,-23.79782082069732],[-45.13708043599998,-23.79790409369731],[-45.13705724699997,-23.797994284697303],[-45.13710730599997,-23.79804198369731],[-45.13712467899995,-23.79810144069731],[-45.137055823999965,-23.79815869969728],[-45.13695403699996,-23.798209234697293],[-45.136867613999996,-23.798199704697293],[-45.13674473399993,-23.798224528697276],[-45.13660143899995,-23.798260779697323],[-45.136470182999986,-23.798277648697308],[-45.136338782999985,-23.79828709269729],[-45.13617008299997,-23.798282133697278],[-45.13598530799994,-23.79829611469733],[-45.13584078699995,-23.798272174697328],[-45.13575862799998,-23.79828098969732],[-45.135693185999976,-23.798304592697303],[-45.13559809399993,-23.798291237697306],[-45.13549843399995,-23.798259210697324],[-45.13536208599993,-23.79825029269731],[-45.135270810999955,-23.798229345697326],[-45.135191478999964,-23.798181761697315],[-45.13508843999995,-23.798179547697302],[-45.134965569999956,-23.79821522769732],[-45.13489246799998,-23.79825032869729],[-45.13473153899998,-23.79822636569728],[-45.13457394799997,-23.798160892697286],[-45.13442893399996,-23.798114012697283],[-45.13426433099994,-23.79812394469729],[-45.13406979999998,-23.798066474697276],[-45.133928744999935,-23.798004484697284],[-45.13381683199997,-23.797960914697267],[-45.13368838999999,-23.797913822697296],[-45.13356895999994,-23.797904287697282],[-45.13338368999995,-23.79788820069728],[-45.13319406599994,-23.797842096697302],[-45.13305351799995,-23.79781401369728],[-45.13287259099998,-23.797812914697285],[-45.13275720599995,-23.797803307697333],[-45.13260472299999,-23.797790477697315],[-45.132519989999935,-23.79784073269727],[-45.13240520599994,-23.797853712697282],[-45.13222413299998,-23.797852591697332],[-45.131966786999946,-23.79785616869729],[-45.13176531299996,-23.797855370697306],[-45.131605266999955,-23.79787652569725],[-45.13141598999994,-23.797871791697307],[-45.13123088699996,-23.79787452569729],[-45.13108284699996,-23.797884257697287],[-45.13090980399995,-23.79787928369727],[-45.13077437799996,-23.797903865697307],[-45.13066046499994,-23.79797328869732],[-45.13059651899995,-23.798079648697286],[-45.13054569899998,-23.798223391697306],[-45.130440714999956,-23.79833787369733],[-45.13037793399997,-23.798496715697294],[-45.13036023099995,-23.79863205869732],[-45.13032945399994,-23.79873378069732],[-45.130253540999945,-23.79884370969734],[-45.13007703699998,-23.798888131697314],[-45.129913313999964,-23.798962449697292],[-45.12974605499995,-23.799063036697326],[-45.12958195099997,-23.79910707369732],[-45.129435626999964,-23.799184183697328],[-45.129276293999965,-23.79923149669731],[-45.129102992999954,-23.79924202069733],[-45.12894482399998,-23.799262703697323],[-45.12881745699999,-23.79927210269735],[-45.128661094999984,-23.799270649697295],[-45.12856594799996,-23.79924195669731],[-45.12850381099998,-23.799220288697306],[-45.12838466599994,-23.799237119697324],[-45.12827433999996,-23.799283917697338],[-45.12805770099993,-23.79936612169732],[-45.127979091,-23.799348475697286],[-45.127844110999945,-23.79939942069731],[-45.12774649299997,-23.79946486269735],[-45.12783040999994,-23.79953499969731],[-45.127786958999934,-23.799625842697328],[-45.12765270099994,-23.799702987697312],[-45.12755111199995,-23.799764580697293],[-45.12742828999997,-23.799796482697353],[-45.12729632499999,-23.799787231697366],[-45.127253159999945,-23.799697751697327],[-45.127142116999956,-23.799706948697306],[-45.12701537299995,-23.799750188697345],[-45.12693867499998,-23.799822747697316],[-45.12682416499997,-23.799854479697363],[-45.12672688299995,-23.79990838169735],[-45.12659643399997,-23.79995530169734],[-45.12644396299999,-23.79996145869733],[-45.12625863299997,-23.799979421697312],[-45.126087592999966,-23.79993727169737],[-45.125942823999935,-23.799939604697343],[-45.12580182799998,-23.799934382697327],[-45.12563237899997,-23.799944593697358],[-45.125489288,-23.799972905697327],[-45.12534317299998,-23.80002470569733],[-45.12522437299998,-23.800071638697357],[-45.12505579199997,-23.800077869697343],[-45.12491199999995,-23.800095035697357],[-45.12476899399996,-23.800161114697307],[-45.124684005999946,-23.80024511469734],[-45.12454598899997,-23.800352612697374],[-45.12442442499999,-23.800463671697322],[-45.124321504999955,-23.800469098697338],[-45.12416589399994,-23.800524216697323],[-45.124126947999976,-23.800649060697364],[-45.12414588799994,-23.80078425269737],[-45.12416427299997,-23.80088930069734],[-45.12420350799993,-23.801009013697346],[-45.12422990299996,-23.801102567697335],[-45.12419987299997,-23.801266655697354],[-45.124202496999956,-23.801413383697373],[-45.12419654999997,-23.801541392697356],[-45.124198702999934,-23.801661720697393],[-45.124146730999946,-23.801749060697386],[-45.12410714099997,-23.801840010697404],[-45.12405097999995,-23.80192366669736],[-45.12397375599994,-23.801981337697423],[-45.12384717399994,-23.80204739769739],[-45.12372819099995,-23.80208712969743],[-45.123679956999986,-23.802159493697417],[-45.12366955799996,-23.802264983697377],[-45.123617902999975,-23.802375028697412],[-45.123537707999965,-23.802496702697358],[-45.12348256999996,-23.802625244697396],[-45.12335161299996,-23.802721229697365],[-45.12325453099994,-23.802816614697385],[-45.12313304799996,-23.80292345969738],[-45.12293668999996,-23.802978826697412],[-45.12284638599994,-23.802987665697383],[-45.12275942599996,-23.802959007697417],[-45.12259138299999,-23.802987711697398],[-45.12249608099995,-23.802955400697407],[-45.12239311999997,-23.802949404697404],[-45.12220809599996,-23.80295208769738],[-45.12206307199995,-23.802909243697382],[-45.12193462199997,-23.80287363369738],[-45.12181375399997,-23.802815395697415],[-45.121676818999966,-23.802776126697403],[-45.121603924999945,-23.802822224697398],[-45.12150545199996,-23.802834919697414],[-45.12140407399995,-23.80288888869736],[-45.12136411599994,-23.802930693697416],[-45.12125956599993,-23.8028722396974],[-45.12115528099998,-23.802824995697442],[-45.12098715599996,-23.802846190697416],[-45.120940680999986,-23.802940581697424],[-45.12092643699998,-23.803011946697428],[-45.12083237299999,-23.803028283697405],[-45.12072361099996,-23.80299493569741],[-45.120620191999926,-23.802959006697428],[-45.120545522999976,-23.802922645697418],[-45.120430027999944,-23.80290552669742],[-45.120310633999964,-23.802899663697385],[-45.12015478199999,-23.802920488697378],[-45.12007302199999,-23.80294409169742],[-45.12002323299998,-23.802922361697426],[-45.11990821399998,-23.80296936669739],[-45.11977059599997,-23.802996368697446],[-45.11965342899999,-23.802981211697432],[-45.119501907999954,-23.80294697769742],[-45.11937766999996,-23.802906850697397],[-45.11924644,-23.802844436697395],[-45.11912024999999,-23.802846260697407],[-45.11898463799998,-23.802839788697415],[-45.118836999999985,-23.802839053697408],[-45.11867851699999,-23.80285249769738],[-45.118493263999945,-23.802824411697415],[-45.118258884999946,-23.802808212697396],[-45.11805902899995,-23.80282230169739],[-45.117864025999964,-23.802785978697415],[-45.117771383999994,-23.80277893669743],[-45.117718778,-23.802771305697394],[-45.117652017999944,-23.80269940169736],[-45.11757151899997,-23.802689358697396],[-45.11751650099996,-23.802709843697397],[-45.11745912699997,-23.80275845969743],[-45.11745887699994,-23.80285938569743],[-45.11743964799997,-23.80294366469741],[-45.11737788799997,-23.80293899969739],[-45.117299313999986,-23.80288415969742],[-45.11720653799995,-23.80287149769741],[-45.117078708999955,-23.802920943697387],[-45.11699350499999,-23.802961478697394],[-45.11701958599998,-23.803008656697422],[-45.11700266799994,-23.803062065697397],[-45.11694318099996,-23.803032233697397],[-45.11689556799996,-23.80298820269738],[-45.11674810799998,-23.803010098697417],[-45.11659981799994,-23.802998302697393],[-45.11652630099998,-23.80291814069742],[-45.11646260399995,-23.80285737969739],[-45.116371164,-23.802845559697385],[-45.116310126999984,-23.80288883669741],[-45.116251937999955,-23.80290371069741],[-45.11616303399995,-23.802921807697416],[-45.116058285999955,-23.802908992697418],[-45.11599962399998,-23.802901320697394],[-45.11591675399996,-23.80292797669742],[-45.115889632999945,-23.802970796697405],[-45.115813171999946,-23.803011484697404],[-45.11575834799999,-23.80304892869741],[-45.11571608099997,-23.803100314697403],[-45.11572610599996,-23.803148172697423],[-45.11569331299995,-23.803213535697417],[-45.115635555,-23.803259489697417],[-45.11556856499993,-23.803308427697395],[-45.115522547999944,-23.803320363697402],[-45.11547381499998,-23.803354925697416],[-45.11552102199993,-23.803416340697417],[-45.11555296899996,-23.80348637069744],[-45.11561330699993,-23.803601003697448],[-45.11562682099999,-23.80367401169742],[-45.11554314699999,-23.80363304369741],[-45.11545639399997,-23.803597711697417],[-45.11536000199994,-23.803545549697443],[-45.11527641699997,-23.803527013697405],[-45.11518140499993,-23.803562257697426],[-45.11513931499997,-23.803624953697405],[-45.115097614999975,-23.803710219697415],[-45.11503323199999,-23.803736601697405],[-45.11493247199997,-23.80380591769746],[-45.11497409699997,-23.80388998369744],[-45.115066932999994,-23.803899804697433],[-45.115080542999976,-23.80397299169744],[-45.11502612699998,-23.80404166069741],[-45.115055222999956,-23.80411744869742],[-45.115127774999955,-23.80420661569741],[-45.11511287399998,-23.804378244697453],[-45.115253138999954,-23.804469294697434],[-45.115344007999965,-23.804558212697412],[-45.11540579099995,-23.804574153697462],[-45.11547114999997,-23.804621046697463],[-45.11545998699995,-23.804677720697455],[-45.11551418699998,-23.804775721697446],[-45.11558598299996,-23.804832486697432],[-45.11566433699994,-23.804910342697475],[-45.11573317899997,-23.80497422669744],[-45.11582910499994,-23.805015181697414],[-45.11592264699994,-23.805089948697432],[-45.115994421999986,-23.805150914697467],[-45.11621513599993,-23.805313884697448],[-45.11631314999995,-23.805450513697483],[-45.11641606099993,-23.805539102697484],[-45.116525844999956,-23.805658605697467],[-45.11659774299996,-23.805727935697444],[-45.11663090299993,-23.805769933697473],[-45.11665919499996,-23.805803318697482],[-45.116703419999965,-23.805864635697475],[-45.116719996999976,-23.805920737697463],[-45.116748849999965,-23.80598230369746],[-45.11678936499993,-23.80602955669748],[-45.11679683899997,-23.806102685697457],[-45.11679217999996,-23.80617604969744],[-45.11680846699995,-23.806232127697445],[-45.11687857099997,-23.80624488769744],[-45.11689185899997,-23.8063037886975],[-45.116856434999946,-23.80635522369751],[-45.11683632899998,-23.80641485169747],[-45.116797967999965,-23.80647491869747],[-45.11685100299998,-23.806544289697463],[-45.11683077599998,-23.806598368697507],[-45.11676429699998,-23.8066225086975],[-45.11673219599994,-23.8066967376975],[-45.11675486399998,-23.806772397697486],[-45.116749633999994,-23.806820531697504],[-45.11670686499997,-23.806827082697474],[-45.11669213599999,-23.806864044697505],[-45.11673911999998,-23.8069140046975],[-45.116764275999984,-23.80695848869749],[-45.116807115999954,-23.807034322697472],[-45.11686611699999,-23.807078634697465],[-45.11691536799997,-23.80709485969751],[-45.11689188999998,-23.807151531697464],[-45.11684028899999,-23.807177657697505],[-45.116788124999964,-23.807175613697506],[-45.116747633999985,-23.807142345697457],[-45.11670145999995,-23.807143014697512],[-45.11665565699998,-23.8071690916975],[-45.116628545999966,-23.80720619569749],[-45.11666047299997,-23.807267850697496],[-45.11669846699994,-23.807323764697482],[-45.116742181999946,-23.807410626697536],[-45.11681031799999,-23.807478227697484],[-45.116873830999964,-23.807509648697504],[-45.11684711099998,-23.807560769697513],[-45.11682043999997,-23.80761552069751],[-45.116806463999986,-23.8077242806975],[-45.116784256999956,-23.8078115056975],[-45.116773806999966,-23.807894869697506],[-45.11670314499998,-23.80791792569753],[-45.116648014999946,-23.807933247697513],[-45.11659808899998,-23.808020909697493],[-45.11662699399996,-23.80809276369749],[-45.116709328999946,-23.808051595697492],[-45.11675313999996,-23.80807599669752],[-45.11672250599999,-23.808130876697508],[-45.116652704999986,-23.808211562697508],[-45.11656173099993,-23.808209531697514],[-45.11651841899993,-23.80822112569749],[-45.11648417999992,-23.808301217697526],[-45.116442034999984,-23.80838144169751],[-45.11639217699997,-23.808472747697515],[-45.11638941199994,-23.80854154869751],[-45.11638087699999,-23.80864750869754],[-45.116298066999946,-23.808666786697515],[-45.116260107999956,-23.808761506697493],[-45.11630850999997,-23.80881150169755],[-45.11636844699996,-23.808843199697538],[-45.11636153999996,-23.808901227697568],[-45.11630336799994,-23.80897090369751],[-45.11620843999997,-23.808979616697513],[-45.116173023999984,-23.808994659697547],[-45.11622158499995,-23.809051860697522],[-45.11625459699997,-23.809127396697527],[-45.11633805499998,-23.809144146697516],[-45.11639771999996,-23.80916127269756],[-45.116414797999944,-23.809233377697552],[-45.116400420999994,-23.80931686669756],[-45.11645409299997,-23.809446235697525],[-45.11647537399995,-23.809532807697565],[-45.11650851699995,-23.80961916869758],[-45.11652221299994,-23.80972401769757],[-45.11659009399995,-23.809762594697553],[-45.11658748199994,-23.809838762697577],[-45.11663358299995,-23.809958128697545],[-45.116643274999944,-23.81006297369755],[-45.11666461499995,-23.81015314569757],[-45.11667433599996,-23.81026169769755],[-45.11670716499998,-23.81033001169758],[-45.11674044799997,-23.81042362969758],[-45.116689526999956,-23.810460853697546],[-45.11663068499996,-23.81049816169758],[-45.116611998999986,-23.810567438697582],[-45.11666142799993,-23.810679073697575],[-45.116702692999986,-23.810776346697583],[-45.11675067299997,-23.810797041697576],[-45.11684249199993,-23.810827178697586],[-45.116891234999976,-23.810898612697567],[-45.116943225999925,-23.810927699697572],[-45.11695282099999,-23.811028965697552],[-45.11703331499996,-23.811107182697572],[-45.11700286399998,-23.811176468697585],[-45.11692779199995,-23.81118505169757],[-45.11686397399996,-23.811160841697586],[-45.116793225999984,-23.8111983356976],[-45.11669535699997,-23.81127615269758],[-45.116610622999985,-23.811422531697577],[-45.116627734999945,-23.811494772697582],[-45.11669615899997,-23.81155538369757],[-45.11672086399995,-23.811609415697607],[-45.11680629599995,-23.81173491069758],[-45.11686680999999,-23.811795505697628],[-45.11693467099997,-23.811823310697594],[-45.116963533999986,-23.811888536697637],[-45.11698471599993,-23.811967943697624],[-45.11706215799996,-23.812093610697655],[-45.11713141099995,-23.812204893697597],[-45.117188028999976,-23.81227290769762],[-45.117370659999956,-23.812306296697628],[-45.11748588299998,-23.8123335466976],[-45.117588640999934,-23.8123283806976],[-45.11773748499996,-23.812264407697576],[-45.11794460399995,-23.812355404697616],[-45.11813576499997,-23.81243939269758],[-45.11822768099995,-23.81249234669761],[-45.11833465899998,-23.812580625697613],[-45.118461973999956,-23.8126257946976],[-45.11859400199995,-23.81271073969763],[-45.118717168999986,-23.812748690697656],[-45.11882867299994,-23.81279767669762],[-45.118947985999974,-23.81284291569764],[-45.11902829699995,-23.812910507697648],[-45.11910471299997,-23.812981772697608],[-45.11919295299999,-23.813052847697623],[-45.119210467999956,-23.813132397697633],[-45.119272304999996,-23.813254820697626],[-45.11928678599998,-23.813374524697657],[-45.11927744499997,-23.813498169697635],[-45.11933035699997,-23.81357360169766],[-45.11934401499998,-23.813664197697655],[-45.119442584999945,-23.813651660697637],[-45.11950970399994,-23.813646947697638],[-45.11958915299994,-23.813663866697652],[-45.11968261599998,-23.813683259697644],[-45.11976205699994,-23.81370379169765],[-45.119870039999974,-23.813767406697654],[-45.11994644199996,-23.813831520697637],[-45.120039194999954,-23.813920794697644],[-45.120107166999965,-23.81395964369768],[-45.12018986199996,-23.81394745369767],[-45.12032007099999,-23.813931008697637],[-45.12040970099997,-23.81387161569768],[-45.12045161199997,-23.813802077697623],[-45.120548982999935,-23.813735399697624],[-45.120590623999945,-23.81365506869764],[-45.12065294199993,-23.81361431369766],[-45.12073912899995,-23.813580463697626],[-45.12083168899995,-23.81364793169763],[-45.120926921999974,-23.813653824697653],[-45.12101852399997,-23.813670649697638],[-45.12115198999993,-23.813773912697613],[-45.121303195999985,-23.81378993469762],[-45.12133335199997,-23.81372784969766],[-45.12132789399995,-23.813669911697673],[-45.12140222699998,-23.813628988697634],[-45.12146077999996,-23.813591916697643],[-45.121557088999964,-23.813634041697643],[-45.12164109699996,-23.813665457697645],[-45.12164099999997,-23.813661832697658],[-45.12172146599995,-23.813637051697633],[-45.12186321499996,-23.81358081669764],[-45.12191323999998,-23.813507548697636],[-45.12196319199996,-23.813437882697645],[-45.12197271099996,-23.81333618769763],[-45.12202671799997,-23.813263018697604],[-45.12210465799995,-23.81318954369764],[-45.122237842999944,-23.8130971606976],[-45.122327801999965,-23.813045179697667],[-45.12232186399995,-23.812954820697634],[-45.12229261499994,-23.81287930569763],[-45.12227371999995,-23.812760447697638],[-45.12232820099996,-23.812719927697618],[-45.12244900999997,-23.81278299669762],[-45.122513867999956,-23.812828958697622],[-45.122611324999994,-23.812914309697643],[-45.12271588199998,-23.81296707569762],[-45.122774543999995,-23.812911863697614],[-45.122832799999976,-23.812845795697612],[-45.12289846099998,-23.81276153269763],[-45.122935749999954,-23.812663288697614],[-45.12300217099994,-23.812622516697637],[-45.12311127199996,-23.812544965697647],[-45.12318162699995,-23.8125041546976],[-45.123149078,-23.812298698697617],[-45.123193175,-23.81230877269759],[-45.12327842499998,-23.812375999697647],[-45.12337741499993,-23.812334502697603],[-45.123419117999966,-23.812228863697623],[-45.12336113299996,-23.8121504766976],[-45.123305877999954,-23.81205081269758],[-45.12337430599996,-23.81194898469762],[-45.123490826999955,-23.811946427697595],[-45.12362855099998,-23.811990469697626],[-45.12382143899999,-23.81192242769762],[-45.123794646999954,-23.81178533369758],[-45.12379990199999,-23.811647943697608],[-45.12384485999997,-23.811502530697563],[-45.12391249399997,-23.81132846269758],[-45.12402073999993,-23.81120054469758],[-45.12415748499995,-23.811089687697557],[-45.12432654799996,-23.811007132697565],[-45.124490943999945,-23.81092171769756],[-45.12471051499995,-23.81083706969757],[-45.12487626499996,-23.810816485697593],[-45.12506561199995,-23.81078472869754],[-45.12533439799996,-23.810762603697558],[-45.12556424599997,-23.81076271969759],[-45.125822339999964,-23.81077689369758],[-45.12594766099995,-23.810717217697544],[-45.12597655899999,-23.810612142697615],[-45.126033010999954,-23.81050321969758],[-45.12622109699999,-23.810410077697572],[-45.126525548999965,-23.81038735969757],[-45.12678962299998,-23.8103328216976],[-45.126968109999964,-23.81033000669757],[-45.127231969999976,-23.810279198697547],[-45.12765948099997,-23.810229638697578],[-45.12790422699993,-23.810197123697588],[-45.12807283799998,-23.810118651697582],[-45.128245297999975,-23.81006544669757],[-45.128418085999954,-23.810138997697578],[-45.128645956999954,-23.810226263697547],[-45.12866497999994,-23.810367362697562],[-45.128891292999974,-23.81037500069758],[-45.129049053999964,-23.810332843697594],[-45.12929738499999,-23.810278453697585],[-45.12936885899995,-23.81012154969758],[-45.129410338999946,-23.80999118169753],[-45.129481208999955,-23.809819415697536],[-45.12966848199996,-23.809711702697548],[-45.129864549999986,-23.80964375569756],[-45.130109978999954,-23.80964031469759],[-45.13031980499995,-23.80962653669755],[-45.130473368999965,-23.80972588769755],[-45.130665866999955,-23.809665141697586],[-45.13080990099997,-23.809550848697548],[-45.131023482999986,-23.80950439569757],[-45.13118551399999,-23.80946949369752],[-45.131290582999966,-23.809450289697597],[-45.13150179799994,-23.809342112697557],[-45.131722929999974,-23.809313578697537],[-45.131956659999965,-23.809317444697527],[-45.13218113199998,-23.80929598169752],[-45.13241830899996,-23.80930694669753],[-45.13259322799996,-23.80935865469752],[-45.13277254599997,-23.80943923069756],[-45.132925985,-23.809567404697564],[-45.13307769999995,-23.809668740697546],[-45.13323382599998,-23.809767793697535],[-45.133366002999935,-23.809874442697573],[-45.13351489699995,-23.810020643697577],[-45.133631543999975,-23.81013473469759],[-45.13363009399997,-23.810229030697567],[-45.13373880899997,-23.810346866697596],[-45.133845464999986,-23.81053372769756],[-45.13393857799998,-23.81064107369757],[-45.13410228099997,-23.810725563697577],[-45.13434200099994,-23.81085408669757],[-45.13455655599996,-23.810930528697593],[-45.134710650999985,-23.810939078697558],[-45.13478216499994,-23.810966956697563],[-45.13477989299998,-23.811032228697556],[-45.134853786999955,-23.811154352697596],[-45.13495818699993,-23.81122891369761],[-45.135097186999985,-23.811273862697593],[-45.13529014399995,-23.811292417697583],[-45.135437860999964,-23.811351860697567],[-45.135575754999934,-23.811473280697594],[-45.13570837399993,-23.81156561069761],[-45.13583694299997,-23.81165798169758],[-45.13621685799996,-23.811921715697633],[-45.136362572999985,-23.811897811697573],[-45.13659906699997,-23.81189065969762],[-45.13683221999997,-23.811898072697616],[-45.136975508999974,-23.811801804697605],[-45.137126999999964,-23.8117959316976],[-45.137261926999955,-23.81183371869759],[-45.13747761999998,-23.81194993369759],[-45.13772367999997,-23.81201139869764],[-45.13791047899998,-23.81207013369762],[-45.138195633999935,-23.81214892169762],[-45.13839513999994,-23.8122580626976],[-45.138571121,-23.812371199697633],[-45.13863721099995,-23.81247902369764],[-45.13872048399998,-23.812506654697607],[-45.13885313899995,-23.812591763697604],[-45.13900480499997,-23.812654765697598],[-45.13920318899995,-23.812702439697627],[-45.13935656299998,-23.81272148169764],[-45.13944390199999,-23.812767312697634],[-45.13953956599995,-23.812823833697657],[-45.13966703899996,-23.812883511697606],[-45.13980996199997,-23.812910310697607],[-45.13982183299999,-23.81291012769763],[-45.140044859999946,-23.813000913697596],[-45.140188863999995,-23.813096635697658],[-45.14036123999995,-23.8132246936976],[-45.14052768399995,-23.813240237697624],[-45.140646690999986,-23.81326012469764],[-45.140781914999934,-23.81330154869764],[-45.14092987799997,-23.813386358697624],[-45.14108512199994,-23.813441946697623],[-45.14121993899995,-23.813468758697624],[-45.14134164199993,-23.81344484369763],[-45.141453869999964,-23.813522894697645],[-45.14179456399995,-23.813687633697665],[-45.14192248299998,-23.813768878697655],[-45.14204691999999,-23.813879263697633],[-45.14213155499994,-23.81397225369768],[-45.142141550999966,-23.81409227769763],[-45.142198736999944,-23.814193276697672],[-45.142326952999966,-23.81428180069765],[-45.14246543799993,-23.814289839697683],[-45.14260008199995,-23.814312495697667],[-45.14269620299997,-23.814386868697632],[-45.14280054699997,-23.814479242697647],[-45.142826576999944,-23.814595211697707],[-45.14291164299994,-23.814706271697684],[-45.14296774099996,-23.81487274969768],[-45.14304416199997,-23.81494760369767],[-45.14309749699998,-23.815044663697705],[-45.14317402099994,-23.815126738697664],[-45.14323138299995,-23.815227380697664],[-45.14335726799993,-23.8154030106977],[-45.14343751499996,-23.815500416697684],[-45.14349107,-23.815615550697707],[-45.14351682699998,-23.815723896697676],[-45.14351902199997,-23.81583992569772],[-45.14357200999996,-23.815926082697704],[-45.143660732999926,-23.816022490697694],[-45.14372611599999,-23.81613745269772],[-45.14388221499997,-23.816250722697692],[-45.143979179,-23.816300741697713],[-45.14402105199998,-23.81642695869773],[-45.14401670599995,-23.81661937769769],[-45.14412130399996,-23.816712024697733],[-45.144378692999965,-23.816729541697725],[-45.144604583999985,-23.81676214469769],[-45.144788075999955,-23.816857017697725],[-45.14495076899994,-23.816905018697685],[-45.145104275999984,-23.816887986697733],[-45.145305934999946,-23.816902954697692],[-45.14546207699994,-23.816849487697727],[-45.14560777399999,-23.816843549697687],[-45.14570919699999,-23.816918601697726],[-45.145844729999965,-23.817041721697727],[-45.145941576,-23.8171308906977],[-45.146185406999976,-23.81723252769769],[-45.14630914399999,-23.817274269697705],[-45.14644068499996,-23.817312253697736],[-45.14656061099999,-23.8173613036977],[-45.14667221299994,-23.817388725697704],[-45.14680455999998,-23.8174485946977],[-45.146946189999944,-23.817573687697703],[-45.147062094999974,-23.81761918369774],[-45.14710423999997,-23.81754236269777],[-45.14719119699998,-23.817526584697728],[-45.14728346999994,-23.817579680697698],[-45.147330563999965,-23.817553593697717],[-45.14741221099995,-23.81746894169774],[-45.147451143999966,-23.817421257697752],[-45.14737466199996,-23.817367926697727],[-45.14731391199996,-23.81730350869771],[-45.14727540399998,-23.81723903469771],[-45.14724190799996,-23.817137993697735],[-45.147252219999984,-23.81704719769772],[-45.147207255999945,-23.816971704697757],[-45.14719011599993,-23.816903062697694],[-45.14716471899993,-23.816816444697746],[-45.14708413399995,-23.816745178697715],[-45.14709838099998,-23.816658041697746],[-45.147076183999964,-23.816528051697734],[-45.147086599999966,-23.816448286697717],[-45.14716567099999,-23.816436139697725],[-45.14726174199997,-23.816485304697725],[-45.147439727999945,-23.8164461816977],[-45.14750162899999,-23.816350889697723],[-45.14745955799999,-23.8162284526977],[-45.14739410599999,-23.816132530697665],[-45.14735183499995,-23.815999123697733],[-45.14730941599998,-23.815847709697714],[-45.14727105499998,-23.81569993169772],[-45.14726679299998,-23.815468548697687],[-45.147280275999954,-23.81526218569768],[-45.14730520699993,-23.815106259697668],[-45.147349730999956,-23.814939080697638],[-45.147383097999985,-23.814811900697666],[-45.14737011899996,-23.814690763697648],[-45.147422085999956,-23.814501861697657],[-45.14746709999998,-23.814367282697702],[-45.14750048899999,-23.81424371369764],[-45.14753801299998,-23.814123814697673],[-45.14758375399999,-23.814021945697682],[-45.14772682299998,-23.813900559697625],[-45.14784335099994,-23.81377623769765],[-45.14794063799997,-23.81369149969763],[-45.148077225999934,-23.81359153569763],[-45.148316620999935,-23.81348258869764],[-45.14868457499996,-23.813210263697652],[-45.14896293699996,-23.81309038869766],[-45.149102163999956,-23.81292237069763],[-45.149280430999966,-23.812944745697656],[-45.14946496999995,-23.812873228697608],[-45.149710615999936,-23.81288369969761],[-45.14989139699998,-23.81281219069761],[-45.15000457699996,-23.812911436697664],[-45.15019595299998,-23.812951749697632],[-45.15013011399997,-23.812840712697664],[-45.15003757799999,-23.81278814369764],[-45.15014899699998,-23.812800721697638],[-45.15030418299995,-23.81281258769761],[-45.15050850899996,-23.812715316697663],[-45.15080433199995,-23.812482329697627],[-45.15093285599994,-23.81234997869759],[-45.15105988099997,-23.812340731697592],[-45.15121162499998,-23.812189927697624],[-45.151268139999964,-23.8120552406976],[-45.15131018899997,-23.811985929697606],[-45.15138280299993,-23.81203900669762],[-45.151484084999936,-23.812127846697596],[-45.151564664999974,-23.812177270697603],[-45.151625923,-23.81208225369762],[-45.151751495,-23.811993278697592],[-45.15177682899998,-23.811877039697617],[-45.151676323999936,-23.81182805669762],[-45.15165385799999,-23.811705468697586],[-45.15162817799995,-23.811619159697646],[-45.15175255699996,-23.811449065697623],[-45.151809413999956,-23.811325220697594],[-45.15188449399995,-23.811316854697623],[-45.15200424599995,-23.811358448697618],[-45.152076993999984,-23.811422494697574],[-45.15220781499995,-23.81142053569762],[-45.15230363799998,-23.811270709697553],[-45.15228047699997,-23.811119214697634],[-45.152187191999985,-23.811023165697563],[-45.15207862899996,-23.81094911269756],[-45.15204809999995,-23.810816185697586],[-45.15220196199994,-23.810792068697566],[-45.15233888999996,-23.810725100697585],[-45.152481924999975,-23.810744389697597],[-45.15266074599998,-23.810774050697603],[-45.152827274999936,-23.8107859236976],[-45.152968810999944,-23.81075500369756],[-45.153116537999956,-23.810684647697595],[-45.15325511499998,-23.81069338369755],[-45.15337679899995,-23.810777766697548],[-45.15345435299997,-23.8108595236976],[-45.153601114999965,-23.810875413697584],[-45.15373442299995,-23.81083012269759],[-45.15385382999996,-23.810857235697604],[-45.15397500399997,-23.81089511469758],[-45.15407038199992,-23.810911711697596],[-45.15422974899997,-23.810956250697583],[-45.15434643199996,-23.81104126169759],[-45.154448653999964,-23.81099990169758],[-45.15460670899995,-23.810979436697597],[-45.154756254999945,-23.810919209697573],[-45.15482685499996,-23.810874649697602],[-45.15496496899994,-23.810829008697556],[-45.155084126999945,-23.810827111697613],[-45.155187131999995,-23.810810988697558],[-45.15534673899999,-23.810855646697565],[-45.15541929099994,-23.810753383697588],[-45.155671071999954,-23.810695534697544],[-45.15581646699997,-23.810624505697586],[-45.155998383999986,-23.81058544069759],[-45.15614061499997,-23.810516101697573],[-45.15616585099997,-23.81041059869759],[-45.156252632999966,-23.81036589869756],[-45.15639352299998,-23.810436385697553],[-45.15644971899997,-23.810453728697585],[-45.156495372999984,-23.810337046697587],[-45.156512323999955,-23.810180889697584],[-45.15652922599999,-23.810039283697577],[-45.15657384599995,-23.809882786697564],[-45.15659813999998,-23.809719471697548],[-45.15660725799997,-23.809589043697567],[-45.15657673599998,-23.809459286697525],[-45.15655043399994,-23.809381148697522],[-45.15656785399994,-23.809246909697563],[-45.156651710999945,-23.809060972697516],[-45.156703934999946,-23.808879118697504],[-45.15668972599997,-23.808748974697544],[-45.15667564699999,-23.808626080697533],[-45.15662114599996,-23.808460428697508],[-45.15653508799994,-23.8083100176975],[-45.15640628999995,-23.808233786697553],[-45.15637060799998,-23.808130516697503],[-45.15647087699995,-23.80802088169751],[-45.156594277999936,-23.807859965697524],[-45.156650791999944,-23.807699852697475],[-45.15663232699995,-23.80754813169756],[-45.15666969499994,-23.807424507697505],[-45.15670220999993,-23.80724682869751],[-45.15674607899996,-23.807134261697485],[-45.15685795999997,-23.806973424697517],[-45.156968293999974,-23.806740179697513],[-45.15695870499997,-23.806639060697478],[-45.15699173399997,-23.806260384697442],[-45.15704110399998,-23.806147600697486],[-45.157044990999964,-23.80614393169747],[-45.15708947499997,-23.805976882697504],[-45.15715650699998,-23.805740572697452],[-45.15717756899995,-23.80558811969746],[-45.15707660999993,-23.805473914697448],[-45.15699498399995,-23.80533051569747],[-45.15690469199997,-23.805140363697472],[-45.15686672999995,-23.80500360569747],[-45.15690471299995,-23.804694630697472],[-45.15694016199996,-23.80445889569749],[-45.15697346099994,-23.804328223697453],[-45.15707882099998,-23.80425435169742],[-45.157217661999944,-23.804277589697467],[-45.15732948899996,-23.804116726697444],[-45.15739342699994,-23.80393495769744],[-45.157529254999986,-23.803799280697437],[-45.157501510999964,-23.80359798769739],[-45.15743951399999,-23.803458797697402],[-45.15749709499995,-23.80337518169745],[-45.15760909799998,-23.80325117569741],[-45.157728293999995,-23.803284948697407],[-45.15791847599997,-23.80330314369739],[-45.15809786899997,-23.80337586169741],[-45.158329078999955,-23.803458664697416],[-45.15840162699993,-23.803515176697427],[-45.15860588199997,-23.803612980697427],[-45.15880560599994,-23.803685767697388],[-45.15897362499993,-23.803751867697425],[-45.15909169199996,-23.803724823697447],[-45.15916825499993,-23.80362254969742],[-45.15909449899994,-23.803529873697418],[-45.15920876099994,-23.80347408469742],[-45.159238433999974,-23.80337223669743],[-45.15924126799998,-23.803314281697403],[-45.159272172999984,-23.803277647697417],[-45.159481726999964,-23.803281810697396],[-45.15961259899996,-23.80330160569739],[-45.15977925899996,-23.80332812469742],[-45.15990526499998,-23.803300942697433],[-45.159943078999966,-23.80322437969741],[-45.16005778799997,-23.80320827069742],[-45.16026475199993,-23.803223428697407],[-45.16040127899998,-23.8032830836974],[-45.16051689599994,-23.803288718697434],[-45.16059979199997,-23.80324768669741],[-45.16078155899999,-23.803187050697435],[-45.16087925199997,-23.80310946769739],[-45.160929600999964,-23.80304708869742],[-45.16109224899998,-23.8030374266974],[-45.161223747999955,-23.803049984697438],[-45.16131448099998,-23.80300511469742],[-45.161297170999944,-23.80293283369739],[-45.16124389999993,-23.802853854697425],[-45.16121376199993,-23.802734663697404],[-45.161144602999975,-23.80265598069737],[-45.16106899199996,-23.802580419697435],[-45.16103162399997,-23.802483114697424],[-45.16096217099995,-23.80236452269739],[-45.160864402999955,-23.80221371869739],[-45.16079897999999,-23.802098697697414],[-45.16073791299994,-23.802006486697415],[-45.16068444799998,-23.801894924697375],[-45.16065469399997,-23.80177939169739],[-45.160506016999925,-23.801665542697407],[-45.16038978299997,-23.801591122697353],[-45.16029325399996,-23.801509188697352],[-45.16022019699995,-23.8014088236974],[-45.16013628699995,-23.80136659169737],[-45.16001207599994,-23.801281522697362],[-45.15989517399999,-23.801160156697392],[-45.15983883599995,-23.8011066906974],[-45.15977743999998,-23.800995279697357],[-45.159664616999976,-23.80088109169737],[-45.15954764099997,-23.800756095697334],[-45.159443249999974,-23.800667204697373],[-45.15932183499996,-23.800516889697345],[-45.15926149599996,-23.80046343369735],[-45.159141153999954,-23.800374643697346],[-45.158990096999965,-23.800322811697345],[-45.158889812,-23.800248226697363],[-45.15877051899997,-23.800203121697365],[-45.158649525999984,-23.800140013697373],[-45.158502130999985,-23.80008063669734],[-45.158382003,-23.79999918469734],[-45.158261858999936,-23.799917720697326],[-45.15813804299995,-23.79985078169737],[-45.15802136199995,-23.7997439076973],[-45.157988033999985,-23.7996574766973],[-45.15787986499999,-23.799583039697353],[-45.15773276799996,-23.799538187697326],[-45.15760125999998,-23.799482229697354],[-45.157476741999986,-23.79938266469732],[-45.157369132999975,-23.799330017697297],[-45.157251946999956,-23.799208528697342],[-45.15710011399995,-23.79911671569735],[-45.15697677699997,-23.79904641369729],[-45.156873379999986,-23.798986669697296],[-45.15676284399996,-23.79895968269734],[-45.156694595999966,-23.798784758697323],[-45.15662975099996,-23.798688026697327],[-45.15646998499995,-23.79857096869734],[-45.15637132599995,-23.79837720769729],[-45.15624937399998,-23.79822707169727],[-45.15614812899999,-23.79811996169729],[-45.15603356999998,-23.797958586697266],[-45.15588834999995,-23.797833849697298],[-45.15579575099998,-23.797744672697284],[-45.15573555399994,-23.797687668697314],[-45.155677938999986,-23.7975797606973],[-45.15563616199996,-23.79746799869726],[-45.15553288799999,-23.797419026697252],[-45.15541763199997,-23.797348622697278],[-45.15528810299998,-23.797322196697294],[-45.15520125699993,-23.79728401969729],[-45.15513709999994,-23.79718345169728],[-45.155075463999935,-23.797064972697253],[-45.154993399999974,-23.796917776697263],[-45.154911851999955,-23.79679225169725],[-45.15480720699998,-23.796688833697274],[-45.154699425999986,-23.79661812269723],[-45.15461095799998,-23.796532592697236],[-45.15453789199996,-23.796435892697257],[-45.15443591799995,-23.79628519169729],[-45.15433932499997,-23.796199673697238],[-45.154210560999964,-23.796073970697257],[-45.15407532599994,-23.79602163469723],[-45.153927485999944,-23.795929703697254],[-45.153842277999956,-23.79582235469724],[-45.15377611699996,-23.795689279697214],[-45.153734903999975,-23.795610148697275],[-45.15364966399995,-23.7954990666972],[-45.15352638999998,-23.795450280697246],[-45.15336369799998,-23.79538413869727],[-45.15327147199998,-23.795309510697255],[-45.15317412199994,-23.795191355697217],[-45.15310094699999,-23.795098160697226],[-45.15299619099995,-23.794998266697203],[-45.152938093999985,-23.79488289569723],[-45.15290307499999,-23.79473804269722],[-45.15285690599996,-23.794608063697197],[-45.15279484999997,-23.794474678697224],[-45.15271085299998,-23.794425218697235],[-45.15259485299999,-23.794430729697204],[-45.15250076499996,-23.794468246697207],[-45.152381509999934,-23.79442647269721],[-45.15223314999998,-23.794316399697212],[-45.152144661999955,-23.7942344166972],[-45.15203760099996,-23.794203414697243],[-45.15195380999995,-23.79415398069725],[-45.15188881299998,-23.79406443469719],[-45.15175769199994,-23.794008518697183],[-45.15164995699997,-23.793959429697225],[-45.15154286299998,-23.79393930569722],[-45.15141595699999,-23.793915859697236],[-45.15129702899998,-23.793892308697192],[-45.15118186899996,-23.79385063769716],[-45.15108928199994,-23.793775950697192],[-45.15101131599994,-23.793671895697166],[-45.15091158899999,-23.793629903697187],[-45.150749372999954,-23.793599859697217],[-45.15061978499994,-23.793609211697166],[-45.15052422699995,-23.793567222697202],[-45.15039641299995,-23.793496733697154],[-45.15027677499995,-23.793326721697213],[-45.15015994899994,-23.793219897697202],[-45.150007538999965,-23.793109930697202],[-45.14989064699996,-23.793003051697205],[-45.14976995299999,-23.792896197697143],[-45.149632145999924,-23.79289823369719],[-45.14952117799994,-23.79285644369717],[-45.149384973999986,-23.792746274697183],[-45.14932037699998,-23.792674844697185],[-45.14923178899995,-23.79258567769721],[-45.14922223599997,-23.792496510697205],[-45.14910650299999,-23.79242571769716],[-45.149010378999954,-23.792351086697167],[-45.14890962299995,-23.792247632697144],[-45.14883134099995,-23.792125904697166],[-45.14877808799998,-23.792054332697173],[-45.14871625899997,-23.791953862697163],[-45.14866963399993,-23.79182409269717],[-45.14864389599996,-23.791741067697163],[-45.14854054599994,-23.791728081697165],[-45.14839597199996,-23.791650387697146],[-45.14822025299999,-23.791562326697168],[-45.14812378299997,-23.791476728697162],[-45.14800400999997,-23.791398796697138],[-45.14787547599998,-23.791426346697175],[-45.14776919299994,-23.791438157697133],[-45.14762984699997,-23.791378524697198],[-45.14749051099994,-23.791337179697173],[-45.14729516799998,-23.791271322697135],[-45.14715439399998,-23.791172033697126],[-45.14704646399997,-23.791130158697126],[-45.14696306499998,-23.79112414469717],[-45.14681380299993,-23.791184319697166],[-45.14676813899996,-23.791268292697133],[-45.14673833499996,-23.791351988697162],[-45.146691972999974,-23.791414239697122],[-45.14663029999997,-23.791509326697184],[-45.14656061299997,-23.79159363669715],[-45.14649162899996,-23.79167404669717],[-45.146353019999935,-23.791687064697182],[-45.146201571999946,-23.791664139697165],[-45.14606946299994,-23.79162644769714],[-45.14603705499998,-23.791713399697148],[-45.14596554999998,-23.791707258697187],[-45.14582321599995,-23.79171296769715],[-45.14571196699996,-23.791703812697186],[-45.145625763999924,-23.79167626569718],[-45.145514039999966,-23.79163818069714],[-45.145338571999964,-23.791571961697116],[-45.14518329799995,-23.791508944697124],[-45.14509525899997,-23.791452265697174],[-45.14502340299999,-23.791413457697168],[-45.144885335999966,-23.791408132697132],[-45.14481812899993,-23.79140911269714],[-45.14473635399997,-23.791460922697137],[-45.144566266999966,-23.79144526969714],[-45.14447026899996,-23.791396039697126],[-45.14432348899992,-23.791365605697155],[-45.144224228999974,-23.791341722697155],[-45.14407393699998,-23.79130043769714],[-45.14393956799995,-23.791258943697127],[-45.143852456999994,-23.79122018869715],[-45.14373267199995,-23.79115670869716],[-45.14363232299996,-23.791067800697128],[-45.143523939999966,-23.790971774697155],[-45.14346310099996,-23.790878798697115],[-45.14334966699995,-23.790717883697134],[-45.14327630099995,-23.790592384697167],[-45.14315299199997,-23.790510299697132],[-45.14307063799998,-23.790449162697122],[-45.143068060999965,-23.79045159869713],[-45.14297821699996,-23.790355455697117],[-45.142908981999945,-23.790292830697116],[-45.14280562399995,-23.790201091697142],[-45.14269291899996,-23.79008911769715],[-45.14255599099995,-23.790131714697143],[-45.14245920999998,-23.79018589169712],[-45.142331443999986,-23.790252597697126],[-45.14218268399999,-23.790404472697148],[-45.14198852599998,-23.790463991697145],[-45.14185278199995,-23.790571094697167],[-45.141743625999936,-23.790665886697113],[-45.141593701999966,-23.790704845697125],[-45.14148870799993,-23.790783477697108],[-45.141373566999974,-23.79078935669711],[-45.14124166599999,-23.790852284697163],[-45.14109518299996,-23.79084666969714],[-45.14087670699997,-23.79079363269715],[-45.14073309299995,-23.790710780697147],[-45.140580186999955,-23.79059108169711],[-45.14045381199999,-23.790467007697142],[-45.14033203499997,-23.7903509996971],[-45.140261689999924,-23.790310769697133],[-45.14012481299995,-23.79014292169716],[-45.140072194999966,-23.790093570697113],[-45.14006300999996,-23.7900909216971],[-45.13992511499999,-23.790045613697135],[-45.139738579999985,-23.7899954336971],[-45.13962819499995,-23.789952490697118],[-45.13940685399997,-23.7898443026971],[-45.13926847399994,-23.789782224697106],[-45.13913689299994,-23.78975070869709],[-45.13898416399996,-23.789725083697107],[-45.13891699199996,-23.78971492369711],[-45.138765857999964,-23.78974785569711]]]]}},
{ "type": "Feature", "properties": {"id":"geopixel_476","cd_bairro":"geopixel_476","bairro":"Ilha da Vitória","cd_mun":"3520400","municipio":"Ilhabela","cd_dist":"352040005","distrito":"Ilhabela"},"geometry":{"type":"MultiPolygon","coordinates":[[[[-45.01655629199996,-23.73927195169603],[-45.01618786599994,-23.73929435369597],[-45.016047550999986,-23.739419930695984],[-45.01592906899998,-23.739607167696008],[-45.01592883499996,-23.73972376069599],[-45.015940691999965,-23.739891276696028],[-45.01594068299993,-23.739896861696014],[-45.01586175999995,-23.73996330069599],[-45.01571617499997,-23.73992893969603],[-45.015552169999985,-23.740067487696024],[-45.01541246699998,-23.740172707696008],[-45.01524240299995,-23.740211040696032],[-45.01514519199997,-23.740283046696003],[-45.01501156999995,-23.740321604696035],[-45.01499332199997,-23.740482818696034],[-45.01500568399996,-23.740605278696016],[-45.01489035099997,-23.74071054469602],[-45.01470803299998,-23.74078781169605],[-45.01454377199996,-23.74082624769605],[-45.014379558999956,-23.740875856696015],[-45.01419112599997,-23.740819893696045],[-45.014093841999966,-23.74081968569604],[-45.014002640999934,-23.740869513696026],[-45.014136470999986,-23.741053136696014],[-45.01424674499997,-23.741208847696004],[-45.014265701999946,-23.74136972569605],[-45.014125646999965,-23.741375080696056],[-45.01394845399996,-23.741297149696006],[-45.01380227699998,-23.741346890696015],[-45.013785049999974,-23.741596523696025],[-45.01363816799995,-23.74171303569606],[-45.01368032499995,-23.741879661696004],[-45.013826394999974,-23.74199625169601],[-45.013929651999945,-23.742123897696047],[-45.01407525399998,-23.74233470769603],[-45.014215095999944,-23.742450986696035],[-45.01433125999995,-23.742544500696056],[-45.01439822999999,-23.74266597869605],[-45.014379359999964,-23.742832487696038],[-45.01446488199998,-23.742876047696086],[-45.014445966,-23.743064730696066],[-45.01438453099997,-23.743143054696105],[-45.01447594699995,-23.743264007696073],[-45.01449390999995,-23.743391321696063],[-45.01454215899998,-23.74361350569607],[-45.01463317199994,-23.743818652696092],[-45.01468144999996,-23.74400690969609],[-45.01482109399996,-23.74420069369613],[-45.014844632999946,-23.74440533869611],[-45.01486148399994,-23.74468220169609],[-45.01490921699999,-23.744881617696123],[-45.01499334799997,-23.745114214696102],[-45.01509010499996,-23.74524682569614],[-45.01514999399997,-23.745457350696153],[-45.015371930999954,-23.745668196696123],[-45.01554053199994,-23.74596725369613],[-45.015739415,-23.746266441696115],[-45.01587205099998,-23.74653262869616],[-45.01592616599999,-23.74667081369619],[-45.015998237999945,-23.746853758696123],[-45.016100608999984,-23.747064457696176],[-45.01619713399999,-23.747208567696173],[-45.01629958699994,-23.747408066696156],[-45.016365735999955,-23.74760759969617],[-45.01645601099995,-23.747845874696168],[-45.01659461599998,-23.748083714696193],[-45.01667892199999,-23.748277727696195],[-45.01677533699996,-23.74849416269615],[-45.01679934999998,-23.748700272696205],[-45.01669006999999,-23.748961349696216],[-45.016532397999974,-23.74910574969622],[-45.01638081899996,-23.74915538469619],[-45.01619302899998,-23.749127463696226],[-45.01601143399994,-23.748983234696222],[-45.01586010099994,-23.74880571269622],[-45.01563571699997,-23.748794316696173],[-45.015338471999954,-23.748821622696212],[-45.015162542999974,-23.748799203696233],[-45.014925883999986,-23.748632493696174],[-45.01469514699996,-23.748476784696145],[-45.01453727499997,-23.7483932596962],[-45.01434902999995,-23.748370748696196],[-45.01420316699994,-23.748431630696203],[-45.01400287899997,-23.748303538696184],[-45.01382077099998,-23.74820322969621],[-45.01363268499996,-23.748086219696194],[-45.01342661099994,-23.747935823696185],[-45.01315963199995,-23.747868684696215],[-45.01286814099996,-23.7478959736962],[-45.01260058899994,-23.748062236696185],[-45.01241228899995,-23.748095260696182],[-45.012211855999965,-23.7481227056962],[-45.01196896099997,-23.748133406696184],[-45.01180089199994,-23.748182448696188],[-45.01157012399995,-23.7482098386962],[-45.011290714999966,-23.748270487696196],[-45.01102343499996,-23.748336713696204],[-45.01074403299997,-23.74839737869616],[-45.01038645399997,-23.748319256696163],[-45.010083960999964,-23.748146893696184],[-45.009745398999954,-23.748013524696162],[-45.00954002899995,-23.747930244696228],[-45.00928614799996,-23.747774670696195],[-45.00909871299996,-23.747685724696172],[-45.00886900599994,-23.747591221696148],[-45.008621238999986,-23.747507835696187],[-45.00844002699995,-23.747496653696132],[-45.008227967999986,-23.747806845696203],[-45.008172768999955,-23.748072706696185],[-45.00817820399994,-23.74827773069616],[-45.00821359899992,-23.74848834169616],[-45.00823105699994,-23.748665734696193],[-45.00837426499992,-23.74884889169621],[-45.00824155599998,-23.74901468069622],[-45.007996288999955,-23.74901445969622],[-45.007725636999965,-23.748997590696202],[-45.00752276899993,-23.748991824696216],[-45.00748684899998,-23.749086088696217],[-45.00756364999996,-23.749285471696215],[-45.00754127999995,-23.749490131696213],[-45.00764137999994,-23.749628007696217],[-45.007674227999985,-23.7498540836962],[-45.007443796999944,-23.74987772969621],[-45.00728769899996,-23.749906468696228],[-45.00742611099999,-23.750060237696243],[-45.00735860999999,-23.750265245696276],[-45.00744725299995,-23.75048503769626],[-45.00733551499998,-23.750585680696247],[-45.00739951599997,-23.750855242696247],[-45.00761051599996,-23.751060387696235],[-45.00778122899994,-23.751353187696246],[-45.00762666899993,-23.751540915696264],[-45.007170297999956,-23.751535568696273],[-45.007027144999945,-23.751696379696256],[-45.00703604399995,-23.75208901869625],[-45.007041804999986,-23.75229938569629],[-45.00709169299994,-23.75256451869625],[-45.007101084999945,-23.75284764369628],[-45.00716814299996,-23.753141655696336],[-45.00724107699995,-23.75327455969632],[-45.00733224099998,-23.75343506369632],[-45.00744736899997,-23.753722735696307],[-45.00753184699995,-23.753977196696308],[-45.00754886899995,-23.754182316696344],[-45.007577509999976,-23.754465300696314],[-45.00754451499995,-23.75474384269635],[-45.00774194399998,-23.755100103696353],[-45.00796663699998,-23.755415645696374],[-45.00809393299995,-23.75555398269637],[-45.008344051999984,-23.755658137696358],[-45.008427486999956,-23.75584673969633],[-45.008700932999936,-23.755994792696374],[-45.008828079999944,-23.756088272696363],[-45.00891701299998,-23.756321693696382],[-45.00909761899993,-23.75653759169639],[-45.009252828999934,-23.756861834696373],[-45.00943335399997,-23.757111259696387],[-45.00962018199994,-23.757344062696404],[-45.00975917599994,-23.757460151696392],[-45.00963598099998,-23.757717798696376],[-45.00974456499996,-23.7578901686964],[-45.00991347799993,-23.758102365696416],[-45.010094758999976,-23.75833009669641],[-45.01031288399998,-23.758546459696394],[-45.01051898899994,-23.758729302696427],[-45.01068252699997,-23.75887885069644],[-45.010736705999946,-23.758967793696424],[-45.010997868999944,-23.75900555069645],[-45.01117435299994,-23.75899268969645],[-45.011325198999955,-23.75912009669643],[-45.01149384299998,-23.75930915469642],[-45.011656875999954,-23.759430779696437],[-45.011856037999976,-23.75958712469643],[-45.01201290299998,-23.759714542696468],[-45.01224834599998,-23.759859008696477],[-45.012431067999955,-23.760139132696445],[-45.012692085999966,-23.760279874696433],[-45.01305002699997,-23.76045897169644],[-45.01306823699996,-23.76046459069648],[-45.01323223999999,-23.76054863069647],[-45.01347467499995,-23.76072131069645],[-45.01375345799995,-23.76084947869648],[-45.01391096799994,-23.76099417669646],[-45.01409887599994,-23.7610499836965],[-45.014189834999975,-23.761022298696464],[-45.01429893799998,-23.761050218696507],[-45.01453900199995,-23.76118517869646],[-45.01475121999995,-23.76125772969649],[-45.01478805399996,-23.761096813696454],[-45.01479465899997,-23.76086919169651],[-45.01483769499999,-23.760658272696457],[-45.014795596999946,-23.760463848696475],[-45.014789878999984,-23.760308352696498],[-45.01467874999998,-23.760119974696455],[-45.01477280399996,-23.759802599696446],[-45.01495839999996,-23.759615511696424],[-45.01515691499998,-23.759516733696426],[-45.01546136799994,-23.75936666069644],[-45.01584333299997,-23.759389807696426],[-45.01636528699999,-23.759507439696428],[-45.01686356699999,-23.75955298569645],[-45.01741579199996,-23.75955401269645],[-45.01774986899995,-23.759531418696433],[-45.01776199599994,-23.759531442696463],[-45.018162576999956,-23.7593991816964],[-45.01851500599998,-23.75913356569642],[-45.018612824999956,-23.758861901696413],[-45.01876532699999,-23.758584714696404],[-45.018729878999984,-23.758251581696427],[-45.01871277699996,-23.7578683896964],[-45.018555802999984,-23.75756261769642],[-45.01839241799997,-23.757367903696373],[-45.01828440899994,-23.7571734246964],[-45.01809071299994,-23.756911966696375],[-45.017872655999966,-23.756716950696372],[-45.017648987999976,-23.756327831696364],[-45.01744945499997,-23.756038752696362],[-45.01720761699995,-23.755738597696343],[-45.01695378999995,-23.75544412469635],[-45.01682091999994,-23.755249757696333],[-45.01675465299998,-23.754934593696355],[-45.01673147799994,-23.754479440696322],[-45.016726316999964,-23.7542019126963],[-45.016721327999974,-23.753891264696307],[-45.01691534499999,-23.75361980569633],[-45.01720028399997,-23.753325970696284],[-45.017442992999975,-23.753103946696303],[-45.01755874299995,-23.752859748696267],[-45.017335603999996,-23.752504554696277],[-45.01728171099996,-23.75224353569625],[-45.01733069199997,-23.751949708696255],[-45.01737356699994,-23.751689075696238],[-45.01732627199995,-23.751178607696215],[-45.01729051999997,-23.750940120696217],[-45.017272926999965,-23.750707283696226],[-45.01744296499994,-23.750485733696234],[-45.017740326999956,-23.75027036069624],[-45.01809174799996,-23.750193157696224],[-45.018503924999955,-23.75001104669622],[-45.01893424199994,-23.750044476696253],[-45.01931617299994,-23.74989545069622],[-45.01950995299997,-23.7496413666962],[-45.01986016599995,-23.74959542969622],[-45.02024500299997,-23.749511862696213],[-45.02056280299997,-23.749474100696183],[-45.02089747099997,-23.749382785696234],[-45.02124841899996,-23.74930662769622],[-45.02163286499996,-23.7491383556962],[-45.021959435,-23.74887802669618],[-45.022152532999954,-23.7485870636962],[-45.02221195299996,-23.7483413476962],[-45.022463406,-23.74808138069621],[-45.02276529299997,-23.747790702696204],[-45.023100853999956,-23.747461732696195],[-45.023344150999954,-23.74717103069617],[-45.02336930299999,-23.747148093696172],[-45.02363768899995,-23.746811597696166],[-45.02379709599996,-23.746536295696153],[-45.02384788999996,-23.74627582969616],[-45.02377336999997,-23.74593835969617],[-45.02359422699994,-23.745802692696106],[-45.02334350099994,-23.74561841669613],[-45.02295059999995,-23.745364960696133],[-45.022615942999956,-23.745157686696135],[-45.02232365399994,-23.744812724696093],[-45.022190547999976,-23.74446018169611],[-45.022107515999956,-23.744153640696116],[-45.022049530999944,-23.743847854696103],[-45.02197482799994,-23.74351828369609],[-45.02212656299998,-23.743092205696097],[-45.022378038999946,-23.742776304696097],[-45.02237001999999,-23.742492984696096],[-45.02260511199995,-23.742179255696044],[-45.02300291099994,-23.74184336869604],[-45.02321272999996,-23.74169791369604],[-45.023463944999946,-23.741744255696048],[-45.023587774999946,-23.74122193869604],[-45.023505020999956,-23.74073075869599],[-45.02323743999996,-23.740469618696007],[-45.02286094599998,-23.740300363696008],[-45.02254265099998,-23.74029983169602],[-45.02236667299997,-23.74033786369604],[-45.02224068499999,-23.740506283696007],[-45.02191378899995,-23.74060505969602],[-45.021445311999976,-23.740458663696028],[-45.02099340799999,-23.740388979695986],[-45.02051635999993,-23.740242668696002],[-45.020072884999934,-23.740081004695973],[-45.01960493699994,-23.739750683696],[-45.019287339999956,-23.739535599695994],[-45.01897813699998,-23.739320544695975],[-45.018668657999974,-23.73923575569601],[-45.01843115599997,-23.739252165696023],[-45.018222171999994,-23.739129195695998],[-45.01788784999998,-23.738906415696],[-45.017544869999945,-23.73875264269597],[-45.01736064899997,-23.738782986695945],[-45.01716781299995,-23.738981853695975],[-45.01701688699997,-23.73915013569596],[-45.01680742399998,-23.739280015695996],[-45.01655629199996,-23.73927195169603]]],[[[-45.02014003599994,-23.73620722969592],[-45.020139050999944,-23.73660838669592],[-45.02022795499994,-23.737050997695967],[-45.02036166399996,-23.737453008695915],[-45.020628777999946,-23.737773183695953],[-45.02097927999996,-23.73809253769595],[-45.02115257499998,-23.73837458769597],[-45.02145917899999,-23.73853472669595],[-45.02159063299997,-23.738533786695978],[-45.021809621999985,-23.73873543869594],[-45.02220320899995,-23.73877366969597],[-45.022552245,-23.738812096695987],[-45.022815428999934,-23.738973141696007],[-45.022643172999956,-23.73913777969599],[-45.02251415099993,-23.739464582696023],[-45.02251608799998,-23.739952575695987],[-45.022955643999985,-23.73999041369599],[-45.023350326999946,-23.739987856696015],[-45.02378861099994,-23.74006616969599],[-45.02432025499997,-23.739989452696037],[-45.02458660599995,-23.739588097696018],[-45.02467477799996,-23.739265536695985],[-45.02467325299995,-23.738861602695955],[-45.02462752999999,-23.73857885169595],[-45.02471609299995,-23.73837749669595],[-45.02466749299999,-23.73801403969595],[-45.02480374599998,-23.738014653695934],[-45.02498350399999,-23.738136134695967],[-45.02511609699998,-23.737853674695938],[-45.025025533999965,-23.737530877695995],[-45.02498217099999,-23.737329209695933],[-45.02511483599996,-23.737329110695935],[-45.025336022999966,-23.737328946695918],[-45.025379680999954,-23.737167540695967],[-45.02515808099998,-23.737046766695915],[-45.02484863399997,-23.73704708569593],[-45.02453866299994,-23.736805679695934],[-45.024362071999974,-23.73680590469592],[-45.02422989699994,-23.7365238796959],[-45.02400960499995,-23.736362853695912],[-45.02392158999993,-23.736201643695907],[-45.02378940299997,-23.736121168695917],[-45.023613177999955,-23.736000428695906],[-45.023437019999974,-23.735799005695885],[-45.023173250999946,-23.735677725695908],[-45.0229973,-23.735435439695888],[-45.02251324999999,-23.735232541695893],[-45.02224898699996,-23.735191472695877],[-45.02180795099998,-23.7352767086959],[-45.02171982799996,-23.735072993695915],[-45.02149900399997,-23.734705306695908],[-45.021101755999965,-23.734503524695853],[-45.020925179999956,-23.7343824206959],[-45.020792884999935,-23.73450368269588],[-45.02074894599997,-23.734786486695906],[-45.02070592899999,-23.734950669695873],[-45.020397372999994,-23.734950830695876],[-45.02013363399993,-23.7349924716959],[-45.02000753899995,-23.73520235469593],[-45.02000666899994,-23.735522635695887],[-45.02014003599994,-23.73620722969592]]]]}}
]
}
