{"type":"FeatureCollection","features":[{"type":"Feature","properties":{"id":"3550704","cd_mun":"3550704","municipio":"São Sebastião","fonte_origem":"bairros IBGE CD2022 dissolvidos"},"geometry":{"type":"MultiPolygon","coordinates":[[[[-45.54188039999997,-23.827438],[-45.54181339999997,-23.827491599999973],[-45.54176439999998,-23.827558499999952],[-45.541701899999964,-23.827585299999953],[-45.54167069999994,-23.827598699999953],[-45.54165279999995,-23.82763879999993],[-45.54165279999995,-23.82767],[-45.54167959999995,-23.827705699999967],[-45.541724199999976,-23.827745899999968],[-45.54171969999993,-23.82777269999997],[-45.541728699999965,-23.827826199999947],[-45.54174649999993,-23.82784849999996],[-45.54175539999994,-23.827906499999983],[-45.541751,-23.827911],[-45.541581399999984,-23.827911],[-45.54148769999995,-23.827915399999938],[-45.541394099999934,-23.827933299999927],[-45.541349399999945,-23.827946699999927],[-45.541309299999966,-23.827986799999962],[-45.54126469999994,-23.82803139999993],[-45.541260199999954,-23.82804479999993],[-45.54125129999994,-23.828138499999966],[-45.54123789999994,-23.828192099999967],[-45.54122449999994,-23.828223299999934],[-45.54118879999993,-23.828254499999957],[-45.54115759999996,-23.82832589999998],[-45.541179899999975,-23.828375],[-45.541229,-23.82839729999995],[-45.54132269999997,-23.82837049999995],[-45.54149669999998,-23.82835709999995],[-45.54160369999994,-23.828334799999936],[-45.54179559999994,-23.828294699999958],[-45.54201869999997,-23.828321399999936],[-45.542232799999965,-23.828433],[-45.542380099999946,-23.82849989999994],[-45.542447,-23.828571299999965],[-45.54238449999997,-23.828665],[-45.542389,-23.828803299999947],[-45.542571899999984,-23.828883599999983],[-45.54268349999995,-23.82886579999996],[-45.54275039999993,-23.82870509999998],[-45.542737,-23.828544499999964],[-45.54271019999993,-23.82847309999994],[-45.542652199999964,-23.82842409999995],[-45.542674499999976,-23.82834379999997],[-45.54275039999993,-23.82832589999998],[-45.542674499999976,-23.828147399999978],[-45.54261649999995,-23.828107299999942],[-45.54259419999994,-23.82807159999993],[-45.54260309999995,-23.828027],[-45.54263439999994,-23.828009099999974],[-45.542621,-23.82796449999995],[-45.542558499999984,-23.827893099999983],[-45.54253619999997,-23.827826199999947],[-45.54254069999996,-23.82774139999998],[-45.54246479999995,-23.827661099999943],[-45.542326499999945,-23.827563],[-45.54213469999996,-23.827482699999962],[-45.542041,-23.827375599999982],[-45.541951799999936,-23.827304199999958],[-45.54189379999997,-23.827295299999946],[-45.541822399999944,-23.827308699999946],[-45.541777699999955,-23.827322],[-45.541751,-23.827322],[-45.54174649999993,-23.827375599999982],[-45.54182679999997,-23.827384499999937],[-45.54187589999998,-23.827389],[-45.54188039999997,-23.827438]]],[[[-45.54094559999993,-23.811428299999932],[-45.541116199999976,-23.81128149999995],[-45.54127879999993,-23.811167],[-45.541449599999964,-23.81104259999995],[-45.54159059999995,-23.810947899999974],[-45.541742599999964,-23.810855599999968],[-45.54199159999996,-23.81068179999994],[-45.542143299999964,-23.810582199999942],[-45.54231679999998,-23.81048009999995],[-45.54250659999997,-23.81038289999998],[-45.54265839999994,-23.810288299999968],[-45.54284979999994,-23.81017689999993],[-45.543070099999966,-23.810027399999967],[-45.543325599999946,-23.809895299999937],[-45.54353929999996,-23.80971949999997],[-45.54374349999995,-23.80958759999993],[-45.543893399999945,-23.809473399999945],[-45.544218899999976,-23.809274099999982],[-45.544343099999935,-23.809177499999976],[-45.54448619999994,-23.80907229999997],[-45.544677,-23.809011],[-45.54495949999995,-23.80911409999993],[-45.54508079999994,-23.809149699999978],[-45.545079699999974,-23.809098199999937],[-45.54530409999995,-23.80797309999997],[-45.54487739999996,-23.80761789999997],[-45.54471559999996,-23.80744679999998],[-45.54426829999994,-23.806775499999958],[-45.54411479999993,-23.806455399999948],[-45.544042599999955,-23.806139499999972],[-45.544039,-23.805489199999954],[-45.543978299999935,-23.805281699999966],[-45.543839299999945,-23.805128599999932],[-45.543672,-23.80502089999993],[-45.543466699999954,-23.805017],[-45.54267829999998,-23.805466899999942],[-45.542366399999935,-23.805558299999973],[-45.54166719999995,-23.805700799999954],[-45.540444699999966,-23.80613409999995],[-45.54006519999996,-23.80620319999997],[-45.539849199999935,-23.80619939999997],[-45.53932669999995,-23.806106399999976],[-45.53918029999994,-23.80609789999994],[-45.53908329999996,-23.806147899999928],[-45.539043799999945,-23.806306099999972],[-45.53903,-23.80654549999997],[-45.53899789999997,-23.806645],[-45.538954899999965,-23.806699299999934],[-45.53846439999995,-23.807238499999983],[-45.538269499999956,-23.807568799999956],[-45.53815979999996,-23.807916899999952],[-45.538061899999946,-23.80842759999996],[-45.538079,-23.808779799999968],[-45.53822729999996,-23.80926249999993],[-45.538762599999984,-23.810055499999976],[-45.538843,-23.810217799999975],[-45.53889829999997,-23.81053369999995],[-45.53881889999997,-23.810841099999948],[-45.538724299999956,-23.81097239999997],[-45.53861089999998,-23.811072099999933],[-45.538256099999955,-23.81125849999995],[-45.53805449999993,-23.811394699999937],[-45.53803349999998,-23.81146],[-45.53910989999997,-23.81160479999994],[-45.539229499999976,-23.81162089999998],[-45.53928079999997,-23.81163429999998],[-45.539428199999975,-23.81166989999997],[-45.53961289999995,-23.81175509999997],[-45.539669199999935,-23.811782],[-45.53996489999997,-23.81198379999995],[-45.54001649999998,-23.812084699999957],[-45.54021679999994,-23.811933099999976],[-45.54039009999997,-23.81177619999994],[-45.54052309999997,-23.81166479999996],[-45.54072069999995,-23.81155279999996],[-45.54094559999993,-23.811428299999932]]],[[[-45.546463899999935,-23.804499199999952],[-45.54667219999993,-23.80460809999994],[-45.547172099999955,-23.804973399999938],[-45.54737069999993,-23.805085599999927],[-45.54755979999993,-23.805015099999935],[-45.54780969999996,-23.804778],[-45.54791329999995,-23.80467589999995],[-45.54799989999998,-23.80472549999996],[-45.54849809999996,-23.804868299999953],[-45.54886149999993,-23.80491669999998],[-45.55009929999994,-23.803573899999947],[-45.55011469999994,-23.80362059999993],[-45.550166299999944,-23.803695499999947],[-45.55025639999997,-23.803797199999963],[-45.55032689999996,-23.803872699999943],[-45.55058479999997,-23.804079599999966],[-45.55072659999996,-23.804155799999933],[-45.55089369999996,-23.804227499999968],[-45.551454099999944,-23.804406099999937],[-45.551559199999986,-23.804478],[-45.552061,-23.804872199999977],[-45.552071299999966,-23.804673599999944],[-45.552090599999985,-23.804491799999937],[-45.55211859999997,-23.80434329999997],[-45.552183,-23.80417],[-45.55222779999997,-23.803939399999933],[-45.552347,-23.803651],[-45.55242049999998,-23.80346149999997],[-45.55249409999993,-23.80324719999993],[-45.55259479999995,-23.80304119999994],[-45.552722399999936,-23.802852],[-45.552804899999956,-23.80266249999994],[-45.552842,-23.80250579999995],[-45.55296069999997,-23.80231649999996],[-45.553062599999976,-23.802122099999963],[-45.55317209999998,-23.801932799999975],[-45.55329079999996,-23.80174349999993],[-45.553463499999964,-23.80157909999997],[-45.55355469999995,-23.801455699999963],[-45.553664,-23.80131579999994],[-45.55380029999998,-23.80120089999997],[-45.55384639999994,-23.801069],[-45.55395559999994,-23.800945699999943],[-45.55403579999995,-23.800996699999928],[-45.554116499999964,-23.801023],[-45.55418409999993,-23.80103889999998],[-45.554283699999985,-23.801080699999943],[-45.554535,-23.800891299999932],[-45.55452079999998,-23.800869399999954],[-45.55406839999995,-23.800174699999957],[-45.55343949999997,-23.79920869999995],[-45.55341979999997,-23.799178499999982],[-45.55338389999997,-23.799229799999978],[-45.553288099999975,-23.799382099999946],[-45.55310089999995,-23.799428],[-45.552842,-23.799423699999977],[-45.552653,-23.79942049999994],[-45.55230819999997,-23.79935409999996],[-45.55161969999995,-23.799257199999943],[-45.55121859999997,-23.799127599999963],[-45.550973399999975,-23.798907199999974],[-45.55049719999994,-23.79821789999994],[-45.549783,-23.79762439999996],[-45.54939419999994,-23.797354799999937],[-45.54902929999997,-23.797161899999935],[-45.548691,-23.797041199999967],[-45.54800239999997,-23.796899099999962],[-45.54696319999994,-23.79677179999993],[-45.54614639999994,-23.796734],[-45.54467909999994,-23.79654949999997],[-45.54433409999996,-23.796442399999933],[-45.544008599999984,-23.796271899999965],[-45.54382629999998,-23.796119],[-45.54292179999993,-23.795115099999975],[-45.54243749999995,-23.794746499999974],[-45.54213239999996,-23.794557899999973],[-45.54198189999994,-23.79449969999996],[-45.541303,-23.794362099999944],[-45.54081629999996,-23.794368299999974],[-45.54043869999998,-23.79444189999998],[-45.53937029999997,-23.794815899999946],[-45.53858859999997,-23.79494959999994],[-45.53766329999996,-23.79527349999995],[-45.53692209999997,-23.795474799999965],[-45.536276499999985,-23.795811199999946],[-45.53591039999998,-23.796074399999952],[-45.535043299999984,-23.796474899999964],[-45.53491109999993,-23.79656119999993],[-45.534839,-23.79667879999994],[-45.534864,-23.796805199999937],[-45.534952,-23.796931299999983],[-45.535083,-23.79702119999996],[-45.53569249999998,-23.79724939999994],[-45.53639469999996,-23.79763079999998],[-45.53708419999998,-23.797908399999983],[-45.537395,-23.79807439999996],[-45.537751399999934,-23.79835319999995],[-45.537906,-23.798438499999975],[-45.538238099999944,-23.798545699999977],[-45.53893869999996,-23.798674199999937],[-45.539214,-23.798790699999927],[-45.53958,-23.799024199999963],[-45.539774799999975,-23.79909129999993],[-45.54024409999994,-23.79917089999998],[-45.54060369999996,-23.799187699999948],[-45.540939599999945,-23.799254299999973],[-45.54119629999997,-23.79938439999995],[-45.54158049999995,-23.799726299999975],[-45.541873899999985,-23.799905899999942],[-45.542217,-23.800013],[-45.54289079999995,-23.80012419999997],[-45.54314909999994,-23.800206299999957],[-45.54323089999997,-23.80023529999994],[-45.543488699999955,-23.800428599999975],[-45.54365459999997,-23.80063569999993],[-45.54399089999998,-23.801253299999928],[-45.544493899999964,-23.801585699999976],[-45.54461229999998,-23.801734299999964],[-45.544749,-23.80198669999993],[-45.54488429999998,-23.80244239999996],[-45.54506709999998,-23.802730699999927],[-45.545356599999934,-23.802996],[-45.54539989999995,-23.803035699999953],[-45.54559249999994,-23.80321209999994],[-45.54599209999998,-23.803712],[-45.54623359999994,-23.803923399999974],[-45.546463899999935,-23.804499199999952]]],[[[-45.586460699999975,-23.792506],[-45.587557799999956,-23.792674399999953],[-45.58759209999994,-23.792752],[-45.58765329999994,-23.792878799999983],[-45.58767889999996,-23.79296729999993],[-45.58771429999996,-23.79306289999994],[-45.587771,-23.79318159999997],[-45.587792,-23.793273899999974],[-45.58783429999994,-23.793402399999934],[-45.58784029999998,-23.79359],[-45.587914799999965,-23.79374169999994],[-45.588003699999945,-23.793870399999946],[-45.58808469999997,-23.793841499999928],[-45.58921729999997,-23.792553099999964],[-45.589279,-23.792483499999946],[-45.58962989999998,-23.792087099999947],[-45.589864199999965,-23.791822399999944],[-45.58986269999997,-23.79180669999994],[-45.58985869999998,-23.791763599999967],[-45.58965409999996,-23.791034599999932],[-45.58932489999995,-23.79028519999997],[-45.58923379999993,-23.789884599999937],[-45.589215699999954,-23.789805099999967],[-45.58921469999996,-23.789564],[-45.5893,-23.789336899999967],[-45.589400499999954,-23.789193],[-45.589588299999946,-23.789065799999946],[-45.590007699999944,-23.78886239999997],[-45.59014949999994,-23.788793599999963],[-45.590327599999966,-23.788656499999945],[-45.590479399999936,-23.788384099999973],[-45.590553899999975,-23.78812729999993],[-45.590602599999954,-23.78739909999996],[-45.59065739999994,-23.78714139999994],[-45.59101039999996,-23.786410299999943],[-45.59118969999997,-23.78592009999994],[-45.59136749999993,-23.785079399999972],[-45.59198289999995,-23.78443029999994],[-45.592019799999946,-23.784326299999975],[-45.59196819999994,-23.784202799999946],[-45.59175079999994,-23.784102399999938],[-45.59124079999998,-23.783966199999952],[-45.59042049999994,-23.78379949999993],[-45.58998449999996,-23.783754099999953],[-45.589634899999965,-23.78371759999993],[-45.58932539999995,-23.783653799999968],[-45.588816099999974,-23.783450699999946],[-45.58815549999997,-23.78301149999993],[-45.58792429999994,-23.782888699999944],[-45.58769429999995,-23.782809199999974],[-45.58731529999994,-23.782789799999932],[-45.58690189999993,-23.782964799999945],[-45.58666819999996,-23.78315269999996],[-45.58649159999993,-23.783393599999954],[-45.58631419999995,-23.783878399999935],[-45.58617419999996,-23.784617799999978],[-45.586083,-23.78486289999995],[-45.58606279999998,-23.78489],[-45.585733699999935,-23.78533209999995],[-45.585562599999946,-23.785478199999943],[-45.585353,-23.785580099999947],[-45.58500209999994,-23.78567],[-45.58473609999993,-23.785684499999945],[-45.58447,-23.78565659999998],[-45.583409899999936,-23.785424],[-45.582578499999954,-23.78517869999996],[-45.58186759999995,-23.784901399999967],[-45.58117669999996,-23.784478599999943],[-45.580744799999934,-23.78431409999996],[-45.58067429999994,-23.784287199999937],[-45.580417799999964,-23.784226699999977],[-45.579169099999945,-23.784182699999974],[-45.57885369999997,-23.784098899999947],[-45.57860569999997,-23.783954499999936],[-45.57844289999997,-23.783758199999966],[-45.57835039999998,-23.78348569999997],[-45.57839649999994,-23.78324079999993],[-45.57854159999994,-23.782998199999952],[-45.579121199999975,-23.782223699999975],[-45.57923889999995,-23.781979399999955],[-45.579317199999934,-23.781481499999927],[-45.579210399999965,-23.78131209999998],[-45.579033799999934,-23.781326299999932],[-45.57861279999997,-23.781567199999927],[-45.578366899999935,-23.781669299999976],[-45.57755359999993,-23.781753599999945],[-45.57700589999996,-23.781734899999947],[-45.57676689999994,-23.781632799999954],[-45.576376799999935,-23.781298299999946],[-45.576146499999936,-23.781160899999975],[-45.575883,-23.78106349999996],[-45.57561389999995,-23.78102649999994],[-45.575369199999955,-23.78094169999997],[-45.574904799999956,-23.780695899999955],[-45.57464049999993,-23.78063089999995],[-45.57434009999997,-23.78061759999997],[-45.57408429999998,-23.780681799999968],[-45.57358979999998,-23.78087789999995],[-45.573553199999935,-23.78089239999997],[-45.57302669999996,-23.781015399999944],[-45.572494699999936,-23.781011],[-45.57197359999998,-23.780803399999968],[-45.57177749999994,-23.780617199999938],[-45.57142669999996,-23.780079299999954],[-45.57128239999997,-23.780068099999937],[-45.57089529999996,-23.780216699999983],[-45.57063059999996,-23.780268299999932],[-45.57006019999994,-23.780246],[-45.56927219999994,-23.78004029999994],[-45.568981,-23.779883299999938],[-45.568882,-23.779684],[-45.56890789999994,-23.779551099999935],[-45.569276499999944,-23.77923],[-45.56945489999998,-23.778953],[-45.569444,-23.77870829999995],[-45.56923339999997,-23.77834679999995],[-45.569100599999956,-23.77828949999997],[-45.568702,-23.77825489999998],[-45.56834709999998,-23.778351],[-45.567810099999974,-23.778545399999928],[-45.56746839999994,-23.77849969999994],[-45.567332499999964,-23.77840709999998],[-45.567212,-23.778228],[-45.56719419999996,-23.778201699999954],[-45.567191,-23.777899099999956],[-45.56728339999995,-23.77770819999995],[-45.56768349999993,-23.777172899999982],[-45.56777359999995,-23.77691159999995],[-45.56777979999998,-23.77676159999993],[-45.567528,-23.77618629999995],[-45.56750779999993,-23.77597979999996],[-45.56750439999996,-23.775945199999967],[-45.56744889999993,-23.775809],[-45.567268199999944,-23.77578619999997],[-45.567025299999955,-23.7759],[-45.566769299999976,-23.77595059999993],[-45.56647949999996,-23.775880299999983],[-45.566264899999965,-23.775742899999955],[-45.56585119999994,-23.775395799999956],[-45.565415299999984,-23.77512459999997],[-45.565236,-23.77507319999995],[-45.56517679999996,-23.77504319999997],[-45.564777499999934,-23.774941799999965],[-45.563863099999935,-23.774541399999976],[-45.56337329999997,-23.774070799999947],[-45.562874299999976,-23.773756499999934],[-45.562539,-23.77360779999998],[-45.562243199999955,-23.773521199999948],[-45.56199669999995,-23.773486899999966],[-45.56142269999998,-23.773508],[-45.56128589999997,-23.773433499999953],[-45.56100279999998,-23.773161899999934],[-45.56098339999994,-23.773247],[-45.56099339999997,-23.773410699999943],[-45.560520699999984,-23.773301],[-45.56045969999997,-23.773318899999936],[-45.560215,-23.77328739999996],[-45.56016569999997,-23.77326709999994],[-45.560045799999955,-23.77321779999994],[-45.55966459999996,-23.77293409999993],[-45.558601599999974,-23.771832899999936],[-45.558183199999974,-23.77152529999995],[-45.55755469999997,-23.77118289999993],[-45.556655699999965,-23.770812699999965],[-45.55607219999996,-23.770608],[-45.555623399999945,-23.770505699999944],[-45.55545079999996,-23.770492599999955],[-45.554945499999974,-23.77046649999994],[-45.55456779999997,-23.77041459999998],[-45.55426509999995,-23.77030309999998],[-45.55413649999997,-23.77023259999993],[-45.55392039999998,-23.77008969999997],[-45.553782,-23.769955599999946],[-45.55367689999997,-23.76989969999994],[-45.553543099999956,-23.76989919999994],[-45.553419,-23.769985599999927],[-45.55313979999994,-23.77021009999993],[-45.55291639999996,-23.77029989999994],[-45.55269589999995,-23.77030149999996],[-45.552157,-23.77021529999996],[-45.55184879999996,-23.77009469999996],[-45.55137759999997,-23.769836599999962],[-45.55079489999997,-23.769466],[-45.55060019999996,-23.769361499999945],[-45.549956,-23.769058899999948],[-45.54935,-23.76881889999993],[-45.54882159999994,-23.768532599999958],[-45.548666099999934,-23.768473],[-45.548353099999986,-23.768401799999936],[-45.54797929999995,-23.76823669999993],[-45.54785119999997,-23.768201499999975],[-45.54765429999998,-23.768212],[-45.54760689999995,-23.76826109999996],[-45.54758129999993,-23.76834359999998],[-45.547646,-23.769136299999957],[-45.547696299999984,-23.76934069999993],[-45.54778019999998,-23.769550799999934],[-45.54802289999998,-23.769920699999943],[-45.548059,-23.770010499999955],[-45.54810349999997,-23.77011559999994],[-45.54810669999995,-23.770272499999976],[-45.54809779999994,-23.770494799999938],[-45.548046899999974,-23.770646899999974],[-45.54795479999996,-23.770790399999953],[-45.547836,-23.77090009999995],[-45.547713699999974,-23.770979799999964],[-45.54754159999993,-23.77104049999997],[-45.54727369999995,-23.77116719999998],[-45.54721749999993,-23.771252299999958],[-45.54720089999995,-23.771373],[-45.54723819999998,-23.771469199999956],[-45.547462,-23.771703199999934],[-45.54757719999998,-23.77187909999998],[-45.547777199999985,-23.772292599999957],[-45.54786219999994,-23.772402599999964],[-45.54809389999997,-23.772625699999935],[-45.54851389999993,-23.77286339999995],[-45.54864169999996,-23.77296169999994],[-45.548721899999975,-23.773082399999964],[-45.548766099999966,-23.77320059999994],[-45.54876059999998,-23.773398699999973],[-45.54873709999998,-23.773562899999945],[-45.54873269999996,-23.773690599999952],[-45.548743799999954,-23.773722799999973],[-45.54876539999998,-23.773836],[-45.54885839999997,-23.773936299999946],[-45.549153,-23.774017199999946],[-45.549292299999934,-23.77408239999994],[-45.549549799999966,-23.774279199999967],[-45.54966839999997,-23.774454299999945],[-45.549729799999966,-23.77458],[-45.54976889999995,-23.77476059999998],[-45.549801799999955,-23.775080899999978],[-45.54981079999993,-23.77556809999993],[-45.54984079999997,-23.775712099999964],[-45.54989969999997,-23.775883499999964],[-45.54997139999995,-23.776003599999967],[-45.550246699999946,-23.77628909999993],[-45.55048489999996,-23.77642409999993],[-45.55055639999995,-23.776442499999973],[-45.55062789999994,-23.77646089999996],[-45.550827899999945,-23.776470099999983],[-45.55102789999995,-23.77647929999995],[-45.551303099999984,-23.776582099999928],[-45.55153109999998,-23.776770899999974],[-45.551613499999974,-23.776864199999977],[-45.55174269999998,-23.777134699999976],[-45.551859,-23.777311699999927],[-45.55208829999998,-23.777607],[-45.55230819999997,-23.77778619999998],[-45.55279589999998,-23.77803849999998],[-45.553107,-23.778299699999934],[-45.55337229999998,-23.778588199999945],[-45.553515199999936,-23.778775699999983],[-45.55365309999996,-23.77903379999998],[-45.55373969999994,-23.77925],[-45.553792699999974,-23.779409099999953],[-45.55382879999996,-23.77962139999994],[-45.553872299999966,-23.779877099999965],[-45.55400339999994,-23.78038449999997],[-45.55451939999995,-23.781570899999963],[-45.55459939999997,-23.781824899999947],[-45.55468369999994,-23.782305699999938],[-45.55470359999998,-23.782632099999944],[-45.55470159999993,-23.782749399999943],[-45.554691799999944,-23.782840299999975],[-45.55464919999997,-23.78308389999995],[-45.55455919999997,-23.783228399999928],[-45.554420499999935,-23.78332249999994],[-45.554258199999936,-23.78337609999994],[-45.55378769999993,-23.783471899999938],[-45.55362,-23.78355679999993],[-45.55352719999996,-23.783648399999947],[-45.553507,-23.78371869999995],[-45.553514,-23.783831599999928],[-45.55356479999995,-23.783951299999956],[-45.55507079999995,-23.783957699999974],[-45.55495739999998,-23.784113799999943],[-45.554940699999975,-23.784229899999957],[-45.55496189999997,-23.78437349999996],[-45.55522229999997,-23.78494619999998],[-45.55536479999995,-23.785654699999952],[-45.55534479999994,-23.78606119999995],[-45.55528869999995,-23.78621049999998],[-45.555066,-23.786495799999955],[-45.55491749999993,-23.786631799999952],[-45.554651,-23.786795299999937],[-45.55403959999995,-23.786982699999953],[-45.553744,-23.787015399999973],[-45.553434799999934,-23.787007399999936],[-45.553110699999934,-23.786958899999945],[-45.55232709999996,-23.786614],[-45.55202559999998,-23.78654729999994],[-45.55154529999993,-23.78649029999997],[-45.551086199999986,-23.78637],[-45.550428099999976,-23.78594339999995],[-45.55014559999995,-23.785813399999938],[-45.549829399999965,-23.785755799999947],[-45.54950949999994,-23.785756899999967],[-45.54826989999998,-23.786018799999965],[-45.54793189999998,-23.78616],[-45.547722799999974,-23.786422699999946],[-45.547700299999974,-23.786892399999942],[-45.54764789999996,-23.787041599999952],[-45.54750519999993,-23.787186599999927],[-45.547344599999974,-23.78728659999996],[-45.54726729999993,-23.78736809999998],[-45.54725789999998,-23.787463],[-45.54729009999994,-23.78759839999998],[-45.54749709999993,-23.787805399999968],[-45.548033799999985,-23.78824609999998],[-45.54850349999998,-23.78882249999998],[-45.54877759999994,-23.78910149999996],[-45.54944729999994,-23.789676],[-45.549915399999975,-23.790077399999973],[-45.550246699999946,-23.790455599999973],[-45.550382799999966,-23.79086609999996],[-45.55033179999998,-23.791575299999977],[-45.55018249999995,-23.792032],[-45.54996819999997,-23.792443399999968],[-45.54957209999998,-23.793203799999958],[-45.54953419999998,-23.793511],[-45.54965949999996,-23.793713799999978],[-45.550078499999984,-23.794141399999944],[-45.55052279999995,-23.794758499999944],[-45.550774899999965,-23.795186599999965],[-45.551140299999986,-23.795912399999963],[-45.55139139999994,-23.79631349999994],[-45.55164149999996,-23.79649319999993],[-45.55193159999993,-23.796609599999954],[-45.55279669999993,-23.796714899999984],[-45.553165899999954,-23.79696189999993],[-45.554265,-23.796937899999932],[-45.55438359999994,-23.79693679999997],[-45.55445179999998,-23.79688029999994],[-45.55444659999995,-23.796802799999966],[-45.55442809999994,-23.796745899999962],[-45.55440219999997,-23.796670199999937],[-45.554417599999965,-23.796618699999954],[-45.55446889999996,-23.796555199999943],[-45.55454279999998,-23.796491899999978],[-45.554641199999935,-23.796451099999956],[-45.55472229999998,-23.796468699999934],[-45.554815099999985,-23.796427799999947],[-45.554898599999945,-23.79636439999996],[-45.55495849999994,-23.79630069999996],[-45.554983499999935,-23.796230099999946],[-45.55508409999993,-23.79614959999998],[-45.555163799999946,-23.796087899999975],[-45.555194599999936,-23.795996499999944],[-45.55520279999996,-23.795906799999955],[-45.555226199999936,-23.79580679999998],[-45.55526059999994,-23.795741299999975],[-45.55525559999995,-23.795653199999947],[-45.55521079999994,-23.795582899999943],[-45.55516589999996,-23.795520499999952],[-45.55513449999995,-23.795432199999937],[-45.555125499999974,-23.795371699999976],[-45.55512619999996,-23.795287],[-45.555123299999934,-23.795160899999928],[-45.55515589999993,-23.795085],[-45.55514889999995,-23.795014299999934],[-45.555448,-23.794816399999945],[-45.55658059999996,-23.79411369999997],[-45.558108199999936,-23.793265799999972],[-45.559187,-23.792886299999964],[-45.56019549999996,-23.79253159999996],[-45.562369099999955,-23.79208719999997],[-45.56542239999993,-23.791992599999958],[-45.567261299999984,-23.79205989999997],[-45.56846209999998,-23.792103899999972],[-45.57198649999998,-23.792214599999966],[-45.57549009999997,-23.792294699999957],[-45.579512299999976,-23.792328399999974],[-45.58317549999998,-23.792385299999978],[-45.586460699999975,-23.792506]]],[[[-45.60578089999996,-23.762366199999974],[-45.60570169999994,-23.762411699999973],[-45.60562059999995,-23.762507699999958],[-45.60561229999996,-23.762612499999932],[-45.60563129999997,-23.76269549999995],[-45.60575149999994,-23.763010299999962],[-45.60583809999997,-23.76326739999996],[-45.605843799999946,-23.763433499999962],[-45.60581579999996,-23.76354749999996],[-45.605736899999954,-23.763656199999957],[-45.605616699999985,-23.763765899999953],[-45.605484599999954,-23.763849499999935],[-45.60534439999998,-23.76388259999993],[-45.604774599999985,-23.76396029999995],[-45.60473039999994,-23.763966299999936],[-45.60419019999995,-23.76406869999994],[-45.604113799999936,-23.76411319999994],[-45.604067,-23.764165799999944],[-45.60408129999996,-23.764290399999936],[-45.60413479999994,-23.764398599999936],[-45.604816,-23.765289199999927],[-45.60487479999995,-23.76547409999995],[-45.60483809999994,-23.76561429999998],[-45.60476019999993,-23.765732],[-45.604598899999985,-23.765872599999966],[-45.604371699999945,-23.765967399999965],[-45.60383559999997,-23.766122199999927],[-45.60372509999996,-23.766208399999982],[-45.603682599999956,-23.766305199999977],[-45.60367749999995,-23.766317],[-45.603691099999935,-23.766512],[-45.603804,-23.766728399999977],[-45.60437849999994,-23.767444199999943],[-45.60469709999995,-23.768012],[-45.60475319999995,-23.76825109999993],[-45.60474059999996,-23.76850129999997],[-45.604719099999954,-23.768729899999983],[-45.60462959999995,-23.768896499999983],[-45.60451139999998,-23.76902789999997],[-45.60430109999993,-23.769166],[-45.604068,-23.769269],[-45.60379619999998,-23.769297199999983],[-45.60354579999995,-23.769254799999942],[-45.602823299999955,-23.768994799999973],[-45.60158,-23.768386299999975],[-45.60033119999997,-23.767861899999957],[-45.599901,-23.767564599999957],[-45.59932629999997,-23.767010399999947],[-45.59914539999994,-23.766719399999943],[-45.598933099999954,-23.766218],[-45.598828399999945,-23.766069399999935],[-45.59869029999993,-23.765934499999958],[-45.59852119999994,-23.765865599999927],[-45.59814319999998,-23.765831799999944],[-45.597878099999946,-23.76579849999996],[-45.597739399999966,-23.76572859999993],[-45.59764469999993,-23.765610599999945],[-45.59756289999996,-23.765321],[-45.59750059999993,-23.765210199999956],[-45.59739239999993,-23.76516],[-45.59723349999996,-23.765179599999954],[-45.59698129999998,-23.765188699999953],[-45.596707299999935,-23.765147299999967],[-45.596295,-23.76489689999994],[-45.59576329999993,-23.76472549999994],[-45.595568399999934,-23.76459619999997],[-45.595482,-23.76436709999996],[-45.595397,-23.76425269999993],[-45.59528009999997,-23.76421249999993],[-45.595147699999984,-23.764232899999968],[-45.594638799999984,-23.764332399999944],[-45.59408449999995,-23.764371599999947],[-45.593807399999946,-23.76429589999998],[-45.593555599999945,-23.76416949999998],[-45.59288249999997,-23.763753],[-45.59262769999998,-23.763622099999964],[-45.59238409999995,-23.763569699999948],[-45.59211119999998,-23.76353739999996],[-45.591321,-23.763491599999952],[-45.590494699999965,-23.76351379999994],[-45.589952299999936,-23.763357799999937],[-45.58943809999994,-23.763131199999975],[-45.58889869999996,-23.763000499999976],[-45.58865289999994,-23.76289479999997],[-45.58817369999997,-23.762613099999953],[-45.58795259999994,-23.762544399999967],[-45.58713419999998,-23.762549299999932],[-45.58687589999994,-23.76250779999998],[-45.586692,-23.76242],[-45.58659929999993,-23.762322799999936],[-45.586541899999986,-23.76221819999995],[-45.586485299999936,-23.76205589999995],[-45.58647659999997,-23.76187249999998],[-45.58643379999995,-23.76173629999994],[-45.58630089999997,-23.76165459999993],[-45.586064299999975,-23.761632899999938],[-45.58582579999995,-23.761614],[-45.58561039999995,-23.76153009999996],[-45.58558689999995,-23.761521],[-45.585339799999986,-23.761349399999972],[-45.585117399999945,-23.761217399999964],[-45.58480549999996,-23.761028],[-45.58451259999998,-23.76092979999993],[-45.58412489999995,-23.760905099999945],[-45.583699399999944,-23.760782],[-45.58321959999995,-23.760572499999967],[-45.58270969999995,-23.760442499999954],[-45.582686699999954,-23.76043969999995],[-45.58196049999998,-23.760351399999934],[-45.581458399999974,-23.760194299999966],[-45.58071669999998,-23.760020099999963],[-45.58046639999998,-23.75999939999997],[-45.57997489999997,-23.760043699999983],[-45.57961459999996,-23.760001699999975],[-45.57926729999997,-23.75980149999998],[-45.57918979999994,-23.759806399999945],[-45.57909029999996,-23.759947599999975],[-45.57903729999998,-23.760155599999962],[-45.57902259999997,-23.76038959999994],[-45.57904709999997,-23.760615299999984],[-45.579183,-23.76093629999997],[-45.57947339999998,-23.761149299999943],[-45.579908099999955,-23.761344599999973],[-45.580466299999955,-23.761527599999965],[-45.58097619999995,-23.761658499999953],[-45.58146679999993,-23.76186619999993],[-45.581655,-23.762038899999936],[-45.58177379999995,-23.762278699999968],[-45.581722199999945,-23.762819],[-45.58173469999997,-23.76295989999994],[-45.58180159999995,-23.763001199999962],[-45.581934099999955,-23.763022399999954],[-45.58218419999997,-23.76297169999998],[-45.58243449999998,-23.76298529999997],[-45.58277439999995,-23.763069799999982],[-45.583078899999975,-23.763364],[-45.58352049999996,-23.76401169999997],[-45.58376459999994,-23.764179699999943],[-45.58426919999994,-23.764431599999966],[-45.584441399999946,-23.76454659999996],[-45.584515599999975,-23.76466279999994],[-45.58454859999995,-23.764818899999966],[-45.58457009999995,-23.765004],[-45.584581699999944,-23.76519909999996],[-45.58462439999994,-23.765296499999977],[-45.584763,-23.765344699999957],[-45.58488959999994,-23.765354199999933],[-45.58499559999996,-23.765343799999982],[-45.58531309999995,-23.76524509999996],[-45.58555639999997,-23.765224299999943],[-45.58576859999994,-23.765272299999936],[-45.58596019999993,-23.76534019999997],[-45.58626209999994,-23.765462799999966],[-45.586540499999956,-23.76561529999998],[-45.58722169999993,-23.76608779999998],[-45.588057,-23.76677829999994],[-45.589395199999956,-23.76777759999993],[-45.589643,-23.76788769999996],[-45.59042629999993,-23.76791989999998],[-45.590793099999985,-23.76808649999998],[-45.59137009999995,-23.768726499999957],[-45.591746599999965,-23.76908459999993],[-45.591980699999965,-23.769193],[-45.59251519999998,-23.769336299999964],[-45.59278169999993,-23.76945089999998],[-45.593007299999954,-23.76963429999995],[-45.59318289999993,-23.769845],[-45.59342669999995,-23.770358],[-45.59350459999996,-23.770444399999974],[-45.593709599999954,-23.77041739999993],[-45.593979,-23.770317],[-45.59422239999998,-23.770308899999975],[-45.59450339999995,-23.770378199999982],[-45.594736799999964,-23.77056159999995],[-45.59490349999993,-23.770745199999965],[-45.59509909999997,-23.771037099999944],[-45.595209299999965,-23.771298599999966],[-45.595343,-23.771777699999973],[-45.59548239999998,-23.77201919999993],[-45.59579139999994,-23.772298399999954],[-45.595885599999974,-23.772407699999974],[-45.59597119999995,-23.772460799999976],[-45.59611549999994,-23.77267519999998],[-45.59633549999995,-23.77335],[-45.59648409999994,-23.773443399999962],[-45.59662069999996,-23.773479],[-45.597227,-23.773440499999936],[-45.59754369999996,-23.77359009999998],[-45.59773689999997,-23.773975],[-45.597785199999976,-23.774457199999972],[-45.59785009999996,-23.774704399999962],[-45.597983699999986,-23.77494859999996],[-45.59819559999994,-23.775142],[-45.598379499999965,-23.775213599999972],[-45.59865039999994,-23.775210699999946],[-45.59893069999998,-23.77512829999995],[-45.59977649999996,-23.774656299999947],[-45.60001379999994,-23.774625499999956],[-45.600102299999946,-23.774657699999977],[-45.60033279999993,-23.774836599999958],[-45.60041479999995,-23.775005299999975],[-45.60046159999996,-23.77510159999997],[-45.60046269999998,-23.775346399999933],[-45.60035809999994,-23.776073],[-45.60036709999997,-23.776317699999936],[-45.60040679999997,-23.77641239999997],[-45.60057879999994,-23.776474099999973],[-45.60074659999998,-23.776467099999934],[-45.600910699999986,-23.776513399999942],[-45.60102429999995,-23.776680099999965],[-45.601094,-23.776883],[-45.60125949999997,-23.777013299999965],[-45.60138429999995,-23.777049],[-45.60151579999996,-23.777054799999974],[-45.601648,-23.776990199999943],[-45.60195379999993,-23.77667459999998],[-45.602324899999985,-23.776271299999962],[-45.602399299999945,-23.77624659999998],[-45.602504299999964,-23.776246199999946],[-45.60258619999996,-23.776321699999983],[-45.602594299999964,-23.77638849999994],[-45.60258859999993,-23.776640499999928],[-45.60251469999997,-23.77700939999994],[-45.60254579999997,-23.77713929999993],[-45.60265039999996,-23.77727619999996],[-45.60275589999998,-23.777372399999933],[-45.602752399999986,-23.777453399999956],[-45.602850699999976,-23.777413199999955],[-45.60289749999998,-23.777433299999927],[-45.60308119999996,-23.77746869999993],[-45.60362109999994,-23.77748189999994],[-45.60388659999995,-23.777593799999977],[-45.60414659999998,-23.777787899999964],[-45.60455579999996,-23.778228299999967],[-45.60456379999994,-23.778236899999968],[-45.60486529999997,-23.778487799999937],[-45.60511109999993,-23.77858249999997],[-45.605385199999944,-23.778640199999927],[-45.60591329999994,-23.778667],[-45.60646639999993,-23.778777699999978],[-45.60676149999995,-23.778924699999948],[-45.60699789999995,-23.779091799999946],[-45.60721309999997,-23.77936459999995],[-45.60730149999995,-23.779593699999964],[-45.60733309999995,-23.77984829999997],[-45.60721829999994,-23.78027409999993],[-45.60721859999995,-23.78034279999997],[-45.60722089999996,-23.78041049999996],[-45.60726439999996,-23.780466299999944],[-45.60731649999997,-23.78049409999994],[-45.60743619999994,-23.780493699999965],[-45.60760779999998,-23.78044509999995],[-45.60808119999996,-23.780309599999953],[-45.608414299999936,-23.780174599999953],[-45.60859369999997,-23.780132299999934],[-45.60874669999998,-23.780115499999965],[-45.60886859999994,-23.78014749999994],[-45.609068,-23.78018919999994],[-45.60923239999994,-23.780290599999944],[-45.60936349999997,-23.78040479999993],[-45.609356899999966,-23.780429],[-45.609528299999965,-23.780624899999964],[-45.60998449999994,-23.781410299999948],[-45.610023299999966,-23.781738],[-45.609826,-23.782311],[-45.60980059999997,-23.782384699999966],[-45.60982919999998,-23.78245309999994],[-45.609929,-23.78267],[-45.61001989999994,-23.78276109999996],[-45.610107599999935,-23.782833599999947],[-45.610217,-23.78289069999994],[-45.61035609999993,-23.78291379999996],[-45.61042759999998,-23.78293709999997],[-45.61059549999993,-23.78299579999998],[-45.611221599999965,-23.782754799999964],[-45.611579,-23.782785],[-45.61174159999996,-23.78291809999996],[-45.61186329999998,-23.78313259999993],[-45.611876,-23.78353169999997],[-45.61179419999996,-23.783685599999956],[-45.61152279999993,-23.78399559999997],[-45.611267399999974,-23.784151899999983],[-45.61094319999995,-23.78429589999996],[-45.61072629999995,-23.784517199999982],[-45.61079239999998,-23.784787],[-45.611009199999955,-23.784978499999966],[-45.61119609999997,-23.785078899999974],[-45.61140809999995,-23.785272299999974],[-45.610815199999934,-23.786077],[-45.611689,-23.786672099999976],[-45.61256679999997,-23.785742899999946],[-45.61264769999997,-23.785260499999936],[-45.61296489999995,-23.785093599999982],[-45.61329619999998,-23.78499919999996],[-45.61370169999998,-23.785020199999963],[-45.614107299999944,-23.78527509999998],[-45.61439439999998,-23.78538869999994],[-45.614621899999975,-23.78535249999993],[-45.61484219999994,-23.785237],[-45.615149,-23.785134599999935],[-45.61524229999998,-23.785152299999936],[-45.615407,-23.785329499999932],[-45.61547679999995,-23.78554689999993],[-45.61547,-23.785784499999977],[-45.61536179999996,-23.786134499999946],[-45.61510839999994,-23.78652029999995],[-45.615014299999984,-23.78676539999998],[-45.61498409999996,-23.787022099999945],[-45.615021799999965,-23.787510599999962],[-45.61495409999998,-23.78773929999994],[-45.61462419999998,-23.788335899999936],[-45.614593,-23.78858889999998],[-45.61468739999998,-23.788841399999967],[-45.61510109999995,-23.789348299999972],[-45.61518189999998,-23.78963159999995],[-45.615178199999946,-23.78970929999997],[-45.61532949999997,-23.789800299999968],[-45.61531969999993,-23.78999669999996],[-45.615349599999945,-23.790197199999966],[-45.615425,-23.790196899999955],[-45.61570859999995,-23.790182199999947],[-45.61597789999996,-23.790236299999947],[-45.616128199999935,-23.790342899999928],[-45.616247699999974,-23.79042759999993],[-45.616261899999984,-23.79043939999997],[-45.616398,-23.79053529999993],[-45.616579299999955,-23.790685399999973],[-45.616645699999935,-23.790728599999966],[-45.61681579999998,-23.79079109999998],[-45.61704549999996,-23.790796499999942],[-45.617278899999974,-23.790759399999956],[-45.617974499999946,-23.790483],[-45.61852529999993,-23.790310099999942],[-45.618976799999984,-23.79029289999994],[-45.61922529999998,-23.79033439999995],[-45.61945559999998,-23.790457199999935],[-45.61962029999995,-23.79062629999993],[-45.61967629999998,-23.790855499999964],[-45.619656099999986,-23.791147299999977],[-45.61968859999996,-23.791368499999976],[-45.61974609999993,-23.791498299999944],[-45.619897599999945,-23.791566399999965],[-45.620082199999956,-23.79157559999993],[-45.62057489999995,-23.79136669999997],[-45.620843699999966,-23.79132949999996],[-45.620952699999975,-23.791343499999982],[-45.62109439999995,-23.791407099999958],[-45.62128259999997,-23.791558099999975],[-45.621393499999954,-23.791758199999947],[-45.621482499999956,-23.792110099999945],[-45.62172859999998,-23.79226979999993],[-45.62198289999998,-23.792270599999938],[-45.62255,-23.792017199999975],[-45.62278259999994,-23.79201269999993],[-45.62309229999994,-23.79212609999996],[-45.623207699999966,-23.792236799999955],[-45.62332969999994,-23.792503599999975],[-45.62335559999997,-23.792792599999927],[-45.62322919999997,-23.79344969999994],[-45.6231,-23.793930699999976],[-45.62280879999997,-23.794426],[-45.62230359999995,-23.795097299999952],[-45.62205759999995,-23.795596],[-45.62191869999998,-23.796112299999947],[-45.621863,-23.79658489999997],[-45.621966499999985,-23.797086599999943],[-45.622225,-23.79755979999993],[-45.62242639999994,-23.79780829999993],[-45.623111499999936,-23.798412499999984],[-45.62336129999994,-23.798710399999948],[-45.62346349999996,-23.798946599999965],[-45.62352529999998,-23.799336599999947],[-45.62350209999994,-23.799427],[-45.62335989999997,-23.79966419999994],[-45.623139899999956,-23.799843899999928],[-45.622820599999955,-23.799992499999973],[-45.62226279999993,-23.800151899999946],[-45.62193369999994,-23.80029769999993],[-45.62168559999998,-23.800557],[-45.621640199999945,-23.80070079999996],[-45.62162129999996,-23.801061299999958],[-45.621681799999976,-23.80120459999995],[-45.62204829999996,-23.801689099999976],[-45.622145699999976,-23.801940699999932],[-45.62211679999996,-23.802264199999968],[-45.621939699999984,-23.802388599999972],[-45.621663199999944,-23.80244209999995],[-45.62162009999997,-23.80253339999996],[-45.62244949999996,-23.804255599999976],[-45.622798099999955,-23.80502],[-45.62290889999997,-23.805079099999944],[-45.62296879999997,-23.805093899999974],[-45.62310679999996,-23.805081299999983],[-45.62318929999998,-23.80500539999997],[-45.62324709999996,-23.804952899999932],[-45.62332329999998,-23.804852],[-45.62335329999996,-23.80477209999998],[-45.623278899999946,-23.804668899999967],[-45.623257499999966,-23.80453659999995],[-45.62323669999995,-23.80446479999995],[-45.62326649999994,-23.804370199999937],[-45.62334229999993,-23.80431779999998],[-45.62345279999994,-23.804290799999933],[-45.62347809999994,-23.804234],[-45.62354019999998,-23.804204599999935],[-45.62361139999996,-23.804158299999983],[-45.62373569999994,-23.804164699999944],[-45.623800399999936,-23.804116299999976],[-45.62378649999994,-23.803998499999977],[-45.623712499999954,-23.803912399999945],[-45.62366609999998,-23.803864199999964],[-45.62360549999994,-23.803703],[-45.62359819999995,-23.80358819999998],[-45.62357949999995,-23.803517299999953],[-45.62352889999994,-23.80347919999997],[-45.62348489999994,-23.803374299999973],[-45.62346609999997,-23.803227799999945],[-45.62353469999994,-23.80316149999993],[-45.62356689999996,-23.80303189999995],[-45.62362159999998,-23.802908799999955],[-45.62366479999997,-23.802854499999967],[-45.62377619999995,-23.802752099999964],[-45.62385829999994,-23.802643299999943],[-45.623956299999975,-23.802555199999972],[-45.624095799999964,-23.80244149999993],[-45.624100399999975,-23.802295],[-45.624150199999974,-23.802253899999982],[-45.624235,-23.80221839999996],[-45.62425559999997,-23.80218689999998],[-45.62430379999995,-23.802161799999965],[-45.62445769999994,-23.802202],[-45.62451759999993,-23.80223579999995],[-45.62457509999996,-23.802229599999976],[-45.62465549999996,-23.80215809999993],[-45.62474069999996,-23.802143499999943],[-45.624874499999976,-23.802179499999966],[-45.62490189999994,-23.802124799999945],[-45.62484869999997,-23.802017399999954],[-45.624712399999964,-23.801916399999982],[-45.624638499999946,-23.801838699999962],[-45.62467269999996,-23.801777899999934],[-45.62476179999993,-23.80168569999995],[-45.62485319999996,-23.801633299999935],[-45.624972199999945,-23.801576799999964],[-45.62502009999997,-23.801539099999957],[-45.625105099999985,-23.801530699999944],[-45.62516709999994,-23.801520099999948],[-45.62521339999995,-23.80154509999994],[-45.62524569999994,-23.801540899999964],[-45.62528459999993,-23.801505299999974],[-45.62535679999996,-23.80138439999996],[-45.62552809999994,-23.801364],[-45.62569309999998,-23.801359899999966],[-45.625904,-23.801310199999932],[-45.62601189999998,-23.80119689999998],[-45.626129,-23.801077],[-45.62620469999996,-23.80093839999995],[-45.62624129999995,-23.80080179999993],[-45.62626979999993,-23.80064029999994],[-45.62632479999996,-23.80048279999994],[-45.62640959999993,-23.80027289999998],[-45.62654039999995,-23.800193499999978],[-45.626561,-23.800063399999942],[-45.62661849999995,-23.79999209999994],[-45.62658159999995,-23.79985769999996],[-45.626469,-23.799731899999983],[-45.62638879999997,-23.799595799999963],[-45.62638419999996,-23.799522499999966],[-45.626278799999966,-23.79946629999995],[-45.626235399999985,-23.799443399999973],[-45.626178299999935,-23.79935789999996],[-45.62620789999994,-23.799288699999977],[-45.62620569999996,-23.799223799999936],[-45.62632729999996,-23.79902359999994],[-45.62627239999995,-23.798918799999967],[-45.62618359999993,-23.798880699999927],[-45.62608809999995,-23.79884679999998],[-45.62603119999994,-23.79874689999997],[-45.62589779999996,-23.79858839999997],[-45.625822899999946,-23.79844449999996],[-45.625736899999936,-23.798389699999973],[-45.62564329999998,-23.798307499999964],[-45.625575899999944,-23.798208199999976],[-45.625504699999965,-23.798098599999946],[-45.62540729999995,-23.79799239999994],[-45.625309899999934,-23.797886199999937],[-45.625193699999954,-23.79775939999996],[-45.62508309999998,-23.797646499999928],[-45.624967,-23.797506],[-45.62489579999993,-23.797355299999936],[-45.624802099999954,-23.79716],[-45.62472319999995,-23.796971499999927],[-45.62459949999993,-23.79677609999993],[-45.62448729999994,-23.79674529999994],[-45.62434129999997,-23.796591099999944],[-45.62421509999996,-23.79624629999995],[-45.624109799999985,-23.79607119999997],[-45.624049799999966,-23.79583139999994],[-45.624162499999954,-23.795595],[-45.62422989999993,-23.795440799999938],[-45.624204099999986,-23.795338499999957],[-45.62436189999994,-23.795297],[-45.62438079999998,-23.795297],[-45.62460319999997,-23.79532729999994],[-45.62470469999994,-23.79522769999994],[-45.62462889999995,-23.795128499999976],[-45.62454189999994,-23.795046699999943],[-45.62453739999995,-23.794940899999972],[-45.62472239999994,-23.794977699999947],[-45.62485859999998,-23.795004499999948],[-45.62505489999995,-23.795003899999983],[-45.625198299999965,-23.79497609999993],[-45.625341799999944,-23.79492419999997],[-45.62550479999993,-23.794903],[-45.62572279999995,-23.79485169999998],[-45.62580559999998,-23.79478279999995],[-45.62563259999996,-23.794669099999965],[-45.62555359999993,-23.794545099999937],[-45.625396,-23.794407399999955],[-45.625268699999936,-23.794300799999974],[-45.62519069999996,-23.79426],[-45.62509739999996,-23.794213],[-45.625033299999984,-23.79412469999994],[-45.62500739999996,-23.794006899999943],[-45.62502619999998,-23.79384209999995],[-45.624981,-23.793677199999934],[-45.624898,-23.79361849999998],[-45.624878799999976,-23.793518399999982],[-45.62481509999998,-23.793353799999977],[-45.624745099999984,-23.79317169999996],[-45.624631,-23.79301369999996],[-45.624561,-23.79282009999997],[-45.62456039999995,-23.792672899999957],[-45.62462369999997,-23.792554699999982],[-45.62464909999994,-23.79237219999993],[-45.624744,-23.792182599999933],[-45.62479519999994,-23.79204119999997],[-45.62468019999994,-23.791929299999936],[-45.62460349999998,-23.791799899999944],[-45.62450779999995,-23.791653],[-45.62450789999997,-23.79148859999998],[-45.62464219999998,-23.791376699999944],[-45.62476419999996,-23.791300199999966],[-45.624828899999955,-23.791106299999967],[-45.625105,-23.79106479999996],[-45.62527849999998,-23.79105279999993],[-45.62545209999996,-23.79102309999996],[-45.62569659999997,-23.790993499999956],[-45.625928399999964,-23.790975499999945],[-45.626141,-23.790939899999955],[-45.626315,-23.79090439999993],[-45.62648909999996,-23.790910099999962],[-45.626663399999984,-23.790951099999972],[-45.62680539999997,-23.790962699999966],[-45.626966799999934,-23.790944899999943],[-45.62707,-23.790938899999958],[-45.62701189999996,-23.790832799999976],[-45.62702479999996,-23.790714899999955],[-45.62710869999995,-23.790638099999967],[-45.62727659999996,-23.790714699999967],[-45.62740569999994,-23.790814799999964],[-45.62752849999998,-23.790738],[-45.627522,-23.79061409999997],[-45.62744449999997,-23.790425399999947],[-45.62734119999993,-23.790372399999967],[-45.627199099999984,-23.790337199999954],[-45.626979699999936,-23.79024309999994],[-45.62686359999998,-23.79013109999994],[-45.626689399999975,-23.790066499999966],[-45.62656689999994,-23.789978099999928],[-45.62632189999994,-23.789907699999958],[-45.62617359999996,-23.78990209999995],[-45.62601259999997,-23.789843099999928],[-45.62585149999995,-23.789778299999966],[-45.62570329999994,-23.78979039999996],[-45.62545209999996,-23.789885599999934],[-45.625307,-23.789940199999933],[-45.62513729999995,-23.789940099999967],[-45.62497639999998,-23.78963219999997],[-45.62491359999996,-23.789459499999964],[-45.62487949999996,-23.789350299999967],[-45.62484969999997,-23.78926839999997],[-45.624836899999934,-23.78918249999998],[-45.62483609999998,-23.78907929999997],[-45.62483179999998,-23.788946799999962],[-45.62484019999994,-23.78883769999993],[-45.62484029999996,-23.788763399999937],[-45.62485309999994,-23.788689099999942],[-45.62484879999994,-23.78861489999997],[-45.624861599999974,-23.788540599999976],[-45.624870199999975,-23.78847419999994],[-45.624887299999955,-23.78841559999995],[-45.624900099999934,-23.788357],[-45.62492139999995,-23.78830229999994],[-45.624938499999985,-23.788243699999953],[-45.624947,-23.78818519999993],[-45.62496829999998,-23.788122699999974],[-45.624993899999936,-23.78806409999993],[-45.62500669999997,-23.78800949999993],[-45.62503229999993,-23.787954799999966],[-45.62505369999997,-23.787896299999943],[-45.62506539999998,-23.787832399999957],[-45.62508969999993,-23.78776769999996],[-45.62512289999995,-23.78770309999993],[-45.625147099999936,-23.787656599999934],[-45.62519139999995,-23.787612299999978],[-45.62522219999994,-23.78752949999995],[-45.625275199999976,-23.78744869999997],[-45.62531489999998,-23.787390199999948],[-45.625359,-23.78734369999995],[-45.62538329999995,-23.787293199999965],[-45.625423,-23.787248699999964],[-45.62545389999997,-23.787198199999978],[-45.62549809999996,-23.787141599999927],[-45.62551569999994,-23.787101199999938],[-45.62555349999997,-23.787067599999943],[-45.62559109999995,-23.787015099999962],[-45.62564619999995,-23.786960499999964],[-45.625699199999985,-23.786889799999983],[-45.625752199999965,-23.786831199999938],[-45.62580959999997,-23.78677259999995],[-45.62584059999995,-23.78673219999996],[-45.62588479999994,-23.786679599999957],[-45.62591569999995,-23.786649299999965],[-45.62594219999994,-23.786616899999956],[-45.62597979999998,-23.78657439999995],[-45.62601509999996,-23.786536],[-45.62606819999996,-23.786483499999974],[-45.62614329999997,-23.78642279999997],[-45.62618749999996,-23.786378299999967],[-45.626249299999984,-23.786305599999935],[-45.62629789999994,-23.78626029999998],[-45.62634129999998,-23.786216799999977],[-45.62639959999996,-23.786170199999958],[-45.62647249999998,-23.78608349999996],[-45.626552699999934,-23.786010199999964],[-45.626662,-23.78590349999996],[-45.62676309999995,-23.785830199999964],[-45.626845199999934,-23.785763499999973],[-45.62694619999996,-23.78570339999993],[-45.627022899999986,-23.785655],[-45.62709129999996,-23.785588299999972],[-45.62720529999996,-23.78551319999997],[-45.627319299999954,-23.785454799999968],[-45.62746529999998,-23.78537129999995],[-45.62757929999998,-23.785296199999948],[-45.62770119999993,-23.78524],[-45.62787449999996,-23.78514389999998],[-45.62796559999998,-23.785102199999983],[-45.62824779999994,-23.78498079999997],[-45.628501,-23.78490979999998],[-45.628710799999965,-23.784838899999954],[-45.628956899999935,-23.784738799999957],[-45.629175799999985,-23.784680299999934],[-45.62932619999998,-23.784609399999965],[-45.62942149999998,-23.78456769999997],[-45.629594699999984,-23.784521799999936],[-45.62971779999998,-23.78447589999996],[-45.629854499999965,-23.784442599999977],[-45.62997749999994,-23.78440919999997],[-45.630118799999934,-23.784359199999983],[-45.63020529999994,-23.78433],[-45.63033749999994,-23.78428409999998],[-45.63044229999997,-23.78426319999994],[-45.630588099999954,-23.784234],[-45.630683799999986,-23.784209],[-45.630825,-23.784171399999934],[-45.63098,-23.78412549999996],[-45.63114409999997,-23.784079599999927],[-45.63131729999998,-23.784029499999974],[-45.63156349999997,-23.783967],[-45.631659199999945,-23.783929399999977],[-45.631782199999975,-23.783896099999936],[-45.631916899999965,-23.783865],[-45.63216309999996,-23.783802299999934],[-45.632318099999964,-23.78376469999995],[-45.63245939999996,-23.783739699999956],[-45.632664499999976,-23.78370629999995],[-45.63282849999996,-23.783685399999968],[-45.632969799999955,-23.783668699999964],[-45.63308829999994,-23.78364369999997],[-45.633092799999986,-23.783639499999936],[-45.633288799999946,-23.783610299999964],[-45.63345739999994,-23.783610299999964],[-45.63362139999998,-23.78358929999996],[-45.633830899999964,-23.78356839999998],[-45.63396759999995,-23.78356009999993],[-45.63409969999998,-23.78355179999994],[-45.634263799999985,-23.783539299999973],[-45.63441419999998,-23.783526799999947],[-45.63455659999994,-23.783492799999976],[-45.63478,-23.783447],[-45.63501249999996,-23.78343469999993],[-45.63518579999993,-23.78341809999995],[-45.63542719999998,-23.783392899999967],[-45.635600299999965,-23.783359399999938],[-45.635700499999984,-23.783359299999972],[-45.63586879999997,-23.783325699999978],[-45.63608249999993,-23.783329599999945],[-45.63631849999996,-23.783308399999953],[-45.63651379999993,-23.783320699999933],[-45.63664879999993,-23.783316599999978],[-45.636768,-23.78330569999997],[-45.636911199999986,-23.783316699999943],[-45.63704249999995,-23.78333129999993],[-45.63726509999998,-23.783335],[-45.63746059999994,-23.783353199999965],[-45.63764,-23.78336409999997],[-45.63778949999994,-23.78336769999993],[-45.63792909999995,-23.783378699999957],[-45.63808059999997,-23.783389599999964],[-45.638272,-23.783375],[-45.638415399999985,-23.78334209999997],[-45.63855449999994,-23.783294799999965],[-45.63866169999994,-23.78326569999996],[-45.63877009999993,-23.78334579999995],[-45.638885899999934,-23.78338949999994],[-45.639065399999936,-23.78344059999995],[-45.639185199999986,-23.783480699999927],[-45.63930119999998,-23.783539],[-45.63945729999995,-23.78360109999994],[-45.63958549999995,-23.78367049999997],[-45.63972209999997,-23.783705699999928],[-45.63988589999997,-23.783771499999943],[-45.64002179999994,-23.783819],[-45.64013789999996,-23.783851899999945],[-45.640262,-23.78389949999996],[-45.64037039999994,-23.783958],[-45.64049069999993,-23.78399829999995],[-45.640598799999964,-23.784020299999952],[-45.64071889999997,-23.784027699999967],[-45.640863,-23.78407889999994],[-45.640987,-23.784071599999947],[-45.64112709999995,-23.78407889999994],[-45.64118719999993,-23.784053299999982],[-45.64125919999998,-23.784075299999927],[-45.641398299999935,-23.784114],[-45.64151829999997,-23.784212799999978],[-45.64162229999994,-23.784300599999938],[-45.64162639999995,-23.784388399999955],[-45.64151839999994,-23.78438479999994],[-45.64146249999993,-23.784425099999964],[-45.64147449999996,-23.78450559999993],[-45.641602499999976,-23.784575099999927],[-45.64176649999996,-23.784622599999977],[-45.64188649999994,-23.784608],[-45.64200249999993,-23.78457869999994],[-45.64213049999995,-23.78457869999994],[-45.64216249999998,-23.784487199999944],[-45.642138399999965,-23.784366399999954],[-45.642082399999936,-23.784275],[-45.64199039999994,-23.78422009999997],[-45.64185439999994,-23.78416889999994],[-45.641778399999964,-23.784132299999953],[-45.64162229999994,-23.78406279999996],[-45.64151409999994,-23.783956699999976],[-45.641378,-23.783876199999952],[-45.64140179999998,-23.78375189999997],[-45.64142949999996,-23.783623899999952],[-45.64143539999998,-23.783423899999946],[-45.64135529999993,-23.783314099999927],[-45.64125109999998,-23.783244499999967],[-45.64113889999993,-23.783171299999935],[-45.64106689999994,-23.78309809999996],[-45.64103079999995,-23.783010499999932],[-45.640966799999944,-23.78290819999995],[-45.64095069999996,-23.782817],[-45.64090669999996,-23.782718399999965],[-45.64083879999998,-23.78264189999993],[-45.640790799999934,-23.782525299999975],[-45.64074949999997,-23.78237439999998],[-45.64067389999997,-23.782275699999957],[-45.64063809999993,-23.78218819999995],[-45.640602299999955,-23.78209329999993],[-45.640626199999986,-23.78197679999994],[-45.64064209999998,-23.781893],[-45.64069779999994,-23.781831099999977],[-45.640793299999984,-23.781751],[-45.64087289999998,-23.78166719999996],[-45.640948599999945,-23.78161259999996],[-45.64102819999994,-23.781536],[-45.64101229999994,-23.78145589999997],[-45.640995499999974,-23.78136369999993],[-45.641099199999985,-23.781250799999953],[-45.641191,-23.781185299999947],[-45.64125089999993,-23.781068799999957],[-45.641331099999945,-23.780948499999965],[-45.641319,-23.78080989999995],[-45.64127479999996,-23.780718699999966],[-45.641298699999936,-23.780547],[-45.64130269999998,-23.78042659999994],[-45.64131069999996,-23.780302699999936],[-45.64137079999995,-23.780178699999965],[-45.64146679999993,-23.780094799999972],[-45.64149889999993,-23.779957199999956],[-45.64154629999996,-23.77971969999993],[-45.64160169999997,-23.779548],[-45.64166149999994,-23.779438599999935],[-45.64169339999995,-23.77936559999995],[-45.641596799999945,-23.77926329999997],[-45.64159659999996,-23.779161199999976],[-45.641592499999945,-23.779051899999956],[-45.641544299999964,-23.778938899999957],[-45.64154019999995,-23.778858799999966],[-45.64153609999994,-23.778771399999982],[-45.64163629999996,-23.778727599999968],[-45.64178069999997,-23.77868719999998],[-45.641925399999934,-23.778679599999975],[-45.64208219999995,-23.778730499999938],[-45.642218699999944,-23.778829],[-45.64234719999996,-23.778935],[-45.64245969999996,-23.77888009999998],[-45.64247979999993,-23.778788599999928],[-45.64242349999995,-23.77867169999996],[-45.64241169999997,-23.778522599999974],[-45.64232739999994,-23.77840539999994],[-45.642267199999935,-23.77836149999996],[-45.642197599999974,-23.778213299999948],[-45.64236549999998,-23.778094599999974],[-45.642698199999984,-23.777907599999935],[-45.64311849999996,-23.777726299999983],[-45.64360349999998,-23.777592399999946],[-45.64421169999997,-23.777514399999973],[-45.64481989999996,-23.77750459999993],[-45.64539909999996,-23.77754219999997],[-45.645965599999954,-23.777668699999936],[-45.646441599999946,-23.777848499999948],[-45.646389899999974,-23.777916699999935],[-45.64638689999998,-23.778023299999973],[-45.64640319999995,-23.778138799999965],[-45.646413199999984,-23.778289799999982],[-45.646451,-23.778450499999963],[-45.646442899999954,-23.778589499999953],[-45.646434899999974,-23.77871749999997],[-45.64650279999995,-23.77883129999998],[-45.64652279999996,-23.778955699999983],[-45.64655069999998,-23.77903249999997],[-45.64653469999996,-23.779091],[-45.64641089999998,-23.779039799999964],[-45.64634689999997,-23.779006899999956],[-45.646307,-23.77905819999995],[-45.64633089999995,-23.779113],[-45.646382899999935,-23.779186099999947],[-45.646382899999935,-23.779284899999936],[-45.646375,-23.779354499999954],[-45.646367099999964,-23.779446],[-45.646397,-23.779515599999968],[-45.646445,-23.77956679999994],[-45.646521,-23.779607],[-45.646577,-23.77966189999995],[-45.646605,-23.77973869999994],[-45.646681,-23.779753399999947],[-45.646753,-23.77980089999994],[-45.64687289999995,-23.779892399999937],[-45.64699689999998,-23.77995459999994],[-45.647116799999935,-23.77997279999994],[-45.64716069999997,-23.779943499999945],[-45.64732859999998,-23.779991],[-45.647428599999955,-23.780056899999977],[-45.64752859999993,-23.78008609999995],[-45.647652499999936,-23.780100699999934],[-45.64778049999995,-23.78013],[-45.64789259999998,-23.78016669999994],[-45.648004699999944,-23.78016309999998],[-45.64805269999994,-23.780086299999937],[-45.64812079999996,-23.780009399999983],[-45.64810069999993,-23.779885],[-45.64806039999996,-23.779786099999967],[-45.64798419999994,-23.779723799999942],[-45.647891899999934,-23.779643299999975],[-45.64779979999997,-23.779577399999937],[-45.647815599999944,-23.77952609999994],[-45.64787169999994,-23.779515199999935],[-45.64797589999995,-23.77955179999998],[-45.64806809999993,-23.779614099999947],[-45.64820439999994,-23.779606799999954],[-45.648256199999935,-23.779515299999957],[-45.64820009999994,-23.779409199999975],[-45.64815989999994,-23.779343299999937],[-45.648107799999934,-23.77928479999997],[-45.64810769999997,-23.779218899999933],[-45.64815979999997,-23.77916769999996],[-45.64814789999997,-23.77911279999995],[-45.64807589999998,-23.77907259999995],[-45.648058299999946,-23.779005799999936],[-45.648006399999986,-23.778929],[-45.647945499999935,-23.778834899999936],[-45.64796779999995,-23.77872149999996],[-45.64812889999996,-23.77853239999996],[-45.648413699999935,-23.778308699999968],[-45.64878229999994,-23.778136399999937],[-45.64923239999996,-23.777991499999928],[-45.649810299999956,-23.777942499999938],[-45.651397799999984,-23.77806709999993],[-45.653385199999946,-23.778228799999965],[-45.65487559999997,-23.778405],[-45.656414799999936,-23.778715099999943],[-45.65822869999994,-23.778973],[-45.658281399999964,-23.779045],[-45.65834449999994,-23.779152499999952],[-45.65837319999997,-23.779239099999927],[-45.65839079999995,-23.77933889999997],[-45.658442599999944,-23.779433499999982],[-45.65850309999996,-23.77954649999998],[-45.65862679999998,-23.779625799999963],[-45.658707299999946,-23.77977029999994],[-45.65881939999997,-23.77990959999994],[-45.658982899999955,-23.779980299999977],[-45.65909759999994,-23.780053799999962],[-45.65920079999995,-23.78013509999994],[-45.659260899999936,-23.780182199999956],[-45.659298099999944,-23.78023989999997],[-45.659369599999934,-23.78032369999994],[-45.65946109999993,-23.780433699999946],[-45.65951559999996,-23.780525499999953],[-45.65955569999994,-23.78059209999998],[-45.65959589999994,-23.780649799999935],[-45.659673099999964,-23.78071269999998],[-45.65970189999996,-23.78076779999998],[-45.65975609999998,-23.78080179999995],[-45.65983049999994,-23.78087249999993],[-45.65988209999995,-23.780948499999965],[-45.65997329999993,-23.78103989999994],[-45.660002099999986,-23.781118599999957],[-45.660047599999984,-23.781168199999968],[-45.659954099999936,-23.781148],[-45.659871599999974,-23.781098699999973],[-45.65984,-23.78105409999995],[-45.65977179999993,-23.78108869999994],[-45.65978639999997,-23.781167799999935],[-45.659772299999986,-23.781262599999934],[-45.65980969999998,-23.781315199999938],[-45.65992649999998,-23.781280099999947],[-45.659960499999954,-23.781277099999954],[-45.659972599999946,-23.78136159999997],[-45.65994159999997,-23.781456799999944],[-45.659985699999936,-23.78163049999995],[-45.659957099999986,-23.781717499999957],[-45.65987679999995,-23.781762499999957],[-45.659945799999946,-23.781843899999956],[-45.659977399999946,-23.781946499999947],[-45.66009239999994,-23.782046299999934],[-45.66015839999994,-23.78208559999996],[-45.66025589999998,-23.782127299999956],[-45.660371399999974,-23.782209099999932],[-45.66050629999995,-23.782272],[-45.66058379999998,-23.782319299999983],[-45.660684499999945,-23.782395599999973],[-45.66079089999994,-23.782458899999938],[-45.66079659999997,-23.782458799999972],[-45.66090289999994,-23.782474599999944],[-45.661035099999935,-23.782498199999964],[-45.66111549999994,-23.782508699999937],[-45.66116349999993,-23.782450299999937],[-45.66124579999996,-23.78240509999995],[-45.66137759999998,-23.78241289999994],[-45.66144879999996,-23.782383799999934],[-45.66159249999998,-23.78243109999994],[-45.66159529999993,-23.78242579999994],[-45.661654899999974,-23.782396799999958],[-45.66172209999996,-23.782328],[-45.66178629999996,-23.78225939999993],[-45.661828,-23.78221209999998],[-45.66191119999996,-23.782256599999982],[-45.66204229999994,-23.78228],[-45.66216479999997,-23.782303399999932],[-45.66225069999996,-23.78234],[-45.662339,-23.782353],[-45.66237479999995,-23.78229779999998],[-45.66239919999998,-23.78224789999996],[-45.66241839999998,-23.782213799999965],[-45.662445799999944,-23.78217189999998],[-45.66247159999995,-23.782179699999972],[-45.66245619999995,-23.78223849999995],[-45.66249919999996,-23.782264599999962],[-45.66255669999998,-23.782298499999968],[-45.662645,-23.782332399999973],[-45.66270989999998,-23.782350699999938],[-45.66272769999995,-23.78240549999998],[-45.66268319999995,-23.782429],[-45.662647299999946,-23.78247349999998],[-45.662626,-23.782546899999943],[-45.662635799999975,-23.782628199999976],[-45.66265059999995,-23.782709499999953],[-45.66266209999998,-23.782775],[-45.66270739999993,-23.78281419999996],[-45.66276689999995,-23.782848],[-45.66279519999995,-23.782876699999974],[-45.662837699999955,-23.782929],[-45.662874399999964,-23.782957599999975],[-45.662928,-23.78298879999994],[-45.662968399999954,-23.783026099999972],[-45.662999799999966,-23.78310449999998],[-45.66298859999995,-23.783149],[-45.66291769999998,-23.783162199999936],[-45.66286679999996,-23.783199],[-45.66285269999997,-23.783261899999957],[-45.662878399999954,-23.783316799999966],[-45.66292089999996,-23.783355899999947],[-45.66293489999998,-23.783410799999956],[-45.66290079999993,-23.783429199999944],[-45.66285449999998,-23.783471],[-45.66281449999997,-23.783531299999936],[-45.66273419999993,-23.783549499999936],[-45.66268249999996,-23.783559699999955],[-45.66259919999993,-23.78358309999993],[-45.66256759999993,-23.78365919999993],[-45.662636599999985,-23.78372749999994],[-45.66276579999993,-23.78371459999994],[-45.66269509999995,-23.78381459999997],[-45.66264669999998,-23.78389089999996],[-45.66262679999994,-23.783967099999927],[-45.66263539999994,-23.78407459999994],[-45.66266979999995,-23.784176899999977],[-45.662702699999954,-23.784259799999973],[-45.662711299999955,-23.784343699999965],[-45.66272569999995,-23.78440409999996],[-45.66274,-23.78447749999998],[-45.66274859999993,-23.784551],[-45.66275429999996,-23.784593099999938],[-45.662745,-23.784682199999963],[-45.66271309999996,-23.784776699999952],[-45.66276179999994,-23.784868699999947],[-45.66281349999997,-23.78494489999997],[-45.66285659999994,-23.785013099999958],[-45.66290259999994,-23.78507879999995],[-45.66296289999997,-23.78512859999995],[-45.66303469999997,-23.785191599999962],[-45.66310069999997,-23.78525449999995],[-45.66315519999995,-23.78530429999995],[-45.663207599999964,-23.785343799999964],[-45.66327069999994,-23.785380499999974],[-45.66332829999993,-23.78538039999995],[-45.66337429999993,-23.78536459999998],[-45.66342019999996,-23.78535919999996],[-45.66348609999994,-23.785406399999943],[-45.66355209999995,-23.785435099999972],[-45.66361219999993,-23.78547969999994],[-45.663681,-23.785516299999983],[-45.663766899999985,-23.785531799999944],[-45.66384979999998,-23.78555259999996],[-45.66392419999994,-23.785576],[-45.66401559999997,-23.78559679999995],[-45.66407579999998,-23.785628299999928],[-45.66417309999997,-23.785651799999982],[-45.66424459999996,-23.78567279999993],[-45.664364699999965,-23.785696299999927],[-45.664442,-23.78571459999995],[-45.66456489999996,-23.785745899999938],[-45.664656599999944,-23.78578],[-45.66475689999993,-23.785803699999974],[-45.664828599999964,-23.785814199999948],[-45.66490319999997,-23.78582739999996],[-45.66500389999993,-23.78586169999994],[-45.66509849999994,-23.785867],[-45.665178699999956,-23.78585389999995],[-45.66523379999995,-23.78589869999996],[-45.66523669999998,-23.785896099999945],[-45.665286,-23.785935799999947],[-45.665348499999936,-23.785869899999966],[-45.66550059999997,-23.785849],[-45.66559529999995,-23.78583329999998],[-45.665719699999954,-23.785883499999954],[-45.66578949999996,-23.78592589999994],[-45.66593139999998,-23.78595009999998],[-45.666038199999946,-23.78593419999993],[-45.66616449999998,-23.78588689999998],[-45.66621029999993,-23.785839599999974],[-45.66628459999998,-23.785734599999955],[-45.66640259999997,-23.78566349999994],[-45.666448799999955,-23.785561],[-45.66648049999998,-23.785424199999966],[-45.666633899999965,-23.785392199999933],[-45.66666539999994,-23.785279199999934],[-45.66657639999994,-23.785258899999974],[-45.66654169999998,-23.785201],[-45.66655029999998,-23.785130099999947],[-45.666639799999984,-23.78511169999996],[-45.66659059999995,-23.785025],[-45.66656169999993,-23.78492259999996],[-45.66655289999994,-23.784804399999928],[-45.66651529999996,-23.78470989999994],[-45.66646919999994,-23.78466949999995],[-45.66641159999995,-23.78458009999997],[-45.66637129999998,-23.784467199999938],[-45.66625629999993,-23.78440919999997],[-45.66613559999996,-23.784359199999983],[-45.666038,-23.784290899999974],[-45.66592049999997,-23.784201699999983],[-45.66581179999997,-23.78401],[-45.66585759999998,-23.783916499999975],[-45.66581179999997,-23.78384319999998],[-45.665786,-23.783741299999974],[-45.66578309999994,-23.783655],[-45.665751599999965,-23.78354239999993],[-45.66571149999993,-23.78351619999995],[-45.66564859999994,-23.783495199999948],[-45.665605599999935,-23.783414],[-45.66556549999996,-23.78335379999993],[-45.66556259999993,-23.783277899999973],[-45.66561409999997,-23.783228099999974],[-45.66566549999993,-23.783165099999962],[-45.665639699999986,-23.783086499999968],[-45.665572399999974,-23.783039299999928],[-45.66551259999994,-23.78300779999995],[-45.665435799999955,-23.782986799999946],[-45.66538179999998,-23.782952699999953],[-45.66536179999997,-23.782900299999937],[-45.66541289999998,-23.78285059999996],[-45.66548389999997,-23.78282189999993],[-45.66552089999993,-23.78277209999993],[-45.66562339999996,-23.782761599999958],[-45.665683299999955,-23.78272489999995],[-45.66566609999995,-23.782667199999935],[-45.66557759999995,-23.782617499999958],[-45.66553769999996,-23.782583399999965],[-45.66556889999998,-23.78253879999994],[-45.665538,-23.782488799999953],[-45.66548369999998,-23.78244939999996],[-45.66543509999997,-23.782397],[-45.665369399999975,-23.782339299999933],[-45.665349299999946,-23.78224759999995],[-45.66532909999995,-23.782163799999978],[-45.665266299999985,-23.782074799999975],[-45.665246199999956,-23.781990899999983],[-45.665188899999976,-23.781899299999964],[-45.66513459999993,-23.781831199999942],[-45.66496849999993,-23.781682599999954],[-45.66491129999997,-23.781625],[-45.66480259999997,-23.781517599999972],[-45.66475669999994,-23.781402499999956],[-45.66470229999993,-23.781274199999928],[-45.664625,-23.78119309999994],[-45.664522,-23.78108839999993],[-45.66440189999997,-23.78094969999995],[-45.664299,-23.780858199999955],[-45.664233399999944,-23.780647899999963],[-45.66415029999996,-23.780509199999983],[-45.664014099999974,-23.78037379999995],[-45.66390439999998,-23.78019219999993],[-45.663877799999966,-23.780027099999927],[-45.66380669999995,-23.779899599999965],[-45.66380959999998,-23.779799399999945],[-45.66385709999997,-23.77966379999998],[-45.663889799999936,-23.779525299999932],[-45.66392769999993,-23.779416099999935],[-45.66396169999996,-23.779299599999945],[-45.66398439999995,-23.779196],[-45.66404959999994,-23.77907659999994],[-45.664078,-23.77898579999993],[-45.66422559999995,-23.778866299999947],[-45.66430209999993,-23.778775399999972],[-45.66441269999996,-23.77867939999993],[-45.66447229999994,-23.778606799999977],[-45.66455169999995,-23.77851329999993],[-45.66463969999995,-23.778438],[-45.664779,-23.77833019999997],[-45.66489309999997,-23.778219699999966],[-45.66506149999998,-23.778080099999954],[-45.665222,-23.777947799999936],[-45.66539849999998,-23.777822899999933],[-45.665542899999934,-23.777698],[-45.66577559999996,-23.777507],[-45.665928,-23.777382099999954],[-45.66610459999998,-23.77724989999996],[-45.666224899999975,-23.77713239999997],[-45.66638409999996,-23.777034],[-45.66652849999997,-23.77694589999993],[-45.66668089999996,-23.776865],[-45.666889599999934,-23.776725399999975],[-45.667034,-23.77661519999998],[-45.66721849999993,-23.776512399999945],[-45.667403,-23.776409499999943],[-45.66763569999995,-23.776262499999973],[-45.667868399999975,-23.776167],[-45.66810909999998,-23.776064099999928],[-45.66833379999997,-23.775990499999978],[-45.66853439999994,-23.775909699999943],[-45.668823299999985,-23.775799399999983],[-45.66914439999994,-23.775718599999948],[-45.66938509999994,-23.775637699999947],[-45.66964189999993,-23.775534799999946],[-45.66988259999994,-23.775483399999928],[-45.670083199999965,-23.77541729999996],[-45.67029179999997,-23.77533649999998],[-45.67058879999996,-23.775255499999957],[-45.67083759999997,-23.77520389999995],[-45.67112649999996,-23.775130399999966],[-45.67139139999995,-23.775086199999976],[-45.67165609999995,-23.774998099999948],[-45.67184059999994,-23.774961299999973],[-45.67204929999997,-23.774946599999964],[-45.67228209999996,-23.774895],[-45.67245129999998,-23.774860599999954],[-45.67259569999993,-23.774831199999937],[-45.67275619999998,-23.774801799999977],[-45.672972899999934,-23.774787],[-45.67309329999995,-23.774765],[-45.67328589999994,-23.77475759999993],[-45.67350259999995,-23.77471339999994],[-45.67370319999998,-23.774706],[-45.67388779999993,-23.77469119999995],[-45.67410449999994,-23.774669099999983],[-45.67434519999995,-23.774654399999974],[-45.674626099999955,-23.774624899999935],[-45.67480269999993,-23.774610199999927],[-45.67497119999996,-23.774595399999953],[-45.67515579999997,-23.774588],[-45.67531629999996,-23.77456589999997],[-45.675517,-23.774565799999948],[-45.675717599999984,-23.77455109999994],[-45.67587809999998,-23.774558399999933],[-45.67609479999993,-23.77454359999996],[-45.67624729999994,-23.774558199999944],[-45.676435,-23.77455079999993],[-45.67661149999998,-23.77455079999993],[-45.676756,-23.77454339999997],[-45.676940599999966,-23.774536],[-45.677117099999975,-23.774535899999933],[-45.67732579999995,-23.774535799999967],[-45.67750239999998,-23.774550499999975],[-45.677679,-23.774550399999953],[-45.677871599999946,-23.77453559999998],[-45.67810429999997,-23.774550199999965],[-45.678321,-23.77454279999995],[-45.67849759999996,-23.774550099999942],[-45.67865,-23.774557399999935],[-45.67880239999994,-23.77454259999996],[-45.67895469999996,-23.77454979999993],[-45.67914719999993,-23.774571799999933],[-45.67935579999994,-23.774557],[-45.67955639999997,-23.774564299999952],[-45.67979719999994,-23.774593599999946],[-45.67998359999996,-23.774625699999945],[-45.68017619999995,-23.77464029999993],[-45.68036879999994,-23.774647499999958],[-45.680553299999985,-23.77466949999996],[-45.68075389999996,-23.774662099999944],[-45.680978599999946,-23.77466929999997],[-45.681179199999974,-23.774676599999964],[-45.68131559999995,-23.774698599999965],[-45.68150019999996,-23.774705799999936],[-45.68167669999997,-23.774727799999937],[-45.68182909999996,-23.77474239999998],[-45.68205379999995,-23.774757],[-45.68223039999998,-23.774793699999975],[-45.68237489999996,-23.774815699999976],[-45.68256759999997,-23.77485239999993],[-45.682744199999945,-23.774889],[-45.682952899999975,-23.77493309999994],[-45.68312139999995,-23.774933],[-45.683274,-23.774984399999937],[-45.68346669999994,-23.77501369999993],[-45.68361119999997,-23.77506509999995],[-45.68371559999997,-23.775109099999952],[-45.683876199999986,-23.775138399999946],[-45.68404449999997,-23.775175],[-45.68424479999993,-23.775233499999956],[-45.684453099999985,-23.775306799999953],[-45.684653,-23.775423899999964],[-45.68482019999993,-23.775562799999932],[-45.68482819999997,-23.775680199999954],[-45.684689,-23.775855699999966],[-45.68468079999997,-23.775995299999977],[-45.68468869999998,-23.776208099999963],[-45.68472849999995,-23.776406299999962],[-45.68472849999995,-23.776597],[-45.68483549999996,-23.776678199999935],[-45.684843599999965,-23.776854299999968],[-45.684851599999945,-23.77701559999997],[-45.68485969999995,-23.777140299999928],[-45.684868,-23.777265099999966],[-45.684844399999974,-23.777382599999953],[-45.684844699999985,-23.777536699999928],[-45.68484489999997,-23.777690899999982],[-45.68486909999996,-23.77785229999995],[-45.68490159999993,-23.777992],[-45.68483509999993,-23.778043099999934],[-45.68475129999996,-23.778030499999943],[-45.68472,-23.778119799999956],[-45.68480359999995,-23.778173899999956],[-45.68484889999996,-23.778237599999954],[-45.68487669999996,-23.778320399999927],[-45.684901099999934,-23.778381],[-45.68486279999996,-23.778422499999976],[-45.68487669999996,-23.778486199999975],[-45.684949899999935,-23.778518],[-45.685054399999956,-23.77854009999993],[-45.685169299999984,-23.778552699999977],[-45.685319,-23.77853959999993],[-45.685413,-23.778516799999977],[-45.68549989999997,-23.778548499999943],[-45.68559739999995,-23.778637599999968],[-45.685666899999944,-23.778650099999936],[-45.68575709999993,-23.778637],[-45.685837,-23.77864619999997],[-45.685909899999956,-23.778674699999954],[-45.68599329999995,-23.778709599999956],[-45.68609759999998,-23.778732],[-45.686167299999966,-23.778763899999944],[-45.686267,-23.778781299999935],[-45.68634,-23.77878759999993],[-45.68647559999994,-23.778765],[-45.686590199999955,-23.77876159999994],[-45.686684,-23.778710399999966],[-45.68676039999997,-23.778665599999954],[-45.686843599999975,-23.778605099999936],[-45.686954699999944,-23.778570299999956],[-45.68707969999997,-23.778532199999972],[-45.687180299999966,-23.77850669999998],[-45.68724619999995,-23.778481099999965],[-45.687298,-23.778436399999975],[-45.687436299999945,-23.778359699999953],[-45.68748769999996,-23.77829269999995],[-45.68756,-23.778241699999967],[-45.68771959999998,-23.778257699999983],[-45.68787609999998,-23.778264199999967],[-45.68795929999993,-23.778241899999955],[-45.688149399999986,-23.77818039999994],[-45.68824639999997,-23.778196199999968],[-45.68833639999997,-23.77820879999996],[-45.688433499999974,-23.778237399999966],[-45.688510099999974,-23.778275699999938],[-45.688624699999934,-23.778314],[-45.68881769999996,-23.778372599999955],[-45.68887319999993,-23.77842339999995],[-45.68892529999994,-23.778471],[-45.689022199999954,-23.778502599999968],[-45.689084599999944,-23.778543799999966],[-45.68916429999996,-23.778597499999933],[-45.68924739999994,-23.77865769999994],[-45.68930629999994,-23.77870839999997],[-45.68936529999996,-23.778781299999935],[-45.68945189999994,-23.77884789999996],[-45.689500599999974,-23.77891139999997],[-45.68954249999996,-23.778978199999983],[-45.68958029999993,-23.77905379999993],[-45.68961509999997,-23.779123699999957],[-45.68969489999995,-23.779193499999963],[-45.68971589999995,-23.77926659999997],[-45.68970219999994,-23.779339899999968],[-45.68976459999993,-23.77936189999997],[-45.689858,-23.779393399999947],[-45.689913599999954,-23.779469499999948],[-45.68998279999994,-23.779507399999943],[-45.68997619999993,-23.779593499999976],[-45.68999379999997,-23.779679399999964],[-45.68990409999998,-23.779730899999947],[-45.689921599999934,-23.779823299999975],[-45.689992899999936,-23.77991769999994],[-45.69002759999995,-23.779981299999974],[-45.690093599999955,-23.780047899999943],[-45.69017319999995,-23.780123499999945],[-45.690245699999934,-23.78016729999996],[-45.69030789999994,-23.780242899999962],[-45.69038039999998,-23.78034379999997],[-45.69046039999995,-23.780426199999965],[-45.69048819999995,-23.78050529999996],[-45.69050209999995,-23.78060039999997],[-45.69046059999994,-23.780692699999975],[-45.690436499999976,-23.78082],[-45.690471199999934,-23.780921599999942],[-45.69046089999995,-23.781048899999973],[-45.690440199999955,-23.781157099999973],[-45.690426299999956,-23.78123039999997],[-45.690360399999975,-23.781281899999954],[-45.69033719999993,-23.78136319999993],[-45.690368399999954,-23.781452299999955],[-45.690427599999964,-23.78154449999994],[-45.69050069999997,-23.78162709999998],[-45.69052149999993,-23.781697099999974],[-45.69050059999995,-23.78181189999998],[-45.69054589999996,-23.78190079999996],[-45.69057719999995,-23.78198029999993],[-45.690639799999985,-23.782031099999983],[-45.690692,-23.782078799999965],[-45.69077549999997,-23.782123199999944],[-45.690852,-23.782151599999963],[-45.690918,-23.782170599999972],[-45.69094239999998,-23.782245099999955],[-45.691039699999976,-23.78232459999998],[-45.691102299999955,-23.782372299999963],[-45.69118229999998,-23.782381699999974],[-45.691313899999955,-23.78234939999993],[-45.691435299999966,-23.782406399999957],[-45.69153259999996,-23.782457299999976],[-45.69159859999996,-23.782479499999965],[-45.691692399999965,-23.782508099999973],[-45.691793099999984,-23.782523899999944],[-45.69188319999995,-23.782527],[-45.69200129999996,-23.78255239999993],[-45.692091199999936,-23.78255219999994],[-45.69215429999997,-23.78261279999998],[-45.692286399999944,-23.782678399999952],[-45.692449599999975,-23.782703699999956],[-45.692613,-23.78273539999998],[-45.692727299999945,-23.782694],[-45.692827799999975,-23.78267809999994],[-45.69292479999996,-23.78264939999997],[-45.69303569999994,-23.782636699999955],[-45.69320229999994,-23.782633399999952],[-45.69330669999994,-23.78264919999998],[-45.69341389999994,-23.78262689999997],[-45.69354219999997,-23.782617399999936],[-45.69363989999994,-23.78261729999997],[-45.693733399999985,-23.782585499999982],[-45.69380239999998,-23.782553699999937],[-45.69386769999994,-23.782515599999954],[-45.693975,-23.78248059999993],[-45.694059299999935,-23.782499599999937],[-45.694230199999936,-23.782556399999976],[-45.694386399999985,-23.782505399999934],[-45.694528799999944,-23.782467199999928],[-45.69465059999993,-23.78247669999996],[-45.694814099999974,-23.782448099999954],[-45.69493589999996,-23.782425899999964],[-45.694956299999944,-23.782362199999966],[-45.69500059999996,-23.78226029999996],[-45.69509029999995,-23.78219359999997],[-45.69521219999996,-23.782158599999946],[-45.69528879999996,-23.78212039999994],[-45.69531639999997,-23.78205689999993],[-45.695347399999946,-23.781974299999945],[-45.69535319999994,-23.781888799999933],[-45.69536259999995,-23.781812899999977],[-45.69534909999993,-23.781756899999948],[-45.69536619999997,-23.781693399999938],[-45.69544959999996,-23.781665],[-45.69552589999995,-23.78158259999998],[-45.69556039999998,-23.781516],[-45.695556299999964,-23.781417699999963],[-45.69561479999993,-23.78132889999995],[-45.695673699999986,-23.781246599999974],[-45.69574289999997,-23.781173699999954],[-45.69579689999995,-23.781142],[-45.695907699999964,-23.781084799999974],[-45.695987299999956,-23.780996],[-45.696064099999944,-23.78091859999995],[-45.696109099999944,-23.780867899999976],[-45.696161,-23.78081089999995],[-45.69622679999998,-23.780766599999936],[-45.69631339999995,-23.780741199999966],[-45.69641059999998,-23.78076029999994],[-45.69651139999996,-23.78074449999997],[-45.69659829999995,-23.78067459999994],[-45.696723299999974,-23.780521499999963],[-45.69676149999998,-23.780477],[-45.69682419999998,-23.78040059999995],[-45.696845,-23.780337],[-45.69679619999994,-23.78026069999993],[-45.69686059999998,-23.780152099999952],[-45.69682229999995,-23.78008219999998],[-45.69675619999998,-23.779999199999963],[-45.69667959999998,-23.779894],[-45.69658929999997,-23.779792],[-45.69654069999996,-23.779738],[-45.69649209999994,-23.779642899999942],[-45.69644349999993,-23.779573099999936],[-45.69637419999998,-23.7795],[-45.696318599999984,-23.77941119999997],[-45.69627,-23.779316],[-45.69620759999998,-23.779262099999983],[-45.696166,-23.77918589999996],[-45.69610359999996,-23.779116199999976],[-45.69605839999997,-23.779030499999976],[-45.69605459999997,-23.778932099999963],[-45.69612719999998,-23.778903399999933],[-45.696127,-23.77881439999993],[-45.69602649999996,-23.778763699999956],[-45.695946799999945,-23.778709799999945],[-45.69580819999993,-23.778614799999957],[-45.695756,-23.77851],[-45.69564509999998,-23.778408599999977],[-45.69549139999998,-23.778261699999973],[-45.69534589999995,-23.77815369999996],[-45.69521059999994,-23.777995199999964],[-45.69510329999997,-23.77790639999995],[-45.69502,-23.77779229999993],[-45.695002199999976,-23.777684299999976],[-45.69495329999995,-23.777554099999975],[-45.69489059999995,-23.777443],[-45.69481929999995,-23.777282199999945],[-45.69474279999997,-23.777161599999943],[-45.694662799999946,-23.777031499999964],[-45.69461739999997,-23.77693],[-45.69455459999995,-23.77681249999995],[-45.694443699999965,-23.776761699999952],[-45.69431869999994,-23.77669819999994],[-45.69397969999994,-23.77675979999998],[-45.69384549999995,-23.776750899999968],[-45.69376569999997,-23.776735],[-45.69373879999995,-23.776364799999953],[-45.693762499999934,-23.77628949999996],[-45.693825799999956,-23.77612679999993],[-45.69392349999998,-23.77593489999998],[-45.694050499999946,-23.775747799999976],[-45.69420869999993,-23.77555629999995],[-45.694986599999936,-23.774929199999974],[-45.697040399999935,-23.773945],[-45.69852929999996,-23.773223799999982],[-45.69962639999994,-23.77281389999996],[-45.70036619999996,-23.77273],[-45.701344699999936,-23.77266019999996],[-45.70219559999998,-23.772869399999934],[-45.702238199999954,-23.772949799999935],[-45.70224689999998,-23.77303809999995],[-45.70227529999994,-23.77311609999998],[-45.70230389999995,-23.773204499999963],[-45.702369199999964,-23.773259],[-45.70244289999994,-23.773297799999966],[-45.70249,-23.773352599999953],[-45.70252409999995,-23.773399299999937],[-45.70255249999997,-23.773466799999937],[-45.702589399999965,-23.773516099999938],[-45.70255839999993,-23.773591599999975],[-45.702507399999945,-23.77359439999998],[-45.70243929999998,-23.773558299999934],[-45.702399699999944,-23.77359739999997],[-45.702422499999955,-23.77365459999993],[-45.70244519999994,-23.773711899999967],[-45.70248509999993,-23.773795099999973],[-45.70251919999998,-23.77385229999993],[-45.70253629999996,-23.773927699999945],[-45.702508,-23.773998],[-45.702437,-23.774026799999945],[-45.702366,-23.773993099999927],[-45.70228519999995,-23.773981299999946],[-45.70225709999994,-23.774108799999965],[-45.702248699999984,-23.774192099999937],[-45.702345299999934,-23.774225799999954],[-45.702353899999935,-23.774298699999974],[-45.70239669999995,-23.774395],[-45.70252169999998,-23.774459899999954],[-45.70264089999995,-23.77449349999995],[-45.70274589999997,-23.774508899999944],[-45.70280809999997,-23.774464499999965],[-45.702890099999934,-23.774422699999946],[-45.702969199999984,-23.774375799999973],[-45.70300539999994,-23.774250799999948],[-45.70294039999993,-23.77421449999997],[-45.70284979999997,-23.774188699999968],[-45.70278469999994,-23.774170599999934],[-45.70278739999998,-23.774116],[-45.70280139999994,-23.77408209999993],[-45.702815,-23.774017],[-45.70285729999995,-23.774027299999943],[-45.702913699999954,-23.774048],[-45.70296179999997,-23.77408429999997],[-45.703029199999946,-23.77410539999994],[-45.70309149999997,-23.77413919999998],[-45.70315969999996,-23.77418319999998],[-45.703264899999965,-23.77421949999996],[-45.703378499999985,-23.774229799999944],[-45.703475099999935,-23.77423749999997],[-45.703551699999934,-23.774229699999978],[-45.70361369999995,-23.77417259999993],[-45.703661299999965,-23.774110399999927],[-45.70370889999998,-23.77405079999994],[-45.70379889999998,-23.773993899999937],[-45.70389259999996,-23.773999],[-45.70400059999997,-23.774009199999966],[-45.704079899999954,-23.773985799999934],[-45.70411629999995,-23.773931499999946],[-45.70412129999994,-23.773861599999975],[-45.70417469999995,-23.77380729999993],[-45.704268499999955,-23.77379419999994],[-45.70434319999998,-23.773755799999947],[-45.70444239999995,-23.773724699999946],[-45.704469899999935,-23.773654699999952],[-45.70453709999998,-23.773577099999954],[-45.70462729999997,-23.773522699999944],[-45.70468869999996,-23.773447699999963],[-45.704710499999976,-23.77338579999997],[-45.70474369999994,-23.77332649999994],[-45.704831799999965,-23.773292699999956],[-45.70491739999994,-23.773271699999952],[-45.704980199999966,-23.77325079999997],[-45.705091799999934,-23.77325469999994],[-45.705199799999946,-23.773249499999963],[-45.705267799999945,-23.773231299999964],[-45.70532149999997,-23.773174299999937],[-45.70533569999998,-23.773104299999943],[-45.705307199999936,-23.773055099999965],[-45.70536119999997,-23.773013599999956],[-45.70542909999995,-23.772925399999963],[-45.705439799999965,-23.77281929999998],[-45.705418099999974,-23.77267409999996],[-45.705503299999975,-23.772511],[-45.705548799999974,-23.772376299999962],[-45.70564269999994,-23.77218689999995],[-45.705678,-23.772079],[-45.705718899999965,-23.771983899999952],[-45.70571079999996,-23.771875499999965],[-45.70570649999996,-23.77178079999993],[-45.70566379999997,-23.771730599999955],[-45.70563379999993,-23.771645599999943],[-45.70566739999998,-23.771567699999935],[-45.70571209999997,-23.771506899999963],[-45.70578629999994,-23.771442399999955],[-45.70586439999994,-23.771401699999956],[-45.70596109999997,-23.771384799999964],[-45.70604279999998,-23.771354199999962],[-45.706172899999956,-23.771316799999965],[-45.70625839999997,-23.771293],[-45.70637379999994,-23.77126929999997],[-45.70644949999996,-23.77125259999997],[-45.70652,-23.77122879999996],[-45.706586899999934,-23.771222],[-45.70667229999998,-23.77122529999997],[-45.706768899999986,-23.771198099999935],[-45.70687289999995,-23.771198],[-45.70695839999996,-23.77121489999996],[-45.70703649999996,-23.77123869999997],[-45.707110899999975,-23.771252199999935],[-45.707200099999966,-23.77126579999998],[-45.707311699999934,-23.771269099999927],[-45.70744929999995,-23.77128259999995],[-45.707568299999934,-23.771286],[-45.707672499999944,-23.771285899999953],[-45.70774309999996,-23.77126889999994],[-45.707813699999974,-23.771248399999934],[-45.707876699999986,-23.77119739999995],[-45.707924899999966,-23.77115989999993],[-45.70799909999994,-23.77113609999998],[-45.70806569999996,-23.771085099999937],[-45.708139899999935,-23.771054499999934],[-45.70822909999998,-23.771027199999935],[-45.708289099999945,-23.77102],[-45.708382,-23.771023399999933],[-45.70844519999997,-23.771023299999968],[-45.70851589999995,-23.77103009999996],[-45.70859389999998,-23.77100969999998],[-45.708649599999944,-23.77098579999995],[-45.70871269999998,-23.770951799999978],[-45.70877559999997,-23.770900799999936],[-45.70883489999994,-23.770870099999968],[-45.70891649999993,-23.770839499999965],[-45.708990599999936,-23.770805499999938],[-45.70904989999997,-23.77078169999993],[-45.70914639999995,-23.770747599999936],[-45.70925039999997,-23.77071019999994],[-45.70932469999997,-23.77068639999993],[-45.70941759999994,-23.770686299999966],[-45.70951059999993,-23.770693],[-45.70961489999996,-23.77070989999993],[-45.70970059999996,-23.770730199999946],[-45.70978289999994,-23.77077769999994],[-45.709901799999955,-23.77080419999993],[-45.70998339999994,-23.770756499999948],[-45.71007989999998,-23.770732599999974],[-45.710191399999985,-23.770715499999937],[-45.71027309999994,-23.770705199999952],[-45.71039579999996,-23.770708599999978],[-45.71047379999993,-23.770708499999955],[-45.71072979999997,-23.770790399999953],[-45.71093149999996,-23.770849],[-45.71102319999994,-23.770865699999945],[-45.71116069999994,-23.770920199999978],[-45.711353299999985,-23.770983],[-45.711477,-23.77100809999996],[-45.71158249999996,-23.771041599999933],[-45.71166959999994,-23.77110449999998],[-45.71180259999994,-23.77117149999998],[-45.71187139999995,-23.771217599999943],[-45.71194029999998,-23.771276399999977],[-45.71203669999994,-23.771356099999934],[-45.71212859999997,-23.771452599999975],[-45.712188399999945,-23.771528199999977],[-45.71223919999994,-23.771582399999943],[-45.71231719999997,-23.771649499999967],[-45.712413599999934,-23.771716599999934],[-45.712528299999974,-23.771787899999936],[-45.71265219999998,-23.77185079999998],[-45.712776,-23.771888499999932],[-45.712950399999954,-23.77190509999997],[-45.71309249999996,-23.771863099999962],[-45.71322539999994,-23.771791599999972],[-45.71324819999995,-23.77169509999993],[-45.71330769999997,-23.771632099999977],[-45.71340449999997,-23.771622699999966],[-45.71350079999996,-23.77163939999997],[-45.71360629999998,-23.771693899999946],[-45.713698,-23.771727399999975],[-45.71381729999996,-23.77179449999994],[-45.713936599999954,-23.77185739999993],[-45.714120099999946,-23.77195809999995],[-45.71431739999997,-23.772054599999933],[-45.71448259999994,-23.772151099999974],[-45.714634099999955,-23.772264399999983],[-45.714785699999936,-23.77238189999997],[-45.71483619999998,-23.772482699999955],[-45.71488229999994,-23.77268],[-45.71490319999998,-23.772819099999936],[-45.71500419999995,-23.772949299999937],[-45.71518329999998,-23.77306669999996],[-45.715385099999935,-23.77309589999993],[-45.71560059999996,-23.773003399999936],[-45.715674,-23.77294459999996],[-45.71579779999996,-23.77288569999996],[-45.71589869999997,-23.772894],[-45.71602709999996,-23.77294009999997],[-45.71616469999998,-23.772977699999956],[-45.71632509999995,-23.773019499999975],[-45.71645349999994,-23.773086599999942],[-45.716559,-23.773162],[-45.71665079999997,-23.77322909999998],[-45.71671969999994,-23.77331719999995],[-45.71679779999994,-23.77344729999993],[-45.71683,-23.773531299999945],[-45.716734,-23.773636499999952],[-45.716615899999965,-23.773611099999982],[-45.716560899999934,-23.77366989999996],[-45.716606799999965,-23.773787399999947],[-45.71667569999994,-23.773846099999957],[-45.71675839999995,-23.773955199999932],[-45.716822699999966,-23.77409369999998],[-45.716882399999974,-23.774215399999946],[-45.71696509999998,-23.77437489999994],[-45.71711659999994,-23.774496599999964],[-45.71733679999994,-23.774601399999938],[-45.71752479999998,-23.774634799999944],[-45.71768079999998,-23.774630399999978],[-45.71778169999993,-23.774559],[-45.71793309999998,-23.774458299999935],[-45.71797879999997,-23.774323899999956],[-45.71803819999997,-23.774185299999942],[-45.71807469999993,-23.77409289999997],[-45.71815729999997,-23.774046599999963],[-45.718239799999935,-23.774000399999977],[-45.718354499999975,-23.77402129999996],[-45.71848749999998,-23.773996099999977],[-45.718446,-23.773882699999945],[-45.71839529999994,-23.773761],[-45.71839939999995,-23.773618299999953],[-45.71842189999995,-23.77352179999997],[-45.71845829999995,-23.77343369999994],[-45.718517599999984,-23.773362299999974],[-45.71859519999998,-23.773303599999963],[-45.718695699999955,-23.773249],[-45.718786799999975,-23.773177699999962],[-45.71889169999997,-23.773119],[-45.719016,-23.773070899999937],[-45.719094,-23.773096],[-45.71917659999997,-23.773108599999944],[-45.71928649999995,-23.773079199999927],[-45.719424,-23.77308329999994],[-45.71957979999996,-23.773058],[-45.71969429999996,-23.773032799999953],[-45.719785599999966,-23.772978199999955],[-45.71988569999996,-23.77289849999994],[-45.72000949999995,-23.77289],[-45.72016569999994,-23.77289829999995],[-45.72022489999995,-23.77281869999996],[-45.72028379999995,-23.772718099999963],[-45.72034229999997,-23.772584],[-45.72043809999997,-23.77252539999995],[-45.720585599999936,-23.772546099999943],[-45.720733,-23.77249139999998],[-45.72088489999993,-23.772415799999976],[-45.72101379999998,-23.772352699999942],[-45.721159899999975,-23.77225619999996],[-45.72126309999993,-23.772163599999942],[-45.72126229999998,-23.77207539999995],[-45.721325899999954,-23.77196219999996],[-45.72142259999998,-23.771874199999957],[-45.721519599999965,-23.77181969999998],[-45.721649199999945,-23.771807099999933],[-45.721690199999955,-23.771702199999936],[-45.72171709999998,-23.771605699999952],[-45.72170649999998,-23.77148429999994],[-45.72173269999996,-23.771367099999964],[-45.722503,-23.771113399999933],[-45.72517069999998,-23.770310499999937],[-45.726531799999975,-23.76995519999997],[-45.728648599999985,-23.769402599999978],[-45.729449699999975,-23.76925549999993],[-45.73252349999996,-23.768691199999978],[-45.73563569999993,-23.76825539999993],[-45.73647589999996,-23.768137699999954],[-45.73670669999996,-23.768107399999963],[-45.74011929999995,-23.767659699999967],[-45.74306109999998,-23.767546799999934],[-45.74503809999993,-23.76774789999996],[-45.748000099999956,-23.76772559999995],[-45.75032909999993,-23.767503199999965],[-45.75233279999998,-23.767653],[-45.75357669999994,-23.76792279999995],[-45.754789,-23.768394],[-45.754760199999964,-23.768500899999935],[-45.754822099999956,-23.768642399999976],[-45.75486079999996,-23.76876969999995],[-45.75484579999994,-23.768988899999954],[-45.754830899999945,-23.76920819999998],[-45.75478479999998,-23.769314399999928],[-45.754823699999974,-23.76949129999997],[-45.75505549999997,-23.76959009999996],[-45.755348599999934,-23.76965329999996],[-45.75554909999994,-23.76972369999993],[-45.75566489999994,-23.76978719999994],[-45.755696,-23.769850799999972],[-45.75568879999997,-23.76995],[-45.75578909999996,-23.769999299999938],[-45.755858699999976,-23.77004869999996],[-45.755805,-23.770103699999936],[-45.75572949999997,-23.770187199999953],[-45.755704599999945,-23.770317099999943],[-45.755831299999954,-23.770405],[-45.755968,-23.770483599999977],[-45.75616009999993,-23.770520399999953],[-45.75634729999996,-23.77058039999997],[-45.756494,-23.770617199999947],[-45.75657989999996,-23.770635599999935],[-45.75671609999995,-23.77058439999996],[-45.75681229999998,-23.770556599999964],[-45.75691389999997,-23.77059369999995],[-45.757041,-23.77063549999997],[-45.75716769999997,-23.77060769999997],[-45.757212799999934,-23.770510199999933],[-45.75722239999993,-23.770436],[-45.75708529999997,-23.770412799999974],[-45.75693289999998,-23.770371099999977],[-45.75679579999996,-23.770338599999945],[-45.756684,-23.770292299999937],[-45.756638099999975,-23.770232],[-45.75665759999998,-23.770181],[-45.75673829999994,-23.770167],[-45.75687009999996,-23.770180899999957],[-45.75697149999996,-23.770180799999935],[-45.757093,-23.770171499999947],[-45.75728069999997,-23.770185399999946],[-45.75729439999998,-23.770078699999942],[-45.757399299999975,-23.769976699999972],[-45.757556199999954,-23.769948899999974],[-45.757672499999956,-23.769916399999943],[-45.75778369999995,-23.76985159999998],[-45.75789579999997,-23.769847],[-45.758023,-23.769819199999972],[-45.75823769999994,-23.769718],[-45.75837939999997,-23.769630099999972],[-45.75847489999995,-23.769546599999956],[-45.75849429999994,-23.76948619999996],[-45.758558799999946,-23.769384199999934],[-45.75859859999997,-23.76929619999993],[-45.75864319999994,-23.769194399999947],[-45.758672599999954,-23.76909729999994],[-45.75865559999994,-23.768963199999973],[-45.75865339999996,-23.768801699999983],[-45.758657,-23.768691],[-45.758713099999966,-23.768691],[-45.75877019999996,-23.768769299999974],[-45.75884769999993,-23.76884309999997],[-45.75894559999995,-23.768916899999965],[-45.759068199999945,-23.76894],[-45.759235399999966,-23.76884279999996],[-45.75937269999997,-23.768785299999934],[-45.75951969999994,-23.768753],[-45.759646499999974,-23.76875309999997],[-45.75985469999995,-23.76875789999997],[-45.75997189999998,-23.768790499999966],[-45.760129,-23.76874879999997],[-45.76037219999995,-23.76873939999996],[-45.760452499999985,-23.76868369999994],[-45.760466099999974,-23.768549],[-45.760496,-23.768479499999955],[-45.76055629999996,-23.76839149999995],[-45.760668099999975,-23.76836839999993],[-45.76078,-23.768363799999975],[-45.760856599999954,-23.76840549999997],[-45.76098829999995,-23.76835909999994],[-45.76108489999996,-23.768271099999936],[-45.761062899999956,-23.768141399999934],[-45.761114099999986,-23.768068899999946],[-45.76114929999994,-23.768022499999972],[-45.76121,-23.767994699999974],[-45.76129609999998,-23.767943899999977],[-45.76139789999996,-23.76796749999994],[-45.761499399999934,-23.767921399999977],[-45.76145809999997,-23.767800499999964],[-45.76151859999993,-23.76772169999998],[-45.761609599999986,-23.767693899999983],[-45.76172139999994,-23.76772649999998],[-45.76181289999994,-23.767740499999945],[-45.76189409999995,-23.767671099999973],[-45.761995499999955,-23.767601699999943],[-45.76211749999993,-23.76755079999998],[-45.76228009999994,-23.767555499999958],[-45.76243229999994,-23.767564799999946],[-45.76240189999993,-23.767486],[-45.76231059999998,-23.767407299999945],[-45.76224469999994,-23.76731469999993],[-45.76214849999997,-23.767161899999962],[-45.762102899999945,-23.76706459999997],[-45.76206229999997,-23.767009],[-45.761940599999946,-23.76702759999995],[-45.761783299999934,-23.767037],[-45.761636299999964,-23.766976799999952],[-45.761463499999934,-23.76697219999994],[-45.76131619999995,-23.766944499999966],[-45.76119929999993,-23.76696759999993],[-45.76102679999997,-23.766944499999966],[-45.76082649999995,-23.766840099999968],[-45.76094989999996,-23.766510599999947],[-45.761087,-23.76614449999994],[-45.76104589999994,-23.765987399999972],[-45.760896299999956,-23.765830499999936],[-45.760737699999936,-23.765674399999966],[-45.76074159999996,-23.765450899999962],[-45.760885,-23.764954],[-45.76108739999995,-23.764552099999946],[-45.76147959999997,-23.764091899999983],[-45.761818,-23.763851899999963],[-45.76246159999994,-23.76339939999997],[-45.76332849999994,-23.763004399999943],[-45.76428039999996,-23.76275819999995],[-45.76496929999996,-23.762647499999957],[-45.76592519999997,-23.76249389999998],[-45.767056099999934,-23.762449599999968],[-45.767515799999956,-23.762432299999944],[-45.769496199999935,-23.762415499999975],[-45.77056219999997,-23.762475199999983],[-45.772433099999944,-23.762655199999983],[-45.77425119999998,-23.7628],[-45.77567039999997,-23.762970699999983],[-45.77630749999997,-23.76304659999994],[-45.77640089999994,-23.763057699999933],[-45.77648279999994,-23.763125699999932],[-45.776523699999984,-23.763149399999975],[-45.77659079999995,-23.763220899999965],[-45.77665779999995,-23.763288899999964],[-45.77672849999993,-23.76335009999997],[-45.77678069999996,-23.763418199999933],[-45.776832799999966,-23.76344869999997],[-45.77688129999996,-23.763544],[-45.77694459999998,-23.76362219999993],[-45.77701929999995,-23.763713399999972],[-45.77709009999995,-23.763754199999937],[-45.777198099999964,-23.763788199999965],[-45.777283599999976,-23.763788099999942],[-45.77733189999998,-23.76375409999997],[-45.77738019999998,-23.763771],[-45.77739879999996,-23.763832199999968],[-45.77734689999994,-23.76389679999994],[-45.77729119999998,-23.76394789999995],[-45.77730239999994,-23.764015899999947],[-45.777354499999944,-23.76407709999995],[-45.777376799999956,-23.764124699999968],[-45.777410299999985,-23.764172299999927],[-45.77745129999994,-23.76422329999997],[-45.777455,-23.764274399999977],[-45.77744769999998,-23.764346],[-45.77743659999993,-23.764414199999976],[-45.77737339999993,-23.764469],[-45.777328799999964,-23.764516899999933],[-45.777295299999935,-23.764571599999954],[-45.777291599999955,-23.764670699999954],[-45.777306599999974,-23.76477319999998],[-45.77736629999998,-23.764863899999966],[-45.777414799999974,-23.764891099999943],[-45.777493,-23.76491809999993],[-45.77753039999993,-23.764993199999935],[-45.77758259999996,-23.765051099999937],[-45.77769809999995,-23.765095],[-45.777813299999934,-23.765070599999945],[-45.77790619999996,-23.765066699999977],[-45.77800659999997,-23.76511069999998],[-45.778084699999965,-23.765151299999957],[-45.77817749999997,-23.765144],[-45.778233,-23.765170499999954],[-45.77831859999998,-23.765214499999956],[-45.77837439999996,-23.76531669999997],[-45.77842019999997,-23.765393399999937],[-45.778493,-23.76548209999993],[-45.778542399999935,-23.76554589999995],[-45.77864359999995,-23.76563459999994],[-45.778732599999955,-23.76571229999996],[-45.77884169999993,-23.76575669999994],[-45.77899139999994,-23.76581209999995],[-45.77910469999995,-23.765886199999954],[-45.77920579999994,-23.765930599999933],[-45.77930289999995,-23.765971199999967],[-45.77946489999994,-23.766041799999982],[-45.77954609999995,-23.766105099999947],[-45.77965149999994,-23.766138699999942],[-45.77975679999997,-23.766135],[-45.779851399999984,-23.766100199999983],[-45.77997689999995,-23.766070699999943],[-45.78007669999994,-23.76607649999994],[-45.78012169999994,-23.766017499999975],[-45.78018909999997,-23.765958499999954],[-45.78026309999996,-23.765929],[-45.78036279999998,-23.76588179999993],[-45.780495,-23.765837499999975],[-45.78049809999993,-23.765755],[-45.78044309999996,-23.765663699999948],[-45.780391399999985,-23.765607899999964],[-45.780446,-23.765495899999962],[-45.780481399999985,-23.76544869999998],[-45.78042969999996,-23.76537819999993],[-45.780406899999946,-23.76526949999993],[-45.780371199999934,-23.765178499999934],[-45.78033239999996,-23.765074099999936],[-45.7803,-23.764959499999975],[-45.780238699999984,-23.764877199999944],[-45.78019679999994,-23.764789099999973],[-45.78020319999996,-23.76470969999997],[-45.78020959999998,-23.76463609999996],[-45.780334299999936,-23.764534099999935],[-45.78042419999997,-23.76448769999996],[-45.78051379999994,-23.76444379999998],[-45.78060119999998,-23.764413699999977],[-45.780726899999934,-23.76437859999993],[-45.78082559999996,-23.764338299999963],[-45.78093519999993,-23.764308099999937],[-45.781055899999956,-23.764282899999955],[-45.781160099999965,-23.76426779999997],[-45.78131909999996,-23.764247499999954],[-45.781401399999936,-23.76422739999998],[-45.78151669999994,-23.764227199999937],[-45.78162649999996,-23.764237099999946],[-45.78173069999997,-23.764227],[-45.78185149999996,-23.764231799999948],[-45.782005099999935,-23.76423159999996],[-45.78213119999998,-23.764231499999937],[-45.782219,-23.764241399999946],[-45.782317699999965,-23.764251299999955],[-45.78239449999995,-23.764266299999974],[-45.78252619999995,-23.764296199999933],[-45.78261939999993,-23.76431619999994],[-45.782767399999955,-23.76433609999998],[-45.782871599999964,-23.764361],[-45.78295929999996,-23.764376],[-45.78306349999997,-23.764401],[-45.78315679999997,-23.764436],[-45.783261,-23.764486099999942],[-45.78332689999996,-23.764521099999968],[-45.783420099999944,-23.764561199999946],[-45.783502399999975,-23.764616299999943],[-45.78358979999996,-23.764656099999968],[-45.78367179999998,-23.764706099999955],[-45.78375379999994,-23.764761],[-45.78380309999994,-23.764836099999968],[-45.783863199999985,-23.76491619999996],[-45.783901499999956,-23.764966199999947],[-45.78392889999998,-23.765036299999963],[-45.783923699999946,-23.765156799999943],[-45.78391309999995,-23.765252199999964],[-45.78377429999995,-23.76520409999995],[-45.78367559999998,-23.765219299999956],[-45.78358239999994,-23.765239599999973],[-45.783538599999986,-23.7653],[-45.78357159999996,-23.76537019999995],[-45.78363749999994,-23.765460399999938],[-45.78365029999998,-23.765503799999976],[-45.783605,-23.765539899999965],[-45.783614099999966,-23.765578699999935],[-45.78365359999998,-23.765659],[-45.78372019999995,-23.765708699999948],[-45.78376559999998,-23.765741799999944],[-45.78379789999997,-23.76583069999998],[-45.78388579999995,-23.765888699999948],[-45.78396449999997,-23.765902299999937],[-45.784025,-23.76591879999995],[-45.78410969999993,-23.765960099999972],[-45.784167199999956,-23.76599589999995],[-45.784185399999956,-23.766056799999944],[-45.78420059999996,-23.766120499999943],[-45.784249099999954,-23.766192399999966],[-45.78431269999993,-23.76625329999996],[-45.78435859999996,-23.766293299999973],[-45.78441,-23.766343099999972],[-45.784488599999975,-23.766390099999967],[-45.78455519999994,-23.766423199999963],[-45.784646,-23.76645629999996],[-45.78472769999996,-23.76648389999997],[-45.784767,-23.766503299999954],[-45.78486979999997,-23.76651149999998],[-45.78491829999996,-23.76653909999993],[-45.78488209999995,-23.76660019999997],[-45.78493359999993,-23.766650099999936],[-45.785000199999956,-23.766683299999954],[-45.785072799999966,-23.76668049999995],[-45.785094,-23.766647199999966],[-45.78513019999997,-23.766611099999977],[-45.78518159999993,-23.766594399999974],[-45.78527489999993,-23.766591699999935],[-45.785363899999936,-23.766591699999935],[-45.78544109999996,-23.76661889999997],[-45.785488499999985,-23.76658079999993],[-45.785518,-23.766499299999964],[-45.78548809999995,-23.76641239999998],[-45.78547609999998,-23.766330899999957],[-45.785434399999986,-23.766249499999958],[-45.78542829999998,-23.766157199999952],[-45.78539249999994,-23.766065],[-45.78539219999993,-23.765940199999932],[-45.785386,-23.765837099999942],[-45.78538589999994,-23.765755799999965],[-45.78540349999997,-23.765685299999973],[-45.78543149999996,-23.765624499999944],[-45.785484,-23.76557219999995],[-45.785550299999954,-23.765530299999966],[-45.78560509999994,-23.76549049999994],[-45.78566919999997,-23.765459],[-45.78574919999994,-23.76541919999994],[-45.78584079999996,-23.765387699999962],[-45.785905,-23.765368699999954],[-45.78595309999997,-23.76535819999998],[-45.78602189999998,-23.76533509999996],[-45.78607919999996,-23.765320299999928],[-45.786166599999945,-23.765305499999954],[-45.78625379999994,-23.76529279999994],[-45.78632729999998,-23.765282199999945],[-45.78639389999995,-23.765278],[-45.78645129999995,-23.765275799999984],[-45.78652239999997,-23.765273599999944],[-45.786630299999956,-23.765273499999978],[-45.786699099999964,-23.765275499999973],[-45.786768,-23.76527959999993],[-45.78683689999997,-23.765287899999976],[-45.786905899999965,-23.765287799999953],[-45.786961,-23.765292],[-45.787022899999954,-23.76529819999996],[-45.78708949999998,-23.76530649999995],[-45.787126299999954,-23.76530649999995],[-45.78719479999995,-23.765310099999965],[-45.787267199999974,-23.76530749999995],[-45.787361199999964,-23.765336099999956],[-45.78751009999996,-23.76536459999994],[-45.78762759999995,-23.765400299999953],[-45.78776869999996,-23.76544309999997],[-45.787909799999966,-23.765478799999983],[-45.78803769999996,-23.765514499999938],[-45.788149799999985,-23.765530599999977],[-45.78827469999993,-23.765548099999933],[-45.78836119999994,-23.765548],[-45.78848609999994,-23.765574199999946],[-45.788611,-23.765600499999948],[-45.788696699999946,-23.765616199999954],[-45.78876479999997,-23.765626699999927],[-45.78891289999996,-23.765638399999943],[-45.78903089999994,-23.765665299999966],[-45.789138899999955,-23.765696599999956],[-45.789271499999984,-23.76571],[-45.78942379999995,-23.765741299999945],[-45.78960059999997,-23.76579049999998],[-45.789752799999974,-23.765835299999935],[-45.78986569999995,-23.76585309999996],[-45.790013,-23.765888899999936],[-45.790130799999986,-23.765920199999982],[-45.790278,-23.765969499999983],[-45.79039789999996,-23.765986299999952],[-45.79052969999998,-23.766020099999935],[-45.79067379999998,-23.766050099999973],[-45.790785,-23.766087699999957],[-45.79081389999993,-23.766152],[-45.79085909999998,-23.76626159999995],[-45.790912599999956,-23.76635219999997],[-45.790957799999944,-23.766454099999976],[-45.79098239999996,-23.76656369999995],[-45.791007099999945,-23.766635399999927],[-45.79101119999996,-23.766760099999942],[-45.79101119999996,-23.76686589999997],[-45.79092519999995,-23.766915499999982],[-45.79087369999996,-23.767021599999964],[-45.79084089999998,-23.767116199999975],[-45.790824499999985,-23.76718809999994],[-45.79084919999997,-23.767237199999954],[-45.79091489999996,-23.76723329999993],[-45.79096009999995,-23.767293699999982],[-45.79093139999998,-23.767380699999933],[-45.79096839999994,-23.76748269999996],[-45.79101769999994,-23.767554299999972],[-45.79107979999998,-23.76761849999997],[-45.791133499999944,-23.767671399999983],[-45.79119869999994,-23.767686099999935],[-45.79123629999998,-23.767742899999973],[-45.79124159999998,-23.767834],[-45.79130369999996,-23.767905799999937],[-45.79139559999993,-23.76792809999995],[-45.79146909999997,-23.76798189999994],[-45.791489499999955,-23.768067599999938],[-45.791529399999945,-23.768175699999972],[-45.79160319999994,-23.76824309999995],[-45.79166249999997,-23.76832859999996],[-45.791765699999985,-23.768422899999962],[-45.79185869999998,-23.768481099999974],[-45.79188349999998,-23.768530599999963],[-45.79196149999996,-23.768539199999964],[-45.79204889999994,-23.768552099999965],[-45.792118,-23.768642099999965],[-45.79215639999995,-23.768716499999982],[-45.792215399999975,-23.76878389999996],[-45.79225509999998,-23.768887399999983],[-45.79232879999995,-23.768954699999938],[-45.79236849999995,-23.769031199999972],[-45.79232509999997,-23.769116899999972],[-45.792399099999955,-23.76920679999995],[-45.79251739999995,-23.769260799999927],[-45.79263539999994,-23.76927409999996],[-45.79273879999994,-23.769301],[-45.792816399999936,-23.769237699999962],[-45.792894899999965,-23.76926459999993],[-45.793012199999964,-23.76925979999993],[-45.79315879999996,-23.769241499999964],[-45.79329649999994,-23.769268299999965],[-45.79338539999998,-23.76930429999993],[-45.793524,-23.769317299999955],[-45.79361409999996,-23.76931069999995],[-45.79373239999995,-23.769329699999957],[-45.79378219999995,-23.769393599999944],[-45.7939,-23.769380599999977],[-45.79398189999995,-23.76931],[-45.79400139999996,-23.769246099999975],[-45.79392339999998,-23.769221399999935],[-45.79389709999998,-23.769137],[-45.79397359999996,-23.769132199999945],[-45.794055399999934,-23.769141499999932],[-45.79414989999998,-23.769147699999962],[-45.794281499999954,-23.769175899999937],[-45.79440539999996,-23.769211199999972],[-45.794546399999945,-23.769262599999934],[-45.79463249999998,-23.769301799999937],[-45.79467569999997,-23.769335099999978],[-45.794745199999966,-23.769362299999955],[-45.794798399999934,-23.769404599999973],[-45.79487459999996,-23.769434799999942],[-45.79496369999998,-23.76944679999997],[-45.795020299999976,-23.769483099999945],[-45.79507679999995,-23.76953839999993],[-45.795123399999966,-23.769589699999983],[-45.79520309999998,-23.769635],[-45.795302799999945,-23.769686299999933],[-45.795392499999934,-23.76972559999996],[-45.795489,-23.769774],[-45.79560879999997,-23.769807199999946],[-45.79573529999993,-23.769837499999937],[-45.795845199999974,-23.76986469999997],[-45.79596479999998,-23.76986459999995],[-45.79606129999996,-23.769864499999983],[-45.79617109999998,-23.769825],[-45.79624129999996,-23.769867499999975],[-45.796398099999976,-23.769837],[-45.796511399999986,-23.769773099999952],[-45.79653769999993,-23.76967589999998],[-45.79649079999996,-23.769587899999976],[-45.79639329999998,-23.76952129999995],[-45.79631249999994,-23.769436499999983],[-45.79628839999998,-23.76933649999995],[-45.79634459999994,-23.76923329999994],[-45.79626059999998,-23.769154899999933],[-45.7963,-23.769033599999943],[-45.796375799999964,-23.768903299999977],[-45.79642809999996,-23.768827699999974],[-45.79645149999993,-23.768710899999974],[-45.796550699999955,-23.768629],[-45.79656719999997,-23.768619899999976],[-45.79663969999996,-23.768541099999936],[-45.79666879999996,-23.768426],[-45.79676409999996,-23.76835319999998],[-45.79682379999997,-23.768289],[-45.796925199999976,-23.768267599999945],[-45.79705549999994,-23.768248599999936],[-45.79715959999993,-23.768191299999955],[-45.79720659999998,-23.76818419999995],[-45.79727449999996,-23.768217599999957],[-45.797370899999976,-23.768215099999964],[-45.797420399999965,-23.76819359999996],[-45.79743559999997,-23.768124299999954],[-45.797527299999956,-23.768149],[-45.797648899999956,-23.76814479999996],[-45.79768789999997,-23.76799939999995],[-45.79770959999996,-23.767949099999953],[-45.797780899999964,-23.76792389999997],[-45.79789079999995,-23.76791869999994],[-45.798038599999984,-23.76791849999995],[-45.79821389999995,-23.76793329999998],[-45.798290399999985,-23.767938199999946],[-45.798328599999934,-23.767943199999934],[-45.79839479999998,-23.76800339999994],[-45.798467,-23.76810389999997],[-45.79851689999998,-23.768164199999944],[-45.79859349999998,-23.768199299999935],[-45.798653799999954,-23.768234399999983],[-45.79872519999998,-23.76828949999998],[-45.79882349999997,-23.768339599999933],[-45.798883699999976,-23.76837459999996],[-45.79891759999998,-23.76844159999996],[-45.79897529999994,-23.768502499999954],[-45.799012,-23.768585499999972],[-45.79902739999994,-23.76864089999998],[-45.79906689999996,-23.768688],[-45.799100399999986,-23.768726899999933],[-45.79913689999995,-23.768762899999956],[-45.79923059999993,-23.768779499999937],[-45.79932709999997,-23.768832199999963],[-45.79941739999998,-23.768879199999958],[-45.799487,-23.768959499999937],[-45.79953249999994,-23.769012],[-45.79959889999998,-23.76907289999997],[-45.799665499999946,-23.76915029999998],[-45.79970759999998,-23.76917789999993],[-45.799765099999945,-23.769247],[-45.79981639999994,-23.769296699999927],[-45.79990669999995,-23.76936829999994],[-45.79997329999998,-23.769420899999943],[-45.80002779999995,-23.769446499999958],[-45.800107099999934,-23.76948859999993],[-45.80022329999997,-23.76951749999995],[-45.800294,-23.769543299999953],[-45.80034219999993,-23.769564],[-45.800444099999936,-23.769589699999983],[-45.80052859999995,-23.76963139999998],[-45.800668,-23.76968519999997],[-45.800778099999945,-23.769693399999937],[-45.80088809999995,-23.769707299999936],[-45.801031799999976,-23.76973229999993],[-45.80115109999997,-23.769732199999964],[-45.80127349999998,-23.769732],[-45.80137759999997,-23.769734699999958],[-45.801506,-23.76976819999993],[-45.80161,-23.769796],[-45.801711,-23.76977349999993],[-45.80177519999995,-23.769753799999933],[-45.80185789999996,-23.76972859999995],[-45.801946499999985,-23.769700499999942],[-45.80202,-23.769711599999937],[-45.802148399999965,-23.76969459999998],[-45.802286299999935,-23.76970209999996],[-45.80239309999996,-23.76976949999994],[-45.802516099999934,-23.769761899999935],[-45.80264729999993,-23.769761699999947],[-45.802811099999985,-23.769739],[-45.80289279999994,-23.769678899999974],[-45.80299919999993,-23.76965629999995],[-45.803114,-23.76967869999993],[-45.803228899999965,-23.769716099999982],[-45.80337659999998,-23.769768399999975],[-45.80344229999997,-23.769783299999972],[-45.80357389999995,-23.76982819999995],[-45.803713699999946,-23.769843],[-45.80391139999995,-23.769865299999935],[-45.80399369999998,-23.76987269999995],[-45.80410889999996,-23.76987259999993],[-45.80419889999996,-23.769812399999978],[-45.804256,-23.76966969999995],[-45.80428109999997,-23.769556299999977],[-45.804323099999976,-23.769421399999942],[-45.804358,-23.769338],[-45.804337,-23.76919709999993],[-45.80431589999995,-23.76906269999995],[-45.80424939999995,-23.768912599999965],[-45.804280699999936,-23.768762399999957],[-45.80425969999993,-23.76861569999994],[-45.80429439999995,-23.768421],[-45.80431869999995,-23.768299499999955],[-45.80436649999996,-23.768137699999954],[-45.804435799999965,-23.768023],[-45.80448789999997,-23.767892],[-45.80446319999993,-23.767760799999962],[-45.804382799999985,-23.76765519999998],[-45.804323299999965,-23.767498899999964],[-45.80422209999995,-23.767437899999948],[-45.804152,-23.76729419999998],[-45.80412009999998,-23.76718539999996],[-45.80412,-23.767060799999967],[-45.80413039999996,-23.766977699999927],[-45.804109299999936,-23.766885],[-45.804042599999946,-23.766750699999932],[-45.80402849999996,-23.76663229999997],[-45.80401779999994,-23.76651369999996],[-45.803961699999945,-23.766424],[-45.803867,-23.766347199999927],[-45.803842299999985,-23.766241399999956],[-45.803835,-23.766116099999977],[-45.80379279999994,-23.76601979999998],[-45.803705099999945,-23.76596859999995],[-45.80361749999997,-23.76592379999994],[-45.803571799999986,-23.76586279999998],[-45.80353659999997,-23.765801799999963],[-45.803435099999945,-23.765795699999956],[-45.80333729999995,-23.76583789999995],[-45.803246799999954,-23.765918599999964],[-45.80316329999994,-23.765992799999935],[-45.803111299999955,-23.766031599999963],[-45.80302569999998,-23.766003499999954],[-45.80294559999993,-23.765945],[-45.802428299999974,-23.76525],[-45.80189029999997,-23.76452319999993],[-45.80180769999998,-23.76426669999995],[-45.80165439999996,-23.763796499999955],[-45.801606299999946,-23.763347299999964],[-45.80173369999994,-23.76294059999998],[-45.80191929999995,-23.762448099999972],[-45.80222169999996,-23.761955299999954],[-45.80280419999997,-23.76132279999996],[-45.803597199999956,-23.76074319999998],[-45.805079399999954,-23.760044299999947],[-45.80771139999996,-23.75910719999996],[-45.81279409999996,-23.75818529999998],[-45.813228,-23.75813729999993],[-45.816278599999976,-23.757799499999976],[-45.81842979999993,-23.757561299999963],[-45.818647399999975,-23.757545599999958],[-45.82142959999993,-23.75744889999993],[-45.82416449999994,-23.757348199999967],[-45.829061699999954,-23.757503499999927],[-45.83289289999993,-23.757625],[-45.841156299999966,-23.758084199999928],[-45.84240229999995,-23.758196],[-45.842179,-23.757979],[-45.84000729999997,-23.755916299999967],[-45.83903779999997,-23.754995399999927],[-45.835146399999985,-23.75129929999997],[-45.83366969999997,-23.74988389999993],[-45.833642699999984,-23.749858],[-45.82712739999994,-23.74365819999997],[-45.823736699999984,-23.740425199999947],[-45.822101499999974,-23.738899299999957],[-45.82004009999997,-23.736932],[-45.820017,-23.738722799999948],[-45.81998379999993,-23.73897009999996],[-45.81984229999995,-23.739561899999956],[-45.81974669999994,-23.73980839999996],[-45.81955519999997,-23.740173899999945],[-45.81961819999998,-23.740341599999965],[-45.81919579999993,-23.740613099999962],[-45.81827,-23.74158669999997],[-45.81860009999997,-23.74196269999993],[-45.81725049999994,-23.742791199999942],[-45.81658629999998,-23.742583199999956],[-45.815569799999935,-23.742655399999933],[-45.81569159999998,-23.741657499999974],[-45.814113099999986,-23.741449],[-45.81330589999993,-23.741630699999973],[-45.813394,-23.742415499999936],[-45.81321649999995,-23.742632199999946],[-45.81323159999994,-23.745596499999976],[-45.813261799999964,-23.747904499999947],[-45.813126,-23.75447409999998],[-45.81314349999997,-23.755338499999937],[-45.811487,-23.755497],[-45.811058199999934,-23.755556399999932],[-45.80744059999995,-23.756433199999947],[-45.80646009999998,-23.75668429999996],[-45.80613139999997,-23.756743399999948],[-45.80577129999995,-23.75678149999993],[-45.805477,-23.75668859999996],[-45.80525529999994,-23.75660869999996],[-45.80497829999996,-23.756483599999967],[-45.804759099999956,-23.756348699999933],[-45.80248729999994,-23.754871],[-45.79647049999994,-23.75092449999994],[-45.79580169999997,-23.750576299999977],[-45.79549369999995,-23.75043949999997],[-45.795312699999954,-23.750395899999944],[-45.79517519999996,-23.750350399999945],[-45.794956799999966,-23.75030369999996],[-45.79464479999996,-23.750259099999937],[-45.79421479999996,-23.750227499999937],[-45.79380219999996,-23.750238299999978],[-45.793505,-23.750262499999963],[-45.79325839999996,-23.750302499999975],[-45.79152419999997,-23.750648199999944],[-45.790786,-23.75068589999995],[-45.79031939999993,-23.75070329999994],[-45.79002809999997,-23.750729099999944],[-45.78987539999997,-23.750754599999937],[-45.78966859999997,-23.75081389999997],[-45.78955959999996,-23.750851299999965],[-45.788941299999976,-23.751058],[-45.788688899999954,-23.75116079999998],[-45.78835649999996,-23.751243199999976],[-45.787553499999945,-23.751424399999962],[-45.78555769999997,-23.75180839999996],[-45.785387,-23.751846399999977],[-45.77896049999998,-23.75309089999996],[-45.77591529999995,-23.75365759999994],[-45.775349,-23.75371739999997],[-45.77387129999994,-23.753870699999936],[-45.77202129999995,-23.754017699999963],[-45.76940149999996,-23.75399639999995],[-45.768146799999954,-23.753931199999954],[-45.766762,-23.753652],[-45.766802,-23.752298],[-45.76676719999995,-23.751603299999942],[-45.76542209999997,-23.751188399999933],[-45.764941799999974,-23.751051],[-45.764694299999974,-23.750797399999954],[-45.764554199999964,-23.750653899999975],[-45.76447039999994,-23.75072719999997],[-45.76398059999997,-23.75116],[-45.763825699999984,-23.751296799999977],[-45.764247299999965,-23.751396],[-45.76446469999996,-23.75144709999995],[-45.764583899999934,-23.751556],[-45.765152,-23.75207519999998],[-45.765425799999946,-23.752251099999967],[-45.765477799999985,-23.75249139999994],[-45.765486599999974,-23.752532299999928],[-45.76541929999996,-23.75359569999995],[-45.76403819999996,-23.753709699999945],[-45.76313229999994,-23.75366379999997],[-45.763135199999965,-23.753758699999935],[-45.763073599999984,-23.753754],[-45.76186179999996,-23.753712],[-45.761779,-23.753522],[-45.761877,-23.753418],[-45.761988,-23.753276],[-45.762015,-23.753082],[-45.76203609999993,-23.752882799999952],[-45.762041,-23.752837],[-45.761983,-23.752399],[-45.76175589999997,-23.75108869999997],[-45.763224599999944,-23.746360599999946],[-45.762795799999935,-23.746149599999967],[-45.75770109999996,-23.743620499999963],[-45.754203899999936,-23.74188449999997],[-45.75395679999997,-23.726918799999964],[-45.75388849999996,-23.726574399999947],[-45.75382909999996,-23.726422],[-45.75380089999993,-23.72627129999995],[-45.753900399999964,-23.72593329999995],[-45.754019899999946,-23.725681299999962],[-45.75410019999998,-23.725404399999945],[-45.75406259999994,-23.724964599999964],[-45.753967899999964,-23.724781899999982],[-45.753834799999936,-23.724703499999976],[-45.75369729999994,-23.72452459999994],[-45.75366509999998,-23.724359599999957],[-45.75371859999996,-23.724158199999977],[-45.75377869999994,-23.723766499999954],[-45.75394049999994,-23.723410099999967],[-45.754304299999944,-23.722912699999938],[-45.75471289999996,-23.722066799999936],[-45.75495239999998,-23.721649],[-45.75499759999997,-23.72136869999997],[-45.75486079999996,-23.72065109999994],[-45.75522429999995,-23.720099799999957],[-45.75561269999997,-23.719803399999932],[-45.75600119999996,-23.719542899999965],[-45.75610109999997,-23.71926949999994],[-45.75609129999998,-23.718924799999968],[-45.75578539999998,-23.718192199999976],[-45.755577399999936,-23.718688199999974],[-45.755397899999934,-23.718876],[-45.755309799999964,-23.71890079999997],[-45.75510449999996,-23.718847599999947],[-45.75488339999998,-23.71862109999995],[-45.75470629999995,-23.718363599999975],[-45.754609699999946,-23.71827109999998],[-45.75455569999997,-23.718273099999976],[-45.75443349999995,-23.718343299999958],[-45.754309,-23.718531799999937],[-45.75423379999995,-23.71858179999998],[-45.75413469999995,-23.718581399999948],[-45.75398809999996,-23.718510699999968],[-45.753759199999934,-23.718275199999937],[-45.753666899999985,-23.718262099999947],[-45.753592399999945,-23.718282399999964],[-45.753495,-23.718391199999928],[-45.753349,-23.71877489999997],[-45.75320289999996,-23.719300399999952],[-45.75318559999994,-23.719533499999955],[-45.753126399999985,-23.719635799999935],[-45.753050299999984,-23.719714799999963],[-45.752751899999964,-23.719858],[-45.75262019999997,-23.719975199999965],[-45.752540299999964,-23.72001709999995],[-45.75253649999996,-23.720193199999983],[-45.75253509999993,-23.720196899999962],[-45.75252889999996,-23.72047329999998],[-45.75262459999993,-23.720925299999976],[-45.752596799999935,-23.72119639999994],[-45.75251209999993,-23.721322399999963],[-45.752409599999964,-23.72140959999996],[-45.75227359999997,-23.721459],[-45.75219509999994,-23.72146479999998],[-45.75206049999997,-23.721426699999938],[-45.751868599999966,-23.721316499999944],[-45.75149289999996,-23.72098959999994],[-45.75133269999998,-23.72093339999998],[-45.75092979999994,-23.72085759999993],[-45.75058279999996,-23.72080479999994],[-45.75029329999995,-23.720676699999956],[-45.749729299999956,-23.720531299999948],[-45.749595599999964,-23.72047589999994],[-45.74945269999995,-23.72035919999996],[-45.749342799999965,-23.720185399999934],[-45.74913379999998,-23.719325699999956],[-45.749088,-23.719209399999954],[-45.74899739999995,-23.719147499999963],[-45.74887169999994,-23.719121],[-45.74875039999995,-23.71917039999994],[-45.74851389999998,-23.71933139999993],[-45.748113699999976,-23.719691],[-45.748005,-23.719717699999933],[-45.74788229999996,-23.719710199999952],[-45.74775829999993,-23.71964479999997],[-45.74767659999998,-23.719419399999936],[-45.747624299999984,-23.71932869999995],[-45.74760229999998,-23.719290599999965],[-45.74748889999995,-23.71919269999995],[-45.74736029999997,-23.71916619999996],[-45.747228,-23.71919939999998],[-45.74702339999993,-23.71928079999998],[-45.74642729999994,-23.719672],[-45.74627819999995,-23.719680899999958],[-45.746154399999966,-23.71964079999998],[-45.746044799999936,-23.719357699999932],[-45.745966099999976,-23.71931479999995],[-45.74579049999994,-23.71930659999998],[-45.74567769999993,-23.719319799999937],[-45.745588,-23.719247],[-45.745587299999954,-23.719114299999944],[-45.745695799999964,-23.718884299999957],[-45.74569519999994,-23.718764199999953],[-45.74561129999995,-23.718513499999972],[-45.74553049999997,-23.71844889999994],[-45.74539129999994,-23.71846849999997],[-45.745171599999935,-23.71863579999996],[-45.74503809999993,-23.71862649999997],[-45.745010699999966,-23.71860849999996],[-45.74492879999997,-23.71855469999997],[-45.74486609999997,-23.718404199999952],[-45.74485929999997,-23.718056499999932],[-45.74477559999997,-23.717838299999983],[-45.74464149999994,-23.717708899999934],[-45.744444199999975,-23.717697199999975],[-45.74432589999998,-23.71776639999996],[-45.744256,-23.717885099999933],[-45.74400959999997,-23.71838669999994],[-45.743832399999974,-23.718616899999972],[-45.743371,-23.71908609999997],[-45.74290879999995,-23.719407199999978],[-45.74235639999995,-23.719566099999952],[-45.74231189999995,-23.719903899999963],[-45.742156,-23.71995739999994],[-45.742031699999984,-23.719978],[-45.74163039999996,-23.719728499999974],[-45.74144389999998,-23.719695099999967],[-45.74135049999995,-23.719672899999978],[-45.74121869999993,-23.719601299999965],[-45.74115819999997,-23.719479699999965],[-45.741141,-23.719214199999954],[-45.74120279999994,-23.719042299999956],[-45.74123369999995,-23.71896],[-45.741171,-23.718810299999973],[-45.74108519999993,-23.718719499999963],[-45.74092,-23.71865619999994],[-45.74074429999996,-23.718627199999958],[-45.740491299999974,-23.71864379999994],[-45.74003079999994,-23.718753499999934],[-45.73995019999995,-23.71872039999994],[-45.739847,-23.718682099999967],[-45.73981209999994,-23.718582899999944],[-45.73982319999993,-23.718474499999957],[-45.739909799999964,-23.71833859999998],[-45.73992369999996,-23.71819309999995],[-45.73986609999997,-23.718068699999947],[-45.739787,-23.71796519999998],[-45.73968189999994,-23.71793679999996],[-45.73956419999996,-23.717939199999932],[-45.73934379999997,-23.71801069999998],[-45.73892409999996,-23.718208699999934],[-45.73874959999995,-23.71823029999996],[-45.738568,-23.718209499999944],[-45.738450899999975,-23.718136],[-45.73830389999995,-23.71800029999997],[-45.73818829999993,-23.717676599999947],[-45.738117,-23.717556799999954],[-45.73791289999997,-23.717381699999976],[-45.737794099999974,-23.717347],[-45.737639,-23.71733779999994],[-45.737494399999946,-23.717440599999975],[-45.737396099999955,-23.717579199999932],[-45.737224,-23.718195099999946],[-45.737260499999934,-23.719103599999983],[-45.73723189999998,-23.719440599999928],[-45.73714549999994,-23.71960359999997],[-45.73698239999993,-23.719726299999934],[-45.73688839999994,-23.71976109999997],[-45.736784399999976,-23.71976159999997],[-45.73649569999998,-23.719703399999958],[-45.735536399999944,-23.719384599999955],[-45.734596299999964,-23.719144299999982],[-45.73411149999998,-23.719116799999938],[-45.73354859999995,-23.719155599999965],[-45.73285389999995,-23.719122699999957],[-45.73250719999993,-23.71905659999993],[-45.73233319999997,-23.71899149999996],[-45.73204789999994,-23.718835699999943],[-45.73173769999994,-23.718452399999933],[-45.73165229999995,-23.718261299999938],[-45.73152019999998,-23.717801299999962],[-45.73139589999994,-23.717668199999935],[-45.73122779999994,-23.717613899999947],[-45.73105529999998,-23.717636399999947],[-45.730542199999945,-23.717810499999928],[-45.73022869999994,-23.71787969999997],[-45.72986539999994,-23.717822699999942],[-45.729698,-23.717705199999955],[-45.72961989999993,-23.717597099999978],[-45.72957949999994,-23.71739139999994],[-45.72958639999996,-23.717227],[-45.72969459999996,-23.716746899999976],[-45.729700599999944,-23.71658969999993],[-45.729643899999985,-23.716447199999948],[-45.729456899999946,-23.71633879999996],[-45.729141599999934,-23.71626169999996],[-45.72899479999995,-23.716154899999935],[-45.728882099999964,-23.71600369999993],[-45.72874209999998,-23.715526599999976],[-45.72841429999994,-23.714074899999957],[-45.728317,-23.713879299999974],[-45.72814129999995,-23.713680499999953],[-45.72808139999995,-23.713665499999934],[-45.72796489999996,-23.713711199999977],[-45.72783909999998,-23.713841799999955],[-45.72773989999996,-23.713997699999936],[-45.72746659999996,-23.714773899999955],[-45.72736719999995,-23.715247699999964],[-45.727368199999944,-23.715422],[-45.727523099999985,-23.716463499999975],[-45.727518,-23.716786],[-45.72747869999995,-23.71694789999998],[-45.72733539999996,-23.71711019999998],[-45.72717189999997,-23.71717419999993],[-45.726976699999966,-23.717170599999974],[-45.726823399999944,-23.71713159999996],[-45.72632459999994,-23.71687289999994],[-45.72587349999998,-23.716548099999955],[-45.72518409999998,-23.71623519999997],[-45.72470979999997,-23.71614169999998],[-45.724010299999975,-23.71612959999993],[-45.72377849999998,-23.716073799999947],[-45.72368689999996,-23.716007399999967],[-45.72362889999994,-23.715994099999932],[-45.72351939999993,-23.715887099999975],[-45.72338759999997,-23.71563569999995],[-45.72341679999994,-23.71523819999993],[-45.72337679999998,-23.71510379999995],[-45.723297,-23.71504539999995],[-45.72318219999994,-23.71503329999996],[-45.723053799999946,-23.715061899999966],[-45.72292369999997,-23.71513479999993],[-45.722527199999945,-23.71544739999996],[-45.72241359999998,-23.715485799999954],[-45.72230149999996,-23.71544119999993],[-45.722195599999964,-23.715259199999934],[-45.72217029999996,-23.714943199999936],[-45.72210759999996,-23.714780899999937],[-45.72202749999997,-23.714668399999937],[-45.72196949999994,-23.714651499999945],[-45.72183719999998,-23.714667499999962],[-45.72171019999996,-23.714763799999957],[-45.72158439999998,-23.714901699999928],[-45.721242899999936,-23.71540639999995],[-45.721105,-23.71549189999996],[-45.72088069999995,-23.715548099999978],[-45.72075209999997,-23.71553689999996],[-45.72054819999994,-23.715390699999944],[-45.72043519999994,-23.715164499999958],[-45.72029479999998,-23.714786699999934],[-45.720207699999946,-23.714648],[-45.72010419999998,-23.71456539999997],[-45.71999029999995,-23.714536099999975],[-45.71987869999998,-23.714589899999964],[-45.719785799999954,-23.714642699999956],[-45.719709,-23.71477129999994],[-45.71959839999994,-23.71517289999997],[-45.71935609999997,-23.71552989999998],[-45.719245899999976,-23.71564509999996],[-45.718956299999945,-23.715782799999943],[-45.718868,-23.715783199999976],[-45.71871569999996,-23.71574329999993],[-45.71855279999994,-23.715549899999928],[-45.718472599999984,-23.715233199999943],[-45.71836859999996,-23.71505209999998],[-45.71825329999996,-23.71496149999996],[-45.71807379999996,-23.714961399999936],[-45.717961499999944,-23.715047699999957],[-45.71785959999994,-23.71524869999996],[-45.71775149999996,-23.715568899999937],[-45.71762229999996,-23.715799],[-45.717512,-23.715902399999948],[-45.71716489999994,-23.716119],[-45.71684529999993,-23.716155699999945],[-45.716575399999954,-23.71612719999996],[-45.716432699999984,-23.716039299999977],[-45.716198,-23.71581729999997],[-45.716052599999955,-23.715431399999943],[-45.71602139999993,-23.71527439999994],[-45.716044,-23.715114399999948],[-45.716169899999954,-23.71480669999994],[-45.71628659999993,-23.714631],[-45.71637089999996,-23.714425499999948],[-45.716361699999936,-23.714183499999933],[-45.71629919999998,-23.71406369999994],[-45.716171299999985,-23.713990199999955],[-45.71591549999994,-23.71403289999995],[-45.71579809999997,-23.71408409999998],[-45.71563009999994,-23.714042399999983],[-45.715397199999984,-23.71379509999997],[-45.71502669999995,-23.713486099999955],[-45.714819,-23.713348],[-45.714552699999956,-23.713259799999946],[-45.71433059999998,-23.713198499999976],[-45.71413339999998,-23.71318949999994],[-45.71400319999998,-23.71323519999993],[-45.71392909999997,-23.713316799999973],[-45.713832,-23.71350519999993],[-45.71374909999997,-23.71360039999996],[-45.713617,-23.71365789999993],[-45.713473299999976,-23.71374979999996],[-45.713404399999945,-23.71388829999995],[-45.713408,-23.714012899999943],[-45.71358479999998,-23.714199099999973],[-45.71382139999997,-23.714448199999936],[-45.71397479999996,-23.71469129999997],[-45.714017,-23.714792599999953],[-45.71408709999997,-23.714960899999937],[-45.71408779999996,-23.71496529999996],[-45.714250799999945,-23.716006],[-45.71422219999994,-23.716354799999976],[-45.714238,-23.71653809999998],[-45.71417809999997,-23.716891499999974],[-45.71421349999997,-23.717098199999953],[-45.71430859999998,-23.71725129999993],[-45.714425699999936,-23.717317599999944],[-45.71490419999998,-23.717468],[-45.71527109999994,-23.71765149999993],[-45.715557599999954,-23.717829],[-45.715731,-23.717962799999952],[-45.716322299999945,-23.71863929999995],[-45.71667439999993,-23.719166],[-45.717097,-23.720023899999944],[-45.717193399999985,-23.720074099999977],[-45.71738069999998,-23.72006319999997],[-45.717782099999965,-23.719729],[-45.717921,-23.719651599999963],[-45.71804079999998,-23.719673599999965],[-45.71814539999997,-23.719786],[-45.718174799999986,-23.719960199999946],[-45.71814669999998,-23.720215],[-45.718185699999935,-23.720344],[-45.71830959999994,-23.72040579999998],[-45.718497799999966,-23.720377799999937],[-45.71906459999997,-23.720154799999932],[-45.719277699999964,-23.72018449999996],[-45.71952879999998,-23.720364],[-45.719554399999936,-23.720402499999977],[-45.71965069999993,-23.720510399999966],[-45.719708699999956,-23.720615099999975],[-45.71977389999995,-23.72105289999996],[-45.71974529999994,-23.721189399999957],[-45.719587599999954,-23.721605599999975],[-45.719542899999965,-23.721857799999952],[-45.71954489999996,-23.722047499999974],[-45.71961239999996,-23.72219169999994],[-45.719669099999976,-23.722238199999936],[-45.719681399999956,-23.722248299999933],[-45.71989609999997,-23.722226499999977],[-45.72037169999993,-23.721998499999927],[-45.72067339999995,-23.72191669999995],[-45.72110279999998,-23.721864099999948],[-45.72172959999995,-23.721862099999953],[-45.722199899999964,-23.72191769999995],[-45.72279709999998,-23.72206669999997],[-45.723321699999985,-23.72237219999994],[-45.723705,-23.722674799999936],[-45.72403379999997,-23.723060699999962],[-45.72417159999998,-23.723323799999946],[-45.72428069999995,-23.72370989999996],[-45.724285399999985,-23.724023299999942],[-45.724233,-23.72430529999997],[-45.72417,-23.724451899999963],[-45.72385129999998,-23.724831],[-45.72385,-23.72491489999993],[-45.72384839999995,-23.725013399999966],[-45.72389889999994,-23.72509629999996],[-45.72399449999995,-23.725184399999932],[-45.72532279999996,-23.72587809999993],[-45.72548629999994,-23.725989399999946],[-45.72560759999993,-23.72611429999995],[-45.725764,-23.72636289999997],[-45.72587409999994,-23.726751699999966],[-45.72589369999997,-23.726919599999974],[-45.725841299999956,-23.727204299999983],[-45.72584139999998,-23.72740479999993],[-45.725899899999945,-23.72751379999994],[-45.726091,-23.727648399999964],[-45.72632349999998,-23.727654599999937],[-45.72694319999994,-23.727593799999966],[-45.727487,-23.727648199999976],[-45.727962299999945,-23.727733599999965],[-45.728409599999964,-23.727885899999933],[-45.72869689999993,-23.728048899999976],[-45.72896019999996,-23.72827979999994],[-45.72909469999996,-23.728485099999943],[-45.72922,-23.72878529999997],[-45.72933679999994,-23.729322199999956],[-45.72931719999997,-23.729845199999943],[-45.729247199999975,-23.730137299999967],[-45.72910209999998,-23.73033309999994],[-45.72884069999998,-23.73060529999998],[-45.728683899999965,-23.730819199999928],[-45.72863339999998,-23.73091059999996],[-45.72864439999995,-23.730944499999964],[-45.72868029999995,-23.73105579999998],[-45.72877509999995,-23.731163799999933],[-45.72915779999994,-23.731351599999982],[-45.72929309999995,-23.731515399999978],[-45.72931739999996,-23.731658899999957],[-45.729243199999985,-23.731895],[-45.72868109999996,-23.732430499999964],[-45.72850459999995,-23.732632699999954],[-45.72844329999998,-23.73289589999996],[-45.72841979999998,-23.732911299999955],[-45.728421899999944,-23.73311],[-45.72845309999997,-23.733239899999944],[-45.72885269999995,-23.733834199999933],[-45.72891039999996,-23.733965799999964],[-45.728923099999975,-23.734131899999966],[-45.728885799999944,-23.734484299999963],[-45.728903,-23.73475609999997],[-45.72905709999998,-23.735127499999976],[-45.72920419999997,-23.735283099999947],[-45.72951449999994,-23.735517399999935],[-45.73059289999998,-23.73624019999994],[-45.730724,-23.736351599999978],[-45.73090869999993,-23.736572],[-45.73096229999993,-23.736854499999936],[-45.73095189999998,-23.73709839999998],[-45.73087049999998,-23.737283],[-45.73074839999998,-23.73738839999993],[-45.730532,-23.73745809999997],[-45.72996869999997,-23.73760519999996],[-45.72985709999995,-23.737663599999962],[-45.72977529999997,-23.737757899999963],[-45.729755,-23.737813099999983],[-45.72977339999994,-23.73795389999998],[-45.729943799999944,-23.73806869999993],[-45.730074599999966,-23.738125],[-45.730655199999944,-23.738265],[-45.731411599999944,-23.738601899999935],[-45.731822499999964,-23.73874079999996],[-45.732464,-23.738892299999975],[-45.73259879999995,-23.738949399999967],[-45.73293649999994,-23.73915649999998],[-45.73308149999997,-23.739294],[-45.73332949999997,-23.73960079999995],[-45.73336939999996,-23.739727899999934],[-45.733356,-23.74014169999998],[-45.73325719999997,-23.740367],[-45.73309769999997,-23.740619799999934],[-45.73283809999998,-23.74086219999998],[-45.732481,-23.74104],[-45.73166509999993,-23.741303099999982],[-45.73085229999998,-23.741410799999983],[-45.73066419999998,-23.741457799999978],[-45.730456799999956,-23.741559],[-45.73037869999996,-23.741645199999937],[-45.730353099999945,-23.741802399999983],[-45.73039979999993,-23.741898],[-45.730571399999974,-23.742063299999927],[-45.73082739999995,-23.742213899999967],[-45.73102439999997,-23.742295199999944],[-45.732038899999964,-23.74270219999994],[-45.73233039999997,-23.74288869999998],[-45.732555299999945,-23.743104399999936],[-45.73292769999995,-23.743371799999977],[-45.733273199999985,-23.743575199999952],[-45.73415679999994,-23.74402349999997],[-45.73448659999997,-23.74422059999995],[-45.73481089999996,-23.744481],[-45.73530729999993,-23.74498989999995],[-45.735875599999986,-23.745717],[-45.73652149999998,-23.74647349999998],[-45.73708089999997,-23.746842],[-45.73736739999998,-23.74699959999998],[-45.73769189999996,-23.747135399999934],[-45.73799509999998,-23.74731],[-45.73883259999997,-23.747915699999965],[-45.73901889999996,-23.748076499999968],[-45.73931129999994,-23.748414699999955],[-45.73950069999995,-23.748758799999962],[-45.73963919999994,-23.749141099999974],[-45.73973229999996,-23.749287899999956],[-45.73987039999997,-23.749414599999966],[-45.73997459999998,-23.74946289999997],[-45.74057319999997,-23.749460899999974],[-45.74071559999993,-23.749486399999967],[-45.741130099999964,-23.749742699999956],[-45.741243199999985,-23.749773799999957],[-45.741363699999965,-23.74975429999995],[-45.74153719999998,-23.749711],[-45.74172859999993,-23.749719099999936],[-45.74189169999994,-23.749761699999965],[-45.74207089999993,-23.749878199999955],[-45.74226059999995,-23.750080699999955],[-45.74241089999998,-23.75027019999993],[-45.742511,-23.75037539999994],[-45.742673199999956,-23.750645799999972],[-45.742804,-23.750936899999942],[-45.742978799999946,-23.75112749999994],[-45.743236699999954,-23.75127709999998],[-45.74352079999994,-23.751367899999934],[-45.743907699999966,-23.751404799999932],[-45.74481369999995,-23.751468199999977],[-45.74511819999998,-23.75151909999994],[-45.74533269999995,-23.751623799999948],[-45.745501099999956,-23.75174039999996],[-45.74571069999996,-23.75200849999993],[-45.74577029999995,-23.752476099999967],[-45.74580039999995,-23.753111799999942],[-45.74591909999998,-23.753284699999938],[-45.74612109999998,-23.753436299999976],[-45.746388699999954,-23.75354969999995],[-45.74669709999995,-23.753593399999943],[-45.74740749999995,-23.753587299999936],[-45.747939,-23.75353679999995],[-45.74878329999996,-23.753612199999964],[-45.74900549999995,-23.753684299999975],[-45.74922989999993,-23.75380329999996],[-45.74939909999995,-23.75405269999993],[-45.74960089999996,-23.754503299999953],[-45.74977009999998,-23.754753599999958],[-45.750004599999954,-23.754919599999937],[-45.750474199999985,-23.755179099999964],[-45.75058949999993,-23.75526069999995],[-45.750721,-23.755253799999934],[-45.75083519999998,-23.755155699999932],[-45.75097969999996,-23.754677199999946],[-45.751165,-23.754490199999964],[-45.751357,-23.75443779999995],[-45.75167209999995,-23.75445069999995],[-45.75199779999997,-23.754610799999966],[-45.752344499999936,-23.75483849999995],[-45.752941299999975,-23.75538119999993],[-45.75317229999996,-23.75561129999994],[-45.75382459999997,-23.756084099999953],[-45.75391029999997,-23.75614509999997],[-45.754476899999986,-23.75655059999997],[-45.75462509999994,-23.756726],[-45.75488829999995,-23.757110299999965],[-45.75492409999998,-23.757188699999972],[-45.75520709999995,-23.757758199999955],[-45.75568629999998,-23.758495599999947],[-45.75609939999998,-23.758837699999958],[-45.756333799999936,-23.75915079999993],[-45.75649359999994,-23.759469799999977],[-45.75655029999996,-23.759941899999944],[-45.75680989999995,-23.76071559999997],[-45.75684809999996,-23.761038699999972],[-45.75684009999998,-23.761185099999977],[-45.75678609999994,-23.761337099999935],[-45.75666419999993,-23.761475],[-45.75643609999997,-23.76157269999993],[-45.75619359999996,-23.761559499999976],[-45.755405,-23.761453099999983],[-45.75460479999998,-23.76120869999994],[-45.754469599999936,-23.761237299999948],[-45.75440119999996,-23.76128639999996],[-45.75426519999996,-23.76154269999995],[-45.75387529999995,-23.761998],[-45.75376339999997,-23.762160199999983],[-45.753691799999956,-23.762324099999944],[-45.753646499999945,-23.762653899999975],[-45.75367619999997,-23.763196599999958],[-45.753625,-23.763511199999982],[-45.753463099999976,-23.763692599999956],[-45.753232099999934,-23.76379309999993],[-45.75314869999994,-23.76379079999998],[-45.75282919999995,-23.763686699999937],[-45.752521799999954,-23.763653],[-45.752346399999965,-23.763704399999938],[-45.75206469999995,-23.763865599999974],[-45.75197659999998,-23.76389409999996],[-45.751897,-23.76388179999998],[-45.751822199999935,-23.76384779999995],[-45.751747199999954,-23.763765099999944],[-45.75132639999998,-23.763113199999964],[-45.750977499999976,-23.76250619999996],[-45.75075449999997,-23.76229139999998],[-45.75057519999996,-23.762184799999943],[-45.750473899999974,-23.76214189999996],[-45.75022289999998,-23.762001099999964],[-45.749981599999956,-23.76192839999993],[-45.749725799999965,-23.761918899999955],[-45.74944829999998,-23.76196269999997],[-45.74915779999998,-23.761950599999977],[-45.748857699999974,-23.761807499999975],[-45.74863209999995,-23.761660499999948],[-45.748491,-23.761688299999946],[-45.748175,-23.76203479999998],[-45.747932299999945,-23.762148899999943],[-45.747645,-23.762193699999955],[-45.74733859999998,-23.762329699999952],[-45.74701569999996,-23.762661],[-45.74658589999996,-23.76352019999996],[-45.74637349999995,-23.763788499999976],[-45.746154599999954,-23.763949499999967],[-45.74576309999998,-23.764130199999954],[-45.74524839999998,-23.764227499999947],[-45.74488259999998,-23.764258199999972],[-45.744298199999946,-23.76418239999998],[-45.74369869999998,-23.764026299999955],[-45.74310829999996,-23.763922599999944],[-45.74255059999996,-23.763919899999962],[-45.742263399999956,-23.76391849999993],[-45.74198239999998,-23.763862099999983],[-45.741641899999934,-23.763691199999982],[-45.741534799999954,-23.763501099999928],[-45.74153339999998,-23.76324919999996],[-45.741786599999955,-23.762909199999967],[-45.74197369999996,-23.76267889999997],[-45.74206149999998,-23.762404799999956],[-45.74207379999996,-23.76214649999997],[-45.742026099999975,-23.76188019999995],[-45.74187919999997,-23.761585599999933],[-45.74120329999994,-23.760754299999974],[-45.74082439999995,-23.76021869999994],[-45.74071479999998,-23.759922099999983],[-45.74069969999994,-23.759684599999957],[-45.740783799999974,-23.759461099999953],[-45.74076029999998,-23.759288699999956],[-45.74064709999993,-23.759235899999965],[-45.740216299999986,-23.75923709999995],[-45.739944299999934,-23.759195099999943],[-45.73984029999997,-23.759206399999982],[-45.73974869999995,-23.75931339999994],[-45.739692,-23.759524099999965],[-45.739653199999964,-23.75978349999997],[-45.73954409999993,-23.760095699999965],[-45.739345,-23.76029619999997],[-45.73894259999997,-23.76045979999998],[-45.73869169999995,-23.760511599999973],[-45.738218899999936,-23.760541],[-45.737529,-23.760530699999947],[-45.736947499999985,-23.760441399999934],[-45.73660739999997,-23.760339099999953],[-45.736190499999964,-23.76012989999998],[-45.735707,-23.759887299999946],[-45.73479749999996,-23.759581799999978],[-45.734333499999934,-23.759424099999933],[-45.73400859999998,-23.75923419999998],[-45.733892699999956,-23.75904239999994],[-45.73380919999994,-23.75886209999993],[-45.73377369999997,-23.758649099999957],[-45.733877,-23.758347],[-45.734256,-23.757865599999946],[-45.73429209999995,-23.757639599999948],[-45.734184599999935,-23.757370099999946],[-45.733653699999934,-23.756664499999943],[-45.733122899999955,-23.75615849999997],[-45.732772299999965,-23.755755499999964],[-45.73260749999997,-23.75576529999995],[-45.73248639999997,-23.755870699999946],[-45.73232379999996,-23.75609449999996],[-45.732191,-23.756563899999946],[-45.73204039999996,-23.757716199999948],[-45.73188289999996,-23.758151399999974],[-45.73168929999997,-23.758446799999945],[-45.73153419999994,-23.75862],[-45.73088409999997,-23.75888679999997],[-45.73041939999996,-23.758966699999974],[-45.73017009999995,-23.75895429999997],[-45.72939629999996,-23.758686099999977],[-45.72846189999996,-23.758468299999947],[-45.72813039999994,-23.75832989999998],[-45.72794289999996,-23.75814289999994],[-45.727863199999945,-23.757928299999946],[-45.72787669999997,-23.757709699999964],[-45.72805669999997,-23.75742159999993],[-45.72842119999996,-23.756969199999958],[-45.72854939999996,-23.75673379999995],[-45.72861279999995,-23.75649679999998],[-45.728604,-23.756148199999927],[-45.728391199999976,-23.755821399999945],[-45.72783009999995,-23.75531639999997],[-45.72766189999993,-23.75507239999996],[-45.72742679999993,-23.754612899999927],[-45.72731249999998,-23.75417719999996],[-45.72729119999997,-23.753700399999957],[-45.72735269999998,-23.75347069999998],[-45.727797099999975,-23.75255459999994],[-45.72787029999995,-23.75231309999998],[-45.727962899999966,-23.75142349999993],[-45.72795179999997,-23.751069299999983],[-45.727904,-23.750723599999958],[-45.72784789999997,-23.75052139999997],[-45.727804499999934,-23.750399499999958],[-45.72786839999998,-23.7501],[-45.72809149999995,-23.74973609999995],[-45.72812909999993,-23.749617599999965],[-45.728269,-23.749113],[-45.72822339999993,-23.74876],[-45.72828409999994,-23.74859289999995],[-45.72829529999996,-23.748460699999953],[-45.72843009999997,-23.748162899999954],[-45.72916689999994,-23.74709269999994],[-45.72932209999993,-23.746600599999965],[-45.72932879999996,-23.746205],[-45.729579899999976,-23.74554379999995],[-45.729513699999984,-23.745315799999958],[-45.728906,-23.74551779999996],[-45.72833039999995,-23.745381099999975],[-45.72806419999995,-23.74526869999994],[-45.72780709999995,-23.74517069999996],[-45.72761339999994,-23.745131699999945],[-45.727356,-23.74523709999994],[-45.727306899999974,-23.745487099999934],[-45.727338799999984,-23.745602299999973],[-45.72747049999998,-23.745673199999942],[-45.727588699999956,-23.74576579999996],[-45.72772159999994,-23.745869599999935],[-45.72832559999995,-23.746148],[-45.728117199999986,-23.747107899999946],[-45.72782089999998,-23.747043899999937],[-45.727458199999944,-23.747748199999933],[-45.72710519999998,-23.74844379999996],[-45.72676719999998,-23.748826],[-45.726329,-23.74918059999993],[-45.725887,-23.749352599999952],[-45.72514419999993,-23.749380499999972],[-45.724679899999956,-23.749616],[-45.72473789999998,-23.74972839999998],[-45.72392119999995,-23.750455399999964],[-45.723470599999985,-23.750294],[-45.72331509999998,-23.750015599999983],[-45.72318039999993,-23.74941249999995],[-45.723022699999945,-23.749282299999948],[-45.722783,-23.74902929999996],[-45.72209419999996,-23.748662499999966],[-45.721671,-23.748559499999942],[-45.721446199999946,-23.748448499999938],[-45.721362699999986,-23.7482],[-45.721074399999964,-23.74790429999996],[-45.72092679999997,-23.74806289999998],[-45.72104649999994,-23.748678],[-45.72100259999996,-23.749044099999935],[-45.72127389999997,-23.74937639999996],[-45.72159409999995,-23.749309599999947],[-45.72208389999997,-23.749416399999973],[-45.722518399999956,-23.749392799999953],[-45.72259489999993,-23.74957009999997],[-45.722621799999956,-23.749913499999934],[-45.722726799999975,-23.75015869999993],[-45.72302429999996,-23.750508699999955],[-45.72280269999993,-23.75090979999993],[-45.72328429999993,-23.751313299999936],[-45.72351579999997,-23.751296699999955],[-45.723694199999954,-23.751364299999977],[-45.72412809999997,-23.751445799999942],[-45.72418309999995,-23.751683899999932],[-45.724285399999985,-23.752125899999953],[-45.72424309999997,-23.75260959999997],[-45.724072399999955,-23.752681199999927],[-45.723911699999974,-23.752795499999934],[-45.72390369999994,-23.752991299999962],[-45.72413739999996,-23.753508499999953],[-45.724199899999974,-23.75375379999997],[-45.724013499999955,-23.754418699999974],[-45.723952699999984,-23.75456639999993],[-45.723623299999986,-23.754537099999936],[-45.72354309999997,-23.75470269999994],[-45.72343919999997,-23.754709099999957],[-45.72338739999998,-23.75488359999997],[-45.72318409999997,-23.754892],[-45.72303429999994,-23.755116699999974],[-45.72302579999996,-23.755385399999966],[-45.722856,-23.755416899999943],[-45.72275979999995,-23.755582699999934],[-45.722105399999975,-23.75512249999997],[-45.72176849999994,-23.754989799999976],[-45.721262199999956,-23.75491839999995],[-45.721203799999955,-23.755041199999937],[-45.72188609999995,-23.755436],[-45.72202429999993,-23.755576299999973],[-45.722418,-23.756051599999978],[-45.72221849999994,-23.756218599999954],[-45.72245849999996,-23.756543199999953],[-45.722680699999955,-23.756556099999955],[-45.723170599999946,-23.75703969999995],[-45.723082199999965,-23.75750869999996],[-45.72266209999998,-23.757263799999976],[-45.72227049999998,-23.757639599999948],[-45.72175919999995,-23.757947],[-45.721656199999984,-23.757666],[-45.72108019999996,-23.756095],[-45.720757299999946,-23.756255499999952],[-45.72047619999995,-23.75634619999994],[-45.719548,-23.75654469999995],[-45.719289199999935,-23.75655409999996],[-45.719145699999956,-23.756559299999935],[-45.71866589999996,-23.75638719999995],[-45.718378,-23.756319],[-45.71820229999997,-23.756313499999976],[-45.71807789999997,-23.75635109999996],[-45.71779339999995,-23.75653029999995],[-45.71754239999996,-23.756763599999942],[-45.71726639999997,-23.75689129999995],[-45.71697779999994,-23.756871899999965],[-45.716677199999936,-23.75680189999997],[-45.71638359999997,-23.756774399999983],[-45.71618069999994,-23.756810599999937],[-45.71611509999997,-23.75684519999993],[-45.71608119999996,-23.756915799999945],[-45.71607329999995,-23.757102799999927],[-45.716125199999965,-23.75725879999993],[-45.71647849999994,-23.757614899999965],[-45.71676839999998,-23.75787269999995],[-45.71701429999996,-23.758152499999937],[-45.717186399999946,-23.75840729999993],[-45.71726989999996,-23.75859749999995],[-45.71733709999995,-23.75886],[-45.71733839999996,-23.759109299999977],[-45.71721379999997,-23.75928239999996],[-45.71709449999997,-23.75936239999993],[-45.71688259999996,-23.75936969999998],[-45.71673409999994,-23.75932249999994],[-45.71654239999998,-23.75925209999997],[-45.71622729999996,-23.759061199999962],[-45.71547609999993,-23.75824179999995],[-45.71528989999996,-23.75792649999994],[-45.71490419999998,-23.75684179999996],[-45.71484359999994,-23.756706599999973],[-45.71478029999997,-23.756610199999955],[-45.714706199999966,-23.75652839999998],[-45.71462449999996,-23.756470899999954],[-45.71451429999996,-23.756429899999944],[-45.71438949999998,-23.756392499999947],[-45.71356609999998,-23.75620129999993],[-45.71326039999997,-23.756099699999936],[-45.712990599999955,-23.755932],[-45.71276969999997,-23.75573069999996],[-45.71187179999998,-23.755184799999938],[-45.711684299999945,-23.754993299999967],[-45.71151239999995,-23.754958899999963],[-45.71136949999993,-23.75503],[-45.71121839999995,-23.75521489999994],[-45.711009599999954,-23.75543449999998],[-45.71069509999995,-23.755524399999956],[-45.71030229999997,-23.755467499999952],[-45.709960499999966,-23.75541309999994],[-45.70958989999997,-23.755473499999937],[-45.70911209999997,-23.75547839999996],[-45.708669,-23.755388299999936],[-45.708284599999956,-23.755252799999937],[-45.70801149999994,-23.755197099999975],[-45.707881,-23.755195],[-45.70777639999994,-23.75527409999995],[-45.70775839999993,-23.755388],[-45.70781619999997,-23.755551199999957],[-45.707905799999935,-23.755796499999974],[-45.70794829999994,-23.756032],[-45.707916299999965,-23.757186499999932],[-45.707996,-23.75741549999998],[-45.70816219999995,-23.75764959999998],[-45.708255099999974,-23.757955299999935],[-45.70816119999995,-23.758202299999937],[-45.70722509999996,-23.758929199999955],[-45.70700939999995,-23.75915779999997],[-45.70661379999996,-23.759667199999967],[-45.706462399999964,-23.759981299999936],[-45.706251099999974,-23.760281299999974],[-45.706024199999945,-23.760435799999982],[-45.705768399999954,-23.760491199999933],[-45.70551409999996,-23.760463499999958],[-45.705279,-23.76036249999993],[-45.70462719999995,-23.759959899999956],[-45.704119,-23.759793299999956],[-45.70390349999997,-23.75969129999993],[-45.703263499999935,-23.75928959999993],[-45.70302159999994,-23.759202199999947],[-45.70280359999998,-23.75916069999994],[-45.702604399999984,-23.759163399999977],[-45.70251609999997,-23.759176499999967],[-45.70246919999994,-23.759215499999982],[-45.702445,-23.759242],[-45.702435099999946,-23.759252699999934],[-45.702449299999955,-23.75934929999994],[-45.70277539999995,-23.75976869999994],[-45.702903599999956,-23.76006979999994],[-45.703055,-23.760302199999956],[-45.70325419999995,-23.760469199999932],[-45.703948699999955,-23.760793],[-45.704342699999984,-23.761064],[-45.70469369999995,-23.76155559999995],[-45.70488489999997,-23.76170819999993],[-45.705246399999965,-23.761777],[-45.70561019999997,-23.76190909999997],[-45.705747299999985,-23.762027699999976],[-45.705898599999955,-23.762242799999967],[-45.70611669999994,-23.762468499999954],[-45.706272199999944,-23.762569],[-45.70647169999995,-23.762619599999937],[-45.70752659999994,-23.762600299999974],[-45.70773769999994,-23.762621],[-45.70790679999993,-23.762679799999944],[-45.708190299999956,-23.762855599999966],[-45.709384899999975,-23.763621399999977],[-45.709847,-23.76378189999997],[-45.710348,-23.763881599999934],[-45.71086139999994,-23.764093299999956],[-45.71150039999998,-23.764489599999933],[-45.711756099999945,-23.764582399999938],[-45.712251299999934,-23.764687599999945],[-45.712499099999945,-23.764779399999952],[-45.71293119999996,-23.765015],[-45.71374019999996,-23.765533799999957],[-45.71459939999994,-23.76608479999993],[-45.71510619999998,-23.766337199999953],[-45.715297299999975,-23.766476299999965],[-45.71556879999997,-23.766758599999946],[-45.71573209999997,-23.76700809999994],[-45.716179599999975,-23.76754969999996],[-45.71667469999994,-23.76800079999998],[-45.716862499999934,-23.76823749999994],[-45.717134499999986,-23.768457499999954],[-45.71759529999997,-23.76873539999997],[-45.718899,-23.769352499999968],[-45.719427199999984,-23.769563199999936],[-45.71969009999998,-23.769712],[-45.719934499999965,-23.76990049999995],[-45.72002649999996,-23.770042799999942],[-45.720106,-23.770224799999937],[-45.720118,-23.770433399999945],[-45.72009809999997,-23.770564499999978],[-45.72002689999994,-23.77064249999995],[-45.71990939999995,-23.770694499999934],[-45.71978989999997,-23.770731199999943],[-45.71956009999997,-23.770705199999952],[-45.719272699999976,-23.770554799999957],[-45.71906279999996,-23.770407599999942],[-45.71890969999998,-23.77022409999995],[-45.718561499999964,-23.769902399999978],[-45.718126799999936,-23.76972559999996],[-45.717321399999946,-23.769605599999977],[-45.71652359999996,-23.76943579999994],[-45.71572549999996,-23.769404299999962],[-45.71519329999995,-23.76934179999995],[-45.71491229999998,-23.769277099999954],[-45.714414799999986,-23.769108699999947],[-45.713882499999954,-23.769038],[-45.713669,-23.768946],[-45.71339709999995,-23.768577799999946],[-45.713267,-23.768468199999973],[-45.71308839999995,-23.768469099999948],[-45.712945299999944,-23.76851039999997],[-45.712671899999975,-23.76859109999998],[-45.71241,-23.768613099999982],[-45.71213979999993,-23.768542099999934],[-45.71168239999997,-23.768361699999957],[-45.71140839999998,-23.768309699999975],[-45.71088549999996,-23.768346399999928],[-45.71008359999996,-23.76851629999993],[-45.70927919999997,-23.768563399999948],[-45.70875479999995,-23.768508899999972],[-45.708219,-23.768511299999943],[-45.70793669999995,-23.76856769999995],[-45.70742919999998,-23.768731699999933],[-45.70691619999997,-23.76877559999997],[-45.706371399999966,-23.76876459999994],[-45.70599789999994,-23.768832199999963],[-45.70561669999995,-23.769123],[-45.70540889999995,-23.76935149999997],[-45.705063,-23.769627699999944],[-45.70475049999993,-23.769735699999956],[-45.704488599999934,-23.769750399999964],[-45.70422329999997,-23.76969379999997],[-45.70402729999995,-23.76955829999997],[-45.703882,-23.76937289999995],[-45.703781499999934,-23.769117799999947],[-45.70373209999997,-23.768693499999983],[-45.70379159999993,-23.768078199999934],[-45.70375939999997,-23.767920199999935],[-45.703679499999964,-23.767842],[-45.703556599999956,-23.76780649999995],[-45.703431199999955,-23.76784219999996],[-45.702904,-23.768173399999966],[-45.70263169999998,-23.768276699999944],[-45.70242459999997,-23.768276799999967],[-45.70226839999998,-23.76823769999993],[-45.70213739999997,-23.768156099999942],[-45.702042699999936,-23.768058099999962],[-45.70198719999996,-23.76795629999998],[-45.70198369999997,-23.767675399999973],[-45.702075,-23.767491699999937],[-45.702304,-23.767196199999944],[-45.702389799999935,-23.767080199999953],[-45.702448,-23.766953399999977],[-45.702465,-23.766829599999937],[-45.70242409999997,-23.76670969999998],[-45.70236639999996,-23.76656269999995],[-45.702255,-23.766471099999933],[-45.701980499999934,-23.766336],[-45.70146329999994,-23.766161299999965],[-45.70108719999996,-23.765931799999976],[-45.69967509999998,-23.765206599999942],[-45.69946649999997,-23.76510909999996],[-45.69931239999994,-23.765093499999978],[-45.699164199999984,-23.765099599999928],[-45.698975099999984,-23.765154699999982],[-45.69847089999996,-23.76538],[-45.69822389999996,-23.76542539999997],[-45.697910899999954,-23.765434899999946],[-45.697685,-23.765406199999973],[-45.69749219999994,-23.76531669999997],[-45.69637689999996,-23.764505199999974],[-45.69599709999994,-23.764124],[-45.69568929999997,-23.763638499999956],[-45.695601099999976,-23.76347359999994],[-45.69555749999995,-23.763201099999947],[-45.695496899999966,-23.762890599999935],[-45.69544279999997,-23.762673199999938],[-45.695388299999934,-23.762580399999933],[-45.695335099999966,-23.762531899999942],[-45.69524569999993,-23.762526899999955],[-45.695169299999975,-23.762554299999977],[-45.694998099999964,-23.762653499999942],[-45.694673199999954,-23.76281309999996],[-45.69422909999997,-23.762896299999966],[-45.69384569999994,-23.76289859999997],[-45.69355389999998,-23.762900299999956],[-45.69326209999997,-23.762965899999983],[-45.692512,-23.763134399999956],[-45.691729,-23.763158699999963],[-45.69144959999994,-23.763211399999932],[-45.691187199999945,-23.763324599999976],[-45.690946699999984,-23.763498199999958],[-45.69075469999996,-23.76373659999996],[-45.69061759999994,-23.76397739999993],[-45.69039379999998,-23.76471179999993],[-45.69029,-23.76494889999998],[-45.68977609999996,-23.76576319999998],[-45.689552,-23.766252899999927],[-45.689142499999946,-23.76731689999997],[-45.68890709999994,-23.767718899999977],[-45.688756799999965,-23.76787859999996],[-45.68862089999993,-23.76796589999998],[-45.688473,-23.76802159999994],[-45.68831319999998,-23.76805489999998],[-45.68810309999998,-23.768030499999952],[-45.68795759999995,-23.767979699999955],[-45.687832399999934,-23.767882699999973],[-45.687754,-23.767714099999978],[-45.687764699999946,-23.76751719999993],[-45.68782339999996,-23.767293799999948],[-45.687914699999965,-23.767110099999968],[-45.688183,-23.76662209999995],[-45.688489,-23.765660599999933],[-45.68869449999994,-23.76517819999998],[-45.68905029999996,-23.764715099999933],[-45.689354,-23.764432899999974],[-45.689626199999964,-23.76412179999994],[-45.68996709999993,-23.763631699999962],[-45.69043549999998,-23.76312919999998],[-45.69079719999996,-23.762688599999933],[-45.69088339999996,-23.762470599999972],[-45.69098489999993,-23.762001399999974],[-45.69107189999994,-23.761749899999927],[-45.691496,-23.76103349999994],[-45.69178739999995,-23.760284399999932],[-45.69205279999994,-23.75980629999998],[-45.692247099999975,-23.759618399999965],[-45.69236449999994,-23.759545699999933],[-45.69264469999996,-23.75947309999998],[-45.69317239999998,-23.75942729999997],[-45.693437899999935,-23.759347599999955],[-45.693663,-23.759221],[-45.693920899999966,-23.75901209999995],[-45.69422549999996,-23.758896899999968],[-45.694739399999946,-23.75883589999995],[-45.695145199999956,-23.758757299999957],[-45.69529819999997,-23.758725],[-45.69537349999996,-23.758692199999928],[-45.695433,-23.75861059999994],[-45.69543159999995,-23.75853749999993],[-45.695397699999944,-23.758429199999966],[-45.69527039999997,-23.758297],[-45.694991899999934,-23.758158299999934],[-45.69452009999998,-23.75799959999995],[-45.69402719999994,-23.75776069999995],[-45.693843699999945,-23.757592599999953],[-45.69363339999995,-23.757337899999982],[-45.69344619999998,-23.75719429999998],[-45.693214,-23.75707609999995],[-45.693065599999954,-23.757046],[-45.69254239999998,-23.757005],[-45.69233809999997,-23.75697159999993],[-45.69219639999994,-23.75690359999993],[-45.692086,-23.756813799999975],[-45.69158029999994,-23.756376199999977],[-45.69117709999995,-23.75620639999994],[-45.69088819999996,-23.756132699999966],[-45.690650199999936,-23.756021799999928],[-45.69032079999994,-23.755708899999945],[-45.690263699999946,-23.75550329999993],[-45.69036,-23.754771199999936],[-45.690305499999965,-23.754489699999965],[-45.690304099999935,-23.754234099999962],[-45.69041969999995,-23.754006799999956],[-45.69073979999996,-23.75367749999998],[-45.69087,-23.753418599999975],[-45.690898,-23.753159299999936],[-45.69082009999994,-23.75290039999993],[-45.690794799999935,-23.752755099999945],[-45.69079409999995,-23.752615099999957],[-45.690895599999976,-23.75250539999996],[-45.69104939999994,-23.752471299999968],[-45.69159819999993,-23.75251039999995],[-45.692033299999935,-23.752590599999962],[-45.692519,-23.752776299999937],[-45.69279839999996,-23.75291679999998],[-45.69335769999998,-23.75327649999997],[-45.693633199999965,-23.753418],[-45.693911399999934,-23.75350889999993],[-45.695253099999945,-23.753559799999948],[-45.69549829999994,-23.75355049999996],[-45.69563339999996,-23.753495699999974],[-45.69572589999996,-23.753355299999953],[-45.695707099999936,-23.75314489999994],[-45.695748599999945,-23.75300479999993],[-45.69585589999997,-23.752890499999978],[-45.69618649999995,-23.752676699999938],[-45.69646889999996,-23.752453299999956],[-45.69655609999995,-23.752255099999957],[-45.696623699999975,-23.752043399999934],[-45.696761599999945,-23.751786299999935],[-45.697429,-23.751063399999964],[-45.69747909999995,-23.75088889999995],[-45.69747609999996,-23.750708199999963],[-45.69742329999997,-23.750531299999977],[-45.697113299999955,-23.750093099999958],[-45.69700229999995,-23.749954099999968],[-45.69691009999997,-23.749882599999978],[-45.69680329999994,-23.749841499999945],[-45.69668649999994,-23.749832099999935],[-45.69653269999998,-23.749876099999938],[-45.69618049999997,-23.74999159999993],[-45.69572889999995,-23.750032399999952],[-45.69543,-23.750106],[-45.69514529999998,-23.750078299999927],[-45.695046099999956,-23.750071599999956],[-45.694917799999985,-23.750107399999933],[-45.69478659999993,-23.750166699999966],[-45.69458909999997,-23.750400299999967],[-45.69436039999994,-23.75057469999996],[-45.69418189999993,-23.750662499999976],[-45.69384349999996,-23.750702899999965],[-45.69348919999993,-23.75069],[-45.69330419999994,-23.750588799999946],[-45.69319029999997,-23.750383399999976],[-45.693132599999956,-23.75027579999994],[-45.69310889999997,-23.750136399999974],[-45.69312649999995,-23.74998839999995],[-45.69316189999995,-23.74983069999996],[-45.69321669999994,-23.74944389999996],[-45.693469799999946,-23.748867399999938],[-45.69356449999998,-23.748593299999982],[-45.69350929999996,-23.74800289999996],[-45.69353909999995,-23.74750869999997],[-45.69360839999996,-23.74724649999996],[-45.69386039999995,-23.74685059999996],[-45.69394339999997,-23.746585599999946],[-45.693863,-23.74604039999997],[-45.693877199999974,-23.745937399999946],[-45.69405789999996,-23.745604199999946],[-45.69415739999994,-23.74531559999997],[-45.69415669999995,-23.74517919999994],[-45.69405119999993,-23.74490419999995],[-45.693875299999945,-23.744658399999935],[-45.69350869999994,-23.744353],[-45.69344319999993,-23.744213299999956],[-45.69344339999998,-23.744076],[-45.693474099999946,-23.74394849999993],[-45.69354309999994,-23.743820899999946],[-45.693640699999946,-23.743708399999946],[-45.69396909999995,-23.74346849999995],[-45.69432519999998,-23.743267299999957],[-45.69446069999998,-23.743101399999944],[-45.69459649999993,-23.743070299999943],[-45.694499,-23.74295639999997],[-45.69447649999995,-23.742952],[-45.69445769999993,-23.742907199999934],[-45.69429239999994,-23.74282489999996],[-45.69386039999995,-23.74276539999994],[-45.693719699999974,-23.74270279999996],[-45.69364019999995,-23.742511699999966],[-45.69370169999996,-23.742263899999955],[-45.69376769999997,-23.74212719999997],[-45.69388169999996,-23.74197229999993],[-45.694048399999986,-23.741593099999932],[-45.69405849999998,-23.741451199999972],[-45.69402239999994,-23.741312299999947],[-45.69397609999993,-23.74128539999998],[-45.69386519999995,-23.741278699999953],[-45.69341439999994,-23.74137369999994],[-45.69318569999996,-23.74136119999997],[-45.69313639999996,-23.741313499999933],[-45.69307189999995,-23.741171099999974],[-45.69306319999998,-23.741017599999964],[-45.69308609999996,-23.740892],[-45.693309599999964,-23.740485399999955],[-45.69338879999998,-23.740237599999944],[-45.69338729999998,-23.740150899999946],[-45.693354,-23.73997309999993],[-45.69329729999998,-23.739827899999966],[-45.693189,-23.739750799999968],[-45.693041799999946,-23.739742399999955],[-45.69278829999996,-23.739866399999983],[-45.69263129999996,-23.739859799999977],[-45.69256629999995,-23.739824],[-45.69247249999995,-23.739706099999978],[-45.69243889999996,-23.739481299999966],[-45.692357399999935,-23.73928479999995],[-45.69225669999997,-23.73916779999996],[-45.69214089999997,-23.739152099999956],[-45.69197909999997,-23.739183499999967],[-45.69184339999998,-23.739300699999944],[-45.69161939999998,-23.739625],[-45.691489299999944,-23.73969059999996],[-45.69131669999996,-23.739704899999936],[-45.69089429999997,-23.739614699999947],[-45.69073329999998,-23.739607299999932],[-45.69056679999994,-23.739665799999955],[-45.69049589999997,-23.73978809999994],[-45.69047109999997,-23.73992819999995],[-45.69042559999997,-23.740427],[-45.69031479999995,-23.740613499999938],[-45.69017429999997,-23.74076409999998],[-45.68997929999995,-23.74082459999994],[-45.689667499999985,-23.74085309999998],[-45.68941609999996,-23.740809],[-45.68901009999996,-23.740668099999937],[-45.68886289999995,-23.74065889999997],[-45.688727599999936,-23.74069019999996],[-45.68864769999993,-23.74079169999993],[-45.688615099999936,-23.740941799999973],[-45.68863179999994,-23.741117799999927],[-45.68874869999996,-23.741327699999943],[-45.68883049999994,-23.741588399999955],[-45.68882549999995,-23.741944299999943],[-45.68868629999997,-23.742160799999965],[-45.688428699999974,-23.742246799999975],[-45.68815109999997,-23.742255299999954],[-45.68725509999996,-23.742034399999966],[-45.686994,-23.74202649999995],[-45.68666459999997,-23.742065899999943],[-45.686452,-23.74213279999998],[-45.68638559999994,-23.742199899999946],[-45.686352899999974,-23.742322899999976],[-45.68642339999997,-23.742479699999933],[-45.68680469999998,-23.74277969999997],[-45.68759069999993,-23.74317],[-45.68794749999995,-23.74347369999998],[-45.68807339999995,-23.743538199999932],[-45.688647,-23.743640399999947],[-45.688811199999975,-23.743715599999973],[-45.68892469999997,-23.743829799999958],[-45.68899419999997,-23.743987499999946],[-45.68902529999997,-23.74410839999996],[-45.68899479999993,-23.744281099999967],[-45.68878959999995,-23.744458099999974],[-45.68832149999997,-23.744630899999947],[-45.687766599999975,-23.744717399999956],[-45.68748549999998,-23.74480529999994],[-45.687064,-23.744885799999963],[-45.686589099999935,-23.745069399999977],[-45.68644619999998,-23.745150499999966],[-45.686345899999935,-23.74529629999995],[-45.68631239999996,-23.74545],[-45.68630419999994,-23.745570199999975],[-45.68631349999998,-23.74566049999993],[-45.686370899999986,-23.745749599999954],[-45.68661839999993,-23.74597609999995],[-45.68675959999996,-23.746158],[-45.68679569999995,-23.746294199999966],[-45.68678259999996,-23.746417099999974],[-45.68671959999995,-23.746565499999974],[-45.686485199999936,-23.746775199999945],[-45.686307,-23.746861799999976],[-45.68566789999994,-23.746983799999953],[-45.68547609999996,-23.747072299999957],[-45.68526549999996,-23.747326099999952],[-45.68506389999993,-23.747819299999946],[-45.68491709999995,-23.748067399999968],[-45.684779299999946,-23.748178199999927],[-45.68458519999996,-23.74822329999995],[-45.68444389999996,-23.748217599999975],[-45.68399489999996,-23.748106699999937],[-45.683469199999934,-23.747764],[-45.68334919999995,-23.747714],[-45.68314209999994,-23.74770129999996],[-45.68306669999998,-23.74772969999998],[-45.68294259999993,-23.747824099999946],[-45.68287819999995,-23.74790749999994],[-45.68287469999996,-23.747978],[-45.68284739999996,-23.74800879999998],[-45.68288809999996,-23.748481899999945],[-45.68288329999996,-23.748889299999973],[-45.682797499999936,-23.74918139999994],[-45.68270009999998,-23.74930829999994],[-45.68261989999996,-23.74936279999997],[-45.682374799999934,-23.749401899999953],[-45.68216259999997,-23.749359399999946],[-45.68156349999998,-23.749441599999955],[-45.68127459999994,-23.749545799999964],[-45.68085,-23.749780699999974],[-45.680282199999965,-23.75003789999994],[-45.68011649999994,-23.75006479999996],[-45.67968559999997,-23.750037799999973],[-45.67873509999998,-23.75009979999993],[-45.677967499999966,-23.75006069999995],[-45.67766549999993,-23.750104499999964],[-45.67723829999994,-23.75003049999998],[-45.676512199999934,-23.749847599999953],[-45.675395899999955,-23.749334099999942],[-45.674244399999964,-23.748671599999966],[-45.67382859999998,-23.74852979999997],[-45.672509899999966,-23.74796559999993],[-45.67211109999994,-23.74770449999994],[-45.672016499999984,-23.747611],[-45.67184229999998,-23.74731639999993],[-45.67175359999993,-23.747052099999962],[-45.67176589999997,-23.746773899999937],[-45.67184589999994,-23.746494499999983],[-45.671882799999935,-23.746231499999965],[-45.67182539999993,-23.745949],[-45.67136379999994,-23.745280799999932],[-45.67121529999997,-23.745024099999966],[-45.67104479999995,-23.744498199999953],[-45.67089629999998,-23.744241399999964],[-45.670785799999976,-23.744128099999955],[-45.67069429999998,-23.74408159999996],[-45.67061289999998,-23.74408189999997],[-45.67050619999998,-23.74412659999996],[-45.67035589999995,-23.744285299999945],[-45.670165199999985,-23.744802799999945],[-45.66990919999995,-23.74596269999995],[-45.66983609999994,-23.746066],[-45.66973139999993,-23.74612339999993],[-45.669574599999976,-23.746162],[-45.669461799999965,-23.74616249999997],[-45.669128599999965,-23.746055499999954],[-45.66901869999998,-23.746055099999978],[-45.66844039999995,-23.74618049999998],[-45.668278499999985,-23.746182099999942],[-45.66812619999996,-23.74613389999996],[-45.66784969999998,-23.745987],[-45.667665399999976,-23.745815299999947],[-45.66755869999997,-23.745679399999972],[-45.66734949999994,-23.745254899999964],[-45.667244799999935,-23.74511169999994],[-45.667118899999934,-23.745048099999963],[-45.666999199999964,-23.745054],[-45.666869,-23.74512139999996],[-45.66676959999995,-23.74524379999997],[-45.666699499999936,-23.745558399999936],[-45.66661389999996,-23.745707799999934],[-45.666507499999966,-23.745808499999953],[-45.666371599999934,-23.745894],[-45.66617659999997,-23.745959],[-45.665551799999946,-23.74599779999994],[-45.66540679999997,-23.746042699999975],[-45.66523259999997,-23.746132899999964],[-45.66504649999996,-23.74638479999993],[-45.66487859999995,-23.746948199999963],[-45.664741499999934,-23.74720169999995],[-45.664183299999934,-23.747798399999965],[-45.663742799999966,-23.74820129999995],[-45.66344269999996,-23.748432],[-45.662968199999966,-23.748703199999966],[-45.66283929999997,-23.748821199999952],[-45.662734099999966,-23.74896979999994],[-45.66257469999994,-23.749272099999928],[-45.662307399999975,-23.749592099999973],[-45.662139199999956,-23.749710299999947],[-45.661928699999976,-23.749800599999958],[-45.661544499999934,-23.74994929999997],[-45.66119649999996,-23.75015369999994],[-45.66093179999996,-23.750384699999927],[-45.66070119999995,-23.75057449999997],[-45.66058419999996,-23.75073029999993],[-45.66047249999997,-23.750959299999977],[-45.660362599999985,-23.75115219999998],[-45.660265,-23.75126279999995],[-45.66017219999998,-23.75134079999998],[-45.65999979999998,-23.751403],[-45.65978309999997,-23.751435499999957],[-45.65860779999997,-23.751468599999953],[-45.65860379999998,-23.75146849999993],[-45.658402699999954,-23.75146669999998],[-45.65826029999994,-23.751447499999983],[-45.65816289999998,-23.75140269999997],[-45.658086899999944,-23.751320799999974],[-45.65802949999994,-23.751221699999974],[-45.657926499999974,-23.75102529999998],[-45.65785479999994,-23.750919],[-45.657832499999984,-23.750905899999964],[-45.657758599999966,-23.750811899999974],[-45.657595199999946,-23.750710599999934],[-45.657489,-23.75066579999998],[-45.65734179999998,-23.750654699999927],[-45.657165099999986,-23.750655499999937],[-45.65703169999995,-23.75066329999993],[-45.65655229999993,-23.75075019999997],[-45.656317799999954,-23.75074849999993],[-45.65621079999994,-23.750732699999958],[-45.656086899999934,-23.750688099999934],[-45.655988399999956,-23.75061889999995],[-45.655885,-23.750531399999943],[-45.655783499999984,-23.750447299999962],[-45.65576159999995,-23.75041989999994],[-45.65576239999996,-23.750333099999978],[-45.655709599999966,-23.75035459999998],[-45.65566779999995,-23.750266],[-45.65566739999997,-23.75018149999994],[-45.655702,-23.750050199999976],[-45.65579,-23.749982099999954],[-45.65608169999996,-23.749851699999965],[-45.65638349999995,-23.749764599999935],[-45.656594,-23.74967339999995],[-45.656916699999954,-23.749450699999954],[-45.65708889999996,-23.74915919999995],[-45.65714219999995,-23.749022599999932],[-45.657241,-23.74856959999994],[-45.657342599999936,-23.74827659999994],[-45.65762019999994,-23.74787249999997],[-45.65766279999997,-23.74775219999998],[-45.65764559999997,-23.747660199999927],[-45.657530099999974,-23.747508899999957],[-45.65723449999996,-23.747265399999947],[-45.65703479999996,-23.74677939999998],[-45.65695489999996,-23.746491599999956],[-45.65688689999996,-23.746050199999956],[-45.656749099999956,-23.745772599999952],[-45.656645399999945,-23.745638499999927],[-45.656377299999974,-23.745394],[-45.65575779999995,-23.744917],[-45.655417299999954,-23.744526399999927],[-45.655177,-23.744354],[-45.654858399999966,-23.744213599999966],[-45.65393859999995,-23.74394019999994],[-45.65368089999998,-23.743802199999948],[-45.65349039999995,-23.743588],[-45.653454599999975,-23.743491499999948],[-45.65347829999996,-23.743327],[-45.65358659999998,-23.74319559999998],[-45.65385539999994,-23.742997599999967],[-45.653961899999956,-23.74291039999997],[-45.654006599999946,-23.74281629999996],[-45.653957,-23.742712599999948],[-45.65385859999998,-23.742650699999956],[-45.65368569999998,-23.742615299999954],[-45.653575899999964,-23.742621199999974],[-45.653463099999954,-23.742629799999975],[-45.65296919999997,-23.74256509999998],[-45.65273119999995,-23.742455],[-45.65248,-23.74225189999993],[-45.65238219999998,-23.742125899999962],[-45.65231189999997,-23.74198439999998],[-45.652214699999945,-23.741592799999978],[-45.65221939999998,-23.741339899999957],[-45.65229059999996,-23.74106409999996],[-45.65228739999998,-23.74082379999993],[-45.652255699999955,-23.740756199999964],[-45.65218689999995,-23.74073809999993],[-45.652117199999964,-23.740719799999965],[-45.65201469999994,-23.74062719999995],[-45.651934,-23.740588699999932],[-45.651887,-23.74059429999994],[-45.651792899999975,-23.74062179999993],[-45.651548799999944,-23.740870299999983],[-45.65126759999998,-23.740940099999932],[-45.65095139999994,-23.740888199999972],[-45.65068469999994,-23.74073569999996],[-45.65056969999995,-23.74069739999993],[-45.650469699999974,-23.740697799999964],[-45.65029259999994,-23.740808699999945],[-45.65002629999998,-23.741112399999963],[-45.64996129999997,-23.741131],[-45.649897899999985,-23.741149099999973],[-45.64954789999996,-23.741203],[-45.649402099999975,-23.741286699999932],[-45.64933219999995,-23.741433299999983],[-45.64921829999997,-23.741817599999933],[-45.64921959999998,-23.742085],[-45.64928579999997,-23.742362899999932],[-45.64940319999994,-23.742692099999942],[-45.64974579999995,-23.743323799999928],[-45.649774099999945,-23.74348989999993],[-45.64970749999998,-23.74370779999998],[-45.64958939999997,-23.74383119999993],[-45.649501499999985,-23.743907399999955],[-45.64945709999995,-23.743924599999957],[-45.64931339999998,-23.743980499999964],[-45.64907619999997,-23.744032],[-45.648775,-23.74403689999997],[-45.648443,-23.743961499999955],[-45.647672299999954,-23.74366669999995],[-45.64752169999997,-23.743583299999955],[-45.647294099999954,-23.743381099999965],[-45.64710149999996,-23.743133499999942],[-45.646958799999936,-23.742844099999957],[-45.64681849999994,-23.742646],[-45.646736799999985,-23.742592199999933],[-45.64660319999996,-23.742567399999928],[-45.646542899999986,-23.742671599999937],[-45.64647919999993,-23.742882299999962],[-45.64641169999993,-23.742926799999964],[-45.64631549999996,-23.742921799999976],[-45.64615319999996,-23.742828499999973],[-45.64604029999998,-23.742821799999945],[-45.64598939999996,-23.742846399999962],[-45.645920099999955,-23.743114899999966],[-45.64591439999998,-23.74354939999995],[-45.645871899999975,-23.74368419999996],[-45.64579579999997,-23.743782],[-45.64573219999994,-23.743822],[-45.64525209999994,-23.743951399999958],[-45.645183799999984,-23.744030299999963],[-45.64513039999997,-23.744157799999982],[-45.64512229999997,-23.744290599999943],[-45.64534139999995,-23.74495449999995],[-45.64539469999994,-23.745208099999957],[-45.64541159999993,-23.745465399999944],[-45.64552379999998,-23.745726899999966],[-45.645723299999986,-23.745983499999966],[-45.64597779999997,-23.746257],[-45.64612949999997,-23.746382799999935],[-45.646462,-23.74676349999993],[-45.64670079999996,-23.747220399999946],[-45.64672959999996,-23.747490399999947],[-45.64668949999998,-23.74772719999993],[-45.64651589999994,-23.74793379999994],[-45.64614649999993,-23.748042],[-45.64552889999993,-23.747956],[-45.644973,-23.747851799999978],[-45.644587899999976,-23.747764],[-45.644256,-23.747506099999953],[-45.64402229999996,-23.747270399999934],[-45.64380589999996,-23.746959699999934],[-45.64345829999996,-23.74631359999995],[-45.64323889999997,-23.74600019999997],[-45.643166399999984,-23.745819799999936],[-45.643077,-23.745406499999945],[-45.643043499999976,-23.744974],[-45.64307029999998,-23.744041799999934],[-45.643025199999954,-23.743846899999937],[-45.64286469999996,-23.74352149999993],[-45.64272509999995,-23.74346879999996],[-45.64260569999993,-23.743533399999933],[-45.64242449999995,-23.743791599999952],[-45.64231389999998,-23.743866099999934],[-45.64214539999995,-23.74391829999996],[-45.64192849999995,-23.743904699999973],[-45.641517599999986,-23.743741099999966],[-45.64146459999995,-23.74374679999994],[-45.64142169999997,-23.743791199999976],[-45.64140349999997,-23.743884299999934],[-45.64140709999998,-23.744429799999978],[-45.641342,-23.744564699999955],[-45.641207,-23.744637499999953],[-45.64103069999993,-23.74470059999993],[-45.639815399999975,-23.745584399999927],[-45.639456199999984,-23.745775599999945],[-45.638990099999944,-23.745969],[-45.63849319999997,-23.746291699999972],[-45.638221699999974,-23.746551199999942],[-45.63801339999998,-23.746699199999966],[-45.63783619999998,-23.74679119999996],[-45.63731619999993,-23.74698929999994],[-45.63683709999998,-23.747134],[-45.63509369999997,-23.74738689999998],[-45.63490869999998,-23.74748519999997],[-45.63486089999998,-23.747537799999975],[-45.63483089999994,-23.74763],[-45.634835399999986,-23.747745599999973],[-45.634956,-23.747932099999957],[-45.63508619999993,-23.748074299999928],[-45.63527629999993,-23.748425699999927],[-45.635535699999934,-23.748692],[-45.63592149999994,-23.74914469999993],[-45.63598489999998,-23.74924089999996],[-45.636087499999974,-23.74929439999994],[-45.63627079999998,-23.74953439999996],[-45.63640669999995,-23.749847299999942],[-45.63648929999994,-23.75014749999997],[-45.636595599999964,-23.750303499999973],[-45.636770799999965,-23.75043379999994],[-45.63705179999994,-23.75061439999996],[-45.637365099999954,-23.750820199999964],[-45.63779669999997,-23.75117469999998],[-45.63807689999993,-23.75148059999998],[-45.63852529999997,-23.751875299999938],[-45.63881129999993,-23.752168599999948],[-45.638894499999935,-23.752329],[-45.63892849999996,-23.752454399999976],[-45.639003199999934,-23.75308089999993],[-45.63903839999995,-23.753263199999935],[-45.63909389999998,-23.753378599999962],[-45.63936989999996,-23.75382369999994],[-45.64007579999998,-23.754713099999947],[-45.64027329999993,-23.755158499999936],[-45.640326399999935,-23.755384099999958],[-45.64035789999997,-23.75559979999997],[-45.64032929999996,-23.755767],[-45.64026519999993,-23.755901],[-45.640190099999984,-23.755997899999954],[-45.639969399999984,-23.75622459999994],[-45.63970249999994,-23.756419],[-45.63944429999998,-23.756598],[-45.639203399999985,-23.756711],[-45.63899769999995,-23.756787799999927],[-45.638708399999985,-23.75681149999997],[-45.63850419999994,-23.75680509999995],[-45.63827829999997,-23.756751],[-45.63782029999993,-23.756621],[-45.63746539999994,-23.756487],[-45.63704329999996,-23.756247599999938],[-45.636505399999976,-23.755823499999963],[-45.636204299999974,-23.755627499999946],[-45.636194699999976,-23.755621299999973],[-45.63616659999997,-23.755603],[-45.63575929999996,-23.755337899999972],[-45.63535479999996,-23.75509119999998],[-45.635053099999936,-23.75480159999995],[-45.634843899999964,-23.754575699999975],[-45.63461909999995,-23.754349899999966],[-45.63437159999995,-23.75409529999996],[-45.634255,-23.753926],[-45.634162,-23.753777399999933],[-45.63412989999995,-23.753628499999934],[-45.63415979999996,-23.75333029999996],[-45.63419689999995,-23.753089],[-45.63421539999996,-23.752855],[-45.63416429999995,-23.752634799999953],[-45.634065,-23.75239579999993],[-45.634045399999934,-23.751990399999954],[-45.634137099999975,-23.75187079999995],[-45.634390199999984,-23.751662],[-45.63452129999996,-23.75156929999997],[-45.63458949999995,-23.751469699999973],[-45.634582199999954,-23.751384799999983],[-45.63453469999996,-23.75130009999998],[-45.63441149999994,-23.751201299999934],[-45.63429559999997,-23.751166499999954],[-45.634028,-23.751031199999943],[-45.633901099999946,-23.750955],[-45.633677199999966,-23.750722],[-45.63347639999995,-23.75058819999998],[-45.63319279999996,-23.75038429999995],[-45.63303639999998,-23.750284299999976],[-45.63291779999997,-23.750138],[-45.63282909999998,-23.749860099999978],[-45.63276609999997,-23.749801699999978],[-45.632543699999985,-23.74946659999995],[-45.632339,-23.74895259999994],[-45.632125299999984,-23.748573199999953],[-45.63159909999996,-23.74791419999997],[-45.631255299999964,-23.747438699999975],[-45.631064299999935,-23.746689799999956],[-45.63104379999993,-23.74590589999997],[-45.63100229999998,-23.745639599999947],[-45.63092059999997,-23.745374399999946],[-45.63082849999995,-23.745199599999978],[-45.630738,-23.74515569999994],[-45.630591599999946,-23.745118299999945],[-45.63029349999994,-23.74504939999997],[-45.63026159999998,-23.745042],[-45.630211299999985,-23.744998899999928],[-45.63011629999994,-23.74482219999993],[-45.63012359999993,-23.744704799999965],[-45.63020039999998,-23.74457259999997],[-45.63021659999998,-23.74445419999995],[-45.630147499999964,-23.74437679999994],[-45.630002099999956,-23.744332199999974],[-45.629796099999965,-23.74434839999998],[-45.62942639999994,-23.744596499999943],[-45.62929319999995,-23.744654899999944],[-45.629014799999936,-23.744712899999968],[-45.628875799999946,-23.74476949999996],[-45.62850549999996,-23.74509519999998],[-45.628318699999966,-23.74522419999994],[-45.628152,-23.74525289999997],[-45.62801049999996,-23.745209199999977],[-45.62795719999997,-23.745152599999983],[-45.627877,-23.744990299999984],[-45.62786859999994,-23.744885599999975],[-45.627890399999956,-23.744723799999974],[-45.627984899999944,-23.744571699999938],[-45.628193599999975,-23.74411109999994],[-45.628218499999946,-23.743971899999963],[-45.628231599999935,-23.743443399999933],[-45.62807449999997,-23.742804599999943],[-45.627863,-23.742268899999942],[-45.627736899999945,-23.741755499999954],[-45.62771739999994,-23.74157409999998],[-45.62775369999997,-23.741375199999936],[-45.62781659999996,-23.74119879999995],[-45.62795229999995,-23.741053799999975],[-45.628333,-23.74085709999997],[-45.628440599999976,-23.74077269999998],[-45.628607099999954,-23.74050829999993],[-45.62866559999998,-23.74023889999995],[-45.62864719999993,-23.73946669999998],[-45.62876279999995,-23.739221399999963],[-45.62901059999996,-23.738926899999967],[-45.629082299999936,-23.738727],[-45.62908379999993,-23.73864659999998],[-45.629056,-23.73858169999994],[-45.62890249999998,-23.738471199999935],[-45.628476,-23.73833469999994],[-45.62812679999996,-23.738152799999966],[-45.62801749999994,-23.738066499999945],[-45.62784359999995,-23.737816099999975],[-45.627746,-23.737718099999938],[-45.62715229999998,-23.73667279999995],[-45.62697669999994,-23.73628149999996],[-45.62680419999998,-23.735492699999952],[-45.62675379999996,-23.73534369999993],[-45.626706499999955,-23.735329199999967],[-45.62666479999996,-23.73525939999996],[-45.62660759999994,-23.735208099999966],[-45.626535899999965,-23.735200299999974],[-45.62641549999995,-23.73524589999994],[-45.62629459999994,-23.73540989999998],[-45.62610559999996,-23.73609259999995],[-45.625964599999975,-23.73636229999994],[-45.62581979999993,-23.736456],[-45.625666699999954,-23.736445699999933],[-45.62538059999997,-23.73632859999998],[-45.625224499999945,-23.73629939999995],[-45.625127599999985,-23.73634409999994],[-45.625085799999965,-23.736422799999957],[-45.625053299999934,-23.736618],[-45.62504729999995,-23.737006399999927],[-45.624847099999954,-23.73740379999998],[-45.62444019999998,-23.73786789999997],[-45.62422869999995,-23.737959899999964],[-45.62337729999996,-23.73801489999994],[-45.62309829999998,-23.738151499999958],[-45.62286759999995,-23.738337599999966],[-45.622775099999956,-23.738466199999948],[-45.62271489999995,-23.738612699999976],[-45.62260989999993,-23.73902229999993],[-45.62258949999995,-23.73927619999995],[-45.622662599999956,-23.73979259999993],[-45.62263939999997,-23.74005909999994],[-45.622567699999934,-23.740256299999942],[-45.62250129999995,-23.740315299999963],[-45.622302599999955,-23.740420899999947],[-45.62210349999998,-23.74044239999995],[-45.62189779999994,-23.740317699999935],[-45.621743,-23.740155799999968],[-45.62160659999995,-23.739930499999957],[-45.621465599999965,-23.739794699999948],[-45.62131819999996,-23.73975009999998],[-45.62089919999994,-23.73973639999997],[-45.62064049999998,-23.73959659999997],[-45.620342,-23.739340399999946],[-45.620154499999956,-23.739125199999933],[-45.61988149999996,-23.738869799999975],[-45.61934379999997,-23.73844379999997],[-45.619037299999945,-23.738157799999954],[-45.618780399999935,-23.737991799999975],[-45.618351099999984,-23.737867],[-45.617782699999964,-23.737811499999964],[-45.617623899999955,-23.737830199999962],[-45.61748189999997,-23.737883199999942],[-45.61738809999997,-23.73796569999996],[-45.61738859999997,-23.738080399999944],[-45.617442,-23.738179599999967],[-45.617507099999955,-23.738248],[-45.61792819999994,-23.738494699999933],[-45.61817649999995,-23.738701399999968],[-45.61832039999996,-23.738855299999955],[-45.61834479999993,-23.739018699999974],[-45.618317099999956,-23.739390899999933],[-45.618421,-23.739582],[-45.61870869999996,-23.739845499999944],[-45.61890349999993,-23.740147299999933],[-45.61896369999994,-23.74042789999993],[-45.61896139999993,-23.74078019999996],[-45.618913299999974,-23.740993599999968],[-45.618475599999954,-23.74158149999994],[-45.61844479999996,-23.74170449999997],[-45.61847769999997,-23.741827199999932],[-45.618665799999974,-23.74217959999993],[-45.61866059999994,-23.74232049999995],[-45.61861709999994,-23.742463399999963],[-45.61853809999997,-23.742562199999952],[-45.61819079999998,-23.742996199999936],[-45.61816859999993,-23.743271799999945],[-45.61819189999994,-23.743435099999942],[-45.61816289999996,-23.743722499999933],[-45.618187399999954,-23.74394189999998],[-45.61826159999998,-23.744054499999947],[-45.61860169999994,-23.744390899999928],[-45.61863949999997,-23.74450459999997],[-45.61866439999994,-23.74479169999995],[-45.61883229999995,-23.74522639999998],[-45.618934,-23.745368699999972],[-45.619075899999984,-23.745485499999972],[-45.619186,-23.745542899999975],[-45.61951759999994,-23.74593],[-45.619835199999955,-23.74607139999995],[-45.62000879999994,-23.746064399999966],[-45.620181299999956,-23.746027599999934],[-45.62035659999998,-23.745943799999964],[-45.620628099999976,-23.74588669999997],[-45.62073619999995,-23.74592329999996],[-45.62091229999993,-23.74602729999998],[-45.621038099999964,-23.746205799999927],[-45.62114,-23.746270299999935],[-45.62118439999995,-23.746311799999944],[-45.62161969999994,-23.74683559999994],[-45.62172009999995,-23.747117],[-45.622002,-23.747574699999973],[-45.622070399999984,-23.747728],[-45.62211009999993,-23.748018599999966],[-45.622064799999976,-23.74820939999995],[-45.62188429999998,-23.74842239999998],[-45.621607799999936,-23.74867729999994],[-45.62156109999995,-23.748762399999976],[-45.621574399999986,-23.748861699999964],[-45.621799,-23.749255499999947],[-45.621781,-23.749392899999975],[-45.62169609999995,-23.749625899999955],[-45.62162749999993,-23.749876099999938],[-45.621612899999946,-23.750076],[-45.62162929999994,-23.750268799999958],[-45.62167969999996,-23.750384099999962],[-45.62173839999997,-23.750539199999935],[-45.621826399999975,-23.750695099999973],[-45.62194279999994,-23.750824699999953],[-45.622065,-23.75093439999995],[-45.62251009999994,-23.751256],[-45.62321959999997,-23.75167849999997],[-45.62339579999997,-23.751806099999953],[-45.623666199999946,-23.752124699999968],[-45.623808,-23.75243759999995],[-45.62389749999994,-23.752891499999976],[-45.623883,-23.753134599999953],[-45.62375949999995,-23.753584899999964],[-45.623553699999945,-23.75405],[-45.623342099999945,-23.754322699999932],[-45.62312779999996,-23.754444599999943],[-45.62288279999996,-23.75451419999996],[-45.62256279999997,-23.754507399999966],[-45.621653099999946,-23.75429159999993],[-45.62115639999996,-23.75425739999997],[-45.620899,-23.75419249999993],[-45.62066989999994,-23.754076899999973],[-45.620361499999944,-23.753814399999953],[-45.62007289999997,-23.75339379999997],[-45.619953099999975,-23.753163899999947],[-45.61969269999997,-23.752870499999972],[-45.61878479999996,-23.75241619999997],[-45.61794779999997,-23.75179],[-45.617504199999985,-23.75156419999996],[-45.61676159999996,-23.751418099999967],[-45.61651869999997,-23.75130349999995],[-45.61620949999997,-23.751059899999973],[-45.616123899999934,-23.751021399999956],[-45.61600219999997,-23.751013799999953],[-45.61594649999995,-23.751072699999952],[-45.61583319999994,-23.751379399999962],[-45.615826,-23.751724399999944],[-45.61588009999997,-23.75196449999993],[-45.616013599999974,-23.752187899999967],[-45.61630289999994,-23.752565199999935],[-45.61642279999995,-23.75281229999996],[-45.61647879999998,-23.753036899999927],[-45.61648089999994,-23.75327989999994],[-45.61643479999998,-23.75347789999995],[-45.61630349999996,-23.753736699999934],[-45.616123699999946,-23.75390269999997],[-45.61583889999997,-23.754047499999956],[-45.61558209999998,-23.754128899999955],[-45.615083099999936,-23.754224799999974],[-45.61475939999997,-23.754246],[-45.613581599999975,-23.75419469999997],[-45.61298169999998,-23.754306],[-45.61297949999994,-23.75430639999996],[-45.61263649999995,-23.75437],[-45.61240189999995,-23.754350199999976],[-45.61191269999995,-23.754251799999963],[-45.61168209999994,-23.75425279999996],[-45.611592,-23.75429289999994],[-45.611586,-23.754471699999954],[-45.61168329999998,-23.754707099999962],[-45.611758,-23.755164699999966],[-45.61171029999997,-23.75586759999993],[-45.61173179999997,-23.756070799999975],[-45.611835,-23.75631329999993],[-45.612004799999966,-23.756520399999943],[-45.61262369999997,-23.75708609999998],[-45.613036799999975,-23.75771489999994],[-45.613289399999985,-23.75800739999994],[-45.61348919999995,-23.758144799999968],[-45.61405949999994,-23.75836929999997],[-45.61420049999998,-23.758524],[-45.61454629999997,-23.759014899999954],[-45.614752899999985,-23.75933109999994],[-45.61481889999993,-23.75960269999996],[-45.61497809999997,-23.76006549999994],[-45.61528359999994,-23.760554699999943],[-45.61545119999994,-23.76091349999996],[-45.61552789999996,-23.760955699999954],[-45.61561219999993,-23.76092639999996],[-45.61589479999998,-23.760723],[-45.61643209999994,-23.76040469999998],[-45.61668619999995,-23.76018419999997],[-45.616839899999945,-23.760109499999942],[-45.616975199999956,-23.76009629999993],[-45.617256199999986,-23.76015209999997],[-45.61782029999995,-23.760343199999966],[-45.618199,-23.76032269999996],[-45.618367399999954,-23.760241599999972],[-45.61863209999996,-23.760182699999973],[-45.618898,-23.76017449999995],[-45.61917989999995,-23.760221199999933],[-45.61942289999996,-23.760361099999955],[-45.61979459999998,-23.760727199999963],[-45.62012969999995,-23.761220899999955],[-45.620539,-23.761669],[-45.621352599999966,-23.762298899999962],[-45.621774699999946,-23.762740699999938],[-45.62207429999995,-23.76300589999994],[-45.62234579999995,-23.763143],[-45.62287759999998,-23.763326099999972],[-45.623131,-23.76337289999998],[-45.62419889999995,-23.763412],[-45.624712699999975,-23.763522799999976],[-45.624928,-23.76361309999993],[-45.625266,-23.76389269999993],[-45.625427,-23.764108799999974],[-45.62546679999997,-23.764234199999976],[-45.625463699999955,-23.76440219999995],[-45.62539269999996,-23.764533399999948],[-45.62525879999998,-23.764648699999952],[-45.62502869999997,-23.76475439999996],[-45.62461119999995,-23.764883399999974],[-45.62422189999995,-23.764948199999935],[-45.62383259999996,-23.765000399999963],[-45.62345039999997,-23.76510849999994],[-45.62314259999994,-23.765191899999934],[-45.622924,-23.765230799999983],[-45.62262369999996,-23.765232899999944],[-45.622446199999956,-23.76526339999998],[-45.62231689999993,-23.765322599999934],[-45.62213869999994,-23.76541009999994],[-45.621975599999985,-23.765574199999946],[-45.621911599999976,-23.765724399999954],[-45.62178019999993,-23.76638159999993],[-45.62150559999998,-23.767230799999936],[-45.621520499999974,-23.767481799999928],[-45.62162329999995,-23.76763859999994],[-45.62176889999995,-23.767713899999933],[-45.621925199999964,-23.767763799999955],[-45.622137099999975,-23.767750299999932],[-45.623064899999974,-23.767409699999973],[-45.62332769999995,-23.767381499999942],[-45.623560399999974,-23.76740129999996],[-45.62406439999995,-23.76751489999998],[-45.624994399999935,-23.767845399999942],[-45.62554079999995,-23.768002099999933],[-45.625788299999954,-23.768056199999933],[-45.62607579999997,-23.76803609999996],[-45.62638929999997,-23.767921899999976],[-45.62715939999998,-23.767465399999935],[-45.627851,-23.766981099999953],[-45.62800459999994,-23.766883],[-45.62814759999998,-23.766832699999952],[-45.628304699999944,-23.766838399999983],[-45.628468699999985,-23.76686209999997],[-45.628565099999946,-23.76691859999994],[-45.62866559999998,-23.76700939999995],[-45.62882069999995,-23.767206599999952],[-45.62890839999994,-23.767487099999983],[-45.62890619999996,-23.768469],[-45.62895759999998,-23.768754199999933],[-45.629067299999974,-23.768904599999928],[-45.62925749999994,-23.769073599999956],[-45.62976149999997,-23.769375899999943],[-45.63005849999996,-23.769717],[-45.630294,-23.769911199999967],[-45.630908699999964,-23.770183199999963],[-45.631070499999964,-23.77029909999993],[-45.631147,-23.770353899999975],[-45.63165529999998,-23.770942499999933],[-45.63210649999996,-23.77130649999998],[-45.632260299999984,-23.77145489999998],[-45.632348399999955,-23.771601699999962],[-45.632388299999946,-23.77174519999994],[-45.63239239999996,-23.771977299999946],[-45.63234629999994,-23.772380299999952],[-45.632279799999935,-23.77263979999998],[-45.63227309999996,-23.772888199999954],[-45.63236959999995,-23.773347599999965],[-45.63239319999997,-23.773573299999953],[-45.632393699999966,-23.77366],[-45.632380499999954,-23.77378559999994],[-45.632317299999954,-23.77389329999994],[-45.63226359999993,-23.773968499999967],[-45.63210639999994,-23.774121799999932],[-45.631476,-23.774671699999942],[-45.63131379999993,-23.774817799999937],[-45.631214299999954,-23.774942799999963],[-45.63118129999998,-23.775013399999978],[-45.63118549999996,-23.77507929999996],[-45.63124259999995,-23.775126099999966],[-45.63137839999996,-23.775196],[-45.63154949999995,-23.775266599999952],[-45.63193449999994,-23.775518899999952],[-45.63203189999996,-23.775564499999973],[-45.63214979999998,-23.775588399999947],[-45.63288529999994,-23.77548059999998],[-45.63316219999996,-23.77549849999997],[-45.633402399999966,-23.775447799999938],[-45.63359819999994,-23.77534769999994],[-45.63405359999996,-23.77494839999997],[-45.63507039999996,-23.77475],[-45.63565109999996,-23.774482099999943],[-45.636049,-23.774365699999976],[-45.63644379999994,-23.774413799999934],[-45.636694499999976,-23.77451209999998],[-45.63709019999993,-23.774758799999972],[-45.63804829999998,-23.77561019999996],[-45.63892169999997,-23.77617659999993],[-45.639123,-23.776417799999933],[-45.63928219999997,-23.776845299999934],[-45.63934249999994,-23.777349],[-45.639602,-23.77822489999994],[-45.63968969999996,-23.778902899999935],[-45.63970109999997,-23.779415899999947],[-45.63967459999998,-23.779615599999943],[-45.63960069999996,-23.77976039999993],[-45.63928759999993,-23.78016],[-45.63917559999993,-23.780343],[-45.639136399999984,-23.78055],[-45.63912279999994,-23.780793899999935],[-45.63913069999995,-23.780986199999973],[-45.63912979999998,-23.78122019999995],[-45.63912629999993,-23.781501099999957],[-45.639104299999985,-23.78161319999998],[-45.639032199999974,-23.781721],[-45.638913,-23.781833399999982],[-45.63881639999994,-23.781921799999964],[-45.63881709999998,-23.78206979999993],[-45.63842519999997,-23.78212229999997],[-45.63820019999997,-23.782080399999927],[-45.638106799999946,-23.782104699999934],[-45.63787479999996,-23.782051899999942],[-45.63750369999997,-23.782020299999942],[-45.637184299999944,-23.781898],[-45.636932299999955,-23.781839],[-45.63685159999994,-23.781784499999958],[-45.63661029999997,-23.78169879999996],[-45.63637749999998,-23.78158949999994],[-45.636219799999935,-23.781533899999943],[-45.63577239999995,-23.781376199999954],[-45.635689799999966,-23.781364199999928],[-45.63526489999998,-23.78118519999998],[-45.635122199999955,-23.781146599999943],[-45.634505899999965,-23.780816],[-45.63444489999995,-23.780741499999976],[-45.63438389999993,-23.780667],[-45.63432549999993,-23.780566799999974],[-45.634308499999975,-23.780537599999946],[-45.634249799999964,-23.780474899999945],[-45.634191,-23.780412199999944],[-45.63399259999994,-23.780110399999955],[-45.63395189999994,-23.780087399999957],[-45.63394059999996,-23.78003],[-45.63390179999993,-23.77999669999997],[-45.63387009999997,-23.779926899999964],[-45.63381609999993,-23.779903599999955],[-45.63370759999998,-23.779775099999938],[-45.63355359999997,-23.77965809999995],[-45.63337259999997,-23.779435099999944],[-45.63328249999995,-23.779196699999943],[-45.63329539999995,-23.779141299999935],[-45.63325169999996,-23.77892479999997],[-45.63322,-23.77885779999997],[-45.63323719999994,-23.77878549999997],[-45.63317889999996,-23.77852219999994],[-45.63317239999998,-23.778493],[-45.63317519999998,-23.778482899999972],[-45.63319549999994,-23.778410699999938],[-45.633122499999956,-23.77827519999994],[-45.63304969999996,-23.778197099999943],[-45.632923,-23.77812769999997],[-45.63277859999994,-23.778019299999983],[-45.63252819999997,-23.77792969999996],[-45.63235339999994,-23.777908199999956],[-45.632021099999974,-23.777817399999947],[-45.631631599999935,-23.777748799999983],[-45.631553199999985,-23.77774889999995],[-45.631488,-23.77778429999995],[-45.631433,-23.778035],[-45.63142039999997,-23.778350299999943],[-45.631371,-23.778469899999948],[-45.631275,-23.778581299999928],[-45.63116359999998,-23.778675],[-45.631005899999934,-23.778743499999962],[-45.63062039999994,-23.778789899999936],[-45.63038979999993,-23.778750099999968],[-45.62997139999993,-23.778758799999935],[-45.62945149999996,-23.778772499999945],[-45.629417,-23.77878629999998],[-45.62891059999998,-23.778964299999927],[-45.62863509999994,-23.77903679999997],[-45.628472199999976,-23.77904469999993],[-45.628295399999956,-23.779001199999982],[-45.628023,-23.778893],[-45.62776,-23.778702599999974],[-45.62730009999996,-23.778175199999964],[-45.627133699999945,-23.778004299999964],[-45.627075,-23.777927699999964],[-45.62681119999996,-23.77762169999994],[-45.626741899999956,-23.777602099999967],[-45.62635929999993,-23.777023799999938],[-45.62595169999997,-23.775954199999944],[-45.62579139999997,-23.775665799999956],[-45.625587,-23.775403799999935],[-45.62534839999995,-23.775179],[-45.62509619999997,-23.774984899999936],[-45.624522799999966,-23.77472169999993],[-45.62353719999993,-23.774466399999937],[-45.62320039999997,-23.774238399999945],[-45.62245879999995,-23.773683199999937],[-45.62187759999995,-23.773037],[-45.621445,-23.772451599999954],[-45.62099469999998,-23.771666799999934],[-45.62080709999998,-23.77143],[-45.62069749999995,-23.771278699999982],[-45.62065689999997,-23.771202],[-45.62062789999993,-23.771090199999946],[-45.620647599999984,-23.770901299999935],[-45.62063249999994,-23.77081919999995],[-45.62056929999994,-23.770731799999965],[-45.62047869999998,-23.77067349999993],[-45.620383499999946,-23.770665699999938],[-45.620305,-23.770676899999955],[-45.62012759999993,-23.770721],[-45.619840599999975,-23.770842199999947],[-45.619349899999975,-23.77105739999996],[-45.618961,-23.771204299999965],[-45.61859919999995,-23.77127439999998],[-45.61816849999997,-23.77130139999997],[-45.61753959999993,-23.77134189999998],[-45.61725629999995,-23.77142429999998],[-45.616635,-23.77161289999998],[-45.61565439999998,-23.771779399999957],[-45.61538889999997,-23.771887899999967],[-45.61458669999996,-23.77241769999995],[-45.614327799999955,-23.77247019999993],[-45.614250599999934,-23.772457499999973],[-45.61399879999993,-23.77240539999997],[-45.613807,-23.772326799999973],[-45.61358939999997,-23.772172299999966],[-45.61342459999997,-23.77199239999993],[-45.61319549999996,-23.77147569999994],[-45.61285369999996,-23.77099389999995],[-45.61269379999993,-23.77059259999993],[-45.61246459999995,-23.770477899999946],[-45.61219609999995,-23.770560199999977],[-45.61166229999998,-23.770793499999968],[-45.611168,-23.77087],[-45.61113469999998,-23.770875099999955],[-45.61088929999994,-23.770869799999957],[-45.61064539999995,-23.770754199999942],[-45.61025229999996,-23.770434199999954],[-45.61011659999997,-23.77038239999996],[-45.609987099999955,-23.770384699999966],[-45.609888,-23.770396799999958],[-45.60977449999996,-23.77046679999995],[-45.609515699999974,-23.77073249999995],[-45.60948579999996,-23.77075739999998],[-45.609344599999986,-23.770875],[-45.609144699999945,-23.770947099999944],[-45.60885229999997,-23.770961799999952],[-45.608684299999936,-23.770912799999962],[-45.60854539999997,-23.77081849999996],[-45.60842719999994,-23.770721399999957],[-45.60833149999996,-23.770598099999972],[-45.60827,-23.770472799999936],[-45.60823119999998,-23.77034649999996],[-45.608244199999945,-23.770197399999972],[-45.608281699999964,-23.770019299999944],[-45.60850739999995,-23.76960829999996],[-45.608621,-23.769119199999977],[-45.608626699999945,-23.768869],[-45.60856259999997,-23.768392399999982],[-45.608576,-23.76789919999993],[-45.608645499999966,-23.767655],[-45.60892409999997,-23.767187899999954],[-45.60913289999996,-23.766936899999962],[-45.609391399999936,-23.76660529999998],[-45.60943609999998,-23.766511099999946],[-45.609437699999944,-23.766421699999967],[-45.60939119999995,-23.766345099999967],[-45.60905239999994,-23.766150799999934],[-45.609023,-23.766111],[-45.60895329999994,-23.766094],[-45.60884209999995,-23.766025699999943],[-45.60871789999993,-23.765908799999977],[-45.60867509999997,-23.765790699999968],[-45.608652,-23.765667899999983],[-45.608630699999935,-23.765524399999947],[-45.60866139999996,-23.765358099999958],[-45.60890519999998,-23.764818799999944],[-45.608974699999976,-23.76457739999995],[-45.609004,-23.764332499999966],[-45.60898609999998,-23.764076899999964],[-45.60895739999995,-23.763995299999976],[-45.608906599999955,-23.763850499999933],[-45.60862329999998,-23.763500299999976],[-45.60813369999994,-23.763314399999956],[-45.60788179999997,-23.76317259999996],[-45.607414699999936,-23.762757199999953],[-45.60718829999996,-23.76260179999997],[-45.60693939999993,-23.76247449999994],[-45.60671929999995,-23.76240219999994],[-45.60578089999996,-23.762366199999974]]],[[[-45.74672659999993,-23.771334099999933],[-45.746636,-23.771326],[-45.74654119999997,-23.771442299999933],[-45.74653669999998,-23.77145059999998],[-45.74644219999993,-23.771666299999936],[-45.746442299999956,-23.771691199999964],[-45.74652869999994,-23.77184019999993],[-45.746569499999964,-23.77186089999998],[-45.74659219999995,-23.77187319999996],[-45.746778,-23.771935],[-45.74680069999994,-23.77193909999994],[-45.74682339999998,-23.771951499999943],[-45.747122299999944,-23.77196329999998],[-45.74713589999993,-23.77196319999996],[-45.74725339999998,-23.771880099999976],[-45.74713979999996,-23.77171869999995],[-45.74694909999994,-23.771528399999966],[-45.74672659999993,-23.771334099999933]]],[[[-45.753583,-23.76942189999994],[-45.75347649999998,-23.76941329999994],[-45.75339909999997,-23.76945779999994],[-45.75339269999995,-23.76946369999996],[-45.75335739999997,-23.769549499999982],[-45.753357499999936,-23.76955829999997],[-45.753419099999974,-23.76967339999993],[-45.75342879999994,-23.76968519999997],[-45.75343529999998,-23.769694],[-45.75352909999998,-23.76977349999993],[-45.753542,-23.76977349999993],[-45.75374849999997,-23.76975529999993],[-45.75376139999997,-23.76975529999993],[-45.75384489999993,-23.769604499999957],[-45.753767,-23.769454],[-45.753763799999945,-23.769448099999977],[-45.753583,-23.76942189999994]]],[[[-45.514661099999955,-23.84152759999995],[-45.514717,-23.841123799999934],[-45.51469389999994,-23.840898099999947],[-45.51452869999997,-23.840693399999964],[-45.51444159999994,-23.840476],[-45.514377199999956,-23.840254399999935],[-45.514326799999935,-23.840129],[-45.514143599999954,-23.840100099999972],[-45.513933,-23.839958399999944],[-45.51371779999994,-23.83985869999998],[-45.513530199999934,-23.83972129999995],[-45.51332,-23.839647],[-45.513211799999965,-23.839566099999956],[-45.513211799999965,-23.839269399999978],[-45.513211499999954,-23.83901009999994],[-45.51315649999998,-23.838859699999944],[-45.51313659999994,-23.83868089999993],[-45.51301739999997,-23.838526399999978],[-45.51286609999994,-23.83833429999993],[-45.51265539999997,-23.838146499999937],[-45.51248149999998,-23.837987899999973],[-45.51233959999996,-23.837841899999944],[-45.51217059999993,-23.837732399999936],[-45.512024199999985,-23.837544799999932],[-45.511896099999944,-23.837398699999937],[-45.51175879999994,-23.837302799999975],[-45.511694699999964,-23.83712739999993],[-45.51150239999998,-23.836968799999966],[-45.51127809999997,-23.836831099999984],[-45.511155,-23.83671469999996],[-45.51109989999998,-23.836535],[-45.51108579999993,-23.83620049999996],[-45.511112899999944,-23.835995399999945],[-45.511107799999934,-23.835681499999964],[-45.51106609999994,-23.835367],[-45.51106559999994,-23.835090799999932],[-45.51110169999998,-23.83481869999997],[-45.51112869999997,-23.834559199999944],[-45.51116029999997,-23.834308],[-45.511201,-23.83406119999995],[-45.51128269999998,-23.83369689999995],[-45.51136,-23.83344569999997],[-45.51141469999993,-23.83329079999993],[-45.51147839999993,-23.833118199999944],[-45.51153769999996,-23.83298419999994],[-45.51160159999995,-23.83286279999993],[-45.51165629999997,-23.83274549999993],[-45.51171549999998,-23.832624],[-45.511770199999944,-23.832515099999966],[-45.51186609999996,-23.832397799999967],[-45.51195269999994,-23.83230969999994],[-45.51200719999997,-23.832209199999966],[-45.512084699999946,-23.83212539999994],[-45.512194,-23.832037299999968],[-45.51230289999995,-23.83193259999996],[-45.51239829999997,-23.831861499999945],[-45.51247989999996,-23.831790299999966],[-45.51256159999997,-23.83172339999993],[-45.512661399999956,-23.831677399999933],[-45.51276119999994,-23.831618899999967],[-45.51284759999993,-23.831606299999976],[-45.51298439999994,-23.831627],[-45.513107899999966,-23.831651799999975],[-45.51315279999994,-23.831593399999974],[-45.51322479999993,-23.83152249999995],[-45.51334769999994,-23.831522399999983],[-45.51347039999996,-23.831518099999982],[-45.51360529999994,-23.83153679999998],[-45.513774299999966,-23.831599],[-45.51393429999996,-23.83167789999993],[-45.514049899999975,-23.831704099999968],[-45.51416219999993,-23.831731499999933],[-45.51432909999994,-23.83173419999997],[-45.514476799999954,-23.83177429999995],[-45.514602699999955,-23.831854199999952],[-45.514783199999954,-23.83193159999996],[-45.51499089999993,-23.832024],[-45.515202199999976,-23.83213349999994],[-45.515341699999965,-23.832163299999934],[-45.51554679999998,-23.832203],[-45.51571329999996,-23.83226039999994],[-45.51584449999996,-23.83229019999993],[-45.516046899999935,-23.832312499999944],[-45.51621659999995,-23.832349799999974],[-45.51642749999996,-23.83239709999998],[-45.516614,-23.832434499999977],[-45.516737199999966,-23.83240669999998],[-45.51705179999993,-23.832280899999944],[-45.51723309999994,-23.83234079999994],[-45.51732939999994,-23.83238579999994],[-45.51758829999994,-23.832465799999966],[-45.51781529999994,-23.832556799999963],[-45.51815609999994,-23.832621899999936],[-45.51836149999997,-23.83267509999996],[-45.51857609999996,-23.832748],[-45.518647499999986,-23.832697499999938],[-45.51874029999993,-23.832496],[-45.518704,-23.83232759999993],[-45.51872279999998,-23.832184499999983],[-45.518849,-23.832078799999977],[-45.51892289999995,-23.83199579999996],[-45.51910159999994,-23.831902399999933],[-45.519205399999976,-23.831779299999937],[-45.51949339999993,-23.831621499999983],[-45.51955349999997,-23.831443],[-45.519622,-23.831329899999957],[-45.51972329999995,-23.831216799999936],[-45.51983859999996,-23.83119389999996],[-45.51994569999994,-23.83121129999995],[-45.52007789999993,-23.83129649999995],[-45.520207,-23.83126109999995],[-45.520281299999965,-23.831276099999968],[-45.52043539999994,-23.83127829999995],[-45.52058129999995,-23.83129569999994],[-45.520664099999976,-23.831361],[-45.52076869999996,-23.831368399999974],[-45.52085979999998,-23.83146389999996],[-45.520948199999964,-23.83155679999993],[-45.52103389999996,-23.83169769999995],[-45.52102329999997,-23.831821099999956],[-45.52091909999996,-23.831956799999944],[-45.52092479999993,-23.832039899999927],[-45.52100489999998,-23.83214049999998],[-45.521131699999955,-23.832248599999957],[-45.521074,-23.832283899999936],[-45.52092819999996,-23.832299199999966],[-45.52083739999995,-23.83234719999996],[-45.52082109999998,-23.83246809999997],[-45.520879099999945,-23.832566199999974],[-45.520974799999976,-23.83268849999996],[-45.52110989999994,-23.832796499999972],[-45.52123119999993,-23.832902099999956],[-45.52134139999998,-23.83293459999993],[-45.521509299999934,-23.83297209999995],[-45.52174889999998,-23.833059899999967],[-45.52190029999997,-23.83306719999996],[-45.52209559999994,-23.83303669999998],[-45.52219459999998,-23.832943399999976],[-45.522324099999935,-23.832915499999956],[-45.52244109999998,-23.832944099999963],[-45.52253479999996,-23.83299169999998],[-45.52254059999996,-23.83310249999994],[-45.52267559999996,-23.83319549999993],[-45.52284359999993,-23.83320279999998],[-45.52294249999994,-23.833114499999965],[-45.52288179999994,-23.833026399999937],[-45.52290359999995,-23.832910599999934],[-45.52296119999994,-23.832797099999937],[-45.52289769999993,-23.83270159999995],[-45.52281209999995,-23.832585799999947],[-45.52277069999997,-23.83248519999995],[-45.52269979999994,-23.832465499999955],[-45.52259509999993,-23.832438],[-45.52252889999994,-23.83239279999998],[-45.522550799999976,-23.83230459999993],[-45.522545,-23.832148399999937],[-45.522464799999966,-23.83197729999995],[-45.52235449999995,-23.831876799999975],[-45.52230179999998,-23.831703199999936],[-45.52230449999996,-23.831645299999934],[-45.52216669999996,-23.83159519999998],[-45.52194369999995,-23.831565499999954],[-45.521877,-23.83144269999997],[-45.521819,-23.831364699999938],[-45.52184859999994,-23.83105759999995],[-45.521851399999946,-23.83105009999997],[-45.52193349999993,-23.830876299999943],[-45.522073499999976,-23.830705],[-45.52207629999998,-23.830702499999973],[-45.52215289999998,-23.830584199999976],[-45.522270499999934,-23.830398099999968],[-45.52236039999997,-23.830203899999958],[-45.522412,-23.830080599999974],[-45.522537099999965,-23.82983429999996],[-45.52242849999993,-23.829544599999963],[-45.52230009999994,-23.82959009999996],[-45.521988599999986,-23.82957769999996],[-45.521735,-23.829470199999946],[-45.52130759999994,-23.829169],[-45.52048119999995,-23.828751799999964],[-45.52006839999996,-23.828400899999963],[-45.51993859999993,-23.828324599999974],[-45.519786299999964,-23.828298],[-45.51975619999996,-23.82832079999997],[-45.51962129999998,-23.827856],[-45.51955589999994,-23.827467799999965],[-45.51952249999994,-23.826935],[-45.519528099999945,-23.82687629999998],[-45.51960669999994,-23.826126399999964],[-45.51960589999993,-23.826119499999947],[-45.519640899999956,-23.82607749999994],[-45.519590799999946,-23.826062299999933],[-45.519540699999936,-23.826047199999948],[-45.519447499999956,-23.82607189999993],[-45.51930059999995,-23.82617709999994],[-45.51897859999997,-23.826419399999963],[-45.51872079999998,-23.826538599999935],[-45.51822169999997,-23.826706399999978],[-45.51800039999995,-23.82686069999994],[-45.517937,-23.82694859999998],[-45.51787349999995,-23.82703639999994],[-45.517679699999974,-23.827185199999974],[-45.51703169999996,-23.82744569999994],[-45.51628439999996,-23.827915099999927],[-45.51578249999994,-23.828117299999974],[-45.51546369999994,-23.828188799999964],[-45.51528319999994,-23.828220199999976],[-45.515156599999955,-23.828251299999977],[-45.51509009999995,-23.828306599999962],[-45.51508579999995,-23.828376599999956],[-45.51508359999997,-23.828411399999936],[-45.515110499999935,-23.82850979999995],[-45.515260799999965,-23.82876219999997],[-45.51561849999996,-23.829144799999938],[-45.51591149999996,-23.829458199999976],[-45.51610629999993,-23.829809799999964],[-45.516120599999965,-23.829946099999972],[-45.51604189999995,-23.83014689999993],[-45.51595389999994,-23.830240199999935],[-45.51588479999998,-23.830265],[-45.51568919999994,-23.830335099999957],[-45.51542909999995,-23.830363],[-45.515178599999956,-23.83033679999994],[-45.51465949999994,-23.830168699999945],[-45.514194299999986,-23.829962499999965],[-45.513587,-23.829582499999958],[-45.512857199999985,-23.82926059999994],[-45.512702099999956,-23.829221899999936],[-45.512608299999954,-23.82918539999997],[-45.512096499999984,-23.829070799999954],[-45.51166439999997,-23.829058699999962],[-45.51010269999995,-23.829164099999957],[-45.51002689999996,-23.82915779999996],[-45.50860579999994,-23.82903989999994],[-45.50835529999995,-23.828989199999967],[-45.508108499999935,-23.82889789999996],[-45.50787019999996,-23.828730699999937],[-45.507736299999976,-23.828639],[-45.50764289999995,-23.828614],[-45.50752909999994,-23.828627],[-45.50745589999997,-23.828732099999968],[-45.50733589999993,-23.828947399999947],[-45.50705629999993,-23.82925629999994],[-45.506416599999966,-23.82962059999994],[-45.50605019999995,-23.829837699999928],[-45.505322099999944,-23.830448],[-45.50516939999994,-23.83057219999995],[-45.50500959999994,-23.830635099999938],[-45.504965099999936,-23.83064669999993],[-45.50438809999997,-23.83079829999997],[-45.50437589999996,-23.83080149999995],[-45.50362019999994,-23.830889799999966],[-45.50338579999993,-23.83094749999998],[-45.503172,-23.83102219999995],[-45.50281039999993,-23.83120589999993],[-45.502275699999984,-23.83155439999996],[-45.50172769999995,-23.831799199999978],[-45.501265699999976,-23.83187529999998],[-45.50120179999993,-23.831885799999952],[-45.500714899999934,-23.831890399999963],[-45.50066359999994,-23.83188549999994],[-45.50028729999997,-23.83184959999994],[-45.499939,-23.831877299999974],[-45.49961949999994,-23.832024599999954],[-45.49951379999993,-23.832063],[-45.499341,-23.83212579999997],[-45.499204099999986,-23.832217],[-45.49901,-23.832346299999983],[-45.49875319999995,-23.83246369999995],[-45.498483299999975,-23.832501599999944],[-45.498186799999985,-23.83250339999995],[-45.498041,-23.83263759999994],[-45.498033599999985,-23.83275139999995],[-45.49813339999997,-23.832920899999976],[-45.49844329999996,-23.83332269999994],[-45.49857029999998,-23.833667399999968],[-45.49874809999994,-23.833957599999962],[-45.49917529999993,-23.834488199999953],[-45.499679,-23.835262499999942],[-45.49981359999998,-23.835521299999982],[-45.499870199999975,-23.835690899999975],[-45.50005079999994,-23.83592239999996],[-45.50028249999997,-23.836184499999945],[-45.500606699999935,-23.836469799999975],[-45.50098559999998,-23.83671149999998],[-45.50177709999997,-23.837225599999954],[-45.50217129999993,-23.83761],[-45.502756499999975,-23.83836229999997],[-45.503003,-23.838624299999935],[-45.50323569999995,-23.838863799999956],[-45.50347679999993,-23.83901119999996],[-45.503698,-23.83908359999998],[-45.50399079999994,-23.83912959999998],[-45.504785399999946,-23.83917759999997],[-45.505263799999966,-23.839238299999977],[-45.50557939999993,-23.83933209999998],[-45.50609639999993,-23.83946679999997],[-45.50637039999998,-23.839487599999927],[-45.50665509999993,-23.839457799999934],[-45.50694239999996,-23.839362],[-45.50719019999997,-23.839182299999948],[-45.50790619999998,-23.83848359999996],[-45.50823929999996,-23.83828109999996],[-45.50847379999993,-23.838244199999963],[-45.508717399999966,-23.838253299999963],[-45.50894249999993,-23.83832929999994],[-45.50937369999997,-23.838600699999972],[-45.509494,-23.838733099999956],[-45.509527799999944,-23.83884949999998],[-45.509515499999964,-23.838958799999943],[-45.50950209999996,-23.839052799999934],[-45.50944249999998,-23.83913249999995],[-45.50929069999995,-23.839226],[-45.50807329999998,-23.83978909999996],[-45.50698559999995,-23.840118699999948],[-45.506170199999985,-23.84026319999998],[-45.50545349999993,-23.840299],[-45.50459379999995,-23.840170899999976],[-45.50393959999997,-23.84009889999993],[-45.50350709999998,-23.83998109999993],[-45.50302789999995,-23.839746899999966],[-45.502828499999964,-23.839586399999973],[-45.502629,-23.839425799999958],[-45.501724399999944,-23.83884439999997],[-45.500678799999946,-23.83811609999998],[-45.50047909999995,-23.838028299999962],[-45.500263899999936,-23.837861799999928],[-45.50009,-23.837700799999936],[-45.499549,-23.837465899999927],[-45.498694099999966,-23.837305199999946],[-45.49856859999994,-23.837332699999934],[-45.498141499999974,-23.837349399999937],[-45.49784609999995,-23.837394599999982],[-45.49748459999995,-23.837363299999936],[-45.49701829999998,-23.837392799999975],[-45.496813,-23.837370799999974],[-45.496676399999956,-23.837335199999927],[-45.496523,-23.837267],[-45.496226699999966,-23.83708009999998],[-45.495889699999964,-23.836780399999952],[-45.495674099999974,-23.836631199999943],[-45.495473499999946,-23.836532399999953],[-45.49521489999995,-23.83644389999995],[-45.495095,-23.836423499999967],[-45.49424559999994,-23.836404499999958],[-45.49405109999998,-23.836371],[-45.49391639999993,-23.836347799999942],[-45.49358609999996,-23.83623229999995],[-45.493405,-23.83612809999994],[-45.49332609999993,-23.83605069999993],[-45.493190899999945,-23.83585419999997],[-45.49311249999994,-23.835654],[-45.493087799999955,-23.835351499999945],[-45.493125599999985,-23.835216799999955],[-45.493386499999986,-23.834867299999928],[-45.493461199999956,-23.834643],[-45.49364939999998,-23.83429019999994],[-45.493676499999935,-23.834186199999976],[-45.49367609999996,-23.83406969999993],[-45.493620599999986,-23.833955199999934],[-45.49352709999994,-23.833883199999946],[-45.49329489999997,-23.83377379999996],[-45.493119699999966,-23.833662299999958],[-45.49291649999998,-23.833412799999962],[-45.49285229999998,-23.833292899999947],[-45.49260629999998,-23.832644199999947],[-45.492341299999964,-23.83214829999997],[-45.49208859999993,-23.83154389999993],[-45.491952399999946,-23.831081],[-45.49185749999998,-23.830395799999962],[-45.49179369999996,-23.83014129999998],[-45.491786299999944,-23.829998599999954],[-45.49175369999995,-23.82996069999996],[-45.49167659999995,-23.829569],[-45.49147759999994,-23.82886149999996],[-45.49139549999995,-23.828436299999964],[-45.491318099999944,-23.828215299999954],[-45.49123879999996,-23.827754899999945],[-45.49116369999996,-23.827641299999982],[-45.49104269999998,-23.82757849999996],[-45.49081289999998,-23.82755659999998],[-45.49035939999993,-23.827586099999962],[-45.489036899999974,-23.82760559999997],[-45.48836579999994,-23.827729699999963],[-45.488011,-23.827638699999966],[-45.48779459999997,-23.827529199999958],[-45.48760359999994,-23.827395199999955],[-45.487348,-23.827308399999936],[-45.487167599999964,-23.82737129999998],[-45.486791299999936,-23.82757479999998],[-45.486536299999955,-23.827642499999968],[-45.48592359999998,-23.827643499999965],[-45.48530969999996,-23.827581299999963],[-45.48493949999994,-23.827568],[-45.483891,-23.827586699999983],[-45.48339069999997,-23.827719199999933],[-45.482635899999934,-23.828051199999948],[-45.48219849999998,-23.82819349999994],[-45.481942499999946,-23.828246699999966],[-45.48114239999995,-23.828298899999936],[-45.480696499999965,-23.82825779999996],[-45.480373,-23.828136899999947],[-45.47969909999995,-23.827765899999974],[-45.47896579999997,-23.827259699999956],[-45.47794939999994,-23.82642379999993],[-45.477521699999954,-23.825966299999948],[-45.47721169999994,-23.825503899999944],[-45.47694839999997,-23.82519309999998],[-45.47680409999998,-23.824944199999948],[-45.47674139999998,-23.824702299999956],[-45.47676649999994,-23.824600199999963],[-45.476917,-23.824392],[-45.476896,-23.824285499999974],[-45.47664169999996,-23.824017099999935],[-45.476327399999946,-23.823729],[-45.476252399999964,-23.823623599999962],[-45.47611379999995,-23.823316],[-45.47588009999998,-23.823020499999927],[-45.47567429999998,-23.822866699999963],[-45.475453,-23.822765299999958],[-45.47496979999994,-23.82270989999995],[-45.474750599999936,-23.82264639999994],[-45.474537099999964,-23.822524199999975],[-45.47439119999996,-23.822370199999966],[-45.47434089999996,-23.822284599999932],[-45.47424659999996,-23.822021099999972],[-45.47422969999997,-23.821673399999952],[-45.474324,-23.821425699999963],[-45.47464209999998,-23.820892699999945],[-45.47466309999993,-23.820721],[-45.47452119999997,-23.820582299999955],[-45.47392979999995,-23.82049109999997],[-45.47382739999995,-23.82039029999993],[-45.47378659999998,-23.82024769999998],[-45.473785,-23.820090499999935],[-45.473757399999954,-23.820047299999942],[-45.47372969999998,-23.820004],[-45.47367449999996,-23.819917499999974],[-45.47355059999995,-23.819888],[-45.47351669999995,-23.819888],[-45.473175599999934,-23.819888299999946],[-45.473040899999944,-23.819839899999977],[-45.472883399999944,-23.81971569999996],[-45.472625,-23.819385099999977],[-45.47249979999998,-23.819264399999952],[-45.47237469999993,-23.81914379999995],[-45.47214079999998,-23.819065],[-45.471828399999936,-23.819030699999928],[-45.47169689999998,-23.81903829999993],[-45.47143919999996,-23.81891],[-45.471355399999936,-23.81881809999993],[-45.47126129999998,-23.818588099999943],[-45.47110239999995,-23.81834829999997],[-45.47099429999997,-23.818321499999968],[-45.47088729999996,-23.818335399999967],[-45.47041459999997,-23.81847229999994],[-45.47015049999993,-23.818466799999953],[-45.470124,-23.818459899999937],[-45.46989689999998,-23.818400699999927],[-45.469668799999965,-23.818287599999962],[-45.46950719999995,-23.818149],[-45.46941749999996,-23.818029199999955],[-45.46929079999995,-23.817736],[-45.46925959999993,-23.817541],[-45.469272599999954,-23.817325099999948],[-45.469372799999974,-23.81708],[-45.46957219999996,-23.816841],[-45.46958809999995,-23.816828199999975],[-45.470047,-23.81645919999994],[-45.47021429999995,-23.81627629999997],[-45.47034679999996,-23.816018499999927],[-45.47034609999997,-23.815804399999934],[-45.47028629999994,-23.815570599999944],[-45.46999969999996,-23.81530239999995],[-45.469646299999965,-23.815037],[-45.46948949999995,-23.814856799999973],[-45.469232799999986,-23.814457499999946],[-45.46909629999993,-23.814170599999954],[-45.468899799999974,-23.81358979999993],[-45.468889899999965,-23.813560699999982],[-45.468777099999954,-23.813298199999963],[-45.46868939999996,-23.813209],[-45.468578399999956,-23.813193099999978],[-45.468393799999944,-23.813207199999965],[-45.467900499999985,-23.813336099999958],[-45.46754029999994,-23.813368799999978],[-45.46719059999998,-23.81330209999993],[-45.46677559999995,-23.813121799999976],[-45.466611299999954,-23.81300939999994],[-45.46640249999996,-23.81281759999996],[-45.46595449999995,-23.812464899999952],[-45.46578649999998,-23.81242569999995],[-45.46528049999995,-23.81260059999994],[-45.46516279999997,-23.812620899999956],[-45.464564,-23.81264529999993],[-45.46431979999994,-23.812702899999977],[-45.46428769999994,-23.812716699999953],[-45.46406979999995,-23.812810199999944],[-45.46376139999995,-23.81302969999996],[-45.46355209999996,-23.81325439999995],[-45.46346719999997,-23.813398199999938],[-45.463337199999955,-23.81385389999997],[-45.463264,-23.81396069999994],[-45.46312,-23.814065],[-45.46300419999994,-23.814073399999927],[-45.46286939999993,-23.813979],[-45.46280359999997,-23.813718199999983],[-45.46286289999995,-23.813544599999943],[-45.46286539999994,-23.81341],[-45.46281769999996,-23.813262],[-45.462449499999934,-23.812967699999945],[-45.46232269999996,-23.812910299999942],[-45.462111499999935,-23.812874799999975],[-45.461932599999955,-23.812809399999935],[-45.461726,-23.812693499999966],[-45.461175899999944,-23.812318499999947],[-45.460850499999935,-23.812197599999934],[-45.46045179999993,-23.81215359999993],[-45.46033709999995,-23.812213499999928],[-45.460269,-23.812379],[-45.46022489999996,-23.81267809999997],[-45.460073299999976,-23.812861899999973],[-45.46003539999998,-23.812970399999983],[-45.46003489999998,-23.81310949999994],[-45.459942299999966,-23.813290499999937],[-45.45985419999994,-23.813346699999954],[-45.45959319999997,-23.813413399999945],[-45.45947449999994,-23.81342189999998],[-45.45926449999996,-23.813371399999937],[-45.45923369999997,-23.813363899999956],[-45.459009599999945,-23.813282399999935],[-45.45872739999993,-23.813139599999943],[-45.45832439999998,-23.81300529999993],[-45.45820229999998,-23.81291269999997],[-45.45794559999996,-23.81276889999998],[-45.45720129999995,-23.81245229999996],[-45.456691199999966,-23.812018399999943],[-45.456659499999944,-23.81198569999998],[-45.45644589999995,-23.811765399999956],[-45.45622489999994,-23.811449899999957],[-45.456059799999935,-23.81112429999996],[-45.45592279999994,-23.810971199999983],[-45.455778399999986,-23.810938199999953],[-45.45552109999994,-23.810930799999937],[-45.455403099999955,-23.81088059999996],[-45.45525539999994,-23.810749099999953],[-45.45498139999995,-23.810152899999935],[-45.454911299999935,-23.810047399999974],[-45.454701599999964,-23.809854799999982],[-45.45468059999996,-23.809826399999963],[-45.45458419999994,-23.80969609999994],[-45.45452069999993,-23.809496699999954],[-45.454519,-23.80930429999995],[-45.45455,-23.809179599999936],[-45.45454179999996,-23.809090199999957],[-45.45449039999994,-23.80897559999994],[-45.45440869999993,-23.808921699999928],[-45.454209299999945,-23.808880699999975],[-45.45409429999995,-23.808835],[-45.45393969999998,-23.80871439999993],[-45.453512099999955,-23.808252299999936],[-45.453204899999946,-23.808013],[-45.452597099999934,-23.807685099999958],[-45.45202,-23.807442899999955],[-45.45176219999996,-23.80728289999996],[-45.45163319999995,-23.807148599999948],[-45.45138919999994,-23.80671039999993],[-45.451250399999935,-23.806616],[-45.45049039999998,-23.806559499999935],[-45.450236899999936,-23.80649429999994],[-45.450026399999956,-23.80638289999996],[-45.44994769999994,-23.806312699999978],[-45.449807599999986,-23.80612069999995],[-45.44967989999998,-23.80581939999996],[-45.449548799999945,-23.805668899999944],[-45.44938549999995,-23.805556499999966],[-45.44917129999993,-23.805497499999944],[-45.44906109999994,-23.805443599999933],[-45.44885449999998,-23.805286199999955],[-45.448645899999974,-23.805164799999943],[-45.448424899999964,-23.805114],[-45.447744399999976,-23.80507529999994],[-45.447544,-23.80502709999996],[-45.44734139999997,-23.804919299999938],[-45.44718779999994,-23.80478249999993],[-45.44700329999995,-23.80450389999993],[-45.446915099999956,-23.804274799999973],[-45.446811399999945,-23.803811699999983],[-45.44649069999997,-23.803610299999946],[-45.44635169999998,-23.803709199999957],[-45.446014299999945,-23.804085],[-45.445901499999934,-23.80412869999998],[-45.445734699999946,-23.804142699999943],[-45.44563039999997,-23.804092399999945],[-45.44554659999994,-23.80397339999996],[-45.445388099999946,-23.80355659999998],[-45.44525489999995,-23.80337],[-45.44519859999997,-23.80335729999996],[-45.44478309999994,-23.803701099999955],[-45.444598,-23.80379679999993],[-45.444493799999975,-23.80389359999998],[-45.44440659999998,-23.804100799999958],[-45.444365699999935,-23.804288799999938],[-45.44427639999998,-23.804448],[-45.44413149999997,-23.80460549999998],[-45.443973899999946,-23.804683299999965],[-45.44377739999993,-23.804718299999934],[-45.443627299999946,-23.804669699999977],[-45.443501699999956,-23.804545399999938],[-45.443437899999935,-23.804403699999966],[-45.44340009999996,-23.804206799999974],[-45.44335669999998,-23.803540599999963],[-45.44323779999996,-23.80320919999997],[-45.44314069999996,-23.803073299999937],[-45.44302449999998,-23.803015699999946],[-45.44294549999995,-23.803016899999932],[-45.44276049999996,-23.803084],[-45.44261609999995,-23.803171599999928],[-45.442002499999944,-23.803458599999942],[-45.441877499999975,-23.80359109999995],[-45.441696899999954,-23.80395589999995],[-45.441598699999986,-23.804022],[-45.44141639999998,-23.804098],[-45.441342099999986,-23.804145699999935],[-45.441299699999945,-23.80422189999996],[-45.44129749999996,-23.80432989999997],[-45.441317699999956,-23.804403399999956],[-45.44136159999994,-23.804479799999967],[-45.441549399999985,-23.80474419999996],[-45.44170839999998,-23.804921099999945],[-45.441833299999985,-23.805089899999928],[-45.44194879999998,-23.805342399999972],[-45.44196859999994,-23.80542369999995],[-45.441977,-23.8056],[-45.441936699999985,-23.80578049999997],[-45.441866499999946,-23.805889599999944],[-45.44180589999996,-23.805949399999975],[-45.44165049999998,-23.80600809999993],[-45.44144149999994,-23.806041499999935],[-45.441173499999934,-23.80601669999993],[-45.441087,-23.805973499999936],[-45.44091309999993,-23.805808199999944],[-45.440835499999935,-23.80568949999997],[-45.44076759999996,-23.805528399999957],[-45.440710199999955,-23.805485699999963],[-45.440585099999964,-23.805480199999977],[-45.44046389999994,-23.80557579999993],[-45.44035789999998,-23.805755199999965],[-45.440292899999974,-23.80598079999993],[-45.44027479999994,-23.806218599999966],[-45.44025129999994,-23.80635149999995],[-45.44021019999997,-23.806467099999963],[-45.44013839999997,-23.806573],[-45.44006129999997,-23.806652],[-45.43971359999995,-23.806857299999933],[-45.43934879999995,-23.806984599999964],[-45.43915089999996,-23.807014699999968],[-45.43851689999997,-23.807055099999957],[-45.43821479999997,-23.80710689999995],[-45.437683499999935,-23.80715779999997],[-45.43747479999996,-23.80716469999993],[-45.43724649999996,-23.80713659999998],[-45.436845699999935,-23.807001699999944],[-45.436724599999934,-23.806973399999947],[-45.436610299999984,-23.806971399999952],[-45.436517899999956,-23.807009],[-45.436505,-23.807106199999964],[-45.436447699999974,-23.807179599999984],[-45.43636319999996,-23.807217899999955],[-45.43629139999996,-23.807276199999933],[-45.43628039999993,-23.80741809999995],[-45.43667279999994,-23.80779949999993],[-45.43679519999995,-23.808061599999974],[-45.43687629999994,-23.808140399999957],[-45.43696339999997,-23.808192899999938],[-45.43708209999994,-23.80823719999995],[-45.437361399999986,-23.808298099999945],[-45.43747949999994,-23.808360599999958],[-45.43756609999997,-23.808444],[-45.43789979999997,-23.808918],[-45.43810109999998,-23.80895739999994],[-45.438273,-23.80894589999997],[-45.43847559999995,-23.808897899999977],[-45.43897879999997,-23.80873729999996],[-45.43935439999996,-23.80870189999996],[-45.439650599999936,-23.808779899999934],[-45.439755299999945,-23.808843399999944],[-45.43988059999998,-23.808974399999954],[-45.439913099999956,-23.80910209999996],[-45.43990009999993,-23.809224399999948],[-45.43983879999996,-23.809334399999955],[-45.43972459999998,-23.809424599999943],[-45.439553399999966,-23.809501299999965],[-45.439404499999966,-23.809598299999948],[-45.43929339999994,-23.809705],[-45.439232699999934,-23.80999339999994],[-45.43934369999994,-23.81045229999995],[-45.439437,-23.81060109999993],[-45.43955219999998,-23.810692899999935],[-45.43969019999997,-23.810704699999974],[-45.439823599999954,-23.810684399999957],[-45.44000189999997,-23.810613599999954],[-45.440183899999965,-23.810510499999964],[-45.44055419999995,-23.81037269999996],[-45.44093339999995,-23.810311199999944],[-45.44113189999996,-23.810327899999947],[-45.441335299999935,-23.810387499999933],[-45.441484199999934,-23.810473499999944],[-45.441632,-23.81059339999996],[-45.44172129999998,-23.81073759999998],[-45.44172419999995,-23.81099729999994],[-45.441657299999974,-23.811147499999947],[-45.44154969999994,-23.811289899999963],[-45.44141,-23.811405],[-45.44126669999997,-23.811564],[-45.44117129999995,-23.811704299999974],[-45.44111809999998,-23.81189729999994],[-45.44109469999995,-23.81207829999994],[-45.44111789999994,-23.812172699999962],[-45.441193099999964,-23.81221039999997],[-45.441342299999974,-23.81218249999995],[-45.441905599999984,-23.811921199999972],[-45.44218559999996,-23.811859099999936],[-45.44229949999993,-23.811875099999952],[-45.44240079999997,-23.811913299999958],[-45.442517399999986,-23.81205529999994],[-45.442546499999935,-23.81218389999998],[-45.442533,-23.81232149999994],[-45.44248229999994,-23.812436299999945],[-45.44223509999995,-23.81283439999993],[-45.44198749999998,-23.81331279999995],[-45.44196049999994,-23.813422599999967],[-45.44196339999996,-23.813531499999954],[-45.44202139999993,-23.81361919999995],[-45.44210019999997,-23.81365729999993],[-45.44229039999993,-23.813690299999962],[-45.44268459999995,-23.81367789999996],[-45.44288459999996,-23.813748699999962],[-45.442961699999955,-23.813843],[-45.443051399999945,-23.814000499999963],[-45.443094,-23.814255199999934],[-45.44319759999996,-23.81447019999996],[-45.443390499999964,-23.814567199999942],[-45.44360779999994,-23.814646099999948],[-45.44408859999993,-23.814722599999982],[-45.44428709999994,-23.814803],[-45.44446129999994,-23.814899199999957],[-45.44465289999994,-23.815062499999954],[-45.44477929999994,-23.81523859999993],[-45.44501569999994,-23.815677299999948],[-45.44515249999995,-23.816103299999952],[-45.445240799999965,-23.81660059999996],[-45.445309899999984,-23.81674959999998],[-45.44540519999998,-23.816867199999933],[-45.445452699999976,-23.81702669999993],[-45.445498199999975,-23.817443699999956],[-45.44555669999994,-23.817589599999963],[-45.44563019999998,-23.81768109999996],[-45.445907699999964,-23.817855299999962],[-45.446078099999966,-23.818020299999944],[-45.44616509999997,-23.818154299999946],[-45.446249199999954,-23.818338299999937],[-45.44628329999995,-23.818479],[-45.446351,-23.818615199999954],[-45.446543,-23.818883599999936],[-45.44674169999996,-23.819101299999943],[-45.44681559999998,-23.819239899999957],[-45.446846,-23.81970649999994],[-45.446933899999976,-23.81983239999994],[-45.44704559999997,-23.81992329999997],[-45.44712369999996,-23.820055199999956],[-45.44721579999998,-23.820314099999962],[-45.447304,-23.820730699999956],[-45.44736689999996,-23.820837799999936],[-45.447447599999975,-23.820906],[-45.44756019999994,-23.820967],[-45.448074,-23.821003299999973],[-45.448397899999975,-23.82107919999993],[-45.448515,-23.821124899999973],[-45.448643699999934,-23.82120619999995],[-45.44878709999995,-23.82141889999997],[-45.44890049999998,-23.82168009999998],[-45.448988,-23.821749],[-45.449085,-23.821787599999936],[-45.449199799999974,-23.821805],[-45.44968309999996,-23.82184929999994],[-45.44987779999997,-23.821959299999946],[-45.44994959999997,-23.822045699999933],[-45.449993699999936,-23.822202299999958],[-45.44994929999996,-23.82257489999995],[-45.449973099999966,-23.82278809999997],[-45.45007769999995,-23.822954099999947],[-45.45025819999995,-23.82339079999997],[-45.450246,-23.823544599999934],[-45.45020419999997,-23.82369989999995],[-45.45011409999995,-23.82384769999993],[-45.450025299999936,-23.823937],[-45.44990409999997,-23.824016099999938],[-45.44945969999998,-23.82404189999994],[-45.44915919999994,-23.824007799999947],[-45.44902689999998,-23.823992699999962],[-45.448832799999934,-23.824005299999953],[-45.44836269999996,-23.823991699999965],[-45.44813759999994,-23.82400339999998],[-45.44785489999998,-23.823981599999968],[-45.447705,-23.823941799999943],[-45.447546099999954,-23.823871],[-45.44740809999996,-23.823783799999944],[-45.44717529999997,-23.823577599999965],[-45.44687669999996,-23.823369299999968],[-45.44660579999993,-23.82320569999996],[-45.44643929999995,-23.82313679999993],[-45.44578539999998,-23.822966099999974],[-45.44559069999997,-23.82286659999994],[-45.44534549999997,-23.82270909999994],[-45.444912399999964,-23.82249669999993],[-45.44439909999994,-23.822393699999964],[-45.444178,-23.822401799999966],[-45.44400269999994,-23.822434199999975],[-45.44387909999995,-23.822538599999973],[-45.44383609999994,-23.82273379999998],[-45.44383,-23.822924899999975],[-45.44375229999997,-23.823132899999962],[-45.44354809999993,-23.82336659999993],[-45.44340009999996,-23.82351639999996],[-45.443287099999964,-23.823701099999937],[-45.443164699999954,-23.82384639999998],[-45.44300219999997,-23.824039899999946],[-45.44290769999998,-23.82418619999993],[-45.442836,-23.82432289999997],[-45.44286169999998,-23.824509699999965],[-45.44282529999998,-23.824591699999928],[-45.44278509999998,-23.82467209999993],[-45.44281079999996,-23.824922499999957],[-45.44295379999994,-23.825328],[-45.443168399999934,-23.825630099999955],[-45.44337859999996,-23.82599749999997],[-45.44360309999996,-23.82669089999996],[-45.44367119999998,-23.82684089999998],[-45.44395089999995,-23.827206899999965],[-45.444074,-23.827482],[-45.44411029999998,-23.82761949999997],[-45.444125199999974,-23.827766899999972],[-45.44434659999996,-23.82810089999998],[-45.444528899999966,-23.828298599999982],[-45.44475609999995,-23.828630399999952],[-45.445084,-23.82894589999995],[-45.44528449999996,-23.829187499999932],[-45.445348699999954,-23.829334699999947],[-45.445384899999965,-23.829476],[-45.44534669999996,-23.829671],[-45.44525489999995,-23.829720599999973],[-45.445146799999975,-23.82974779999995],[-45.44503139999995,-23.82973839999994],[-45.44476359999993,-23.829646899999943],[-45.44430159999996,-23.82914509999995],[-45.444185499999946,-23.829041699999948],[-45.44385369999998,-23.828868799999952],[-45.44366119999995,-23.82879669999994],[-45.44317449999994,-23.828718699999968],[-45.44305259999993,-23.828653199999962],[-45.442962,-23.828561399999955],[-45.44290259999997,-23.828402599999947],[-45.44291919999995,-23.828273799999977],[-45.44301239999993,-23.828053499999953],[-45.443024099999946,-23.827931499999977],[-45.44298459999993,-23.827802899999938],[-45.442843,-23.827520899999968],[-45.44279569999998,-23.827388799999937],[-45.44276609999997,-23.827089299999955],[-45.44280249999997,-23.82691939999995],[-45.44280709999998,-23.82672739999998],[-45.442760299999975,-23.82646639999996],[-45.44264759999993,-23.82613209999994],[-45.44234269999998,-23.82551909999995],[-45.442263399999945,-23.82520949999997],[-45.442227,-23.824902599999973],[-45.44222739999998,-23.824736899999948],[-45.44216929999993,-23.824583299999972],[-45.44213069999995,-23.824501899999973],[-45.44205379999994,-23.824350799999934],[-45.441763599999945,-23.823905899999943],[-45.44162,-23.82352419999995],[-45.44156779999997,-23.82292689999997],[-45.44140379999993,-23.822239399999944],[-45.441386199999954,-23.821915699999977],[-45.441422699999976,-23.821651],[-45.44140669999996,-23.821369799999957],[-45.441200599999945,-23.82105809999996],[-45.441174599999954,-23.82096729999995],[-45.44113,-23.820711699999947],[-45.44117709999995,-23.820456699999966],[-45.441136599999936,-23.820289699999933],[-45.44107139999994,-23.820199],[-45.440912399999945,-23.820070399999963],[-45.44086319999997,-23.819983299999933],[-45.440855899999974,-23.819782699999962],[-45.44100039999995,-23.81944909999993],[-45.44101219999993,-23.81939559999995],[-45.44099719999997,-23.819329599999946],[-45.440891,-23.81924379999998],[-45.440656399999966,-23.819120099999964],[-45.44051289999993,-23.819013199999972],[-45.44027139999997,-23.81867619999997],[-45.440037,-23.818477899999948],[-45.43986239999998,-23.81837459999997],[-45.43958189999995,-23.818257699999947],[-45.439273699999944,-23.81808979999994],[-45.43921229999995,-23.818037499999946],[-45.439118399999984,-23.817912599999943],[-45.43885949999998,-23.817633099999966],[-45.43842129999996,-23.817268599999977],[-45.43792909999996,-23.817010599999946],[-45.437549899999965,-23.816847699999983],[-45.43722249999996,-23.81668339999993],[-45.43708579999998,-23.816643],[-45.436883,-23.81661719999994],[-45.436320799999976,-23.816644399999973],[-45.43617829999994,-23.816622799999948],[-45.43607339999994,-23.816570299999967],[-45.435979299999985,-23.81645979999996],[-45.435899,-23.816322799999966],[-45.43580829999996,-23.816260099999965],[-45.435712199999955,-23.81624439999996],[-45.435609,-23.816265],[-45.435361299999954,-23.816424799999936],[-45.435144099999945,-23.816529199999934],[-45.435014199999955,-23.816544199999953],[-45.43431929999997,-23.816555499999936],[-45.43400679999996,-23.816592399999934],[-45.43366339999994,-23.816692899999964],[-45.43342,-23.816721899999948],[-45.43326509999997,-23.816765],[-45.433176,-23.816836299999977],[-45.43314,-23.816978],[-45.43312539999994,-23.817313499999955],[-45.43309539999996,-23.817501799999945],[-45.433045499999935,-23.81762379999998],[-45.432808499999965,-23.817894799999976],[-45.432437499999935,-23.81818519999996],[-45.43225589999997,-23.818356199999982],[-45.43214059999997,-23.81850339999994],[-45.431922199999974,-23.818854399999964],[-45.43173439999998,-23.819091699999944],[-45.43146589999998,-23.819308399999954],[-45.43125769999995,-23.819506699999977],[-45.431053599999984,-23.819706399999973],[-45.430656,-23.820141699999965],[-45.43057509999994,-23.82025159999995],[-45.430323499999986,-23.820670699999937],[-45.430071099999964,-23.82129169999996],[-45.429990499999974,-23.82144939999995],[-45.429869,-23.821576799999946],[-45.42959129999997,-23.82178959999993],[-45.429484299999956,-23.82190559999998],[-45.42942979999998,-23.82201509999993],[-45.42937,-23.822289499999954],[-45.429308799999944,-23.822404],[-45.42921819999998,-23.822497599999963],[-45.42910969999997,-23.822567599999957],[-45.42897059999996,-23.82260839999998],[-45.428835,-23.822614099999953],[-45.428471799999954,-23.822558],[-45.42837229999998,-23.822574199999963],[-45.42826729999996,-23.82261909999994],[-45.42812849999996,-23.822623],[-45.42797649999994,-23.822593799999936],[-45.427588199999946,-23.822378899999933],[-45.42741459999996,-23.82226509999998],[-45.42725569999993,-23.822218499999963],[-45.427133899999944,-23.822222199999942],[-45.427070399999934,-23.82230119999997],[-45.427033499999936,-23.822426099999973],[-45.42704349999997,-23.82253529999997],[-45.427128,-23.822767],[-45.42716369999994,-23.822914399999945],[-45.427122199999985,-23.82347109999995],[-45.42697719999995,-23.82378189999997],[-45.426616499999966,-23.824196099999938],[-45.426394,-23.82448889999995],[-45.42628,-23.824685399999964],[-45.42614119999996,-23.824859699999934],[-45.42584329999994,-23.825132199999928],[-45.425642799999935,-23.82520459999995],[-45.42547949999994,-23.82520949999997],[-45.42533449999996,-23.825095499999975],[-45.42524439999994,-23.824910299999942],[-45.42526239999995,-23.82417879999997],[-45.42522189999994,-23.823812799999928],[-45.425170399999956,-23.823574899999983],[-45.425162299999954,-23.823354499999937],[-45.42520769999993,-23.823011899999983],[-45.42520879999995,-23.82286709999994],[-45.42516419999998,-23.822749199999976],[-45.425103399999955,-23.822680899999966],[-45.42490729999997,-23.82256289999998],[-45.424824299999955,-23.822459699999968],[-45.424766,-23.822347199999967],[-45.42469179999995,-23.82190739999993],[-45.424629799999934,-23.821202099999937],[-45.424654299999986,-23.820888099999934],[-45.424750899999935,-23.820646799999963],[-45.424832599999945,-23.82054519999997],[-45.42495289999994,-23.820339199999978],[-45.42493829999995,-23.820240499999954],[-45.42487129999995,-23.82016639999995],[-45.42466419999994,-23.820111699999927],[-45.424525899999935,-23.82011269999998],[-45.424226,-23.820055099999934],[-45.424116599999934,-23.81994549999996],[-45.424037399999975,-23.81982439999996],[-45.42394419999994,-23.81946149999993],[-45.42388919999996,-23.819369799999947],[-45.423806,-23.81927859999996],[-45.42350209999995,-23.819059399999958],[-45.422964899999954,-23.818845799999963],[-45.422680199999945,-23.818761199999983],[-45.42244979999998,-23.818718699999977],[-45.42210739999996,-23.818704799999978],[-45.421821799999975,-23.81872089999996],[-45.42155349999996,-23.81877979999996],[-45.42128139999994,-23.818897],[-45.42106439999998,-23.81896869999997],[-45.42081419999994,-23.818997799999977],[-45.42059829999994,-23.818974499999968],[-45.42039689999996,-23.818930799999976],[-45.41996339999997,-23.818785699999978],[-45.419492799999944,-23.818688299999963],[-45.419058,-23.81862959999995],[-45.41870809999995,-23.81861349999997],[-45.418033399999956,-23.81852619999995],[-45.41772279999998,-23.818540499999983],[-45.416980699999954,-23.81867879999993],[-45.41644429999997,-23.818713],[-45.41598389999996,-23.818785899999966],[-45.41586749999993,-23.818876299999943],[-45.41580149999993,-23.81900479999996],[-45.41573639999996,-23.81944649999997],[-45.415679299999965,-23.81956109999993],[-45.41560679999998,-23.819625499999972],[-45.41464979999995,-23.81972079999997],[-45.414550099999985,-23.819700499999954],[-45.414431099999945,-23.81964869999996],[-45.41433439999997,-23.81957289999997],[-45.41426459999997,-23.819480899999974],[-45.414189799999974,-23.81926969999995],[-45.41415889999996,-23.819121799999948],[-45.414120099999934,-23.81849909999994],[-45.414091499999984,-23.81843109999994],[-45.41403059999993,-23.81836009999995],[-45.413953299999946,-23.818303699999944],[-45.41385859999997,-23.818262],[-45.413757499999974,-23.81818089999996],[-45.41372339999998,-23.818078699999944],[-45.41372339999998,-23.81796609999998],[-45.41374979999995,-23.817855399999928],[-45.41417009999998,-23.817318499999942],[-45.41421419999995,-23.817218599999933],[-45.414229699999964,-23.81710049999998],[-45.41421319999995,-23.816994399999942],[-45.414142,-23.81690939999993],[-45.413791,-23.81666919999998],[-45.413659,-23.81649959999993],[-45.41355979999997,-23.81628919999997],[-45.413505499999985,-23.81605559999997],[-45.41354689999997,-23.815701899999965],[-45.413842199999976,-23.81557229999993],[-45.41413129999995,-23.816065099999946],[-45.41466669999994,-23.816592299999968],[-45.415310799999986,-23.818066199999976],[-45.41783669999995,-23.81754049999995],[-45.421833,-23.81670889999998],[-45.422319899999934,-23.81650589999998],[-45.42286249999995,-23.816065599999945],[-45.42325669999997,-23.81561659999994],[-45.42365079999996,-23.815167499999973],[-45.42411839999994,-23.814072599999974],[-45.42384519999996,-23.81276],[-45.422956599999964,-23.811455299999977],[-45.42265139999995,-23.811263399999973],[-45.422443199999975,-23.81116559999998],[-45.42228449999993,-23.81105329999997],[-45.42177839999994,-23.810503899999958],[-45.421744,-23.810411699999975],[-45.421610499999986,-23.810314699999935],[-45.42116789999994,-23.81009679999994],[-45.42108029999997,-23.810055399999953],[-45.42039689999996,-23.809485199999983],[-45.420199399999944,-23.809214099999963],[-45.41974069999998,-23.807983299999933],[-45.41963359999994,-23.807673299999976],[-45.419267599999955,-23.807098099999962],[-45.41851989999998,-23.80615439999997],[-45.41837429999998,-23.805654],[-45.41812829999998,-23.80542159999993],[-45.418029899999965,-23.80534179999995],[-45.416981799999974,-23.804823599999963],[-45.415999599999964,-23.803975799999932],[-45.41578059999995,-23.803853599999968],[-45.415432399999986,-23.80369319999994],[-45.41520749999995,-23.803634],[-45.41486869999994,-23.803455799999938],[-45.414832399999966,-23.80338839999996],[-45.41483429999994,-23.803313899999978],[-45.414869,-23.803228299999944],[-45.41491519999994,-23.80318559999995],[-45.41512209999996,-23.80312639999994],[-45.41559449999994,-23.803173499999957],[-45.415904599999976,-23.803251399999965],[-45.416045699999984,-23.803271199999983],[-45.41635,-23.803263399999935],[-45.41648159999994,-23.803237899999942],[-45.41678729999995,-23.80308219999995],[-45.41710279999995,-23.802871799999934],[-45.41738559999993,-23.802714599999945],[-45.41774269999996,-23.802519599999982],[-45.41801209999994,-23.802398799999935],[-45.418236899999954,-23.80234189999993],[-45.41844589999994,-23.802317899999935],[-45.418786,-23.802337399999942],[-45.41910729999995,-23.802420499999982],[-45.419448099999954,-23.802586],[-45.42063829999995,-23.803352],[-45.42083549999995,-23.80345719999997],[-45.42108949999994,-23.80355529999997],[-45.42142379999996,-23.80360509999997],[-45.42174559999995,-23.80373469999995],[-45.42204039999996,-23.803921299999956],[-45.42211179999998,-23.80392489999997],[-45.422190899999975,-23.803891499999963],[-45.42225769999993,-23.803832899999975],[-45.422401699999966,-23.803655299999946],[-45.42248829999994,-23.803585899999973],[-45.422591299999965,-23.803541699999982],[-45.422703799999965,-23.803515299999958],[-45.42311909999995,-23.803513],[-45.423373699999956,-23.80348189999995],[-45.42376809999996,-23.803390899999954],[-45.42417509999996,-23.80315539999998],[-45.42432539999993,-23.80309989999995],[-45.42449069999998,-23.80306989999997],[-45.424598499999945,-23.80302],[-45.424650499999984,-23.80294619999995],[-45.42466609999997,-23.802847],[-45.42484659999997,-23.802721299999973],[-45.424873,-23.80262259999995],[-45.424865,-23.80253609999994],[-45.42480919999997,-23.802439499999934],[-45.42456709999993,-23.802301],[-45.42437039999993,-23.80212739999996],[-45.424276599999985,-23.801989899999967],[-45.42407049999997,-23.801854099999957],[-45.42396749999995,-23.80181749999997],[-45.42389429999997,-23.80175849999995],[-45.423834899999974,-23.80167309999996],[-45.42377259999995,-23.80162169999994],[-45.42366889999994,-23.801603399999976],[-45.423471,-23.80152],[-45.423406899999975,-23.80144669999993],[-45.42333159999998,-23.80123009999994],[-45.42321629999998,-23.80108619999993],[-45.42312909999998,-23.801073],[-45.42300529999994,-23.801089799999943],[-45.422765,-23.801212299999975],[-45.422619699999984,-23.801259199999947],[-45.422451799999976,-23.80128469999994],[-45.42217169999998,-23.80125759999993],[-45.42203239999998,-23.801197],[-45.421896499999946,-23.80110419999994],[-45.421803799999964,-23.801017899999977],[-45.42174279999995,-23.80094939999998],[-45.42163309999995,-23.800744399999928],[-45.42152629999998,-23.800619],[-45.42140829999994,-23.800518499999953],[-45.42126419999994,-23.800448399999937],[-45.421009899999945,-23.800393],[-45.42067429999997,-23.80034509999996],[-45.42053559999994,-23.800291499999958],[-45.42041629999994,-23.800222099999928],[-45.420220599999936,-23.80002159999998],[-45.41996259999996,-23.799592399999938],[-45.41990449999997,-23.799454699999956],[-45.419750799999974,-23.799217099999964],[-45.41957739999998,-23.799017099999958],[-45.419384699999966,-23.798898299999962],[-45.41923939999998,-23.79886449999998],[-45.41909829999997,-23.79886709999994],[-45.418501499999934,-23.799010799999962],[-45.418325299999935,-23.79903909999996],[-45.41812189999996,-23.79905549999995],[-45.41773909999995,-23.79904689999995],[-45.41755389999997,-23.799014899999975],[-45.41736579999997,-23.79895449999998],[-45.41701059999997,-23.79875459999994],[-45.41692229999995,-23.798647399999936],[-45.41688449999998,-23.798541599999965],[-45.41687769999993,-23.798271599999964],[-45.416858899999966,-23.79815469999994],[-45.41676659999996,-23.798083299999973],[-45.41667719999998,-23.79804269999994],[-45.41627149999994,-23.797914099999957],[-45.41605219999997,-23.797775499999943],[-45.41587079999994,-23.79763339999994],[-45.41570869999998,-23.79743849999994],[-45.41555039999997,-23.797154],[-45.415493599999934,-23.79707949999994],[-45.41535269999997,-23.796928399999956],[-45.41514479999995,-23.796778],[-45.414924,-23.79659049999998],[-45.41473439999993,-23.796401699999933],[-45.41460139999998,-23.796167199999957],[-45.41423679999997,-23.795621599999947],[-45.41387279999998,-23.79524189999995],[-45.41316859999995,-23.794708499999956],[-45.41275189999993,-23.794290799999942],[-45.411936699999956,-23.793823],[-45.411701799999946,-23.793710699999963],[-45.41149439999998,-23.793563199999937],[-45.41139519999996,-23.793458],[-45.41091689999996,-23.793172],[-45.410590199999945,-23.793006399999967],[-45.410109699999964,-23.79266519999993],[-45.40966839999993,-23.79245439999994],[-45.40955829999996,-23.792384699999957],[-45.40935189999993,-23.792208],[-45.40913909999995,-23.791947],[-45.40894529999997,-23.791762799999958],[-45.40868659999995,-23.791540399999974],[-45.40834689999997,-23.791353],[-45.40824519999995,-23.791255199999966],[-45.408130599999936,-23.791101099999935],[-45.407871599999964,-23.79065079999998],[-45.40768749999995,-23.79043729999995],[-45.40730639999998,-23.790136599999983],[-45.40672329999995,-23.789835799999935],[-45.40650649999998,-23.789626299999952],[-45.406398399999944,-23.789571],[-45.405799299999956,-23.789512],[-45.405248599999936,-23.78938759999994],[-45.40492309999996,-23.78923249999997],[-45.40458679999995,-23.78901879999995],[-45.40432849999996,-23.788763399999937],[-45.404264299999966,-23.788660599999957],[-45.40421219999996,-23.78856129999997],[-45.404188199999965,-23.788346399999966],[-45.404217899999935,-23.788178099999982],[-45.404277,-23.788066199999946],[-45.404365,-23.787995],[-45.40449789999997,-23.787935],[-45.40463539999996,-23.78793829999995],[-45.404791,-23.787978799999962],[-45.40492059999997,-23.788053399999967],[-45.405323899999985,-23.78836469999993],[-45.40545079999998,-23.788405799999964],[-45.405601299999944,-23.788417],[-45.40569469999997,-23.78846249999998],[-45.405766,-23.78851609999998],[-45.40602259999997,-23.78880749999996],[-45.40611409999997,-23.78887609999998],[-45.40621329999993,-23.78891219999997],[-45.407132299999944,-23.788923199999942],[-45.40723019999996,-23.78889929999997],[-45.40729289999996,-23.788863899999967],[-45.40732429999997,-23.788814199999933],[-45.407313699999975,-23.78869839999993],[-45.40717479999995,-23.788494799999967],[-45.40684459999994,-23.78820829999995],[-45.406646799999976,-23.788103299999932],[-45.406169699999964,-23.787808799999937],[-45.40602359999997,-23.787652099999946],[-45.40593719999998,-23.78747979999997],[-45.405873,-23.787141299999973],[-45.405865699999936,-23.786999299999934],[-45.405890599999964,-23.786685499999976],[-45.405971299999976,-23.78654739999996],[-45.40604769999993,-23.786471199999937],[-45.406294299999956,-23.786319399999968],[-45.406533199999956,-23.78631859999996],[-45.406693099999984,-23.786346899999955],[-45.40675339999996,-23.786329],[-45.406839899999966,-23.786253199999976],[-45.40688579999994,-23.786188899999956],[-45.40690959999995,-23.786115499999937],[-45.40690349999994,-23.785893699999974],[-45.40668449999998,-23.78538539999994],[-45.406692299999975,-23.785280499999942],[-45.40680239999995,-23.785158499999966],[-45.40694259999998,-23.785118299999965],[-45.40726979999994,-23.785096799999963],[-45.40761189999995,-23.78515559999994],[-45.40838759999997,-23.78534589999998],[-45.408669,-23.78538949999995],[-45.409544299999936,-23.78580729999993],[-45.40993009999994,-23.786035899999945],[-45.410644599999955,-23.78637889999993],[-45.411298199999976,-23.786636099999953],[-45.41148279999993,-23.786648799999966],[-45.41155629999997,-23.78663629999994],[-45.41160929999995,-23.786595699999964],[-45.41162909999997,-23.786297399999967],[-45.411567,-23.785656899999935],[-45.41155139999995,-23.785556],[-45.41151689999998,-23.785472099999936],[-45.411117399999966,-23.78498289999993],[-45.4107,-23.78463469999997],[-45.410393399999975,-23.784247499999935],[-45.41034659999997,-23.78412549999996],[-45.41028619999997,-23.783952899999974],[-45.410112899999945,-23.783563399999935],[-45.40993519999995,-23.783272],[-45.409818,-23.783176],[-45.40947259999996,-23.782961399999976],[-45.40936409999995,-23.782866799999965],[-45.409285799999964,-23.782742199999973],[-45.409222599999964,-23.782578199999932],[-45.40920459999995,-23.782442599999968],[-45.40916869999995,-23.782366599999932],[-45.40909889999995,-23.78231439999996],[-45.40875119999998,-23.78222859999994],[-45.40867469999995,-23.782148099999972],[-45.40860989999993,-23.781932799999936],[-45.40856009999993,-23.78185209999998],[-45.40848029999995,-23.78179209999996],[-45.40836729999995,-23.78175219999997],[-45.40823649999993,-23.78173289999995],[-45.40795669999994,-23.781727899999964],[-45.407830399999966,-23.781701299999952],[-45.407734,-23.781632599999966],[-45.40743719999995,-23.781323199999974],[-45.40697919999997,-23.781006899999966],[-45.40685169999995,-23.780817],[-45.406848099999934,-23.780715],[-45.40692749999994,-23.780630199999962],[-45.407015,-23.780591199999947],[-45.40714479999997,-23.780551699999933],[-45.40798349999994,-23.780610899999942],[-45.408189799999946,-23.78061569999994],[-45.40892939999998,-23.78049889999994],[-45.409085199999936,-23.780508699999928],[-45.40919539999993,-23.780543],[-45.40933329999996,-23.780612899999937],[-45.40995289999995,-23.780957599999965],[-45.41018109999993,-23.780942399999958],[-45.41027679999996,-23.78089669999997],[-45.41044189999997,-23.78074849999996],[-45.410641099999964,-23.780609399999946],[-45.41075179999996,-23.78056689999994],[-45.41097259999998,-23.780554199999983],[-45.411283,-23.780717899999956],[-45.41166849999996,-23.781025899999975],[-45.41172949999998,-23.781045499999948],[-45.411797699999966,-23.781042299999967],[-45.41189939999998,-23.781003],[-45.411932,-23.780956],[-45.412007399999936,-23.780474399999946],[-45.411758299999974,-23.780145],[-45.41132309999995,-23.779967],[-45.410933299999954,-23.77970319999997],[-45.410649699999965,-23.779446],[-45.41011059999994,-23.77882859999994],[-45.40992,-23.778575699999976],[-45.40956969999996,-23.77819039999997],[-45.40933689999997,-23.777908699999955],[-45.40912039999995,-23.777753299999972],[-45.409449,-23.777790299999936],[-45.40975619999995,-23.777796199999955],[-45.410311399999955,-23.777920199999983],[-45.41089029999995,-23.778062],[-45.41125059999996,-23.778227399999935],[-45.41159909999993,-23.778457799999956],[-45.41203029999997,-23.778587699999946],[-45.41226059999997,-23.778646799999933],[-45.41267409999995,-23.778652699999952],[-45.41289859999995,-23.77873539999996],[-45.41328549999997,-23.77885939999993],[-45.414106499999946,-23.779083899999932],[-45.41516969999998,-23.77975719999995],[-45.41773919999997,-23.78119849999996],[-45.41808179999998,-23.78121029999994],[-45.41861819999997,-23.781501899999967],[-45.41868309999995,-23.78140929999995],[-45.41868779999993,-23.781326899999954],[-45.41865679999995,-23.78125769999997],[-45.41860449999996,-23.78120709999996],[-45.41849289999993,-23.781155199999944],[-45.41827929999994,-23.78109],[-45.41814979999998,-23.781019199999946],[-45.417935399999976,-23.780863299999965],[-45.417544599999985,-23.780534299999943],[-45.417160499999966,-23.780138799999975],[-45.41710889999996,-23.780057799999952],[-45.416936299999975,-23.779643199999953],[-45.41681089999997,-23.779410199999973],[-45.416671399999984,-23.779277899999954],[-45.41651559999997,-23.77917869999993],[-45.41569339999995,-23.778809],[-45.41555789999995,-23.778715399999953],[-45.41548849999998,-23.778630499999963],[-45.41543269999994,-23.778524799999957],[-45.415409299999965,-23.778358199999957],[-45.41545629999996,-23.778242599999942],[-45.415534099999945,-23.778150299999936],[-45.41575839999996,-23.777997099999936],[-45.41600889999995,-23.777882699999964],[-45.41621329999998,-23.77784159999993],[-45.41670149999993,-23.77783759999994],[-45.41688749999997,-23.777821099999983],[-45.41763759999998,-23.777678399999957],[-45.41840539999998,-23.777669],[-45.41849939999997,-23.777646],[-45.418569299999945,-23.777606099999957],[-45.41860339999994,-23.777541199999973],[-45.41859929999998,-23.77745479999993],[-45.41854529999995,-23.777364499999976],[-45.41842809999997,-23.777276099999938],[-45.41783379999998,-23.776942799999972],[-45.41764589999997,-23.77671859999998],[-45.417606199999966,-23.776592599999958],[-45.41757519999993,-23.776323599999955],[-45.41750779999995,-23.77625439999997],[-45.41743509999998,-23.776225499999953],[-45.417339899999945,-23.776211699999976],[-45.41716809999997,-23.776216199999965],[-45.41654659999995,-23.77637169999997],[-45.416294499999935,-23.776373899999953],[-45.41617809999997,-23.77634919999997],[-45.416063099999974,-23.776293899999928],[-45.41569029999994,-23.776064099999928],[-45.41549829999997,-23.776011799999935],[-45.41498769999998,-23.776158899999928],[-45.414785,-23.776129],[-45.414720099999954,-23.776066],[-45.41458609999995,-23.77583679999998],[-45.41450759999998,-23.775783699999977],[-45.41425449999997,-23.77574579999998],[-45.41405549999996,-23.77577759999997],[-45.41386219999998,-23.77577589999993],[-45.41376749999995,-23.775741599999947],[-45.41370869999997,-23.775684299999966],[-45.413685,-23.775606899999957],[-45.413689199999965,-23.775478299999975],[-45.41385339999994,-23.77514709999997],[-45.413863799999945,-23.775004699999954],[-45.41383639999998,-23.774888399999952],[-45.41377719999997,-23.774835699999983],[-45.41369569999995,-23.77480429999997],[-45.41359339999997,-23.774798699999963],[-45.41347459999997,-23.77483479999995],[-45.41321419999997,-23.774967199999935],[-45.41291869999998,-23.775155299999938],[-45.412732,-23.775246599999946],[-45.41263969999994,-23.77527029999993],[-45.41251779999993,-23.775275699999952],[-45.41241119999995,-23.775255899999934],[-45.412287299999946,-23.77521029999997],[-45.412055099999975,-23.775181799999928],[-45.411558799999966,-23.77520789999994],[-45.41121069999997,-23.775199399999963],[-45.411150299999974,-23.775130799999943],[-45.411098899999956,-23.775026699999955],[-45.41110139999995,-23.77491279999998],[-45.411175,-23.774729],[-45.411366,-23.77443969999996],[-45.41146429999998,-23.77421789999994],[-45.411469599999975,-23.77413009999998],[-45.41144869999994,-23.774037],[-45.41141269999997,-23.77396829999998],[-45.410979199999986,-23.773765599999933],[-45.41060659999994,-23.773841199999936],[-45.41039519999998,-23.773823299999947],[-45.41031549999997,-23.773796799999957],[-45.40999809999994,-23.77361419999994],[-45.40990929999998,-23.773592399999927],[-45.40958589999997,-23.773588899999936],[-45.40933689999997,-23.773655799999972],[-45.40915709999996,-23.773678399999937],[-45.409013399999935,-23.773655299999973],[-45.40895219999993,-23.77361769999993],[-45.408884299999954,-23.77349909999998],[-45.40888069999994,-23.77331319999996],[-45.40898139999996,-23.773120399999982],[-45.409117899999956,-23.77300539999993],[-45.40931559999996,-23.772958699999947],[-45.409884499999976,-23.773092799999972],[-45.41013689999994,-23.773136199999954],[-45.41056309999993,-23.773058299999946],[-45.411628399999984,-23.772977599999933],[-45.41193629999998,-23.772857399999964],[-45.41210979999994,-23.77280849999994],[-45.412513299999944,-23.772785899999974],[-45.412778499999945,-23.772811899999965],[-45.41315019999996,-23.772885599999938],[-45.41339059999996,-23.772951899999953],[-45.41359049999994,-23.772981399999935],[-45.413747599999965,-23.77292289999997],[-45.41389049999998,-23.772825099999977],[-45.41414189999995,-23.772600199999943],[-45.414252499999975,-23.772548599999936],[-45.414390699999956,-23.772518499999933],[-45.414702199999965,-23.77248869999994],[-45.41503769999997,-23.77237139999994],[-45.41520729999996,-23.772274299999935],[-45.415352,-23.77215629999995],[-45.41564669999997,-23.77199379999996],[-45.41574479999997,-23.771965],[-45.415949,-23.77191709999994],[-45.41627079999995,-23.771803],[-45.41636769999997,-23.77175589999996],[-45.41648449999997,-23.77165839999998],[-45.41652409999995,-23.771584399999938],[-45.41651829999995,-23.77151029999993],[-45.416435399999955,-23.771358499999963],[-45.41637749999995,-23.77129229999997],[-45.41599979999995,-23.771026499999948],[-45.41557609999995,-23.770696699999974],[-45.41502389999994,-23.770097799999974],[-45.41474939999995,-23.76972829999994],[-45.414626699999985,-23.769479899999965],[-45.41450269999996,-23.76916319999998],[-45.41449,-23.768951199999947],[-45.41450639999994,-23.768839899999932],[-45.41450249999997,-23.768719],[-45.41420549999998,-23.768244899999956],[-45.41403589999993,-23.768132699999967],[-45.41393279999994,-23.76788419999997],[-45.414004699999964,-23.767668899999933],[-45.41414219999996,-23.767475299999944],[-45.41434009999995,-23.767290599999967],[-45.41472089999996,-23.767006299999935],[-45.414873299999954,-23.766865199999927],[-45.41495179999998,-23.76668639999997],[-45.415125899999964,-23.766599499999927],[-45.41537809999994,-23.766582299999982],[-45.415874299999984,-23.766673],[-45.41613129999996,-23.766840499999944],[-45.416456799999935,-23.76700619999997],[-45.41692969999997,-23.767182299999945],[-45.417394299999955,-23.76727509999995],[-45.41776319999997,-23.76745139999997],[-45.418583299999966,-23.767630399999973],[-45.41882419999996,-23.767700099999956],[-45.419361099999946,-23.76773559999998],[-45.41953979999994,-23.76758049999995],[-45.42040749999995,-23.767416499999968],[-45.42239219999993,-23.768267599999945],[-45.42298789999995,-23.767948],[-45.42317779999996,-23.767794899999956],[-45.423215899999946,-23.767739699999936],[-45.423231,-23.767568],[-45.42320559999996,-23.767],[-45.42322059999998,-23.76675869999997],[-45.423305,-23.766470399999946],[-45.423407399999974,-23.766275],[-45.42377349999998,-23.765971399999955],[-45.42405229999997,-23.76568519999995],[-45.424227,-23.765413799999976],[-45.424288299999944,-23.76524109999997],[-45.42442779999993,-23.76498239999995],[-45.42463209999994,-23.764737],[-45.42495809999997,-23.764476],[-45.42512949999997,-23.764377099999933],[-45.42533009999994,-23.764188699999977],[-45.425352299999986,-23.764075699999978],[-45.42527719999998,-23.76392869999995],[-45.42482259999997,-23.763560499999983],[-45.424601,-23.763308199999983],[-45.42447579999998,-23.763127899999972],[-45.42422149999993,-23.762499899999966],[-45.424149,-23.762218299999972],[-45.424036299999955,-23.761971099999982],[-45.422983199999976,-23.76103379999995],[-45.42269479999993,-23.760777099999927],[-45.42253709999994,-23.760563499999932],[-45.422473099999934,-23.76018609999994],[-45.422514699999965,-23.759988199999952],[-45.422640599999966,-23.759792699999934],[-45.42275509999996,-23.75968039999998],[-45.42291959999994,-23.75956439999993],[-45.42162949999994,-23.759399499999972],[-45.42186209999994,-23.758942299999944],[-45.42204789999994,-23.758492399999966],[-45.422189,-23.75720519999993],[-45.42149649999993,-23.75714419999997],[-45.42113519999998,-23.75716259999996],[-45.420388499999945,-23.757001799999955],[-45.42017589999995,-23.757123299999932],[-45.41999189999996,-23.75701239999995],[-45.419992699999966,-23.756717],[-45.41994779999993,-23.75640429999993],[-45.419646,-23.756195],[-45.419206,-23.756066],[-45.418703,-23.755952099999945],[-45.41869879999996,-23.755759499999954],[-45.418483099999946,-23.755466399999932],[-45.418363899999974,-23.755254199999968],[-45.41822289999993,-23.75522049999995],[-45.41791559999996,-23.75513669999998],[-45.417894399999966,-23.754729899999973],[-45.41780229999995,-23.754399199999966],[-45.417611799999975,-23.754131299999983],[-45.41745979999996,-23.75398619999993],[-45.417316599999936,-23.753884699999958],[-45.417208,-23.75372159999995],[-45.41711319999996,-23.75341169999996],[-45.41697879999998,-23.75317149999995],[-45.416905199999974,-23.75310209999998],[-45.416819,-23.753076199999953],[-45.416544699999974,-23.753048699999965],[-45.41634919999996,-23.75300009999995],[-45.41616869999996,-23.75289719999995],[-45.41611119999993,-23.75283319999994],[-45.416070599999955,-23.752747],[-45.416025299999944,-23.75263419999993],[-45.415996,-23.752319],[-45.41600949999997,-23.751683199999945],[-45.41598449999998,-23.751598599999966],[-45.41593969999997,-23.751521599999933],[-45.415857,-23.751447799999937],[-45.415608599999985,-23.751309899999967],[-45.415427199999954,-23.751152299999944],[-45.415378,-23.751034799999957],[-45.41535909999993,-23.750927099999956],[-45.41536739999998,-23.75083529999995],[-45.41539279999995,-23.750779799999975],[-45.41543569999993,-23.75073509999993],[-45.41561709999996,-23.750618499999973],[-45.41572489999993,-23.750504],[-45.41579909999996,-23.75038909999995],[-45.41580219999997,-23.750321199999973],[-45.415773799999954,-23.750273899999968],[-45.41572159999998,-23.750238099999933],[-45.415606399999945,-23.750225599999965],[-45.415364299999965,-23.750231499999927],[-45.41512809999995,-23.750197799999967],[-45.41485249999994,-23.75011369999993],[-45.414585399999964,-23.749996799999963],[-45.41451949999998,-23.74989929999998],[-45.41453329999996,-23.749785499999973],[-45.414462399999934,-23.749668399999962],[-45.414347299999974,-23.749567399999933],[-45.41422769999997,-23.749552299999948],[-45.414066599999956,-23.74956789999993],[-45.41391379999993,-23.749320799999964],[-45.41384069999998,-23.74913179999993],[-45.41382109999995,-23.749020599999938],[-45.41380079999993,-23.748629299999948],[-45.41382249999998,-23.74841219999996],[-45.41381839999997,-23.748230399999954],[-45.41379919999997,-23.748096499999974],[-45.413665099999946,-23.747837],[-45.41341179999995,-23.747487199999966],[-45.41336229999996,-23.747391799999946],[-45.41335259999994,-23.747296],[-45.413365399999975,-23.747190899999964],[-45.41339469999997,-23.747107],[-45.413432,-23.747025399999927],[-45.413574,-23.74686369999995],[-45.41361989999996,-23.74677939999998],[-45.41363549999994,-23.746701899999948],[-45.41360529999997,-23.746631],[-45.413346399999966,-23.74645819999995],[-45.41328579999998,-23.746351799999957],[-45.41324509999998,-23.746257399999934],[-45.41324309999993,-23.746139899999946],[-45.413277499999936,-23.745934499999976],[-45.41326879999997,-23.745847499999968],[-45.413233799999944,-23.745789799999955],[-45.41315609999998,-23.745741899999928],[-45.41300129999996,-23.745717],[-45.41250309999998,-23.745802399999945],[-45.41241349999996,-23.7458],[-45.41232949999994,-23.745768],[-45.41227809999998,-23.745721199999934],[-45.41225389999994,-23.745532699999956],[-45.41228289999998,-23.745335299999965],[-45.41227379999998,-23.74526489999994],[-45.412230199999954,-23.745212399999957],[-45.412095799999975,-23.74517519999995],[-45.41150749999997,-23.745162299999947],[-45.411342899999966,-23.745117499999935],[-45.411096199999974,-23.744956599999966],[-45.41084909999995,-23.744636299999968],[-45.41058579999998,-23.744366699999944],[-45.41019879999993,-23.744078],[-45.40981139999997,-23.74381459999995],[-45.409659799999986,-23.74368979999997],[-45.40932739999994,-23.743366],[-45.40899559999997,-23.742984099999944],[-45.408299899999975,-23.742332199999964],[-45.407866499999955,-23.742068099999983],[-45.407657599999936,-23.74190429999993],[-45.407352499999945,-23.74156359999995],[-45.40683709999996,-23.740886299999943],[-45.40655039999996,-23.74057],[-45.40610319999996,-23.740225],[-45.40589179999995,-23.740088499999956],[-45.40556269999996,-23.739906899999937],[-45.405494199999964,-23.739826299999947],[-45.40539409999997,-23.73964879999994],[-45.405356799999936,-23.73940749999997],[-45.40528849999998,-23.739349299999958],[-45.40510009999997,-23.73931209999995],[-45.40502639999994,-23.739320599999928],[-45.40449479999995,-23.73944469999998],[-45.404245499999945,-23.739481699999942],[-45.40408139999994,-23.739467299999944],[-45.403952199999935,-23.739423899999963],[-45.40383929999996,-23.73934989999998],[-45.40375789999996,-23.73926649999993],[-45.40371029999994,-23.739184499999965],[-45.40367839999993,-23.739078699999936],[-45.40367139999995,-23.738971299999946],[-45.403709499999934,-23.738639599999942],[-45.40377639999997,-23.73835509999998],[-45.40375209999996,-23.737891],[-45.40367659999998,-23.737446099999943],[-45.40375729999994,-23.73730439999997],[-45.403859299999965,-23.73725059999998],[-45.40380989999994,-23.737092],[-45.403714,-23.73686719999995],[-45.403767699999946,-23.73674969999996],[-45.40388539999998,-23.736607099999958],[-45.40411259999996,-23.736419199999943],[-45.404172899999935,-23.736334599999964],[-45.404174499999954,-23.73626829999995],[-45.40409729999993,-23.736139899999955],[-45.40400009999996,-23.73607919999995],[-45.40386079999996,-23.736032399999942],[-45.40342369999996,-23.735926099999972],[-45.40269529999995,-23.735832399999936],[-45.40240249999994,-23.73577419999998],[-45.40217249999995,-23.735692899999947],[-45.402003,-23.735594599999956],[-45.401845299999934,-23.73548509999995],[-45.40169019999996,-23.735334699999953],[-45.40133559999998,-23.734781],[-45.40131259999998,-23.734661],[-45.40132829999993,-23.734547599999928],[-45.40137939999994,-23.734466099999963],[-45.40146089999996,-23.73440979999998],[-45.401564399999984,-23.73439339999993],[-45.40189329999998,-23.73444569999998],[-45.40211859999994,-23.73443039999995],[-45.402408299999934,-23.734294499999976],[-45.402635499999974,-23.734268499999928],[-45.40281679999998,-23.734298299999978],[-45.40297529999998,-23.73436319999996],[-45.40346949999997,-23.734636799999976],[-45.40362929999998,-23.734694099999956],[-45.404041,-23.73472179999993],[-45.404249,-23.734703899999943],[-45.40472669999997,-23.73448039999994],[-45.40483519999998,-23.734469299999944],[-45.40551289999996,-23.73456109999995],[-45.405736299999944,-23.73454449999997],[-45.40581249999997,-23.734509],[-45.40586459999997,-23.73444089999998],[-45.40584739999997,-23.734298],[-45.405805,-23.734238199999936],[-45.40577349999995,-23.734153799999945],[-45.405791499999964,-23.734040899999968],[-45.40585209999995,-23.73394639999998],[-45.405954099999974,-23.733886],[-45.40638039999993,-23.73383039999993],[-45.406448799999964,-23.73380789999993],[-45.40657449999998,-23.733721],[-45.40660959999997,-23.733581899999933],[-45.406591499999934,-23.733497399999976],[-45.40630829999998,-23.73313],[-45.40616109999996,-23.73287369999997],[-45.406028799999945,-23.732524599999977],[-45.406006899999966,-23.732412099999976],[-45.40602709999996,-23.73231119999997],[-45.40609269999993,-23.732262],[-45.40631039999994,-23.732155599999942],[-45.406314,-23.732027899999935],[-45.40634669999997,-23.731947399999967],[-45.40645989999996,-23.731920799999955],[-45.406506699999966,-23.73188769999996],[-45.40653889999993,-23.731848299999967],[-45.40656969999998,-23.73176479999995],[-45.40657239999996,-23.731688799999972],[-45.406537499999956,-23.73155239999994],[-45.40632309999995,-23.731173],[-45.40624839999998,-23.730937899999958],[-45.406242599999985,-23.730845599999952],[-45.40626189999995,-23.73072039999994],[-45.406325,-23.730543299999965],[-45.40633619999994,-23.73046389999996],[-45.406326899999954,-23.730233],[-45.40596369999997,-23.72970719999995],[-45.40543,-23.728934699999968],[-45.40511209999994,-23.728426199999944],[-45.40470069999998,-23.727881499999967],[-45.404098199999964,-23.727020299999936],[-45.40406269999994,-23.726887],[-45.40407269999997,-23.72677909999993],[-45.40411569999998,-23.726696799999957],[-45.404215299999976,-23.726669199999947],[-45.404412399999956,-23.726692199999945],[-45.40463369999998,-23.726786],[-45.405102099999965,-23.727071199999955],[-45.40607619999997,-23.727569099999982],[-45.406262399999946,-23.727702],[-45.406562099999974,-23.72795089999994],[-45.406948299999954,-23.72836159999997],[-45.407141199999955,-23.72860559999998],[-45.407244799999944,-23.72866849999997],[-45.40747139999996,-23.728727499999934],[-45.40755679999995,-23.728721899999982],[-45.407638299999974,-23.728692699999954],[-45.40774769999996,-23.728565699999933],[-45.40787039999998,-23.728274],[-45.40799789999994,-23.728060599999935],[-45.40808419999996,-23.727967899999953],[-45.40818419999994,-23.727894099999958],[-45.408663899999965,-23.727621099999965],[-45.40885419999995,-23.72756309999994],[-45.409052799999984,-23.72753359999996],[-45.40917269999994,-23.727502399999935],[-45.40930019999996,-23.727422],[-45.40932879999997,-23.727359099999944],[-45.409344799999985,-23.727189899999928],[-45.409288799999956,-23.726604599999973],[-45.40931219999993,-23.726439899999946],[-45.40934789999994,-23.726333799999964],[-45.40942,-23.72623479999993],[-45.409613399999955,-23.726104299999975],[-45.40979829999998,-23.72604569999993],[-45.410164099999974,-23.726035699999954],[-45.41048539999997,-23.726083099999983],[-45.41082239999997,-23.726175],[-45.411444899999935,-23.726400599999977],[-45.41201449999994,-23.726669699999945],[-45.41242859999994,-23.726916399999936],[-45.41295359999998,-23.72715549999998],[-45.41318229999996,-23.727365599999928],[-45.41333289999994,-23.727544699999953],[-45.41342139999995,-23.727569099999982],[-45.41349709999997,-23.72755029999996],[-45.413620599999945,-23.727387799999974],[-45.413723499999946,-23.727119199999947],[-45.41378439999994,-23.727027499999963],[-45.413894099999936,-23.726977099999942],[-45.41402219999998,-23.726955],[-45.41413719999997,-23.726962199999946],[-45.41428309999998,-23.727014699999927],[-45.41455739999998,-23.72718569999995],[-45.41466529999997,-23.727228699999955],[-45.414862899999946,-23.72734239999994],[-45.415071499999954,-23.727495399999952],[-45.415283399999964,-23.727702699999952],[-45.41555119999998,-23.728047699999934],[-45.41616239999996,-23.72863289999998],[-45.416327,-23.728836199999932],[-45.41635979999995,-23.72893739999995],[-45.416321799999935,-23.729075499999965],[-45.41625749999997,-23.729145399999936],[-45.41616879999998,-23.72919459999997],[-45.41603849999996,-23.729233699999952],[-45.415503299999955,-23.72928589999998],[-45.415147899999965,-23.729361],[-45.41506909999998,-23.72939139999994],[-45.414981,-23.729454199999964],[-45.414943799999946,-23.729555199999936],[-45.41496769999998,-23.72964289999993],[-45.415057,-23.72972509999994],[-45.41551629999998,-23.73001929999998],[-45.41571589999995,-23.73020349999996],[-45.415862,-23.73040629999997],[-45.415963199999965,-23.730690099999947],[-45.416045199999985,-23.730790699999943],[-45.41620519999998,-23.730785899999944],[-45.41651459999997,-23.730678499999954],[-45.416637599999945,-23.730678799999964],[-45.41721979999994,-23.730910299999948],[-45.417686799999956,-23.731078099999934],[-45.41814259999995,-23.731336899999974],[-45.418598299999985,-23.731535699999938],[-45.41893779999998,-23.73181539999996],[-45.419081699999936,-23.73196239999993],[-45.41933209999996,-23.732316399999945],[-45.41900739999994,-23.73261679999996],[-45.41903439999993,-23.732814899999937],[-45.419043199999976,-23.733136599999966],[-45.41899879999994,-23.733365],[-45.41921869999993,-23.733550099999945],[-45.41953179999996,-23.73368759999994],[-45.41991969999998,-23.734075399999938],[-45.42006259999994,-23.73415769999997],[-45.42017649999997,-23.734189799999967],[-45.420271799999966,-23.734281599999974],[-45.420582199999956,-23.734448099999952],[-45.42079989999996,-23.73465779999998],[-45.421217,-23.734727299999975],[-45.42204849999996,-23.73472069999997],[-45.422276099999976,-23.734762099999955],[-45.42248409999996,-23.734903199999962],[-45.42315189999994,-23.735025699999937],[-45.423282,-23.73506489999994],[-45.423469799999964,-23.735666299999934],[-45.42385449999995,-23.736024099999952],[-45.42407149999997,-23.736203],[-45.42419449999994,-23.736391099999935],[-45.42431229999994,-23.736514299999953],[-45.424379399999964,-23.736652899999967],[-45.42468349999996,-23.735666299999934],[-45.42467149999993,-23.73558459999998],[-45.42466719999993,-23.735333899999944],[-45.424698,-23.73527],[-45.424698,-23.735194],[-45.424716699999976,-23.735122399999966],[-45.42470909999997,-23.735055699999975],[-45.42469269999998,-23.735018199999956],[-45.42467759999994,-23.734978499999954],[-45.424675,-23.73491439999998],[-45.424671399999966,-23.734806799999944],[-45.424792199999956,-23.73425],[-45.42477119999995,-23.73399269999993],[-45.42479249999997,-23.733866],[-45.42478369999998,-23.73379069999993],[-45.42483159999995,-23.73363089999998],[-45.42487049999994,-23.733572399999957],[-45.424846299999956,-23.733353],[-45.424816799999974,-23.733226299999956],[-45.42476009999996,-23.73314709999994],[-45.42464949999993,-23.733056199999965],[-45.42452549999996,-23.73298019999993],[-45.424324,-23.732834],[-45.424054,-23.732676],[-45.423736,-23.732492],[-45.42366049999998,-23.732445499999983],[-45.42347969999997,-23.732339199999956],[-45.42337689999994,-23.73231469999996],[-45.423244,-23.732341],[-45.422988,-23.732297],[-45.422732,-23.73217],[-45.422587,-23.732056],[-45.4224,-23.731923],[-45.422254,-23.731726],[-45.422156,-23.731465],[-45.422094,-23.7313],[-45.42195879999997,-23.731134],[-45.42186869999995,-23.731039299999964],[-45.42157389999994,-23.73082389999996],[-45.42139919999994,-23.730716799999982],[-45.421328399999936,-23.73065889999998],[-45.42126809999996,-23.73058279999998],[-45.421231399999954,-23.730484299999944],[-45.421218899999985,-23.73032589999997],[-45.42122349999994,-23.73014919999997],[-45.421258,-23.730052],[-45.421181399999966,-23.729866499999957],[-45.42099719999993,-23.72942009999997],[-45.42096389999995,-23.729380099999958],[-45.42110189999994,-23.729257],[-45.421432,-23.729111599999953],[-45.42156559999995,-23.729115599999943],[-45.42174249999994,-23.729088],[-45.422302,-23.729065],[-45.422516,-23.728806],[-45.42255,-23.728764],[-45.422572,-23.728737],[-45.42263319999995,-23.72867089999994],[-45.42320229999996,-23.728292499999952],[-45.423396099999934,-23.728118699999982],[-45.42353049999997,-23.727994899999942],[-45.423774,-23.727669],[-45.425200899999936,-23.728313799999967],[-45.425774,-23.728547],[-45.425856,-23.728583],[-45.425892,-23.72858],[-45.426310899999976,-23.728524799999946],[-45.426476399999956,-23.728494099999978],[-45.42704329999998,-23.728199399999937],[-45.427727,-23.727811499999973],[-45.42871429999997,-23.72885089999994],[-45.42814029999994,-23.729822799999965],[-45.427982499999985,-23.73004579999997],[-45.42793259999996,-23.730197399999952],[-45.42784359999996,-23.730386499999952],[-45.42772949999994,-23.730582599999934],[-45.427499,-23.730874],[-45.42732589999997,-23.731164699999965],[-45.427227699999946,-23.73128259999993],[-45.427152,-23.731427399999973],[-45.42694339999997,-23.731974299999933],[-45.42681779999998,-23.73214619999993],[-45.426805299999955,-23.73230929999994],[-45.42671039999993,-23.732645399999967],[-45.42668639999994,-23.733023699999933],[-45.42662909999996,-23.733126599999935],[-45.426503099999934,-23.733541099999968],[-45.42640439999997,-23.733614199999977],[-45.426337,-23.733809599999972],[-45.42626689999997,-23.733897499999955],[-45.42628139999994,-23.733992599999965],[-45.42625909999998,-23.73428139999993],[-45.426187,-23.734634899999946],[-45.42615989999996,-23.735268],[-45.42611369999997,-23.73539909999994],[-45.42575739999995,-23.73727359999998],[-45.425675299999966,-23.73773079999995],[-45.42663209999995,-23.737309099999948],[-45.426773899999944,-23.73716959999996],[-45.42689869999998,-23.736907299999928],[-45.42696559999996,-23.73665879999993],[-45.42701779999993,-23.735834],[-45.42710039999997,-23.73558529999997],[-45.42723689999997,-23.735313099999928],[-45.42733569999996,-23.734928899999943],[-45.42749859999998,-23.73462319999993],[-45.427702099999976,-23.734449199999972],[-45.42781919999993,-23.73427],[-45.42789289999996,-23.73399429999995],[-45.42790739999998,-23.73362489999994],[-45.42797029999997,-23.733361899999977],[-45.428524799999934,-23.732204199999956],[-45.42876639999997,-23.731380599999966],[-45.42892839999996,-23.731123699999955],[-45.429037,-23.73102309999996],[-45.42924759999994,-23.730905099999973],[-45.42946509999996,-23.73083589999993],[-45.42976839999994,-23.730871099999945],[-45.430087,-23.731082499999957],[-45.43018449999994,-23.731187899999952],[-45.43023889999995,-23.73132419999996],[-45.43023729999993,-23.731730599999935],[-45.429986,-23.732295],[-45.42989959999994,-23.73257069999994],[-45.42992379999998,-23.733084599999927],[-45.430183,-23.734014199999933],[-45.430169,-23.734243599999957],[-45.43003129999994,-23.73472359999994],[-45.43003179999994,-23.734899799999937],[-45.43010379999998,-23.735014299999932],[-45.43020109999998,-23.73506009999994],[-45.430314899999985,-23.735051599999963],[-45.430728199999976,-23.734830099999954],[-45.43097849999998,-23.73484929999995],[-45.43112979999995,-23.734911199999942],[-45.431403099999955,-23.735083799999927],[-45.43184009999993,-23.735483699999975],[-45.43200129999997,-23.735588],[-45.432271499999956,-23.735698299999967],[-45.432803699999965,-23.735811499999954],[-45.43337629999996,-23.73629859999994],[-45.43366619999995,-23.736413399999947],[-45.43383619999997,-23.73651769999998],[-45.43402759999998,-23.73681339999996],[-45.434045899999944,-23.737022899999943],[-45.43409879999996,-23.737146199999927],[-45.43410129999995,-23.737151899999958],[-45.43419179999995,-23.73721489999997],[-45.43531589999998,-23.734296099999938],[-45.435384,-23.734119199999952],[-45.43548789999994,-23.733959599999935],[-45.43566219999997,-23.73356259999997],[-45.43570159999996,-23.733319499999936],[-45.43556529999995,-23.733049799999947],[-45.435233299999936,-23.732648799999936],[-45.435155099999974,-23.732440399999973],[-45.435207799999944,-23.732333599999947],[-45.43545709999995,-23.73236],[-45.43597579999994,-23.73256719999995],[-45.43628209999997,-23.732623299999943],[-45.436694899999964,-23.732548],[-45.43768069999993,-23.732173099999955],[-45.43801229999997,-23.731883099999948],[-45.438152799999955,-23.73163429999994],[-45.43822049999994,-23.731359599999962],[-45.43831119999993,-23.730595199999982],[-45.438462399999935,-23.73032919999997],[-45.438532899999984,-23.73028489999996],[-45.43862,-23.73023029999996],[-45.438718,-23.73020649999995],[-45.43888489999995,-23.730234],[-45.439031399999976,-23.730333],[-45.439354299999934,-23.73066179999995],[-45.43971229999994,-23.730899199999953],[-45.43996669999996,-23.731006],[-45.44053509999998,-23.73108019999995],[-45.44091439999994,-23.731276],[-45.44104759999993,-23.73144259999998],[-45.44125669999994,-23.731598299999973],[-45.44137039999998,-23.731775099999936],[-45.44145759999998,-23.73203049999995],[-45.44144279999995,-23.732300599999974],[-45.44121979999994,-23.732811599999934],[-45.44119019999994,-23.73333279999997],[-45.441259199999934,-23.73344009999994],[-45.44137809999995,-23.73348489999995],[-45.441420499999936,-23.733476499999938],[-45.44155359999996,-23.73345009999997],[-45.442292099999975,-23.73307589999996],[-45.44319219999994,-23.732893599999954],[-45.443392,-23.732799899999975],[-45.44363069999997,-23.732567099999983],[-45.44378919999997,-23.732461899999976],[-45.44389619999998,-23.73245979999996],[-45.444018,-23.73250009999998],[-45.44411739999998,-23.73261],[-45.444183599999974,-23.73302709999996],[-45.44431509999998,-23.73331029999997],[-45.44459479999995,-23.733632899999975],[-45.44540219999993,-23.734476899999947],[-45.44579559999994,-23.734737699999982],[-45.44586659999993,-23.73484049999996],[-45.44596789999997,-23.73521139999997],[-45.44606429999993,-23.735296],[-45.446262599999955,-23.73532259999996],[-45.446416399999976,-23.73524539999994],[-45.44670119999995,-23.73501959999993],[-45.44680569999997,-23.73489829999994],[-45.447067199999935,-23.73446759999996],[-45.44750869999996,-23.73330379999993],[-45.447608199999934,-23.73315],[-45.44778719999994,-23.73298959999994],[-45.44799329999995,-23.732997099999977],[-45.448327699999936,-23.733248199999935],[-45.44845259999994,-23.733307399999944],[-45.44873219999994,-23.733307499999967],[-45.44915569999995,-23.733221399999934],[-45.44929739999998,-23.733320299999946],[-45.44931269999995,-23.733516299999962],[-45.44918709999996,-23.73377229999994],[-45.44816279999998,-23.735224],[-45.44803529999996,-23.735529699999972],[-45.44807339999994,-23.735767099999975],[-45.44813659999994,-23.735897],[-45.44834009999994,-23.735991299999966],[-45.44893449999995,-23.73594079999998],[-45.44923679999994,-23.73596249999997],[-45.44948219999998,-23.73601689999998],[-45.44967389999994,-23.736118399999953],[-45.449793,-23.73622009999997],[-45.44995469999998,-23.736446299999955],[-45.45033959999995,-23.737119899999982],[-45.450435099999936,-23.737485499999934],[-45.450503099999935,-23.73756929999996],[-45.45060229999996,-23.737596099999962],[-45.450707199999954,-23.737567799999965],[-45.45095379999998,-23.737400899999955],[-45.451741899999945,-23.736599199999944],[-45.45198259999995,-23.736406099999954],[-45.45206489999998,-23.736377],[-45.452184699999975,-23.736391099999935],[-45.45226239999994,-23.73645769999996],[-45.45226969999993,-23.736582299999952],[-45.451825,-23.73765389999994],[-45.45166149999994,-23.738307499999962],[-45.451691299999936,-23.738436499999978],[-45.451837,-23.738572499999975],[-45.452047,-23.73857909999998],[-45.452338199999986,-23.73852859999994],[-45.45260419999994,-23.738556699999947],[-45.45271429999997,-23.738598799999977],[-45.45298889999998,-23.738841899999954],[-45.453203,-23.73918809999998],[-45.45334379999997,-23.739321399999938],[-45.45344189999997,-23.739334699999972],[-45.45354579999997,-23.739300899999932],[-45.45363189999995,-23.73922479999993],[-45.45392389999995,-23.738818399999957],[-45.454103,-23.738404199999934],[-45.45439709999994,-23.73805649999997],[-45.45465459999997,-23.737894],[-45.45506919999997,-23.737762699999962],[-45.455348699999945,-23.737730299999953],[-45.455643099999975,-23.73775109999997],[-45.455879,-23.737852499999974],[-45.45603559999995,-23.738039],[-45.456191,-23.73841969999995],[-45.45622219999996,-23.738651799999957],[-45.45619369999997,-23.739201899999955],[-45.455955899999935,-23.740229599999964],[-45.456016199999965,-23.740641299999936],[-45.45615609999993,-23.74079889999996],[-45.45634249999995,-23.74080559999993],[-45.45673769999996,-23.740726799999948],[-45.45685659999998,-23.740779699999962],[-45.456917,-23.740947499999947],[-45.456917499999975,-23.741065],[-45.45670129999996,-23.74153259999997],[-45.45670239999998,-23.741852299999948],[-45.45679549999994,-23.74210039999997],[-45.45713509999996,-23.74241379999995],[-45.45725539999995,-23.742588599999976],[-45.45729309999996,-23.74269959999998],[-45.45741409999994,-23.74280669999996],[-45.45753089999994,-23.742802799999936],[-45.45770509999994,-23.74267939999993],[-45.45777059999995,-23.74258839999993],[-45.45781469999997,-23.742297099999973],[-45.45783369999998,-23.742173599999944],[-45.45843759999997,-23.74149069999993],[-45.45855339999997,-23.741134099999954],[-45.45831959999998,-23.740220199999953],[-45.45808589999996,-23.739306399999975],[-45.458335,-23.738769899999966],[-45.45846809999995,-23.738483199999962],[-45.45833259999995,-23.7373],[-45.45833539999995,-23.737275299999965],[-45.45844439999996,-23.73630069999996],[-45.45886349999995,-23.73562019999997],[-45.45896579999993,-23.73527359999997],[-45.45884619999998,-23.734327],[-45.458902799999976,-23.73352449999993],[-45.45847889999993,-23.733126699999957],[-45.45765329999995,-23.73301159999994],[-45.45727009999996,-23.732772799999964],[-45.45724379999996,-23.732589899999937],[-45.457217399999934,-23.732407],[-45.45760279999996,-23.73182049999997],[-45.457614699999965,-23.7314],[-45.45728929999996,-23.73096909999998],[-45.45653069999997,-23.730521599999975],[-45.45619009999996,-23.730142599999965],[-45.45604079999998,-23.729003599999942],[-45.45587869999997,-23.72869],[-45.455343899999946,-23.72817139999995],[-45.454602299999976,-23.727754],[-45.45424669999994,-23.727553899999975],[-45.453729599999974,-23.72712409999997],[-45.45340459999994,-23.726686899999947],[-45.45325809999997,-23.726091],[-45.45311959999998,-23.725896099999943],[-45.45248989999993,-23.725685099999964],[-45.452459799999986,-23.72536619999994],[-45.45230809999998,-23.725266499999975],[-45.45202,-23.72522989999993],[-45.45184569999998,-23.725207799999964],[-45.451189599999964,-23.725124499999936],[-45.44786329999994,-23.725029099999972],[-45.447163,-23.724924],[-45.44681289999994,-23.72487149999995],[-45.446462699999984,-23.724818899999946],[-45.445792,-23.72471829999995],[-45.445507,-23.724726],[-45.44547279999995,-23.72470149999998],[-45.445438499999966,-23.724677],[-45.44537,-23.724628],[-45.445283,-23.72457],[-45.445206,-23.724522],[-45.44514,-23.724486],[-45.445083,-23.724458],[-45.445033,-23.724436],[-45.44499,-23.72442],[-45.444953,-23.724406],[-45.444919,-23.724394],[-45.444888,-23.724383],[-45.444858,-23.724371],[-45.444828,-23.724357],[-45.444796,-23.72434],[-45.444764,-23.724321],[-45.444731,-23.724301],[-45.444698,-23.72428],[-45.444667,-23.724261],[-45.444638,-23.724243],[-45.44461,-23.724226],[-45.444582,-23.724209],[-45.444555,-23.724191],[-45.444528,-23.724172],[-45.4445,-23.724151],[-45.444472,-23.724129],[-45.444445,-23.724107],[-45.44442,-23.724087],[-45.444399,-23.724068],[-45.444382,-23.724052],[-45.444368,-23.724039],[-45.444356,-23.724027],[-45.444344,-23.724017],[-45.444332,-23.724007],[-45.444318,-23.723997],[-45.444302,-23.723987],[-45.444283,-23.723977],[-45.444263,-23.723966],[-45.444239,-23.723956],[-45.444214,-23.723946],[-45.444187,-23.723936],[-45.44416,-23.723926],[-45.444135,-23.723917],[-45.444112,-23.723909],[-45.444093,-23.723902],[-45.444077,-23.723895],[-45.444063,-23.723889],[-45.44405,-23.723884],[-45.444036,-23.723878],[-45.44402,-23.723872],[-45.444003,-23.723866],[-45.443985,-23.72386],[-45.443965,-23.723853],[-45.443945,-23.723847],[-45.443923,-23.72384],[-45.443902,-23.723833],[-45.44388,-23.723827],[-45.44386,-23.723821],[-45.443843,-23.723815],[-45.443827,-23.723811],[-45.443815,-23.723806],[-45.443804,-23.723803],[-45.443795,-23.7238],[-45.443789,-23.723798],[-45.443783,-23.723796],[-45.443778,-23.723794],[-45.443771,-23.723792],[-45.443763,-23.723788],[-45.44375,-23.723781],[-45.443732,-23.723773],[-45.443711,-23.723762],[-45.443687,-23.72375],[-45.443662,-23.723737],[-45.443638,-23.723723],[-45.443615,-23.72371],[-45.443593,-23.723696],[-45.443573,-23.723682],[-45.443553,-23.723667],[-45.443534,-23.723652],[-45.443516,-23.723635],[-45.443495,-23.723614],[-45.443469,-23.723586],[-45.443436,-23.723548],[-45.443393,-23.723495],[-45.443338,-23.723428],[-45.443275,-23.72335],[-45.443209,-23.723267],[-45.443144,-23.723186],[-45.443084,-23.723113],[-45.443032,-23.723052],[-45.442989,-23.723003],[-45.442952,-23.722963],[-45.442919,-23.72293],[-45.442888,-23.722901],[-45.442857,-23.722874],[-45.442827,-23.722849],[-45.442797,-23.722826],[-45.442769,-23.722804],[-45.442743,-23.722784],[-45.442718,-23.722765],[-45.442694,-23.722747],[-45.442672,-23.722731],[-45.442651,-23.722715],[-45.44263,-23.722701],[-45.442609,-23.722688],[-45.442588,-23.722676],[-45.442566,-23.722663],[-45.442545,-23.722652],[-45.442522,-23.722639],[-45.442498,-23.722626],[-45.442473,-23.722612],[-45.442446,-23.722598],[-45.442417,-23.722583],[-45.442385,-23.722568],[-45.442351,-23.722552],[-45.442315,-23.722536],[-45.442276,-23.72252],[-45.442237,-23.722504],[-45.44221649999997,-23.72249549999998],[-45.442196,-23.722487],[-45.442156,-23.722472],[-45.442135,-23.722464],[-45.442114,-23.722456],[-45.442072,-23.72244],[-45.44203,-23.722425],[-45.441986,-23.72241],[-45.441953,-23.722399],[-45.441941,-23.722395],[-45.44189,-23.72238],[-45.441831,-23.722364],[-45.44176,-23.722347],[-45.441672,-23.722329],[-45.441568,-23.722309],[-45.441459,-23.72229],[-45.441362,-23.722273],[-45.441292,-23.722262],[-45.441266,-23.722257],[-45.441254,-23.722255],[-45.441224,-23.722249],[-45.441181,-23.72224],[-45.441133,-23.722229],[-45.441086,-23.722219],[-45.441045,-23.72221],[-45.44101,-23.722201],[-45.440978,-23.722193],[-45.440946,-23.722185],[-45.440912,-23.722176],[-45.440875,-23.722166],[-45.440834,-23.722156],[-45.440791,-23.722144],[-45.440747,-23.722132],[-45.440703,-23.722118],[-45.44066,-23.722104],[-45.440618,-23.722089],[-45.440580799999964,-23.722075399999937],[-45.440577,-23.722074],[-45.440557,-23.722066],[-45.440537,-23.722058],[-45.440496,-23.722042],[-45.440456,-23.722026],[-45.440416,-23.72201],[-45.440376,-23.721994],[-45.440336,-23.721978],[-45.440296,-23.721962],[-45.440255,-23.721946],[-45.440213,-23.721928],[-45.440169,-23.721909],[-45.440119,-23.721887],[-45.440064,-23.721862],[-45.440002,-23.721832],[-45.439931,-23.721797],[-45.439849,-23.721757],[-45.439755,-23.72171],[-45.439648,-23.721656],[-45.439526,-23.721595],[-45.439395,-23.72153],[-45.439262,-23.721463],[-45.439131,-23.721397],[-45.43907,-23.721367],[-45.439009,-23.721337],[-45.438902,-23.721283],[-45.438855,-23.721259],[-45.43880749999994,-23.721235],[-45.438727,-23.721193],[-45.438656,-23.721155],[-45.438596,-23.721119],[-45.438543,-23.721084],[-45.438496,-23.721048],[-45.438454,-23.721012],[-45.438414,-23.720972],[-45.438375,-23.72093],[-45.438335,-23.720882],[-45.438295,-23.720832],[-45.438256,-23.72078],[-45.438218,-23.720729],[-45.438182,-23.720681],[-45.438149,-23.720637],[-45.438119,-23.720597],[-45.438092,-23.72056],[-45.438066,-23.720528],[-45.438054,-23.720513],[-45.438042,-23.720498],[-45.438018,-23.720471],[-45.437995,-23.720446],[-45.437972,-23.720422],[-45.437948,-23.720397],[-45.437922,-23.720372],[-45.437894,-23.720345],[-45.437866,-23.720317],[-45.437838,-23.720289],[-45.437812,-23.720262],[-45.43540079999997,-23.71926009999993],[-45.43505359999995,-23.719032899999945],[-45.43515009999993,-23.71883889999998],[-45.435599199999956,-23.717848199999935],[-45.43565179999996,-23.71773369999994],[-45.436044,-23.716928],[-45.436033,-23.716912],[-45.436022,-23.716896],[-45.436011,-23.716878],[-45.436,-23.71686],[-45.435989,-23.716841],[-45.435977,-23.716821],[-45.435966,-23.716802],[-45.435955,-23.716783],[-45.435944,-23.716765],[-45.435933,-23.716747],[-45.435922,-23.716728],[-45.435911,-23.716709],[-45.435898,-23.716688],[-45.435883,-23.716666],[-45.435868,-23.716642],[-45.435851,-23.716616],[-45.435833,-23.716588],[-45.435815,-23.716558],[-45.435797,-23.716525],[-45.435779,-23.716492],[-45.435761,-23.716457],[-45.435743,-23.716421],[-45.435725,-23.716385],[-45.435707,-23.716349],[-45.435689,-23.716312],[-45.435671,-23.716276],[-45.435652,-23.71624],[-45.435634,-23.716203],[-45.435616,-23.716167],[-45.435597,-23.716129],[-45.435576,-23.71609],[-45.435553,-23.716048],[-45.435527,-23.716002],[-45.435497,-23.715953],[-45.435463,-23.7159],[-45.435427,-23.715845],[-45.435389,-23.715788],[-45.435349,-23.715731],[-45.435308,-23.715674],[-45.435266,-23.715617],[-45.435223,-23.715561],[-45.435179,-23.715504],[-45.435134,-23.715448],[-45.435089,-23.71539],[-45.435044,-23.715334],[-45.435,-23.71528],[-45.434959,-23.71523],[-45.434939499999984,-23.715207],[-45.43492,-23.715184],[-45.434886,-23.715145],[-45.434856,-23.715112],[-45.434827,-23.715082],[-45.434801,-23.715054],[-45.434776,-23.715028],[-45.43475,-23.715003],[-45.434725,-23.714977],[-45.4347,-23.714951],[-45.434674,-23.714925],[-45.434649,-23.7149],[-45.434624,-23.714874],[-45.434598,-23.714847],[-45.434571,-23.71482],[-45.434543,-23.714792],[-45.434513,-23.714762],[-45.43448,-23.71473],[-45.434446,-23.714696],[-45.434411,-23.714661],[-45.434374,-23.714625],[-45.434337,-23.714588],[-45.4343,-23.714552],[-45.434263,-23.714515],[-45.434226,-23.714479],[-45.434189,-23.714442],[-45.434152,-23.714406],[-45.434115,-23.71437],[-45.434078,-23.714334],[-45.434042,-23.714299],[-45.434025,-23.71428149999997],[-45.434008,-23.714264],[-45.433991499999934,-23.714247499999942],[-45.433975,-23.714231],[-45.433943,-23.714199],[-45.433914,-23.714168],[-45.433887,-23.714138],[-45.433861,-23.714108],[-45.433836,-23.71408],[-45.433813,-23.714051],[-45.433791,-23.714023],[-45.433780499999955,-23.714009],[-45.43377,-23.713995],[-45.433749,-23.713968],[-45.433728,-23.71394],[-45.433708,-23.713912],[-45.433688,-23.713885],[-45.433667,-23.713857],[-45.433647,-23.713829],[-45.433626,-23.713801],[-45.433606,-23.713773],[-45.43359549999997,-23.713759],[-45.433585,-23.713745],[-45.433564,-23.713717],[-45.433543,-23.713687],[-45.433521,-23.713657],[-45.433499,-23.713626],[-45.433476,-23.713595],[-45.433453,-23.713563],[-45.433431,-23.713533],[-45.433409,-23.713503],[-45.433398,-23.713489],[-45.433387,-23.713475],[-45.433367,-23.713449],[-45.433348,-23.713424],[-45.43333,-23.713401],[-45.433313,-23.71338],[-45.433297,-23.71336],[-45.433282,-23.713341],[-45.433268,-23.713324],[-45.433255,-23.713308],[-45.433242,-23.713293],[-45.43323,-23.713279],[-45.433219,-23.713266],[-45.433208,-23.713254],[-45.433198,-23.713243],[-45.433188,-23.713234],[-45.433179,-23.713225],[-45.433171,-23.713217],[-45.43316649999997,-23.713214],[-45.433162,-23.713211],[-45.433154,-23.713204],[-45.433145,-23.713199],[-45.433135,-23.713193],[-45.433126,-23.713188],[-45.433116,-23.713183],[-45.433105,-23.713179],[-45.433094,-23.713174],[-45.433082,-23.71317],[-45.433069,-23.713167],[-45.433057,-23.713164],[-45.433044,-23.713161],[-45.433031,-23.713159],[-45.433018,-23.713158],[-45.433004,-23.713158],[-45.432989,-23.713158],[-45.43298,-23.713158499999963],[-45.432971,-23.713159],[-45.432952,-23.713161],[-45.432929,-23.713163],[-45.432915,-23.713164],[-45.432901,-23.713165],[-45.432868,-23.713168],[-45.432829,-23.713172],[-45.432782,-23.713176],[-45.432726,-23.71318],[-45.432663,-23.713185],[-45.432595,-23.71319],[-45.432524,-23.713195],[-45.43245,-23.7132],[-45.432377,-23.713206],[-45.432303,-23.713211],[-45.432229,-23.713216],[-45.432155,-23.713221],[-45.432082,-23.713226],[-45.432008,-23.713231],[-45.431938,-23.713236],[-45.431872,-23.713241],[-45.431814,-23.713244],[-45.431766,-23.713247],[-45.43173,-23.713248],[-45.431704,-23.713249],[-45.431685,-23.713249],[-45.43167,-23.713248],[-45.431656,-23.713246],[-45.431641,-23.713244],[-45.431625,-23.713242],[-45.431607,-23.713239],[-45.43159,-23.713236],[-45.431572,-23.713233],[-45.431554,-23.713229],[-45.431536,-23.713225],[-45.431515,-23.71322],[-45.43149,-23.713213],[-45.431461,-23.713206],[-45.431426,-23.713197],[-45.431387,-23.713186],[-45.431345,-23.713175],[-45.431302,-23.713162],[-45.43126,-23.713149],[-45.43122,-23.713136],[-45.431181,-23.713122],[-45.431145,-23.713109],[-45.431109,-23.713095],[-45.431075,-23.713082],[-45.431041,-23.713069],[-45.43102449999998,-23.713062499999978],[-45.431008,-23.713056],[-45.430977,-23.713044],[-45.430947,-23.713033],[-45.430919,-23.713022],[-45.430893,-23.713013],[-45.430868,-23.713004],[-45.430845,-23.712996],[-45.430822,-23.712989],[-45.430816499999935,-23.71298749999994],[-45.430811,-23.712986],[-45.4308,-23.712983],[-45.430794,-23.712981699999943],[-45.430776,-23.712978],[-45.430751,-23.712973],[-45.430723,-23.712969],[-45.430691,-23.712966],[-45.430654,-23.712963],[-45.430611,-23.71296],[-45.430564,-23.712958],[-45.430517,-23.712956],[-45.43047,-23.712953],[-45.430429,-23.71295],[-45.430393,-23.712947],[-45.430363,-23.712943],[-45.430338,-23.712939],[-45.430316,-23.712934],[-45.430297,-23.712929],[-45.430278,-23.712923],[-45.43026,-23.712916],[-45.430241,-23.712907],[-45.430218,-23.712897],[-45.430193,-23.712885],[-45.430163,-23.712871],[-45.430128,-23.712855],[-45.430091,-23.712837],[-45.430052,-23.712818],[-45.430012,-23.712799],[-45.429972,-23.712779],[-45.429959,-23.71277349999997],[-45.429946,-23.712768],[-45.429912,-23.712751],[-45.429892,-23.712741],[-45.429852,-23.712721],[-45.429811,-23.712702],[-45.429771,-23.712682],[-45.429732,-23.712663],[-45.429695,-23.712645],[-45.429661,-23.712628],[-45.429631,-23.712613],[-45.429605,-23.712601],[-45.429582,-23.71259],[-45.429563,-23.71258],[-45.429545,-23.71257],[-45.429529,-23.71256],[-45.429512,-23.712548],[-45.429494,-23.712535],[-45.429475,-23.71252],[-45.429453,-23.712504],[-45.42943,-23.712486],[-45.429403,-23.712465],[-45.429375,-23.712444],[-45.429346,-23.712421],[-45.429317,-23.712399],[-45.429289,-23.712377],[-45.429263,-23.712357],[-45.429239,-23.712338],[-45.429216,-23.71232],[-45.429193,-23.712303],[-45.42917,-23.712288],[-45.429147,-23.712273],[-45.429124,-23.712259],[-45.4291,-23.712246],[-45.429076,-23.712235],[-45.429053,-23.712225],[-45.42903,-23.712217],[-45.429007,-23.712212],[-45.428986,-23.712207],[-45.428965,-23.712205],[-45.428945,-23.712203],[-45.428926,-23.712202],[-45.428908,-23.712202],[-45.428891,-23.712203],[-45.428876,-23.712203],[-45.428862,-23.712204],[-45.428849,-23.712205],[-45.428837,-23.712206],[-45.428826,-23.712206],[-45.428815,-23.712206],[-45.428805,-23.712206],[-45.428794,-23.712205],[-45.428782,-23.712204],[-45.42877,-23.712202],[-45.428758,-23.7122],[-45.428745,-23.712197],[-45.428732,-23.712193],[-45.428718,-23.712188],[-45.428703,-23.712181],[-45.428685,-23.712172],[-45.428665,-23.712161],[-45.428642,-23.712147],[-45.428617,-23.712131],[-45.428591,-23.712114],[-45.428566,-23.712097],[-45.428543,-23.71208],[-45.428523,-23.712065],[-45.428505,-23.712048],[-45.428485,-23.712031],[-45.42847349999994,-23.712020499999937],[-45.428462,-23.71201],[-45.428434,-23.711984],[-45.428398,-23.711953],[-45.428357,-23.711917],[-45.428312,-23.711878],[-45.428266,-23.711837],[-45.42824349999995,-23.711816],[-45.428221,-23.711795],[-45.428177,-23.711754],[-45.428157,-23.711734],[-45.428137,-23.711714],[-45.4281,-23.711678],[-45.428067,-23.711644],[-45.428052,-23.71163],[-45.428037,-23.711616],[-45.42801,-23.711593],[-45.427988,-23.711574],[-45.427967,-23.71156],[-45.427949,-23.711548],[-45.427931,-23.711538],[-45.427914,-23.711529],[-45.427898,-23.71152],[-45.427881,-23.711513],[-45.427865,-23.711506],[-45.427848,-23.7115],[-45.427831,-23.711494],[-45.427814,-23.711488],[-45.427796,-23.711483],[-45.427778,-23.711479],[-45.427761,-23.711475],[-45.427742,-23.711472],[-45.427719,-23.711471],[-45.427686,-23.711474],[-45.427638,-23.711481],[-45.427571,-23.711494],[-45.427482,-23.711514],[-45.42748549999993,-23.711378599999932],[-45.427997,-23.710171299999956],[-45.42811359999996,-23.70989609999998],[-45.42811949999998,-23.709590899999966],[-45.428130299999964,-23.70930169999997],[-45.42813359999997,-23.70921409999994],[-45.42813959999995,-23.709053299999937],[-45.42798779999998,-23.708942099999945],[-45.427836,-23.708831],[-45.42776159999994,-23.708788099999936],[-45.42764289999997,-23.70871969999996],[-45.42752419999994,-23.708651199999963],[-45.42736529999996,-23.708559599999944],[-45.427229,-23.708481],[-45.427043699999956,-23.70841779999995],[-45.427188299999955,-23.70933119999995],[-45.42710349999993,-23.709474799999953],[-45.427025399999934,-23.70966629999998],[-45.426935499999956,-23.70982859999998],[-45.42684419999995,-23.709990199999936],[-45.42673339999993,-23.710217499999942],[-45.42655079999997,-23.710421],[-45.426165699999956,-23.710684499999957],[-45.42606809999995,-23.710989599999948],[-45.42586509999995,-23.71131909999997],[-45.425757199999964,-23.711554399999955],[-45.42570869999997,-23.711660199999983],[-45.425598,-23.711965299999974],[-45.42551989999998,-23.712234499999965],[-45.42544839999994,-23.712485699999945],[-45.425369899999964,-23.71272019999998],[-45.425304799999935,-23.71291759999997],[-45.42523969999996,-23.713103099999955],[-45.42511589999998,-23.713354399999957],[-45.425076899999965,-23.713533799999936],[-45.42499219999996,-23.71373719999997],[-45.42490759999998,-23.714048299999945],[-45.42480989999996,-23.714257699999962],[-45.424738299999945,-23.714526899999953],[-45.42462759999995,-23.71479009999996],[-45.42452989999998,-23.715047399999946],[-45.424461099999974,-23.715273699999955],[-45.424396,-23.715453099999934],[-45.42429169999997,-23.715668499999936],[-45.42423969999993,-23.715883899999938],[-45.424142,-23.71615309999993],[-45.42407689999993,-23.71633849999995],[-45.42401829999994,-23.71655389999995],[-45.42394439999998,-23.71677909999994],[-45.42386609999994,-23.717036],[-45.42383789999997,-23.71712839999998],[-45.42377279999994,-23.717313799999943],[-45.42364239999995,-23.71751729999994],[-45.423512,-23.717726699999957],[-45.42345349999994,-23.718035699999973],[-45.42334269999998,-23.718251099999975],[-45.42319939999993,-23.71858009999994],[-45.42310729999997,-23.71884719999997],[-45.42301119999996,-23.719093199999975],[-45.42290429999997,-23.71932739999994],[-45.42280549999998,-23.71953129999997],[-45.42269849999997,-23.719720199999983],[-45.42261629999996,-23.719909],[-45.42254219999995,-23.720082699999978],[-45.422416,-23.72022389999995],[-45.422289699999965,-23.72026009999996],[-45.42217939999995,-23.72055309999996],[-45.42211629999997,-23.72064709999995],[-45.42208489999996,-23.720748399999934],[-45.42201449999993,-23.72089129999995],[-45.42195689999994,-23.72113319999994],[-45.42187459999997,-23.72136759999995],[-45.421784,-23.721602099999927],[-45.42175949999995,-23.721806199999946],[-45.42170179999994,-23.721942299999967],[-45.421669,-23.722131299999944],[-45.42144629999996,-23.722381],[-45.42128139999994,-23.722555],[-45.42124869999998,-23.72284979999995],[-45.42112509999998,-23.723099399999967],[-45.42102619999997,-23.723280899999963],[-45.42096029999993,-23.723454799999956],[-45.42086039999998,-23.72371019999997],[-45.42068729999994,-23.724005199999965],[-45.42054729999995,-23.724315199999978],[-45.42040719999994,-23.724617699999953],[-45.420242299999984,-23.72485219999993],[-45.420102199999974,-23.725048899999933],[-45.419995,-23.725215299999945],[-45.41989619999998,-23.725472399999944],[-45.41979729999997,-23.72566139999998],[-45.41965709999994,-23.725858099999982],[-45.419475699999964,-23.726039699999944],[-45.41929419999997,-23.726160799999946],[-45.419096,-23.726138299999946],[-45.418988499999955,-23.726017399999932],[-45.418749,-23.725964699999963],[-45.418542299999956,-23.72579849999994],[-45.41825319999998,-23.725708],[-45.417947599999934,-23.725647699999968],[-45.41769169999998,-23.72565549999996],[-45.417336699999964,-23.725678499999958],[-45.41696529999996,-23.72576179999993],[-45.416684799999985,-23.725928099999976],[-45.416503399999954,-23.726026299999944],[-45.41615669999993,-23.726094899999964],[-45.41589259999995,-23.72614029999994],[-45.41559549999994,-23.726072399999964],[-45.41543029999997,-23.725981899999965],[-45.41519959999994,-23.725958799999944],[-45.41496049999995,-23.72582269999998],[-45.41480359999997,-23.725581],[-45.41472889999994,-23.72530169999993],[-45.41462149999995,-23.72502979999996],[-45.41445619999996,-23.724826],[-45.41425859999998,-23.724652099999957],[-45.414018399999975,-23.724411],[-45.41380369999996,-23.724237399999936],[-45.41355609999994,-23.724026099999946],[-45.41340679999996,-23.723777],[-45.41314569999997,-23.723601299999928],[-45.413070699999935,-23.723569],[-45.412928799999975,-23.723522799999955],[-45.41278919999996,-23.72348539999996],[-45.41270029999998,-23.723511799999983],[-45.41267879999998,-23.723604299999977],[-45.412590199999954,-23.72368369999998],[-45.41250859999997,-23.72373659999994],[-45.41242559999995,-23.723844],[-45.41235309999996,-23.723926499999948],[-45.41230649999994,-23.724087399999974],[-45.412225399999954,-23.724271699999974],[-45.41214869999993,-23.724412899999948],[-45.41203409999997,-23.72453839999997],[-45.411940899999934,-23.724644199999943],[-45.411856599999965,-23.72477719999995],[-45.411794,-23.724882699999966],[-45.411699,-23.72495669999995],[-45.41160069999995,-23.724941099999967],[-45.411387,-23.72489829999995],[-45.411122199999966,-23.72486329999998],[-45.41093829999994,-23.724808699999983],[-45.410712,-23.724785399999973],[-45.41052789999998,-23.72471509999997],[-45.41037359999996,-23.724644699999942],[-45.41026469999997,-23.72444059999998],[-45.41020759999998,-23.724295],[-45.41016849999994,-23.724138],[-45.41019819999997,-23.724079],[-45.410095299999966,-23.72402409999995],[-45.40990689999995,-23.724016499999948],[-45.40964539999993,-23.72402059999996],[-45.40949939999996,-23.724048],[-45.409280499999966,-23.724095099999943],[-45.409139,-23.72411879999993],[-45.40914789999994,-23.724256199999957],[-45.409101599999985,-23.724374099999977],[-45.409034099999985,-23.72448419999995],[-45.40896239999995,-23.72459809999998],[-45.40887279999998,-23.72471189999993],[-45.40874379999997,-23.724927599999944],[-45.40866889999995,-23.72506],[-45.40855789999995,-23.725216899999964],[-45.40847269999995,-23.725322699999936],[-45.40840909999997,-23.72544019999998],[-45.40831939999998,-23.725546],[-45.408212499999934,-23.725683199999935],[-45.408076,-23.725789],[-45.40794209999996,-23.725738599999943],[-45.40779949999995,-23.725688099999957],[-45.40768779999996,-23.725688299999945],[-45.40757219999995,-23.725735399999962],[-45.407469799999944,-23.72581779999996],[-45.40735429999995,-23.72589629999993],[-45.407253699999956,-23.726040599999976],[-45.40710389999998,-23.72615049999996],[-45.40692409999997,-23.72630319999996],[-45.406776699999966,-23.72633869999993],[-45.40661319999998,-23.726367],[-45.40643329999995,-23.726249699999983],[-45.40631339999993,-23.726175299999966],[-45.40616789999996,-23.726089099999967],[-45.406047899999976,-23.725975699999935],[-45.405872699999975,-23.72592069999996],[-45.405607499999974,-23.725764199999958],[-45.40550859999996,-23.72564689999996],[-45.405375499999934,-23.72549429999998],[-45.40521229999996,-23.72532209999997],[-45.40501219999993,-23.725259],[-45.404917599999976,-23.725128799999936],[-45.40479229999994,-23.725018899999952],[-45.40464339999994,-23.724938299999963],[-45.404463299999975,-23.72487959999995],[-45.40433459999997,-23.724864],[-45.40419739999993,-23.724887699999954],[-45.404000199999984,-23.72491919999993],[-45.40389309999995,-23.725048699999945],[-45.403773299999955,-23.725150499999927],[-45.40363649999995,-23.725240499999927],[-45.403444,-23.725252299999966],[-45.40327689999998,-23.725213399999973],[-45.40310569999997,-23.725229199999944],[-45.40296429999995,-23.72521759999995],[-45.402822,-23.725266399999953],[-45.402590299999986,-23.725323699999933],[-45.402296,-23.725364599999978],[-45.40217,-23.72529949999995],[-45.40198239999995,-23.72530779999994],[-45.40175089999997,-23.72535679999993],[-45.401526599999954,-23.72527539999993],[-45.40146119999997,-23.725087799999983],[-45.401343199999985,-23.724908099999936],[-45.40120909999996,-23.724818],[-45.401066399999934,-23.72483449999993],[-45.40087129999995,-23.724981799999966],[-45.40066939999997,-23.725104],[-45.40050069999995,-23.725087599999938],[-45.400445099999956,-23.72494889999996],[-45.40033719999997,-23.724801799999966],[-45.40020219999997,-23.724662799999976],[-45.39997919999996,-23.724638399999947],[-45.399793699999975,-23.72468749999996],[-45.399563899999976,-23.724744699999974],[-45.399491,-23.724630299999944],[-45.39931679999995,-23.72454449999998],[-45.399156,-23.724373],[-45.39904869999998,-23.72416869999995],[-45.39880729999993,-23.724013399999933],[-45.39854789999998,-23.72390719999993],[-45.39836889999998,-23.723694499999965],[-45.39827029999998,-23.723457],[-45.398126899999966,-23.723276899999973],[-45.39800159999993,-23.72317869999995],[-45.39793869999994,-23.722998399999938],[-45.39774189999997,-23.722998599999983],[-45.397429099999954,-23.723277399999972],[-45.39732209999994,-23.72352319999993],[-45.39713439999997,-23.723662599999955],[-45.397099,-23.723818199999982],[-45.39716189999996,-23.723924599999975],[-45.397278599999936,-23.72409639999995],[-45.397296799999936,-23.724284499999953],[-45.39723449999997,-23.724464599999976],[-45.397091399999965,-23.724661199999957],[-45.396975,-23.72484979999996],[-45.39702889999995,-23.72516909999996],[-45.39709159999995,-23.725283599999955],[-45.397262,-23.72561369999994],[-45.39739629999997,-23.725801799999942],[-45.39755739999998,-23.725940899999955],[-45.39769159999997,-23.72608809999997],[-45.397915299999966,-23.726268],[-45.39796009999998,-23.726398899999936],[-45.39791509999998,-23.726530099999934],[-45.39786529999998,-23.72663529999994],[-45.397757799999965,-23.726720799999953],[-45.397557,-23.72670779999993],[-45.39732739999994,-23.726615899999956],[-45.39716239999996,-23.726596299999983],[-45.39701179999997,-23.726681799999938],[-45.39701179999997,-23.72679359999995],[-45.39711239999997,-23.726898699999936],[-45.39718419999997,-23.727023499999973],[-45.397105299999964,-23.727174699999978],[-45.39714129999993,-23.727358699999968],[-45.39719869999993,-23.727509699999928],[-45.39721319999995,-23.72765419999996],[-45.397349599999984,-23.727805199999978],[-45.39750779999997,-23.728002299999957],[-45.397522899999956,-23.728285299999982],[-45.39762349999995,-23.728351],[-45.39778169999994,-23.728469299999972],[-45.397847499999955,-23.72852389999997],[-45.39802359999993,-23.728588599999966],[-45.398130599999945,-23.728427299999964],[-45.398157699999956,-23.728322499999933],[-45.39818939999998,-23.728232499999933],[-45.398278,-23.72813],[-45.39837369999998,-23.728075599999954],[-45.398496799999975,-23.728048299999955],[-45.39865459999993,-23.72808379999998],[-45.398734899999965,-23.728106699999955],[-45.39883129999998,-23.728161099999966],[-45.398911699999985,-23.728205],[-45.399005099999954,-23.728255899999965],[-45.39909209999996,-23.728347799999938],[-45.399202,-23.728492099999983],[-45.39930059999995,-23.72865109999998],[-45.399370499999975,-23.728763199999946],[-45.39941639999995,-23.728884499999936],[-45.39945319999998,-23.728995399999974],[-45.39948769999995,-23.729118899999946],[-45.39950389999996,-23.729252799999983],[-45.39949479999996,-23.72936169999997],[-45.399487299999976,-23.729602],[-45.39943789999995,-23.729848199999935],[-45.39940269999994,-23.730042499999968],[-45.39936739999996,-23.730193699999973],[-45.399346299999934,-23.73035569999996],[-45.399304,-23.730537099999935],[-45.39926159999993,-23.73066019999993],[-45.399226399999975,-23.730815699999937],[-45.39917,-23.73096479999998],[-45.39912059999995,-23.73112679999997],[-45.399071299999946,-23.73128879999996],[-45.39902189999998,-23.731424799999957],[-45.39895829999995,-23.73159329999993],[-45.39890889999998,-23.731722899999966],[-45.398873599999945,-23.731852499999945],[-45.39878159999995,-23.732001499999967],[-45.39869679999998,-23.732092299999977],[-45.39864079999995,-23.732117399999936],[-45.39855909999994,-23.73209689999993],[-45.39845349999996,-23.732061899999962],[-45.39838619999995,-23.73202379999998],[-45.39831739999994,-23.732129399999963],[-45.39825819999993,-23.73218079999998],[-45.39814789999997,-23.732335499999976],[-45.398087199999964,-23.732483599999966],[-45.39803909999995,-23.73251289999996],[-45.398026399999935,-23.732637599999975],[-45.39811139999995,-23.732731299999955],[-45.39816909999996,-23.73280459999995],[-45.39824439999995,-23.73287929999998],[-45.398418,-23.732975099999976],[-45.39861159999998,-23.73301719999995],[-45.398766499999965,-23.733044699999937],[-45.39880649999998,-23.733104599999933],[-45.398897499999975,-23.73317009999994],[-45.398913499999935,-23.733249],[-45.398897499999975,-23.733344],[-45.39885129999993,-23.733392299999934],[-45.398847899999964,-23.73349289999993],[-45.398896699999966,-23.733556],[-45.39882839999996,-23.733607699999936],[-45.39881159999993,-23.73365549999994],[-45.39881159999993,-23.73371709999998],[-45.39882909999994,-23.733815599999957],[-45.39882609999995,-23.733906299999944],[-45.39884429999995,-23.734035],[-45.39889889999995,-23.73411779999998],[-45.39892629999997,-23.734225599999945],[-45.39898909999994,-23.734327599999972],[-45.399076,-23.734422699999982],[-45.399080599999934,-23.734559599999955],[-45.399003,-23.734697],[-45.399035,-23.73476329999994],[-45.39911729999994,-23.734858199999962],[-45.39907619999997,-23.73494979999998],[-45.39913569999993,-23.735119599999962],[-45.39914029999994,-23.73530219999998],[-45.39913109999998,-23.735426899999936],[-45.39916759999994,-23.735545699999932],[-45.39924509999997,-23.735690699999964],[-45.39929979999994,-23.73577759999995],[-45.39935909999997,-23.735843699999975],[-45.39932719999996,-23.735951799999953],[-45.39931329999996,-23.736089],[-45.39931309999997,-23.736247099999957],[-45.399303799999984,-23.736388499999975],[-45.39925819999996,-23.736467699999935],[-45.39908029999998,-23.736539499999935],[-45.398875,-23.736548899999946],[-45.39873869999997,-23.736648899999977],[-45.398766,-23.736744199999976],[-45.398897799999986,-23.736856299999943],[-45.39907549999998,-23.737005599999975],[-45.399225799999954,-23.73716319999994],[-45.39948069999997,-23.737312],[-45.39975339999995,-23.737431899999933],[-45.40000779999997,-23.73748919999997],[-45.40035259999996,-23.73762879999998],[-45.40055659999996,-23.737741699999958],[-45.40083309999994,-23.737794399999927],[-45.401000899999985,-23.737873],[-45.40120919999998,-23.737901799999975],[-45.40130449999998,-23.73805109999995],[-45.40141349999993,-23.73825419999997],[-45.40147269999994,-23.73843679999993],[-45.401455,-23.738640499999974],[-45.401419199999964,-23.738827799999967],[-45.401383299999964,-23.739044199999967],[-45.40132459999995,-23.739219],[-45.401361099999974,-23.739448399999958],[-45.40139329999994,-23.739643799999953],[-45.40148879999998,-23.73980169999993],[-45.40157519999997,-23.739913899999976],[-45.401733899999954,-23.73998],[-45.40186049999994,-23.740054099999952],[-45.401901399999986,-23.740145499999983],[-45.40199679999995,-23.740315599999974],[-45.40203339999994,-23.740490199999954],[-45.402115,-23.74065589999998],[-45.402196499999945,-23.740784299999973],[-45.402368499999966,-23.740887399999963],[-45.402504799999974,-23.740953899999965],[-45.40269369999993,-23.741047399999957],[-45.40288869999995,-23.741084599999965],[-45.40308349999998,-23.741092599999945],[-45.40324259999994,-23.741179899999963],[-45.40339229999995,-23.74118809999993],[-45.40342829999997,-23.741125599999975],[-45.40356849999995,-23.741087899999968],[-45.40365459999998,-23.741096099999936],[-45.40376349999997,-23.741129199999932],[-45.40387249999998,-23.741199799999947],[-45.40392749999995,-23.741303899999934],[-45.40392369999995,-23.741404099999954],[-45.40396939999994,-23.74147069999998],[-45.40415529999996,-23.741553499999952],[-45.404254599999945,-23.741515599999957],[-45.404382099999964,-23.741511899999978],[-45.40454459999995,-23.741588299999933],[-45.40466269999996,-23.74177059999994],[-45.404744499999936,-23.74191159999998],[-45.404871499999956,-23.742069],[-45.40493829999997,-23.74215429999998],[-45.40501509999996,-23.742218699999967],[-45.40506009999996,-23.742286099999944],[-45.40504779999998,-23.742447699999957],[-45.405048299999976,-23.742606499999965],[-45.40508059999996,-23.742700499999955],[-45.40511289999995,-23.74278869999995],[-45.405193199999985,-23.742885499999943],[-45.40534969999993,-23.742899399999942],[-45.40548669999998,-23.742878099999928],[-45.40559209999998,-23.742907],[-45.40565619999995,-23.74297139999993],[-45.405717299999935,-23.743069299999945],[-45.405781899999965,-23.743207199999972],[-45.40585909999993,-23.743321599999945],[-45.405933,-23.743424199999936],[-45.40603209999995,-23.74348559999993],[-45.40613069999995,-23.74349989999996],[-45.406210499999986,-23.743543699999975],[-45.406311,-23.743601699999942],[-45.40637179999993,-23.74365439999997],[-45.40643259999996,-23.743712899999935],[-45.406483899999955,-23.74377439999995],[-45.406532,-23.74383],[-45.406573599999945,-23.743876899999975],[-45.40662489999994,-23.743938399999934],[-45.40666649999997,-23.74399109999996],[-45.406705,-23.744040799999937],[-45.406753,-23.744084699999974],[-45.40678509999998,-23.744131599999946],[-45.40682039999996,-23.744190199999935],[-45.40686519999997,-23.744225299999982],[-45.40693539999995,-23.74425149999996],[-45.407012,-23.744286599999953],[-45.40710139999993,-23.744336199999964],[-45.40713979999998,-23.74437419999998],[-45.40718479999998,-23.744438699999932],[-45.407255,-23.744476599999928],[-45.40731929999998,-23.744567399999937],[-45.407339099999945,-23.744658399999935],[-45.407352499999945,-23.74475529999995],[-45.40734709999998,-23.744870099999957],[-45.40731889999995,-23.744937899999968],[-45.40729389999996,-23.745046199999933],[-45.407313399999964,-23.745146],[-45.40734549999996,-23.745222199999944],[-45.407415399999934,-23.74526609999998],[-45.407493,-23.745343499999933],[-45.40788249999997,-23.745828099999983],[-45.40799309999994,-23.745965699999942],[-45.40803109999996,-23.746048],[-45.408064399999944,-23.746160799999927],[-45.408093,-23.74630389999993],[-45.40806479999998,-23.74642119999993],[-45.40803189999997,-23.746547199999952],[-45.40809359999997,-23.746629499999983],[-45.40817709999993,-23.746683099999927],[-45.40829869999993,-23.74676249999993],[-45.408393399999966,-23.746829299999945],[-45.408478299999956,-23.746896499999934],[-45.408574499999986,-23.74694809999994],[-45.40862539999995,-23.747012799999936],[-45.40863969999998,-23.747095799999954],[-45.40866639999996,-23.747181599999976],[-45.408762699999954,-23.747290199999952],[-45.40880809999993,-23.747388599999965],[-45.40882239999996,-23.74751559999993],[-45.408764,-23.74766829999993],[-45.408719099999985,-23.74779769999998],[-45.40871919999995,-23.747966299999973],[-45.408834499999955,-23.748029499999973],[-45.408888299999944,-23.748198],[-45.40893449999993,-23.74836659999994],[-45.40906519999993,-23.74845789999995],[-45.40926509999997,-23.748542199999974],[-45.40946459999998,-23.748542],[-45.409564,-23.74844339999993],[-45.40966359999993,-23.74845019999998],[-45.40979379999993,-23.748400799999956],[-45.40992419999998,-23.748477899999955],[-45.410040299999935,-23.748576],[-45.410148499999934,-23.74864709999997],[-45.410276899999985,-23.748702599999945],[-45.410388499999954,-23.74877989999993],[-45.41049319999996,-23.748838599999942],[-45.41061129999997,-23.74889719999993],[-45.410716,-23.748968299999945],[-45.41083109999994,-23.74911659999998],[-45.410898799999984,-23.749181499999963],[-45.41099819999994,-23.749232],[-45.41108939999998,-23.749259799999948],[-45.411190799999986,-23.749315399999944],[-45.41125159999996,-23.74937719999997],[-45.41132939999994,-23.749432699999943],[-45.411366499999986,-23.749479099999974],[-45.411424,-23.749559399999953],[-45.41144769999994,-23.749608799999976],[-45.41147159999997,-23.749732499999936],[-45.411524,-23.749858599999982],[-45.41151649999995,-23.749978599999963],[-45.411532199999954,-23.750148],[-45.41155549999996,-23.750303299999928],[-45.411555799999974,-23.750444499999958],[-45.411556,-23.750614],[-45.411528799999985,-23.750712199999953],[-45.41148879999997,-23.750844],[-45.41147349999994,-23.751006299999972],[-45.411450499999944,-23.751140499999963],[-45.41141219999997,-23.75131689999995],[-45.411389199999974,-23.75143689999993],[-45.41138939999996,-23.751585199999965],[-45.41144339999994,-23.751719199999968],[-45.411449699999935,-23.751877399999955],[-45.41148739999994,-23.751958499999944],[-45.41143649999998,-23.75204709999997],[-45.41151439999993,-23.752101],[-45.411632399999974,-23.752115599999968],[-45.411662099999944,-23.752199099999928],[-45.411686299999985,-23.752277799999945],[-45.41173209999994,-23.752412899999968],[-45.41175369999996,-23.752508699999964],[-45.411785899999984,-23.752577799999983],[-45.41184229999993,-23.75264409999994],[-45.41187979999995,-23.75268829999993],[-45.411955,-23.752764399999933],[-45.41201659999996,-23.752835499999946],[-45.41205949999994,-23.752887],[-45.412135699999965,-23.752999599999953],[-45.41220809999993,-23.75309029999994],[-45.412277899999935,-23.753183499999977],[-45.41235569999998,-23.753271799999936],[-45.41241749999995,-23.753362299999935],[-45.412455299999976,-23.753470299999947],[-45.41247709999993,-23.75357589999993],[-45.41248269999994,-23.753669199999933],[-45.41246689999997,-23.753782299999955],[-45.412449899999956,-23.75384109999993],[-45.412445599999955,-23.753856],[-45.41240519999997,-23.753979899999933],[-45.412325099999975,-23.75414959999995],[-45.41229309999994,-23.754282299999943],[-45.41226109999997,-23.754383099999927],[-45.41225309999993,-23.754466699999966],[-45.41222369999997,-23.754578599999945],[-45.412214,-23.754621199999974],[-45.412197,-23.754701499999953],[-45.412151499999936,-23.754822],[-45.412100599999974,-23.75494],[-45.41205779999996,-23.755006399999957],[-45.411998799999935,-23.755095],[-45.411931799999934,-23.755219099999977],[-45.41187279999997,-23.755339599999957],[-45.41180039999995,-23.75546989999998],[-45.41172,-23.75560029999997],[-45.411647899999934,-23.75573879999996],[-45.41149459999997,-23.75590889999995],[-45.411415499999976,-23.75603659999996],[-45.41132259999995,-23.75617939999995],[-45.411134699999934,-23.75627039999995],[-45.41105559999994,-23.756478199999947],[-45.41098459999995,-23.75669359999995],[-45.41092729999997,-23.756835199999955],[-45.41087269999997,-23.756970499999966],[-45.410812599999986,-23.75709319999993],[-45.410760799999935,-23.757240899999942],[-45.410709,-23.757371099999943],[-45.41065119999996,-23.757499199999927],[-45.41058319999996,-23.757631699999934],[-45.410472599999935,-23.757803299999978],[-45.41041919999998,-23.757920599999977],[-45.41035119999998,-23.758068699999967],[-45.41026619999997,-23.75820909999993],[-45.41018109999993,-23.758365099999935],[-45.41008769999996,-23.758560099999954],[-45.40999409999995,-23.75866929999995],[-45.40988029999994,-23.758856799999933],[-45.409816399999954,-23.759003399999983],[-45.40973119999995,-23.759127099999944],[-45.40965659999995,-23.75924759999998],[-45.40956449999993,-23.759392399999967],[-45.40944369999994,-23.759571499999936],[-45.409323,-23.759770199999934],[-45.40921649999996,-23.75992329999997],[-45.40915609999996,-23.760021],[-45.40907439999995,-23.76013169999993],[-45.40895009999997,-23.760261899999932],[-45.408839899999975,-23.760372699999948],[-45.40880089999996,-23.760514499999942],[-45.408745,-23.760677099999953],[-45.40864239999996,-23.76083109999996],[-45.40853039999996,-23.761028],[-45.408446399999946,-23.761165],[-45.40836239999993,-23.76128479999994],[-45.40825229999996,-23.761436499999945],[-45.40814029999996,-23.761582],[-45.40803759999994,-23.76172749999995],[-45.407906899999944,-23.76188159999998],[-45.40779479999998,-23.762044299999957],[-45.407689699999935,-23.762143299999934],[-45.40756189999996,-23.762315199999932],[-45.40747669999996,-23.76240889999997],[-45.40734279999998,-23.762555],[-45.407226899999955,-23.762706899999955],[-45.40706119999993,-23.762881499999935],[-45.406912199999965,-23.763056],[-45.40676309999998,-23.763238199999932],[-45.40665539999998,-23.763367399999936],[-45.40652289999997,-23.763504],[-45.40668439999996,-23.763691799999947],[-45.40664069999997,-23.76379069999996],[-45.406626399999936,-23.763823799999955],[-45.40660189999994,-23.763998399999934],[-45.406519199999934,-23.76419569999996],[-45.406353399999944,-23.764362699999936],[-45.40612129999994,-23.764605699999947],[-45.405864399999984,-23.764886699999977],[-45.405723799999976,-23.76507639999994],[-45.40545049999997,-23.765349799999967],[-45.40525979999995,-23.76558529999994],[-45.40501939999996,-23.76582069999995],[-45.404887,-23.765942199999927],[-45.404749299999935,-23.7661],[-45.40454259999996,-23.766266499999972],[-45.40432949999996,-23.766464699999972],[-45.40410389999994,-23.76666849999998],[-45.40386909999995,-23.76689239999996],[-45.40354959999996,-23.76718809999994],[-45.40328359999995,-23.767417399999943],[-45.403089799999975,-23.76760319999994],[-45.40285189999997,-23.76779709999994],[-45.40265809999994,-23.76798279999997],[-45.402561299999945,-23.768103699999983],[-45.40279449999997,-23.768305899999973],[-45.402918,-23.768410699999947],[-45.40298869999998,-23.768588199999954],[-45.40301539999996,-23.768781799999942],[-45.40293619999994,-23.769024099999967],[-45.402854599999955,-23.76916579999994],[-45.40281959999993,-23.769375699999955],[-45.40289029999997,-23.769528899999955],[-45.403005,-23.76965789999997],[-45.40312839999996,-23.769722299999955],[-45.40323429999995,-23.769811],[-45.403261,-23.77002079999994],[-45.403261199999974,-23.770262899999977],[-45.40318209999998,-23.77047269999997],[-45.40308529999993,-23.77073889999997],[-45.40302769999994,-23.770887],[-45.402922099999955,-23.771048399999927],[-45.40276359999996,-23.77124219999996],[-45.40259619999995,-23.771427899999935],[-45.40241979999996,-23.77163769999993],[-45.40229659999994,-23.771766899999932],[-45.402164599999935,-23.771904199999938],[-45.40204139999997,-23.77203339999994],[-45.40188479999995,-23.77221069999996],[-45.40171809999998,-23.772371799999974],[-45.40155489999995,-23.77252169999997],[-45.401382199999944,-23.772677399999964],[-45.401260099999945,-23.772792099999947],[-45.40107779999994,-23.772959199999946],[-45.400905,-23.773106199999972],[-45.40076669999996,-23.773230099999978],[-45.400631499999974,-23.773345499999948],[-45.40043959999997,-23.77348969999997],[-45.40032329999997,-23.77358769999995],[-45.40022259999995,-23.77368],[-45.40021679999995,-23.77375619999998],[-45.400336599999946,-23.773926],[-45.400541199999964,-23.774049599999955],[-45.400717499999985,-23.774153099999978],[-45.400827799999945,-23.774343099999953],[-45.40082109999997,-23.774396],[-45.400813,-23.77447019999994],[-45.40080769999997,-23.774515899999983],[-45.400860499999965,-23.77464649999996],[-45.400878399999954,-23.774821],[-45.400896399999965,-23.774994899999967],[-45.400945399999955,-23.77517329999995],[-45.40098539999997,-23.77538009999995],[-45.40102989999997,-23.775566699999956],[-45.40099459999993,-23.775737],[-45.40099029999993,-23.77590329999998],[-45.40097079999998,-23.776046899999983],[-45.400985799999944,-23.77617909999998],[-45.40092519999996,-23.776346],[-45.40083419999996,-23.776492],[-45.400773399999935,-23.776617199999976],[-45.40066719999993,-23.776763199999948],[-45.40056849999996,-23.77686749999998],[-45.40046979999994,-23.776999599999954],[-45.40039389999998,-23.77709],[-45.400318,-23.777194299999962],[-45.400257299999964,-23.777291599999955],[-45.40015869999996,-23.777382099999954],[-45.40006009999996,-23.777479399999947],[-45.399969,-23.777611599999943],[-45.39987039999994,-23.777708899999936],[-45.39976409999997,-23.777813299999934],[-45.399658,-23.777952399999947],[-45.399559299999964,-23.778042899999946],[-45.39946069999996,-23.778147299999944],[-45.399346899999955,-23.778265699999963],[-45.399271,-23.77835609999994],[-45.39916469999997,-23.778453499999955],[-45.399056,-23.778556099999946],[-45.398965,-23.778688199999976],[-45.39882079999995,-23.77883429999997],[-45.398729799999956,-23.77891779999993],[-45.398638699999935,-23.779015199999947],[-45.39854,-23.77911949999998],[-45.39841859999996,-23.779223899999977],[-45.39830589999997,-23.77934019999998],[-45.39819069999993,-23.779439399999944],[-45.398085599999945,-23.779549199999963],[-45.39795719999995,-23.779681299999936],[-45.39782889999998,-23.77978939999997],[-45.39769,-23.779902499999935],[-45.397590399999956,-23.779984199999944],[-45.39744619999993,-23.78010439999997],[-45.39730849999995,-23.78020859999998],[-45.39717209999998,-23.78032159999998],[-45.397077699999954,-23.780432099999928],[-45.39693089999997,-23.780523399999936],[-45.396868,-23.78057149999995],[-45.39693619999997,-23.780653099999938],[-45.39703849999995,-23.78074659999993],[-45.39718019999998,-23.78094079999994],[-45.397159399999964,-23.78112079999994],[-45.397172599999976,-23.781252799999947],[-45.39718849999997,-23.781421199999954],[-45.397248899999965,-23.781572299999937],[-45.39728829999996,-23.78170179999995],[-45.397346099999936,-23.78190559999996],[-45.397406599999954,-23.782076],[-45.39746719999994,-23.782260899999983],[-45.397496899999965,-23.782508],[-45.39755749999995,-23.782673699999975],[-45.39774559999995,-23.782911799999965],[-45.39792879999993,-23.78313529999997],[-45.39809649999995,-23.783239899999955],[-45.398233699999935,-23.78333749999996],[-45.39837879999993,-23.783456099999967],[-45.398486,-23.783602799999983],[-45.39863109999993,-23.78372849999994],[-45.398784,-23.783903099999975],[-45.39885319999996,-23.784077899999943],[-45.398922099999936,-23.78423159999994],[-45.398922599999935,-23.784434399999952],[-45.39887729999998,-23.78460259999997],[-45.398802099999955,-23.78482649999995],[-45.398749599999974,-23.785092299999974],[-45.398719599999936,-23.785316199999954],[-45.398635799999965,-23.785505099999966],[-45.39854449999996,-23.785785],[-45.39846069999993,-23.78596689999995],[-45.398415,-23.786135],[-45.39833129999994,-23.786365799999942],[-45.39823229999996,-23.78659669999996],[-45.39809479999997,-23.78682759999998],[-45.39798,-23.78701659999996],[-45.39785779999994,-23.78716359999993],[-45.397751,-23.787282499999947],[-45.397613699999965,-23.787429499999973],[-45.39749889999996,-23.787576499999943],[-45.397384,-23.787751299999968],[-45.397319299999936,-23.787841899999933],[-45.39726919999998,-23.787912199999937],[-45.397299799999985,-23.788156799999967],[-45.39745209999995,-23.78830329999994],[-45.397528199999954,-23.78844289999995],[-45.39765,-23.788729],[-45.397680899999955,-23.788987499999962],[-45.39773479999997,-23.789190299999973],[-45.397781099999975,-23.78937949999994],[-45.397835199999975,-23.789652099999955],[-45.39788169999997,-23.789924699999972],[-45.39791329999997,-23.790232499999945],[-45.398042799999985,-23.790588699999944],[-45.39812669999998,-23.790931099999966],[-45.39824179999994,-23.791335699999934],[-45.39827289999994,-23.791601299999968],[-45.398296899999934,-23.791958],[-45.39829,-23.792230899999936],[-45.39829039999995,-23.792433699999947],[-45.39841309999997,-23.79270639999993],[-45.39849339999995,-23.79282779999994],[-45.39856979999996,-23.792943],[-45.39860319999997,-23.79303109999995],[-45.3987,-23.793285599999933],[-45.39892169999996,-23.793474299999957],[-45.39905189999996,-23.793698],[-45.39915139999994,-23.793886699999973],[-45.39926639999993,-23.794159399999955],[-45.39933549999995,-23.79444609999996],[-45.39936639999996,-23.794718899999964],[-45.399450599999966,-23.79494959999994],[-45.39947689999997,-23.795181199999945],[-45.399477099999956,-23.79544],[-45.399446799999964,-23.795740799999976],[-45.39943929999998,-23.795929599999965],[-45.39953869999994,-23.796083299999964],[-45.39952359999995,-23.796237099999928],[-45.39950849999997,-23.796495799999946],[-45.39950859999993,-23.79668449999997],[-45.39948579999998,-23.79691509999998],[-45.39944,-23.797068899999942],[-45.39938659999996,-23.79723139999993],[-45.399363799999946,-23.797364199999947],[-45.39931809999996,-23.797546],[-45.39926459999998,-23.79767879999997],[-45.39921889999994,-23.797811699999954],[-45.399180899999976,-23.797951599999976],[-45.39909689999996,-23.798091399999976],[-45.399028199999975,-23.798203199999932],[-45.39896719999996,-23.798364],[-45.39889079999995,-23.79850369999997],[-45.398822199999984,-23.798636399999964],[-45.39876879999997,-23.798776199999963],[-45.398700099999985,-23.798874],[-45.39857039999998,-23.79897219999998],[-45.39844379999994,-23.79901929999994],[-45.39822419999996,-23.79910339999998],[-45.39799839999995,-23.79917089999998],[-45.39784569999995,-23.799193599999967],[-45.397662399999945,-23.79928069999994],[-45.397693199999935,-23.799476699999957],[-45.39768109999994,-23.799602799999946],[-45.397846399999935,-23.79962779999994],[-45.397928899999954,-23.799515699999972],[-45.39809679999996,-23.79946769999998],[-45.398106,-23.79946769999998],[-45.39829069999996,-23.799545699999953],[-45.398445899999956,-23.799679499999968],[-45.39849789999994,-23.79988439999994],[-45.39845509999998,-23.80016],[-45.398417,-23.80029849999994],[-45.39838219999996,-23.800451099999975],[-45.39834319999994,-23.800607499999956],[-45.39830209999997,-23.800765399999932],[-45.39825129999997,-23.800936099999944],[-45.39820039999995,-23.80111459999995],[-45.398149699999976,-23.801269699999978],[-45.39812439999997,-23.801424899999972],[-45.39806519999996,-23.801611099999946],[-45.398023,-23.801774],[-45.397995099999946,-23.801795399999946],[-45.39787929999994,-23.801890499999956],[-45.397786199999985,-23.801975899999945],[-45.397860099999946,-23.802115199999946],[-45.397928,-23.802226],[-45.397972299999935,-23.80227179999997],[-45.397969399999965,-23.80242309999994],[-45.39795639999994,-23.802635599999974],[-45.39794859999995,-23.802820899999972],[-45.397956799999974,-23.802955],[-45.39794869999997,-23.803067],[-45.39788029999994,-23.803194299999973],[-45.39779779999998,-23.80331609999996],[-45.39771009999998,-23.803403799999955],[-45.39761429999993,-23.803462399999944],[-45.39753969999998,-23.80350149999998],[-45.397395899999935,-23.803552899999943],[-45.39724659999996,-23.80361419999997],[-45.397105299999964,-23.80364849999995],[-45.39701149999996,-23.80370469999997],[-45.396929,-23.80384369999996],[-45.39693589999996,-23.804006699999945],[-45.39690849999994,-23.804183399999943],[-45.39687759999998,-23.804338],[-45.396860499999946,-23.80446429999995],[-45.39683649999995,-23.80461269999995],[-45.39682279999994,-23.80474209999994],[-45.39680219999997,-23.804876599999943],[-45.39678879999997,-23.805010899999957],[-45.39675919999996,-23.80515639999993],[-45.39674,-23.805240699999956],[-45.396725199999935,-23.80536029999996],[-45.39671019999997,-23.805449099999976],[-45.39668739999996,-23.805548099999953],[-45.39666,-23.80564529999998],[-45.39664129999994,-23.805750099999955],[-45.39662059999995,-23.80585869999993],[-45.39658949999995,-23.805988199999945],[-45.396575,-23.806104499999947],[-45.39655639999995,-23.806226399999957],[-45.39654809999996,-23.806329199999936],[-45.396528899999964,-23.806460499999957],[-45.39650349999994,-23.80656929999998],[-45.39647809999997,-23.806639399999938],[-45.39647389999993,-23.806693799999948],[-45.396474,-23.80686879999996],[-45.39641889999996,-23.806981599999972],[-45.396397699999966,-23.80710609999994],[-45.39638929999995,-23.807191599999953],[-45.39640209999993,-23.807292699999948],[-45.396393699999976,-23.80741329999995],[-45.39636619999993,-23.807533599999942],[-45.396565899999985,-23.807525599999963],[-45.396839399999976,-23.80750349999994],[-45.39709549999998,-23.80749739999993],[-45.397358,-23.80746739999995],[-45.397743899999966,-23.807451199999946],[-45.397920699999986,-23.807453],[-45.398135699999955,-23.80752039999993],[-45.398348399999975,-23.807530199999974],[-45.39848509999996,-23.807514199999957],[-45.398580599999946,-23.807514099999935],[-45.398641399999974,-23.80757559999995],[-45.398676199999954,-23.807684799999947],[-45.39868939999997,-23.80779],[-45.39868729999995,-23.807851599999935],[-45.39864389999997,-23.80789729999998],[-45.39860479999993,-23.807909199999983],[-45.39849849999996,-23.80791329999994],[-45.39839209999997,-23.807929199999933],[-45.39826849999997,-23.807951199999934],[-45.398153399999956,-23.80795919999997],[-45.398040599999945,-23.80796719999995],[-45.397914699999944,-23.807989199999952],[-45.397810499999935,-23.807989299999974],[-45.39765859999994,-23.808007199999963],[-45.39750849999996,-23.80802479999994],[-45.39733579999995,-23.808046499999932],[-45.39713169999993,-23.808053799999982],[-45.39699029999997,-23.808061099999975],[-45.396849,-23.808068399999968],[-45.396692,-23.80808289999993],[-45.396574199999975,-23.80809729999993],[-45.39647209999998,-23.80810459999998],[-45.39636219999994,-23.808119],[-45.396275799999955,-23.80812629999997],[-45.39624459999993,-23.808212399999945],[-45.39622449999996,-23.808384299999943],[-45.396200599999986,-23.808526099999938],[-45.39619079999994,-23.808635099999947],[-45.39616609999996,-23.808753199999956],[-45.39614889999996,-23.808859799999937],[-45.396139199999936,-23.80894829999994],[-45.39613449999996,-23.809113799999977],[-45.396208899999976,-23.80910689999996],[-45.39642939999993,-23.80907519999994],[-45.396563399999934,-23.80905249999995],[-45.39668,-23.809038899999962],[-45.396838799999955,-23.80902519999995],[-45.396967899999936,-23.80909779999996],[-45.39709209999995,-23.80916579999996],[-45.397102,-23.80916129999997],[-45.397188899999946,-23.809195299999942],[-45.397372,-23.809276099999977],[-45.39749189999998,-23.809329],[-45.39772379999994,-23.80947939999993],[-45.397860399999956,-23.809540599999934],[-45.39801929999993,-23.809624499999927],[-45.39826009999996,-23.809728699999937],[-45.398406499999965,-23.80975589999997],[-45.39855289999997,-23.80982389999997],[-45.39868949999993,-23.80992139999995],[-45.398826,-23.810014299999978],[-45.39897979999995,-23.81015039999994],[-45.398998,-23.810181],[-45.399049299999945,-23.810352399999942],[-45.39833569999996,-23.810852799999964],[-45.39820839999993,-23.810867499999972],[-45.397830899999974,-23.810843099999943],[-45.39751159999997,-23.810832799999957],[-45.39719689999998,-23.81054309999996],[-45.396952,-23.810351599999933],[-45.39658,-23.810712],[-45.397687099999985,-23.811664899999982],[-45.39783529999994,-23.81157939999997],[-45.39828929999993,-23.811307299999953],[-45.39862029999995,-23.811023699999964],[-45.39868659999996,-23.81107179999998],[-45.398803499999985,-23.81116609999998],[-45.39893809999995,-23.811303299999963],[-45.39903749999996,-23.811419],[-45.399148699999955,-23.81156509999994],[-45.39921709999993,-23.81173629999995],[-45.39926609999998,-23.811916399999973],[-45.39929559999996,-23.812171899999953],[-45.39933089999994,-23.812389499999938],[-45.399352499999964,-23.812568],[-45.399370199999964,-23.81270889999996],[-45.399477599999955,-23.81287219999996],[-45.39957719999995,-23.812986299999977],[-45.39968659999994,-23.813088],[-45.399764699999935,-23.813191399999937],[-45.399866799999984,-23.81332939999993],[-45.39994679999995,-23.81340789999996],[-45.400046799999984,-23.813538299999948],[-45.40015809999994,-23.81366309999993],[-45.400246,-23.81375939999998],[-45.40032609999997,-23.813855699999976],[-45.40037679999995,-23.813930599999935],[-45.400462699999935,-23.813991199999975],[-45.400554399999976,-23.814001899999937],[-45.40066749999994,-23.813914299999965],[-45.40082339999998,-23.813751799999977],[-45.400921799999935,-23.813673299999948],[-45.401028,-23.813579499999946],[-45.401193699999965,-23.813447399999973],[-45.401353,-23.813323199999957],[-45.40146919999995,-23.813236399999937],[-45.40162619999995,-23.813094399999954],[-45.40172089999993,-23.813027399999953],[-45.401876399999935,-23.81290439999998],[-45.40205279999998,-23.81275249999993],[-45.402225,-23.81262829999997],[-45.40238429999994,-23.812515899999937],[-45.40252839999994,-23.812391599999955],[-45.402633899999955,-23.812302899999963],[-45.40274649999998,-23.81220929999995],[-45.402873399999976,-23.81210669999996],[-45.40301329999994,-23.811996299999976],[-45.403151,-23.81187989999995],[-45.403278,-23.811779399999978],[-45.40342429999998,-23.81167679999993],[-45.403542699999946,-23.811588099999938],[-45.40369879999997,-23.811468],[-45.40390329999997,-23.811316099999942],[-45.40412919999994,-23.811113],[-45.40433359999997,-23.81095719999996],[-45.404484199999956,-23.810831],[-45.40476309999997,-23.810609399999976],[-45.405053599999974,-23.810396399999945],[-45.40523,-23.81025049999994],[-45.40532039999994,-23.81016569999997],[-45.40551849999997,-23.810014699999954],[-45.405809,-23.80978589999995],[-45.405962,-23.809661499999947],[-45.40597279999997,-23.80965759999998],[-45.40598139999997,-23.809649699999966],[-45.40613829999995,-23.809533399999964],[-45.406205,-23.80949789999994],[-45.40634479999994,-23.809509599999956],[-45.406492399999934,-23.80957539999997],[-45.406529699999965,-23.809592099999975],[-45.406600699999956,-23.809700199999952],[-45.40665229999996,-23.80978269999997],[-45.40671679999997,-23.809890699999983],[-45.406695199999945,-23.809982699999978],[-45.40664579999998,-23.81012039999996],[-45.406659,-23.810299199999974],[-45.406743,-23.81038369999993],[-45.40674339999998,-23.810486099999935],[-45.40674579999995,-23.810570799999937],[-45.40672889999996,-23.810657599999956],[-45.40677019999998,-23.810797699999966],[-45.40686279999994,-23.810890099999938],[-45.40700679999998,-23.810878199999934],[-45.40711649999997,-23.81086819999996],[-45.40723909999997,-23.810840499999983],[-45.40732729999996,-23.810887599999944],[-45.40741559999998,-23.81096629999996],[-45.407501699999955,-23.811086199999977],[-45.40751469999998,-23.811138],[-45.407517,-23.81125409999993],[-45.40753859999995,-23.81134069999996],[-45.40762479999995,-23.811458699999946],[-45.40765279999994,-23.81152559999998],[-45.40768939999998,-23.81158069999998],[-45.40780339999998,-23.811612],[-45.40787389999997,-23.81161409999993],[-45.407880399999954,-23.811612099999934],[-45.40798569999998,-23.81159809999997],[-45.40807139999998,-23.81165989999994],[-45.40814679999994,-23.811783799999944],[-45.40820919999993,-23.811860399999944],[-45.408303899999964,-23.811919299999943],[-45.40839429999994,-23.811969199999965],[-45.40838729999996,-23.81209],[-45.408411299999955,-23.812278799999945],[-45.408431,-23.812396899999953],[-45.40843979999994,-23.81249329999997],[-45.40845509999997,-23.812574],[-45.40838859999997,-23.812597799999935],[-45.408294,-23.81258809999997],[-45.408182299999964,-23.812663099999952],[-45.408077,-23.812730199999976],[-45.40796519999998,-23.812797299999943],[-45.40787489999997,-23.81285269999995],[-45.40787709999995,-23.812931499999934],[-45.407984899999974,-23.813012199999946],[-45.408070899999984,-23.81295289999997],[-45.40816119999994,-23.81289759999993],[-45.408221399999945,-23.812852199999952],[-45.40828159999995,-23.81288559999996],[-45.40833329999998,-23.812930799999947],[-45.408335499999964,-23.812930799999947],[-45.40843429999995,-23.812887299999943],[-45.40857669999997,-23.812896199999955],[-45.40864369999997,-23.81297539999997],[-45.40871569999996,-23.81308869999998],[-45.40877279999995,-23.813267699999983],[-45.408807699999954,-23.813421799999958],[-45.408834499999955,-23.813604899999973],[-45.408840199999986,-23.813644],[-45.40882789999995,-23.813773199999957],[-45.408824799999934,-23.813811399999963],[-45.40881319999994,-23.813927399999955],[-45.40879849999993,-23.814065699999958],[-45.40875139999997,-23.81412469999998],[-45.40864839999995,-23.814168],[-45.40857409999995,-23.814195199999972],[-45.408475099999976,-23.81429959999997],[-45.40844789999994,-23.814399399999957],[-45.408505,-23.81446969999996],[-45.408596699999975,-23.81444689999995],[-45.40866609999995,-23.814542099999983],[-45.40868109999997,-23.81464859999994],[-45.40875049999994,-23.814739199999963],[-45.408780399999955,-23.814863899999978],[-45.40879159999997,-23.814993],[-45.408762,-23.815083799999968],[-45.40879679999995,-23.815215199999955],[-45.40879439999998,-23.815317299999947],[-45.408777199999975,-23.815476],[-45.40873269999997,-23.815607599999964],[-45.40866089999997,-23.81567789999997],[-45.40854939999997,-23.81567119999994],[-45.408492199999955,-23.81567469999993],[-45.408403,-23.815701899999965],[-45.40828659999994,-23.815781399999935],[-45.40821479999994,-23.815962799999966],[-45.40814789999996,-23.815967399999977],[-45.407984399999975,-23.81601519999998],[-45.407815899999946,-23.816047099999935],[-45.407702,-23.816133299999933],[-45.40764009999998,-23.816212699999937],[-45.40759549999996,-23.816324099999974],[-45.40751129999995,-23.81641259999998],[-45.40739979999995,-23.81645119999996],[-45.40724629999994,-23.816548799999964],[-45.40712739999998,-23.81664859999995],[-45.40711769999996,-23.81678459999995],[-45.407112799999936,-23.816886599999975],[-45.407098,-23.816984099999956],[-45.407070199999964,-23.81709849999993],[-45.40704309999995,-23.817202],[-45.407002,-23.817294499999946],[-45.406856,-23.81737],[-45.40677549999998,-23.81741809999994],[-45.406678099999965,-23.81745589999997],[-45.40659009999996,-23.81747649999994],[-45.40652069999993,-23.817478299999948],[-45.40644759999998,-23.817452699999933],[-45.40635389999994,-23.817423599999927],[-45.406271499999946,-23.817466499999966],[-45.40621349999998,-23.817540299999962],[-45.406164899999965,-23.817638],[-45.40621549999997,-23.81776389999993],[-45.40624369999995,-23.817894099999933],[-45.406213899999955,-23.817980699999964],[-45.406143,-23.818092399999955],[-45.40602949999993,-23.818139299999928],[-45.40592739999994,-23.81820689999995],[-45.40578829999998,-23.818290099999956],[-45.40573449999994,-23.818352499999946],[-45.40575439999998,-23.81843559999993],[-45.40572039999995,-23.818508299999962],[-45.40563609999998,-23.81855829999995],[-45.40549429999993,-23.81868309999993],[-45.40535819999997,-23.818789699999968],[-45.405270299999984,-23.818955899999935],[-45.405191,-23.819085799999982],[-45.40508889999995,-23.81918719999993],[-45.405035,-23.81928849999997],[-45.40496419999994,-23.819363799999962],[-45.40490189999997,-23.819491],[-45.40483389999997,-23.81961309999997],[-45.404794299999935,-23.819727399999977],[-45.40484259999994,-23.819867399999964],[-45.40492219999993,-23.81998159999995],[-45.40501879999994,-23.82002559999995],[-45.405035699999985,-23.819924399999934],[-45.40507539999993,-23.81989059999995],[-45.40516619999994,-23.819885399999976],[-45.40523719999993,-23.819913799999938],[-45.40529959999998,-23.81996829999997],[-45.405345,-23.82002269999998],[-45.40540169999997,-23.820069299999943],[-45.40547259999994,-23.82014429999998],[-45.40553209999996,-23.820214199999953],[-45.40558589999995,-23.820271099999957],[-45.405636899999934,-23.82035559999997],[-45.40570769999994,-23.82042809999996],[-45.40577289999993,-23.820505799999978],[-45.405835199999956,-23.820583399999975],[-45.40578439999996,-23.820624899999927],[-45.40581569999995,-23.82071559999997],[-45.405889499999944,-23.820811499999934],[-45.406042499999955,-23.820896799999957],[-45.406116199999985,-23.82096409999997],[-45.40624639999993,-23.82102089999995],[-45.406359399999985,-23.821036299999946],[-45.40656289999998,-23.82105669999993],[-45.40678079999998,-23.821017599999948],[-45.40688879999993,-23.820996],[-45.40703039999994,-23.821014],[-45.40717189999998,-23.82102169999996],[-45.407316299999934,-23.821006099999977],[-45.407455099999936,-23.821029299999964],[-45.407588199999964,-23.821034399999974],[-45.40773829999995,-23.82102649999996],[-45.40790849999996,-23.82109379999997],[-45.408050199999934,-23.82112479999995],[-45.408154199999956,-23.82118459999998],[-45.408313,-23.821244099999944],[-45.40842939999993,-23.82132169999994],[-45.408520299999964,-23.821389099999976],[-45.408659299999954,-23.82147969999994],[-45.40877249999994,-23.821502899999928],[-45.40889439999995,-23.821565],[-45.40904739999996,-23.82163749999995],[-45.409223,-23.821700299999975],[-45.409370499999966,-23.821715799999936],[-45.40951529999995,-23.821733799999947],[-45.409643,-23.82171809999994],[-45.40977069999997,-23.821686899999975],[-45.409853,-23.82163749999995],[-45.40990089999997,-23.821523399999933],[-45.40994889999996,-23.821450699999957],[-45.41007529999996,-23.821394599999962],[-45.41027649999995,-23.82141269999994],[-45.410475099999985,-23.821435899999983],[-45.41066809999995,-23.821508499999936],[-45.41082409999996,-23.821599099999958],[-45.410841199999936,-23.821640599999967],[-45.41079309999998,-23.82173419999998],[-45.41077339999998,-23.821840599999973],[-45.41083589999994,-23.821931399999983],[-45.41096929999998,-23.822050499999932],[-45.41106289999993,-23.822141199999976],[-45.41113949999993,-23.82221379999993],[-45.41124169999995,-23.822325199999966],[-45.411298399999964,-23.822401799999966],[-45.41133819999993,-23.822482199999968],[-45.41133839999998,-23.82263009999997],[-45.411347,-23.822755],[-45.41134469999997,-23.822806499999956],[-45.41134159999996,-23.82288989999995],[-45.41137289999995,-23.82303],[-45.411376,-23.823201299999937],[-45.411393199999964,-23.823323199999948],[-45.411473599999965,-23.823451899999952],[-45.41157009999995,-23.823555599999963],[-45.41168939999994,-23.823724099999936],[-45.41177449999998,-23.82383089999996],[-45.41178609999997,-23.82395539999993],[-45.41189119999996,-23.824077299999942],[-45.41195369999997,-23.824175799999978],[-45.411928399999965,-23.824279699999977],[-45.41195979999998,-23.824401699999953],[-45.41194019999995,-23.824534099999937],[-45.41192909999995,-23.824656199999936],[-45.41194049999996,-23.824757399999953],[-45.41208249999994,-23.824845599999946],[-45.412196,-23.824835099999973],[-45.412252499999965,-23.82474929999995],[-45.41229739999994,-23.82463219999994],[-45.412396299999955,-23.824569699999927],[-45.41252639999993,-23.82457729999993],[-45.41260589999996,-23.824639499999932],[-45.412710499999946,-23.824709199999972],[-45.41280419999998,-23.82475059999996],[-45.41288939999998,-23.824786899999935],[-45.41297169999996,-23.824823099999946],[-45.41302289999993,-23.824862],[-45.41304579999996,-23.824950299999955],[-45.4131,-23.825025599999947],[-45.413301599999954,-23.825030699999957],[-45.413418,-23.825020199999983],[-45.41354549999994,-23.82495259999996],[-45.41362789999994,-23.824968099999978],[-45.41365319999994,-23.824885],[-45.41368139999997,-23.82478109999994],[-45.41374379999996,-23.824692899999945],[-45.41384029999995,-23.824552599999947],[-45.413826,-23.824467],[-45.41372639999997,-23.824404799999968],[-45.41363529999995,-23.824277699999982],[-45.41360679999997,-23.824176499999965],[-45.41366919999996,-23.824103799999932],[-45.413723,-23.823999899999933],[-45.413737099999935,-23.823924699999964],[-45.413702899999976,-23.82385469999997],[-45.41364889999994,-23.823802799999953],[-45.41359989999995,-23.823706399999935],[-45.413819399999966,-23.823547099999928],[-45.414157899999964,-23.823471499999982],[-45.41472539999995,-23.823362199999963],[-45.41510989999995,-23.823303299999964],[-45.415421299999934,-23.82326949999998],[-45.41569569999996,-23.823235799999964],[-45.41607079999994,-23.823185199999955],[-45.416317499999934,-23.823176699999976],[-45.41669189999993,-23.823151199999927],[-45.416754,-23.82323589999993],[-45.41686839999994,-23.823298799999975],[-45.417019799999935,-23.823282199999937],[-45.41711789999994,-23.823331],[-45.41713609999994,-23.82344539999997],[-45.417181,-23.82355979999994],[-45.41717219999998,-23.82364139999993],[-45.41727059999994,-23.823821],[-45.41743139999994,-23.82394329999994],[-45.417609899999945,-23.82397579999997],[-45.41785079999994,-23.823975599999983],[-45.41810979999997,-23.824024399999928],[-45.418306,-23.824016],[-45.418457699999976,-23.824024],[-45.418698699999936,-23.824023799999964],[-45.41884189999996,-23.82401909999993],[-45.41900459999994,-23.823995399999944],[-45.41927869999995,-23.82400309999997],[-45.41936439999995,-23.824073599999963],[-45.419510199999934,-23.82413619999994],[-45.41954039999996,-23.824308799999983],[-45.41955359999997,-23.824485299999935],[-45.419611,-23.824586],[-45.41971389999998,-23.824633],[-45.41982539999998,-23.824695599999927],[-45.41996259999996,-23.824722899999983],[-45.42006969999994,-23.824699299999963],[-45.420249799999965,-23.82475009999996],[-45.42038679999996,-23.82477739999996],[-45.420541,-23.82483209999998],[-45.42069939999993,-23.82487509999993],[-45.420892,-23.824953299999947],[-45.42105449999997,-23.825035399999933],[-45.42121689999993,-23.825121299999978],[-45.42132789999994,-23.825160299999936],[-45.421421899999984,-23.82524239999998],[-45.42150309999994,-23.82531279999995],[-45.42160549999994,-23.825371299999972],[-45.42168229999993,-23.825426],[-45.42174639999996,-23.825500199999965],[-45.42182749999995,-23.825566599999945],[-45.421901,-23.82565649999998],[-45.42187119999994,-23.825742599999955],[-45.421803,-23.825817],[-45.42178609999996,-23.825977399999942],[-45.421811899999966,-23.82608309999995],[-45.42182909999997,-23.82616919999998],[-45.42181229999994,-23.826255299999957],[-45.42171859999996,-23.82632209999997],[-45.421654699999976,-23.826408399999934],[-45.421655,-23.826522],[-45.421732099999986,-23.82660809999993],[-45.42181059999996,-23.826705499999946],[-45.421875,-23.82679939999997],[-45.42193919999994,-23.826862],[-45.42198209999998,-23.826975499999946],[-45.42200369999995,-23.827112599999964],[-45.421982499999956,-23.827269299999955],[-45.42194839999996,-23.827355499999953],[-45.42184569999995,-23.82738319999993],[-45.421721599999955,-23.827426499999945],[-45.4216,-23.82745449999993],[-45.42151019999994,-23.827529],[-45.42146329999997,-23.827634899999964],[-45.42143779999998,-23.82776819999998],[-45.42146359999998,-23.82789359999998],[-45.42145939999995,-23.82797979999998],[-45.42131809999995,-23.827995699999974],[-45.42122409999996,-23.82810569999998],[-45.421151399999985,-23.828203799999983],[-45.42121579999997,-23.82831349999998],[-45.42132719999995,-23.828364299999976],[-45.42141729999997,-23.828438699999936],[-45.421657,-23.82841469999994],[-45.421858499999985,-23.828481199999942],[-45.42202139999995,-23.82851249999993],[-45.422248399999944,-23.828492599999947],[-45.42238519999995,-23.828366899999935],[-45.42247469999995,-23.828190399999983],[-45.422508499999935,-23.828057],[-45.42254249999996,-23.828006],[-45.42267069999997,-23.827982299999974],[-45.422747699999945,-23.827997799999935],[-45.42288469999994,-23.82803679999995],[-45.422888899999975,-23.82803679999995],[-45.422991699999955,-23.82807589999993],[-45.42310719999995,-23.828126699999927],[-45.423158899999976,-23.828240299999948],[-45.423159399999975,-23.828342199999952],[-45.42321649999997,-23.828403899999955],[-45.42329369999993,-23.828462599999966],[-45.423362399999974,-23.828556499999934],[-45.42329419999993,-23.82863489999994],[-45.42325189999997,-23.828768199999956],[-45.423235199999965,-23.82890539999994],[-45.423149699999954,-23.82899169999996],[-45.42305969999995,-23.829003599999965],[-45.42298279999994,-23.829105599999934],[-45.423013099999935,-23.829246799999964],[-45.423107699999946,-23.82946629999998],[-45.42317639999993,-23.829568199999983],[-45.42329659999996,-23.82967009999993],[-45.42348519999996,-23.82965809999996],[-45.423707899999954,-23.82950109999996],[-45.423733099999936,-23.829281399999957],[-45.42371939999998,-23.82907739999996],[-45.42373159999994,-23.82892449999997],[-45.42381689999996,-23.82885779999998],[-45.424022,-23.828881099999933],[-45.42418449999997,-23.828924],[-45.42430529999996,-23.82908059999994],[-45.42443019999996,-23.829190299999937],[-45.424555199999986,-23.829288299999973],[-45.424722799999984,-23.829366599999958],[-45.42486709999997,-23.82924079999998],[-45.425072099999966,-23.829168899999956],[-45.42521289999996,-23.82900019999994],[-45.42531519999994,-23.828898299999935],[-45.42540489999993,-23.82891],[-45.42549889999998,-23.828956799999958],[-45.42564,-23.829031],[-45.42574259999998,-23.82907389999997],[-45.42583659999997,-23.829124599999943],[-45.42597749999993,-23.829183099999966],[-45.42608429999996,-23.829245499999956],[-45.42623789999993,-23.829296],[-45.42634949999996,-23.829417199999966],[-45.42643529999998,-23.829507199999966],[-45.42651619999998,-23.829586099999972],[-45.426610299999936,-23.829668099999935],[-45.42673849999994,-23.82973839999994],[-45.42680279999996,-23.829839899999968],[-45.42672659999994,-23.829957499999978],[-45.426722799999936,-23.83009859999993],[-45.42680859999996,-23.830243399999972],[-45.42690289999996,-23.830380299999945],[-45.42698889999997,-23.830482699999948],[-45.42709169999995,-23.830576599999972],[-45.42720319999995,-23.83072519999996],[-45.42734449999995,-23.83080339999998],[-45.42761819999998,-23.830916599999966],[-45.42784469999998,-23.830971099999942],[-45.42808439999993,-23.831060799999932],[-45.42839669999995,-23.83117519999996],[-45.428508299999976,-23.83128069999998],[-45.42879009999996,-23.83135489999995],[-45.42908449999993,-23.83146019999998],[-45.429310499999985,-23.831483499999933],[-45.429477,-23.83158889999993],[-45.42963959999997,-23.831682599999965],[-45.429768,-23.831749],[-45.42989229999995,-23.83185839999993],[-45.43004229999997,-23.831979599999954],[-45.43016209999996,-23.832042099999967],[-45.430294799999956,-23.83211239999997],[-45.43044039999995,-23.832190499999967],[-45.43057319999997,-23.83226869999993],[-45.43069319999995,-23.832319499999983],[-45.430822,-23.832393899999943],[-45.43092939999997,-23.832456499999978],[-45.431071,-23.83250739999994],[-45.431189,-23.83255909999997],[-45.431300299999975,-23.832586499999934],[-45.43141159999993,-23.832578499999954],[-45.43149719999997,-23.832566699999973],[-45.431561399999964,-23.832574499999964],[-45.431647099999964,-23.83264889999998],[-45.431724299999985,-23.832719399999974],[-45.431822899999986,-23.832789899999966],[-45.43189159999997,-23.83287219999994],[-45.431986,-23.83295439999995],[-45.43205459999996,-23.83302109999994],[-45.43216619999998,-23.833091499999966],[-45.43225619999998,-23.833134599999937],[-45.432367699999986,-23.83310709999995],[-45.432466199999965,-23.833036499999935],[-45.43247039999994,-23.83289929999995],[-45.432465899999954,-23.832742399999972],[-45.432427099999984,-23.83263649999998],[-45.43233679999997,-23.832495499999936],[-45.43222089999995,-23.83238579999994],[-45.43215209999994,-23.832237],[-45.43204909999997,-23.83211179999995],[-45.43197279999998,-23.831988399999943],[-45.43184809999997,-23.831765099999927],[-45.43180079999996,-23.831659299999956],[-45.43171909999995,-23.831518399999936],[-45.431641799999966,-23.831326599999954],[-45.431478899999945,-23.831135],[-45.431316,-23.830912099999978],[-45.43123459999998,-23.83077529999997],[-45.43116169999996,-23.83063839999994],[-45.43114929999996,-23.830511899999976],[-45.43118389999995,-23.830347599999982],[-45.43151,-23.82998239999995],[-45.43178919999997,-23.829731799999934],[-45.431989699999974,-23.82953539999994],[-45.43225949999993,-23.82933909999997],[-45.43267909999997,-23.829111199999943],[-45.43289119999997,-23.829016099999933],[-45.43313089999998,-23.82890679999997],[-45.43365369999998,-23.828686799999957],[-45.43419769999997,-23.82847049999998],[-45.43466449999994,-23.82828969999997],[-45.43523819999996,-23.828084399999966],[-45.435718099999974,-23.827872199999945],[-45.43581169999993,-23.827842199999964],[-45.43604819999996,-23.827766099999963],[-45.436382299999934,-23.827652099999966],[-45.436851299999944,-23.82745209999996],[-45.43732359999996,-23.827250299999946],[-45.43783769999993,-23.827081199999952],[-45.438283299999966,-23.82694349999997],[-45.43867329999995,-23.826849099999947],[-45.43904619999995,-23.826742899999942],[-45.43947909999997,-23.82666789999996],[-45.439787699999954,-23.82665979999996],[-45.44014779999998,-23.826659399999983],[-45.44040079999996,-23.82666009999997],[-45.44073929999996,-23.82670289999993],[-45.44099129999995,-23.82678139999996],[-45.44124629999993,-23.82688749999994],[-45.44129379999998,-23.827040099999977],[-45.441291099999944,-23.827251699999977],[-45.44137359999996,-23.827470199999937],[-45.441456,-23.82761329999994],[-45.44150539999998,-23.827726299999938],[-45.44154659999998,-23.827869299999975],[-45.44157139999993,-23.82799739999996],[-45.44159629999996,-23.828125399999976],[-45.44167029999994,-23.828268399999956],[-45.44163779999997,-23.828434199999947],[-45.441621699999985,-23.828577499999938],[-45.44161429999997,-23.82878889999995],[-45.44153259999996,-23.82897779999996],[-45.441557899999964,-23.82918159999997],[-45.44155019999994,-23.82937039999996],[-45.441585499999974,-23.82955149999998],[-45.44159149999996,-23.82969789999993],[-45.44160619999997,-23.829849699999954],[-45.44170239999994,-23.829974799999945],[-45.44180739999996,-23.830089199999975],[-45.441976299999965,-23.83013169999998],[-45.44201119999997,-23.83004909999994],[-45.44201949999996,-23.82983329999996],[-45.44201039999996,-23.829734599999938],[-45.442111299999965,-23.829633],[-45.442276299999946,-23.829576799999927],[-45.44238359999997,-23.82955529999998],[-45.442577599999936,-23.82961339999997],[-45.44280279999998,-23.829687599999943],[-45.443009,-23.82979359999996],[-45.44321169999995,-23.829897899999935],[-45.443406799999934,-23.830049],[-45.443586799999935,-23.830171],[-45.443771,-23.83031959999994],[-45.44389069999994,-23.830434499999967],[-45.443948699999964,-23.830531699999938],[-45.44401,-23.830655499999978],[-45.44405489999997,-23.830799599999978],[-45.44406379999998,-23.83092369999997],[-45.444161,-23.83105269999993],[-45.444291,-23.83117909999993],[-45.444353699999965,-23.831293099999982],[-45.44447279999997,-23.83146],[-45.44467229999998,-23.83167489999994],[-45.44482209999995,-23.831854499999963],[-45.44496619999995,-23.83196659999993],[-45.445079799999974,-23.832104499999957],[-45.445245399999976,-23.832231],[-45.445406899999966,-23.832339899999965],[-45.445572399999946,-23.832455899999957],[-45.44581169999998,-23.832645699999944],[-45.44593069999996,-23.832746699999973],[-45.44608109999996,-23.832866199999955],[-45.44620459999993,-23.83298229999997],[-45.44636269999995,-23.83306659999994],[-45.44646639999996,-23.832971399999963],[-45.44646239999997,-23.832858699999974],[-45.44648489999997,-23.832686199999955],[-45.446418499999936,-23.832472],[-45.44641939999997,-23.832235699999956],[-45.44647279999998,-23.83211259999996],[-45.44657079999996,-23.831863099999964],[-45.446828,-23.831599299999937],[-45.44698049999994,-23.831295],[-45.44719919999994,-23.831020799999976],[-45.44743039999997,-23.830862499999967],[-45.44757279999993,-23.830573699999945],[-45.447653799999955,-23.830394],[-45.44773449999997,-23.83020369999997],[-45.447657,-23.829992699999934],[-45.447560099999976,-23.82969129999998],[-45.447475,-23.829466099999934],[-45.44739379999993,-23.829272699999933],[-45.44728969999994,-23.82908989999993],[-45.447181599999965,-23.828721],[-45.44705819999996,-23.828520599999933],[-45.44695419999994,-23.828425799999934],[-45.446838699999944,-23.828313399999956],[-45.44673089999998,-23.828156899999954],[-45.44672689999993,-23.828016299999945],[-45.446707499999945,-23.827900299999953],[-45.44680729999993,-23.827692399999933],[-45.446895799999936,-23.827558499999952],[-45.447034299999984,-23.827399699999944],[-45.44712659999993,-23.827304399999946],[-45.44732319999997,-23.827167],[-45.44754249999994,-23.827049099999954],[-45.44779959999994,-23.826882699999942],[-45.448041599999954,-23.82675089999998],[-45.44826729999994,-23.826673899999946],[-45.44849179999994,-23.82656849999995],[-45.44877889999998,-23.826458299999956],[-45.44906589999994,-23.826343399999928],[-45.44941039999998,-23.82620449999996],[-45.44977049999994,-23.826075199999934],[-45.45009969999995,-23.825927899999954],[-45.45039129999998,-23.82579759999993],[-45.450671299999954,-23.82569589999997],[-45.451,-23.825556699999936],[-45.451379,-23.825357399999973],[-45.45175869999997,-23.825204],[-45.452431299999944,-23.824918799999978],[-45.452765399999976,-23.824747],[-45.45300849999995,-23.824621599999944],[-45.45338409999994,-23.82438559999997],[-45.45379029999998,-23.824199299999975],[-45.454079699999966,-23.82401779999998],[-45.454569799999945,-23.823846299999957],[-45.45488849999998,-23.823679199999958],[-45.45520629999993,-23.823504299999968],[-45.455592,-23.82333079999995],[-45.45584,-23.823199899999963],[-45.45613909999997,-23.823008699999946],[-45.456569299999956,-23.82278109999993],[-45.45692859999997,-23.822590799999944],[-45.45731839999996,-23.822432799999945],[-45.45771309999998,-23.822223899999983],[-45.45809239999994,-23.82205229999994],[-45.458451699999955,-23.821903599999928],[-45.458730199999934,-23.82174109999994],[-45.459028399999966,-23.821624],[-45.459254699999974,-23.821529299999952],[-45.45950269999997,-23.821454899999935],[-45.45962169999996,-23.821394],[-45.45993789999994,-23.821213499999942],[-45.46019089999993,-23.82106959999993],[-45.46049979999998,-23.82098579999996],[-45.460793199999955,-23.82081409999995],[-45.46113209999993,-23.820679499999983],[-45.46137479999993,-23.820591299999933],[-45.46175439999996,-23.820489],[-45.461982,-23.820382199999983],[-45.462245,-23.820228199999974],[-45.462486199999944,-23.82013459999996],[-45.46286209999994,-23.819987],[-45.463140399999986,-23.819884799999954],[-45.46342789999994,-23.819757299999935],[-45.463724499999955,-23.819655],[-45.46394689999994,-23.819569799999954],[-45.464327099999934,-23.81948449999993],[-45.464559,-23.819390899999973],[-45.46482809999998,-23.819280299999946],[-45.46507849999995,-23.819195099999945],[-45.46530119999994,-23.81916089999993],[-45.46549609999994,-23.81912669999997],[-45.46567229999994,-23.819101099999955],[-45.465839399999936,-23.819126299999937],[-45.46609569999998,-23.819087799999977],[-45.466252699999984,-23.81910149999993],[-45.466424899999936,-23.819106],[-45.46660719999994,-23.819073299999957],[-45.46677429999994,-23.81905919999997],[-45.46697689999996,-23.819068199999947],[-45.46719969999998,-23.819128099999944],[-45.46735329999996,-23.819137199999943],[-45.46754589999995,-23.819197199999962],[-45.46776879999993,-23.819284899999957],[-45.467915699999935,-23.819358799999975],[-45.46810309999995,-23.819465],[-45.468244899999945,-23.819543499999952],[-45.46845229999997,-23.81961249999995],[-45.46860419999996,-23.819737199999963],[-45.468750899999975,-23.819852499999968],[-45.46882679999993,-23.819977299999948],[-45.46882729999993,-23.820235799999978],[-45.46882739999995,-23.82028749999995],[-45.46858529999997,-23.820662599999935],[-45.46851989999993,-23.820861699999966],[-45.468550499999935,-23.821065399999952],[-45.468596,-23.82126889999995],[-45.468641599999955,-23.821490899999958],[-45.46866719999997,-23.821718399999952],[-45.46865829999996,-23.82202369999993],[-45.46874509999998,-23.822292199999936],[-45.46880619999996,-23.822551499999975],[-45.46901909999997,-23.82273189999995],[-45.46937849999995,-23.822856399999978],[-45.46953909999996,-23.822753899999952],[-45.469701,-23.82286019999998],[-45.46991409999998,-23.823012699999936],[-45.47018659999998,-23.82303989999997],[-45.47045959999997,-23.82316309999993],[-45.470692,-23.823190599999975],[-45.470919,-23.823162599999932],[-45.47113639999998,-23.823153099999956],[-45.47134319999998,-23.823023399999954],[-45.471526,-23.823041599999954],[-45.47160759999997,-23.82307839999993],[-45.47191239999995,-23.823378799999944],[-45.47204379999994,-23.823545299999978],[-45.47214619999994,-23.823709399999927],[-45.47222769999996,-23.823945299999934],[-45.472319099999936,-23.824107199999958],[-45.47236019999997,-23.82427839999997],[-45.472527499999956,-23.82443559999996],[-45.47252309999993,-23.824583899999936],[-45.47256429999993,-23.82474659999997],[-45.47261529999997,-23.824885499999937],[-45.472686599999975,-23.825010499999962],[-45.472798299999965,-23.82510309999998],[-45.47293539999998,-23.825195599999972],[-45.473047099999974,-23.825306699999942],[-45.47320419999994,-23.82539449999996],[-45.473326,-23.82551019999994],[-45.47349329999997,-23.825607299999945],[-45.47352859999995,-23.825505299999975],[-45.473670099999936,-23.825305899999933],[-45.47368439999997,-23.82512509999998],[-45.47378439999994,-23.82491189999996],[-45.473742899999934,-23.82476369999995],[-45.47366119999998,-23.82467589999993],[-45.47361979999994,-23.824537199999952],[-45.47362339999995,-23.82441239999997],[-45.47377759999995,-23.82424149999997],[-45.47400939999994,-23.82416269999993],[-45.47419519999994,-23.824079499999982],[-45.474352899999985,-23.824076799999943],[-45.47455469999994,-23.823984499999938],[-45.47476169999993,-23.824035099999946],[-45.474918299999956,-23.82409949999993],[-45.47512089999998,-23.824256099999957],[-45.47523729999995,-23.824339099999975],[-45.475379299999986,-23.824482099999955],[-45.47553629999993,-23.824611299999958],[-45.475653,-23.824722099999974],[-45.47577469999993,-23.824833],[-45.475856599999986,-23.824999499999933],[-45.47595819999998,-23.825207599999942],[-45.476059,-23.82534149999998],[-45.47621439999995,-23.82549329999995],[-45.47628559999998,-23.825652399999967],[-45.476221,-23.825823399999933],[-45.47632689999995,-23.825975899999946],[-45.476454,-23.826160699999946],[-45.47648039999996,-23.826276399999983],[-45.476492399999984,-23.826447799999983],[-45.47658359999997,-23.826568099999974],[-45.476693299999965,-23.82659069999994],[-45.476774199999966,-23.826687799999945],[-45.476805199999944,-23.82675729999994],[-45.476926799999944,-23.826789099999928],[-45.477012299999956,-23.82684459999996],[-45.47710839999996,-23.826950799999963],[-45.47718439999994,-23.827052399999957],[-45.47728519999998,-23.82713549999994],[-45.47738639999994,-23.827246299999956],[-45.47741259999998,-23.827338699999927],[-45.477523599999984,-23.827431],[-45.477589499999965,-23.827509499999962],[-45.47764079999996,-23.827602],[-45.477692299999944,-23.82770839999995],[-45.47770349999996,-23.827805799999965],[-45.477825199999984,-23.827972199999977],[-45.477932899999985,-23.828107899999964],[-45.47805749999998,-23.82823049999996],[-45.478161899999975,-23.828280399999983],[-45.478340799999955,-23.82837559999996],[-45.47854389999998,-23.828461499999946],[-45.47872709999996,-23.828515599999946],[-45.47893959999993,-23.82855589999997],[-45.47907339999995,-23.828599899999972],[-45.47921709999997,-23.82863149999997],[-45.47939039999994,-23.82867669999996],[-45.479549,-23.828726399999937],[-45.47969759999995,-23.828767],[-45.47979729999997,-23.828844],[-45.47994659999995,-23.828939],[-45.480150299999934,-23.829061299999978],[-45.480314,-23.829142699999977],[-45.48040339999994,-23.829197],[-45.480561799999975,-23.82926029999993],[-45.48070539999998,-23.829296299999953],[-45.48081039999994,-23.829305399999953],[-45.480956499999934,-23.829360099999974],[-45.48105849999996,-23.829373799999928],[-45.48110289999994,-23.829323599999952],[-45.481227399999966,-23.829332799999975],[-45.481342,-23.829351],[-45.481431499999985,-23.82936],[-45.48156069999993,-23.829369],[-45.48173959999997,-23.82935509999993],[-45.481819,-23.829341299999953],[-45.48194339999998,-23.82935029999993],[-45.48208779999993,-23.82940469999994],[-45.48228629999994,-23.829458899999963],[-45.48243039999994,-23.82951319999995],[-45.482506099999966,-23.82965889999997],[-45.48262049999994,-23.829717899999935],[-45.482852299999934,-23.82959429999994],[-45.48314579999993,-23.829553199999964],[-45.48339,-23.829503],[-45.48368339999996,-23.829525399999966],[-45.48390349999994,-23.82931229999997],[-45.484166699999946,-23.82931659999997],[-45.48439529999996,-23.82933449999996],[-45.48463879999997,-23.829384199999936],[-45.48478789999996,-23.829506899999956],[-45.48496519999998,-23.82961],[-45.48497489999994,-23.829801],[-45.48514879999993,-23.829932799999938],[-45.485337899999934,-23.830069099999946],[-45.48553209999994,-23.83021],[-45.485666599999945,-23.830246199999976],[-45.48593029999995,-23.830232199999955],[-45.486144,-23.830049799999983],[-45.48634279999993,-23.829963],[-45.48662079999997,-23.829817],[-45.48683959999994,-23.82983029999997],[-45.48693449999996,-23.829912099999945],[-45.487049199999944,-23.82997119999993],[-45.48728239999997,-23.82985709999997],[-45.48742119999997,-23.829802299999983],[-45.487609299999974,-23.82971109999994],[-45.48774919999994,-23.829792699999928],[-45.487877899999944,-23.829742599999975],[-45.48801609999998,-23.82969559999998],[-45.48823489999995,-23.82966339999996],[-45.48847329999995,-23.829681299999947],[-45.48868669999996,-23.829712899999947],[-45.48895989999994,-23.82975349999998],[-45.48920839999994,-23.82978959999997],[-45.48940239999996,-23.829844],[-45.48959639999998,-23.82988009999997],[-45.489835,-23.82994789999998],[-45.49007359999996,-23.830065599999955],[-45.49025229999995,-23.830215],[-45.49031169999995,-23.830291899999963],[-45.490317,-23.830459899999937],[-45.490368,-23.83058029999995],[-45.49041779999993,-23.83073459999997],[-45.49048749999997,-23.83086609999998],[-45.490562,-23.830979399999933],[-45.49063639999997,-23.831083499999977],[-45.490661399999965,-23.831210399999975],[-45.49069629999997,-23.83135539999995],[-45.49068179999995,-23.83149179999998],[-45.49061789999996,-23.831642399999964],[-45.49063819999998,-23.831810899999937],[-45.49070859999995,-23.83195459999996],[-45.49078819999994,-23.832095299999935],[-45.49076859999997,-23.832240799999965],[-45.49077379999994,-23.832436599999937],[-45.49085359999998,-23.832582099999968],[-45.49096319999995,-23.832727499999976],[-45.491092599999945,-23.832880599999953],[-45.49115739999996,-23.83301679999994],[-45.491207299999985,-23.83319389999997],[-45.491237299999966,-23.833362],[-45.49126739999997,-23.833511899999962],[-45.491292699999974,-23.83366669999998],[-45.49129289999996,-23.833753299999955],[-45.49135289999998,-23.833880699999952],[-45.49140179999995,-23.834030299999938],[-45.491441899999984,-23.834212199999968],[-45.49151669999998,-23.83437589999994],[-45.49162129999996,-23.83447579999995],[-45.491671199999985,-23.83457119999997],[-45.49178569999998,-23.834661299999937],[-45.491835599999945,-23.83473829999997],[-45.491855499999986,-23.834811],[-45.49185579999994,-23.834933599999943],[-45.49176159999996,-23.83508409999996],[-45.49179669999995,-23.83520429999993],[-45.49184749999995,-23.83536769999995],[-45.49189819999998,-23.83551259999996],[-45.491918699999985,-23.835707499999955],[-45.491953799999976,-23.835729199999946],[-45.49190939999994,-23.835851699999978],[-45.49176959999994,-23.835820699999942],[-45.49159519999995,-23.835894],[-45.491485799999964,-23.835957899999983],[-45.49138529999993,-23.836098499999935],[-45.491345699999954,-23.83639],[-45.491306099999974,-23.836576599999944],[-45.491246599999954,-23.83675409999995],[-45.491256799999974,-23.83689959999998],[-45.49131169999998,-23.837072499999977],[-45.491286799999955,-23.83722759999995],[-45.491287,-23.83735059999998],[-45.491282199999944,-23.83743709999993],[-45.49144159999997,-23.837546],[-45.491650499999935,-23.837499799999932],[-45.49170509999993,-23.837413],[-45.49177949999995,-23.837298799999928],[-45.49189359999997,-23.837198199999932],[-45.49205239999998,-23.837174699999935],[-45.492137,-23.83727],[-45.492251299999964,-23.837342399999955],[-45.49236579999996,-23.83745609999994],[-45.49235129999994,-23.837552099999982],[-45.492416299999945,-23.837688799999967],[-45.49253589999995,-23.837820699999952],[-45.49268079999996,-23.837909399999944],[-45.49279029999997,-23.838018499999976],[-45.49290469999994,-23.838045499999964],[-45.493039,-23.838095299999964],[-45.49316339999996,-23.83814519999993],[-45.49329759999995,-23.838154199999963],[-45.49348149999997,-23.83813109999994],[-45.49363049999994,-23.838117199999942],[-45.49370469999997,-23.838003199999946],[-45.493749,-23.837889299999972],[-45.493713799999966,-23.837770899999953],[-45.49364889999998,-23.837670899999978],[-45.49368839999994,-23.837616199999957],[-45.493807199999935,-23.837543299999936],[-45.49398529999996,-23.83744749999994],[-45.49405109999998,-23.83743309999994],[-45.49419349999994,-23.837401799999952],[-45.49432249999995,-23.837415199999953],[-45.494436,-23.837383199999977],[-45.49455089999998,-23.83745579999993],[-45.49471619999997,-23.83743789999994],[-45.49481579999997,-23.837534],[-45.49503459999994,-23.83762489999998],[-45.49520659999996,-23.83765859999994],[-45.495310899999936,-23.837740199999928],[-45.49543529999994,-23.837780799999962],[-45.49553959999997,-23.83784419999995],[-45.49564879999997,-23.837934899999937],[-45.495768099999964,-23.83803919999997],[-45.495917099999986,-23.838129899999956],[-45.49599669999998,-23.838179799999978],[-45.49608609999996,-23.838216],[-45.49618049999998,-23.83824759999993],[-45.49619059999998,-23.838329599999952],[-45.49629509999994,-23.838438399999973],[-45.49644889999996,-23.838465],[-45.49657319999994,-23.83853759999994],[-45.496752199999946,-23.838637399999982],[-45.49688649999996,-23.838714599999946],[-45.497000699999944,-23.83876429999998],[-45.497115,-23.838818699999933],[-45.49723949999998,-23.838877799999977],[-45.497443499999974,-23.83892309999993],[-45.49763749999994,-23.838968499999964],[-45.497782,-23.83905479999993],[-45.49794069999996,-23.83899539999993],[-45.498214,-23.838940599999944],[-45.49835669999993,-23.83883519999995],[-45.49853449999995,-23.83876189999995],[-45.49871419999994,-23.83854249999996],[-45.498847599999976,-23.838483199999928],[-45.49899689999995,-23.838465],[-45.499153,-23.83854249999996],[-45.499282499999936,-23.838583299999982],[-45.49942829999998,-23.838665299999946],[-45.49962719999996,-23.838746699999945],[-45.49981789999998,-23.83898709999994],[-45.499991799999975,-23.83911859999995],[-45.50018019999993,-23.839259199999958],[-45.50034809999994,-23.839367799999934],[-45.500493,-23.839562899999976],[-45.500592799999936,-23.839694599999973],[-45.500643399999944,-23.839812799999947],[-45.50075889999994,-23.83991149999997],[-45.500868399999945,-23.84000679999997],[-45.50105159999998,-23.840034],[-45.501171,-23.840133699999967],[-45.501368699999944,-23.84017],[-45.50148309999997,-23.840278799999965],[-45.50163169999996,-23.84035579999994],[-45.50179519999995,-23.840459899999928],[-45.501810699999965,-23.840523399999938],[-45.50184649999994,-23.84065049999998],[-45.50197069999996,-23.840754699999934],[-45.50208489999994,-23.840859],[-45.50220909999996,-23.840972299999976],[-45.50230309999995,-23.841031099999952],[-45.502385199999935,-23.841118199999983],[-45.50242529999997,-23.84119979999997],[-45.50243139999998,-23.841358699999944],[-45.502492099999984,-23.84154049999995],[-45.50253749999996,-23.84172239999998],[-45.502503299999944,-23.841886299999942],[-45.50252359999996,-23.842032],[-45.502603499999964,-23.84214559999998],[-45.50256889999997,-23.842191299999968],[-45.502439799999934,-23.84223259999993],[-45.50240519999994,-23.84236009999995],[-45.50236559999996,-23.842474],[-45.50246039999996,-23.842569499999968],[-45.50264459999994,-23.842637499999967],[-45.50280379999998,-23.842600799999957],[-45.50275869999996,-23.84247789999995],[-45.502823,-23.842341199999964],[-45.50290709999996,-23.842227099999945],[-45.50314529999997,-23.84211739999995],[-45.50332329999998,-23.841985],[-45.50347679999993,-23.84185279999997],[-45.50352609999993,-23.84172989999996],[-45.503679,-23.841615899999965],[-45.50377229999998,-23.841543],[-45.50389289999998,-23.841602],[-45.504031199999986,-23.841671299999973],[-45.504170399999964,-23.841648299999974],[-45.50428419999997,-23.841493899999932],[-45.50437839999995,-23.841430299999956],[-45.504552399999966,-23.841466199999957],[-45.50475119999993,-23.841475],[-45.504855599999985,-23.841474799999958],[-45.50502379999995,-23.84139749999997],[-45.50516769999996,-23.84137919999995],[-45.50536649999998,-23.841387899999972],[-45.50558479999995,-23.841374],[-45.505852499999946,-23.841360099999974],[-45.50603449999994,-23.84127849999993],[-45.506251099999986,-23.841197],[-45.50652349999996,-23.841219299999977],[-45.50684979999994,-23.841214399999956],[-45.50723379999994,-23.841051299999947],[-45.50750849999997,-23.841095699999983],[-45.50768939999995,-23.841013199999963],[-45.50788629999994,-23.84086919999993],[-45.50823789999998,-23.840727899999933],[-45.50849559999995,-23.840627799999936],[-45.50859459999998,-23.840546099999983],[-45.50881319999996,-23.840558899999962],[-45.50903169999998,-23.84058129999994],[-45.50934019999994,-23.84068949999994],[-45.509558099999936,-23.84063489999994],[-45.509636299999954,-23.84052159999993],[-45.50964469999997,-23.840372599999966],[-45.50968829999994,-23.840295899999944],[-45.509776199999976,-23.840214799999956],[-45.50995459999996,-23.840264299999944],[-45.510113299999944,-23.840322799999967],[-45.51021349999996,-23.840426499999978],[-45.51031439999997,-23.840561799999932],[-45.510469099999966,-23.840652099999943],[-45.51079939999994,-23.84077009999993],[-45.51106189999996,-23.840861],[-45.51135229999994,-23.84104279999997],[-45.511571699999934,-23.841300099999955],[-45.51179749999994,-23.841529299999934],[-45.51201379999998,-23.84170039999998],[-45.51236639999996,-23.841845099999944],[-45.51295079999994,-23.841949099999965],[-45.51334349999996,-23.841956899999957],[-45.513691,-23.842027299999927],[-45.51403439999996,-23.842051599999934],[-45.51432909999994,-23.842159399999957],[-45.514566499999944,-23.842075499999964],[-45.51470359999996,-23.84182],[-45.514648,-23.841686399999958],[-45.514661099999955,-23.84152759999995]],[[-45.43085229999997,-23.723688899999956],[-45.43106519999998,-23.72377249999994],[-45.43112949999994,-23.723856599999976],[-45.43122209999996,-23.723950299999956],[-45.43211309999998,-23.724015899999984],[-45.432696599999986,-23.723969099999977],[-45.43289329999993,-23.72383169999995],[-45.43302509999995,-23.72360089999995],[-45.43333289999998,-23.723207],[-45.43379169999997,-23.722788599999944],[-45.433979499999964,-23.722622799999954],[-45.43436449999996,-23.722199399999965],[-45.434392499999944,-23.72541339999998],[-45.43402669999995,-23.72542109999995],[-45.43401979999993,-23.72584919999997],[-45.43350179999993,-23.725889699999982],[-45.43338789999996,-23.72586069999994],[-45.43322939999996,-23.72581539999993],[-45.433040699999935,-23.725775899999974],[-45.43281969999998,-23.72578509999994],[-45.432127899999955,-23.72624019999995],[-45.43150979999996,-23.726548599999944],[-45.430943,-23.726645],[-45.43090779999994,-23.726644299999975],[-45.430239,-23.72660439999993],[-45.43002549999994,-23.72659649999997],[-45.42941239999993,-23.72666829999997],[-45.42947739999994,-23.726464299999975],[-45.42953959999994,-23.726183499999934],[-45.42937239999998,-23.725940099999946],[-45.429303499999946,-23.725731499999938],[-45.42910009999997,-23.725444299999936],[-45.429295699999955,-23.725014],[-45.42942439999996,-23.72473969999993],[-45.42968029999997,-23.724182799999937],[-45.429549,-23.724161399999957],[-45.42924149999993,-23.72411859999994],[-45.428606,-23.723981],[-45.428015,-23.723853],[-45.428308,-23.723235],[-45.428427599999964,-23.722965],[-45.428529699999956,-23.722937499999944],[-45.42865939999996,-23.722957099999974],[-45.429209699999944,-23.72313],[-45.42968909999996,-23.72325189999998],[-45.43001379999998,-23.723314199999948],[-45.430024,-23.723150799999928],[-45.43022159999998,-23.72324009999994],[-45.430312,-23.723381599999982],[-45.43063589999997,-23.723640599999953],[-45.43070629999994,-23.72365089999994],[-45.43085229999997,-23.723688899999956]]],[[[-45.41268669999994,-23.82803769999998],[-45.412671399999965,-23.828068299999927],[-45.41266369999994,-23.828068299999927],[-45.41262549999993,-23.828070899999943],[-45.41263059999994,-23.828121799999963],[-45.41264849999993,-23.828137099999935],[-45.412676499999975,-23.828147299999955],[-45.41270449999996,-23.82817529999994],[-45.412712099999965,-23.828208399999937],[-45.41271469999998,-23.828246599999943],[-45.41274269999997,-23.828264499999932],[-45.41277069999995,-23.82828489999997],[-45.41277579999996,-23.82828489999997],[-45.41285739999995,-23.82824919999996],[-45.41288789999993,-23.828228799999977],[-45.41290319999996,-23.82819569999998],[-45.41292869999995,-23.828152399999965],[-45.41296689999996,-23.828111599999943],[-45.413023,-23.828093799999976],[-45.41321659999994,-23.828282299999955],[-45.41327769999998,-23.828346],[-45.413338899999985,-23.82838419999996],[-45.413369399999965,-23.828366399999936],[-45.413382199999944,-23.82833329999994],[-45.413333799999975,-23.828272099999936],[-45.41327259999997,-23.828205899999944],[-45.413178399999936,-23.828132],[-45.41312489999996,-23.828076],[-45.41306879999996,-23.828025],[-45.413045899999986,-23.827979099999936],[-45.41297709999998,-23.827943499999947],[-45.41290829999997,-23.827915399999938],[-45.412870099999964,-23.827948599999957],[-45.41284969999998,-23.827999499999976],[-45.412802399999975,-23.827960099999927],[-45.41274529999998,-23.82795619999996],[-45.41269939999995,-23.82796639999998],[-45.412679,-23.82800459999993],[-45.412681599999985,-23.828022499999975],[-45.41268669999994,-23.82803769999998]]],[[[-45.469851699999936,-23.823576699999933],[-45.46984409999993,-23.823668399999974],[-45.46984409999993,-23.823752499999955],[-45.46994349999994,-23.82384419999994],[-45.47002749999996,-23.823920699999974],[-45.470165099999974,-23.823928299999977],[-45.47019569999998,-23.823806],[-45.47015749999997,-23.82366079999997],[-45.470081,-23.82356139999996],[-45.46998929999995,-23.823523199999954],[-45.469920499999944,-23.823500299999978],[-45.469851699999936,-23.823576699999933]]],[[[-45.535397099999955,-23.816951],[-45.53556469999995,-23.816746799999976],[-45.535748799999965,-23.816515699999968],[-45.535882699999945,-23.816276899999934],[-45.53608689999993,-23.816023599999937],[-45.536238399999945,-23.81582229999998],[-45.53648359999994,-23.815534899999932],[-45.536632399999974,-23.81534359999995],[-45.53680829999996,-23.815142399999957],[-45.53681369999998,-23.815139899999963],[-45.53697049999994,-23.81497109999998],[-45.53733,-23.814780499999983],[-45.53728769999998,-23.814699299999972],[-45.53665229999996,-23.81429849999995],[-45.53646279999998,-23.814265199999966],[-45.53623219999997,-23.81426349999998],[-45.536001,-23.814273399999934],[-45.53579079999997,-23.81429339999994],[-45.53553429999994,-23.814295],[-45.535213099999964,-23.814283099999955],[-45.53481869999996,-23.814256399999977],[-45.53456959999994,-23.814271899999937],[-45.534324399999946,-23.814287899999954],[-45.53398559999994,-23.814331299999935],[-45.533709399999964,-23.814323],[-45.53456289999997,-23.813290199999983],[-45.53413589999997,-23.813092499999982],[-45.53391449999998,-23.81301739999998],[-45.53357839999995,-23.81299359999997],[-45.533430099999975,-23.81294029999998],[-45.53322849999995,-23.812841399999968],[-45.53285479999994,-23.81276429999997],[-45.53235069999994,-23.812740599999927],[-45.531376,-23.812813699999936],[-45.53054769999994,-23.81277819999997],[-45.52991509999998,-23.812645699999962],[-45.52949989999996,-23.81252909999995],[-45.529304199999956,-23.81232149999994],[-45.52930269999996,-23.811627199999975],[-45.529003,-23.811501],[-45.528737199999966,-23.81146229999996],[-45.52848179999995,-23.811515399999962],[-45.528267899999946,-23.811668899999972],[-45.528060299999936,-23.81178879999993],[-45.52778159999997,-23.811831299999938],[-45.52764519999994,-23.811843499999952],[-45.52750889999993,-23.81186839999998],[-45.52742459999996,-23.811910199999943],[-45.52741489999994,-23.811949099999936],[-45.52740529999994,-23.811988],[-45.52734919999995,-23.81244789999994],[-45.52725879999997,-23.81266949999997],[-45.52712719999994,-23.812903],[-45.52696409999993,-23.813098599999933],[-45.52662649999996,-23.813382499999932],[-45.525851899999964,-23.81376849999998],[-45.52579029999998,-23.81379929999997],[-45.525788,-23.813800399999934],[-45.52546479999995,-23.813984199999936],[-45.52475939999994,-23.814638],[-45.52452639999996,-23.814795499999946],[-45.52443039999997,-23.81486039999993],[-45.524230699999976,-23.814996599999972],[-45.52416049999994,-23.81512779999997],[-45.52416089999997,-23.815226199999927],[-45.52417669999994,-23.815278499999977],[-45.52419169999996,-23.815328199999954],[-45.52428539999994,-23.815423599999974],[-45.524356799999964,-23.815479599999946],[-45.524537599999974,-23.81562159999993],[-45.52572779999997,-23.816450199999963],[-45.52573869999998,-23.816462599999966],[-45.526403399999936,-23.817222899999933],[-45.52689729999997,-23.81748579999993],[-45.52712289999994,-23.817659399999968],[-45.52725,-23.817771799999946],[-45.52732229999998,-23.817926899999975],[-45.52735819999998,-23.818073099999935],[-45.52732149999997,-23.818226799999934],[-45.52721789999998,-23.818331],[-45.52658219999995,-23.81871259999997],[-45.526405,-23.818833299999937],[-45.526279,-23.818993599999942],[-45.52623959999994,-23.819190599999956],[-45.52624819999994,-23.819379399999946],[-45.52626219999996,-23.819385199999942],[-45.52626989999993,-23.819429599999978],[-45.526531699999964,-23.819792699999937],[-45.526778899999954,-23.819907899999976],[-45.52701719999993,-23.819956499999932],[-45.527472699999976,-23.820154499999944],[-45.52767529999994,-23.820302599999934],[-45.528031099999964,-23.820630499999936],[-45.528205699999944,-23.820852499999944],[-45.528313899999944,-23.82105889999997],[-45.52836589999998,-23.821365699999944],[-45.528377499999976,-23.821707699999934],[-45.52836839999998,-23.822181499999942],[-45.52841179999996,-23.82249429999996],[-45.52848369999998,-23.82280049999997],[-45.528641499999935,-23.82302649999997],[-45.52890209999998,-23.82332809999997],[-45.529194899999936,-23.82358819999996],[-45.52933969999998,-23.823653099999945],[-45.52948029999993,-23.823744],[-45.529755,-23.823955199999943],[-45.52996429999996,-23.824196899999947],[-45.53018059999994,-23.824411699999928],[-45.53061619999994,-23.82476269999995],[-45.53083339999995,-23.824843],[-45.53122879999995,-23.824932199999978],[-45.53143159999996,-23.82500289999996],[-45.53185529999996,-23.825108799999953],[-45.53205129999998,-23.825186],[-45.53263259999994,-23.825431599999945],[-45.53297159999994,-23.82564689999998],[-45.53309889999997,-23.82574509999995],[-45.53346959999993,-23.82612629999994],[-45.533581599999934,-23.826274299999966],[-45.533798099999956,-23.82658559999993],[-45.534324599999934,-23.827413299999932],[-45.534520499999985,-23.827782399999933],[-45.53454519999997,-23.827886199999966],[-45.534542,-23.82802479999998],[-45.53450989999993,-23.828150799999946],[-45.537207,-23.828867],[-45.53838909999996,-23.829210599999954],[-45.53849489999993,-23.829317599999968],[-45.53845639999997,-23.829151199999956],[-45.538372899999956,-23.829054199999973],[-45.53845549999994,-23.828908699999943],[-45.53865969999998,-23.82887409999995],[-45.53889439999995,-23.82883259999994],[-45.53912909999997,-23.82882559999996],[-45.539273,-23.82886],[-45.539515499999936,-23.828922099999943],[-45.539704599999936,-23.828832],[-45.539795,-23.82867959999993],[-45.53972659999994,-23.828506699999934],[-45.53959759999998,-23.828403099999946],[-45.53942329999995,-23.82829259999994],[-45.53924889999996,-23.828189099999975],[-45.53905959999997,-23.828134],[-45.53896089999995,-23.828030399999932],[-45.538900299999966,-23.827871399999935],[-45.538771699999984,-23.827705699999967],[-45.53859,-23.827622899999938],[-45.53837039999996,-23.82755409999993],[-45.538211399999966,-23.827464499999962],[-45.53802969999998,-23.82740259999997],[-45.537817899999936,-23.827340799999945],[-45.53760619999997,-23.827320499999928],[-45.53734939999998,-23.827341799999942],[-45.53715319999998,-23.82736979999993],[-45.53690409999996,-23.827315099999964],[-45.53673769999995,-23.82714969999995],[-45.536579,-23.826991199999952],[-45.53638269999993,-23.82683979999996],[-45.53631869999998,-23.826634799999965],[-45.53625039999997,-23.82639379999995],[-45.536250199999984,-23.826118399999928],[-45.536227199999985,-23.825822],[-45.53615849999994,-23.825562599999955],[-45.53600719999997,-23.82540339999997],[-45.53601679999997,-23.82506559999996],[-45.535806599999944,-23.824991199999943],[-45.535627199999965,-23.824916599999938],[-45.53544949999997,-23.824808099999927],[-45.53528019999993,-23.824700699999937],[-45.53506479999993,-23.82465869999993],[-45.534797899999944,-23.824626],[-45.534680899999955,-23.82450709999995],[-45.534562,-23.824282899999957],[-45.53422889999996,-23.82409789999997],[-45.53397759999996,-23.823896899999966],[-45.53381859999996,-23.823789399999953],[-45.53371009999995,-23.823626299999944],[-45.533497299999965,-23.82350359999998],[-45.53346289999996,-23.823455399999943],[-45.533416099999954,-23.82339],[-45.533392,-23.823356399999966],[-45.533371399999965,-23.823128],[-45.53340429999997,-23.822839],[-45.53340029999998,-23.822585599999968],[-45.53342139999995,-23.822289199999943],[-45.533456299999955,-23.821962199999973],[-45.53350249999994,-23.821695399999953],[-45.53351969999994,-23.821428599999933],[-45.533555099999944,-23.821217799999943],[-45.53361179999996,-23.82095979999997],[-45.53367969999994,-23.820709499999964],[-45.53373329999994,-23.820465799999965],[-45.53376169999996,-23.820271499999933],[-45.533790099999976,-23.820100199999956],[-45.53389379999993,-23.81981819999993],[-45.53402989999995,-23.819488699999965],[-45.53414859999998,-23.81922409999993],[-45.53434869999995,-23.818843799999968],[-45.53447959999994,-23.81857309999998],[-45.534622799999966,-23.818307199999936],[-45.53479869999995,-23.818021399999964],[-45.534925699999974,-23.817803],[-45.535118799999964,-23.817477699999984],[-45.53525389999993,-23.81723169999998],[-45.535397099999955,-23.816951]]],[[[-45.40647789999997,-23.81626739999996],[-45.40641169999998,-23.816244499999982],[-45.40633779999996,-23.81619349999994],[-45.406269,-23.816180799999927],[-45.40622059999998,-23.816231699999946],[-45.40614929999998,-23.816310699999974],[-45.40620789999997,-23.81633359999995],[-45.406253799999945,-23.81635149999994],[-45.406299599999954,-23.816394799999955],[-45.40636329999995,-23.816399899999965],[-45.406393899999955,-23.816374399999972],[-45.40637859999998,-23.816336199999967],[-45.406429499999945,-23.816336199999967],[-45.40647539999998,-23.816315799999927],[-45.40647789999997,-23.81626739999996]]],[[[-45.40670719999997,-23.81502409999996],[-45.40670209999996,-23.815110799999957],[-45.406633399999976,-23.81520249999994],[-45.406559899999934,-23.815309599999978],[-45.40648809999993,-23.81533239999993],[-45.40648049999993,-23.815431799999942],[-45.40661039999998,-23.81550059999995],[-45.40678619999994,-23.815454699999975],[-45.40703079999997,-23.815286499999957],[-45.407283,-23.815095499999927],[-45.407489399999974,-23.814942599999938],[-45.40752759999998,-23.81487379999993],[-45.40744349999994,-23.814805],[-45.407344199999955,-23.814805],[-45.40730589999998,-23.814797399999975],[-45.40714289999994,-23.814687799999945],[-45.40723189999994,-23.814814799999965],[-45.40716639999994,-23.81483019999996],[-45.40712249999996,-23.814812699999948],[-45.407204,-23.814940099999944],[-45.40705879999996,-23.81505219999997],[-45.40701149999995,-23.814980899999966],[-45.40693139999996,-23.814957899999968],[-45.406732699999964,-23.814927299999965],[-45.40670719999997,-23.81502409999996]]],[[[-45.40594289999996,-23.813801199999943],[-45.405861399999935,-23.81380889999997],[-45.40583849999996,-23.813814],[-45.40577479999996,-23.813831799999946],[-45.405751899999984,-23.813842],[-45.40574419999996,-23.81385729999994],[-45.405718699999966,-23.813895499999944],[-45.40571109999996,-23.813918399999977],[-45.40571109999996,-23.81393879999996],[-45.405731499999945,-23.813969399999962],[-45.40573909999995,-23.813982099999976],[-45.40576459999994,-23.814005099999974],[-45.405767099999935,-23.814035599999954],[-45.40575949999993,-23.814076399999976],[-45.405767099999935,-23.814094199999943],[-45.405767099999935,-23.81412229999995],[-45.405757,-23.81414259999997],[-45.405718699999966,-23.81417579999993],[-45.405757,-23.814183399999933],[-45.405762,-23.814196099999947],[-45.405767099999935,-23.81422159999994],[-45.40577479999996,-23.814247099999932],[-45.40580029999995,-23.814247099999932],[-45.40585119999997,-23.814239399999963],[-45.405871599999955,-23.814214],[-45.40589449999993,-23.814196099999947],[-45.40589449999993,-23.81417829999998],[-45.40589449999993,-23.814160499999957],[-45.40592259999994,-23.81414259999997],[-45.40595309999998,-23.814150299999937],[-45.40598369999998,-23.814135],[-45.40598619999997,-23.814114599999982],[-45.40595309999998,-23.81409679999996],[-45.405955699999936,-23.814084],[-45.40597859999997,-23.814058599999953],[-45.406027,-23.814061099999947],[-45.406090699999936,-23.814063699999963],[-45.406090699999936,-23.814010199999927],[-45.40607289999997,-23.81392859999994],[-45.40612639999995,-23.81385469999998],[-45.40617219999996,-23.813859799999932],[-45.40620789999997,-23.813862399999948],[-45.406246099999976,-23.81385469999998],[-45.40627669999998,-23.813836899999956],[-45.406289399999935,-23.813796199999956],[-45.406304699999964,-23.813727399999948],[-45.406304699999964,-23.813696799999946],[-45.40628689999994,-23.81366369999995],[-45.40621549999997,-23.81364069999995],[-45.40614419999997,-23.81364579999996],[-45.40611869999998,-23.81366879999996],[-45.40612129999994,-23.813717199999928],[-45.40614929999998,-23.813747699999965],[-45.40612889999994,-23.813763],[-45.40608559999998,-23.813801199999943],[-45.40608309999993,-23.813801199999943],[-45.40604739999998,-23.813819099999932],[-45.406019399999934,-23.813819099999932],[-45.405999,-23.813816499999973],[-45.40594289999996,-23.813801199999943]]]]}}]}