{"type":"FeatureCollection","features":[{"type":"Feature","properties":{"id":"3555406","cd_mun":"3555406","municipio":"Ubatuba","fonte_origem":"bairros IBGE CD2022 dissolvidos"},"geometry":{"type":"MultiPolygon","coordinates":[[[[-45.215038799999945,-23.579237499999977],[-45.21472309999996,-23.57925259999996],[-45.21391149999994,-23.57972069999994],[-45.21368289999998,-23.579928799999948],[-45.21327439999993,-23.580263899999977],[-45.21276709999995,-23.580380899999966],[-45.212371099999984,-23.580516399999965],[-45.211905599999966,-23.580406299999936],[-45.21180529999998,-23.579990799999962],[-45.211843699999974,-23.57946949999996],[-45.21208459999997,-23.579048099999966],[-45.21209109999995,-23.578686],[-45.212111799999946,-23.57814979999995],[-45.21230479999997,-23.57783109999997],[-45.21247619999997,-23.577416099999937],[-45.21252619999996,-23.57689929999998],[-45.212451699999974,-23.576530399999967],[-45.21230079999998,-23.57611079999998],[-45.212235299999975,-23.575737599999968],[-45.212318799999935,-23.575355899999977],[-45.21253329999996,-23.575052899999946],[-45.212823699999944,-23.574927],[-45.21306969999995,-23.574692],[-45.21327969999993,-23.574459],[-45.213442499999985,-23.574317],[-45.21383229999998,-23.57411179999997],[-45.21389379999994,-23.573764299999937],[-45.213649,-23.57353569999998],[-45.213423499999976,-23.573224899999957],[-45.21357969999997,-23.572834],[-45.21387949999996,-23.572405699999933],[-45.21415459999997,-23.572110299999963],[-45.21445709999995,-23.571845499999938],[-45.21476209999997,-23.57166589999997],[-45.21493669999995,-23.571565499999963],[-45.21529069999997,-23.571365499999956],[-45.21559079999997,-23.571248799999978],[-45.21583719999995,-23.57112529999995],[-45.21627669999998,-23.571071699999948],[-45.216799,-23.57104579999998],[-45.217299699999955,-23.571021],[-45.21748039999994,-23.570862],[-45.217479,-23.57082459999998],[-45.21742229999995,-23.570507599999928],[-45.21745549999997,-23.570208799999932],[-45.217555699999934,-23.570028699999966],[-45.21769739999996,-23.569847799999934],[-45.21790809999993,-23.56979819999998],[-45.21816179999996,-23.569834799999967],[-45.21849149999997,-23.569967799999972],[-45.21888569999993,-23.570137],[-45.21922459999996,-23.570163699999966],[-45.219469699999934,-23.570041199999935],[-45.219710299999974,-23.57000439999996],[-45.22009579999997,-23.56991439999996],[-45.22031939999994,-23.569790699999942],[-45.22038289999995,-23.569613],[-45.220213299999955,-23.569385499999953],[-45.22001309999996,-23.56925549999994],[-45.21980619999994,-23.569072799999958],[-45.219572,-23.56884139999994],[-45.21933889999997,-23.568528],[-45.219155299999954,-23.56820419999997],[-45.21906259999997,-23.567911299999935],[-45.21896359999994,-23.56759839999995],[-45.219028,-23.567283199999963],[-45.219163899999955,-23.567036599999938],[-45.219452899999965,-23.56692279999993],[-45.21970539999995,-23.56690839999993],[-45.22000749999995,-23.56696459999995],[-45.220231499999954,-23.56699939999993],[-45.220517,-23.567031199999974],[-45.220822399999975,-23.56702389999998],[-45.22118459999996,-23.566936],[-45.22148539999995,-23.56682459999996],[-45.221732299999985,-23.566831099999945],[-45.221986,-23.566800799999953],[-45.22221829999995,-23.56683279999993],[-45.22248959999996,-23.56685589999995],[-45.22282229999996,-23.566828699999974],[-45.223159399999986,-23.566723199999956],[-45.22342459999993,-23.566687199999933],[-45.22375089999997,-23.566637699999944],[-45.22398789999994,-23.56663649999996],[-45.224285899999984,-23.566694],[-45.224568,-23.566860799999972],[-45.22474059999996,-23.566840499999955],[-45.22493149999997,-23.56664909999995],[-45.22507449999995,-23.566461199999935],[-45.22525849999994,-23.566230599999983],[-45.22538909999997,-23.565940799999964],[-45.22545119999995,-23.56572989999995],[-45.22558349999997,-23.565522399999963],[-45.22575989999996,-23.565378099999975],[-45.225972799999965,-23.56528469999995],[-45.22621959999998,-23.56526219999995],[-45.22642889999997,-23.565309599999978],[-45.226648799999964,-23.565368499999977],[-45.226825599999984,-23.565503599999943],[-45.226958399999944,-23.56564549999996],[-45.22712219999994,-23.565830699999935],[-45.22730769999998,-23.56594339999998],[-45.227476499999966,-23.565973],[-45.22766879999995,-23.56603389999998],[-45.2279,-23.566028899999935],[-45.22814839999995,-23.56604109999995],[-45.22833739999993,-23.56604429999993],[-45.228612399999975,-23.566011899999978],[-45.22880569999995,-23.565998699999966],[-45.228994399999976,-23.565981499999964],[-45.22918949999996,-23.565967399999977],[-45.229414599999984,-23.566038899999967],[-45.229580099999964,-23.566121899999928],[-45.229681599999935,-23.566243499999928],[-45.22984949999994,-23.56639679999995],[-45.22993119999995,-23.56665689999994],[-45.22999469999996,-23.566904799999975],[-45.23003669999997,-23.567172099999937],[-45.23011239999994,-23.56742],[-45.230155,-23.567585099999974],[-45.23015319999996,-23.567760799999974],[-45.23023379999995,-23.567870099999936],[-45.23040979999996,-23.567846499999973],[-45.230650399999945,-23.56777349999993],[-45.23096069999997,-23.567682599999955],[-45.23120629999994,-23.56767969999993],[-45.23141339999995,-23.56770819999997],[-45.231623799999966,-23.56780169999996],[-45.231858699999975,-23.56785919999993],[-45.232158599999934,-23.567791099999965],[-45.232406899999944,-23.567742299999964],[-45.23268419999994,-23.56766529999993],[-45.232931,-23.567706399999963],[-45.23316109999996,-23.567766],[-45.23346389999995,-23.567863199999977],[-45.23367749999994,-23.567968699999938],[-45.23387989999998,-23.568065399999966],[-45.23403749999994,-23.567986599999983],[-45.23412689999998,-23.567706399999963],[-45.234101,-23.567409899999973],[-45.234153299999946,-23.567175],[-45.23429379999993,-23.566963199999975],[-45.234461099999976,-23.56684189999993],[-45.23467029999995,-23.56677259999998],[-45.234925499999974,-23.566726399999936],[-45.235199199999954,-23.566735],[-45.235468899999944,-23.566807],[-45.23569779999997,-23.566774099999975],[-45.23584069999998,-23.56673969999997],[-45.23595149999994,-23.566683099999977],[-45.236125699999945,-23.56659689999998],[-45.236259099999984,-23.56654489999994],[-45.23639019999996,-23.566515899999956],[-45.236508699999945,-23.566485599999965],[-45.23661869999995,-23.56645629999997],[-45.236788299999944,-23.56642809999994],[-45.23694569999998,-23.566402],[-45.237100699999985,-23.566387299999974],[-45.23731219999996,-23.56628509999996],[-45.23750689999997,-23.566164499999957],[-45.23768179999996,-23.56605609999997],[-45.23783189999995,-23.565939],[-45.238024199999984,-23.565823099999932],[-45.238179,-23.56572579999994],[-45.23818909999994,-23.56559519999996],[-45.23799239999994,-23.565484899999944],[-45.23780439999996,-23.56539689999994],[-45.23766949999998,-23.56524289999993],[-45.237531599999954,-23.565085499999952],[-45.23746049999994,-23.564946599999928],[-45.23740729999997,-23.56474959999997],[-45.23729079999998,-23.56462609999994],[-45.23716129999997,-23.56462769999996],[-45.23699559999994,-23.564673099999936],[-45.23682169999995,-23.564720699999953],[-45.23665539999996,-23.564734],[-45.23652739999994,-23.56473989999995],[-45.236459699999955,-23.564737699999966],[-45.23633739999997,-23.564746899999932],[-45.23617079999997,-23.564707299999952],[-45.23594419999995,-23.56469809999993],[-45.235699299999965,-23.56466889999996],[-45.23548069999998,-23.56463649999995],[-45.23525179999996,-23.564639099999965],[-45.23504079999998,-23.564598],[-45.23481949999996,-23.56460519999996],[-45.23463409999994,-23.56456369999995],[-45.234451899999954,-23.56453829999998],[-45.23422379999994,-23.564437],[-45.23400329999998,-23.564325699999983],[-45.23384079999994,-23.56424549999997],[-45.233646599999986,-23.564149499999928],[-45.233421,-23.563999499999966],[-45.23317429999997,-23.56389489999998],[-45.23286919999998,-23.56376549999993],[-45.23269469999997,-23.563656599999945],[-45.23255979999993,-23.563521099999946],[-45.232394899999974,-23.56338649999998],[-45.232240099999956,-23.563181699999973],[-45.232165399999985,-23.562944399999935],[-45.23219519999998,-23.562752699999976],[-45.23223029999997,-23.56258109999993],[-45.232312099999945,-23.562443299999927],[-45.232364099999984,-23.56226829999997],[-45.232363599999985,-23.562102399999958],[-45.23216569999994,-23.561972399999945],[-45.23186049999998,-23.561872499999936],[-45.23170879999998,-23.561835199999962],[-45.23155339999994,-23.561760099999958],[-45.23138749999998,-23.56169289999997],[-45.231236699999954,-23.561614499999962],[-45.231060499999955,-23.56152849999995],[-45.230925499999955,-23.56143],[-45.230826,-23.561318399999948],[-45.230694899999946,-23.561197499999935],[-45.230627599999934,-23.56109],[-45.23046419999997,-23.56100729999997],[-45.230172,-23.560862699999973],[-45.229962899999975,-23.56071789999993],[-45.22976429999994,-23.56052489999996],[-45.229603699999984,-23.560276099999953],[-45.22948719999994,-23.560051399999963],[-45.22929149999993,-23.55980009999996],[-45.229062899999974,-23.55960369999997],[-45.22874239999993,-23.55954209999993],[-45.22849929999995,-23.559540199999958],[-45.22824739999993,-23.559615099999974],[-45.22799,-23.559705699999938],[-45.226620699999955,-23.560678399999972],[-45.226142,-23.560417599999937],[-45.225895099999946,-23.560364799999945],[-45.22559439999998,-23.56035829999996],[-45.225283899999965,-23.56057169999997],[-45.224860699999965,-23.560779599999933],[-45.224718,-23.560815599999955],[-45.224627,-23.560840499999983],[-45.224554599999976,-23.560844],[-45.224495899999965,-23.560827899999936],[-45.22444409999997,-23.560779399999944],[-45.22437229999997,-23.560618199999965],[-45.22426349999995,-23.56031059999998],[-45.224248099999954,-23.560265199999947],[-45.22425689999994,-23.560225599999967],[-45.224276499999974,-23.56020579999995],[-45.224316699999974,-23.560199499999953],[-45.22434549999997,-23.560211599999946],[-45.22438549999998,-23.560238699999957],[-45.22443789999994,-23.560285],[-45.22452059999995,-23.56033259999998],[-45.22460189999998,-23.56035449999996],[-45.22466879999996,-23.56036009999997],[-45.22474009999996,-23.56034649999998],[-45.22479069999997,-23.560306499999967],[-45.22485169999993,-23.56024709999997],[-45.22514159999997,-23.55997489999993],[-45.22625849999997,-23.559437299999956],[-45.22651289999993,-23.559437299999956],[-45.22677589999995,-23.559468899999956],[-45.227405499999975,-23.559132899999952],[-45.227785,-23.558998499999973],[-45.22789069999993,-23.558942899999977],[-45.22796049999994,-23.558875899999975],[-45.228017,-23.558721299999945],[-45.228007,-23.55869729999995],[-45.228107499999965,-23.55866069999996],[-45.22848709999994,-23.55838019999993],[-45.22875079999994,-23.55821549999996],[-45.22941489999994,-23.55820179999995],[-45.229822799999965,-23.558388099999945],[-45.23014749999993,-23.558724199999972],[-45.23063719999993,-23.55900379999997],[-45.23114319999996,-23.559157399999947],[-45.231787699999984,-23.559311799999932],[-45.232346,-23.55922369999996],[-45.23288389999993,-23.558860899999956],[-45.232965099999944,-23.558588399999962],[-45.23302,-23.558424899999977],[-45.23431469999997,-23.558103699999947],[-45.235212,-23.557864799999948],[-45.235378099999934,-23.557493299999976],[-45.23558419999995,-23.55701659999994],[-45.23605539999994,-23.55708649999997],[-45.23667819999997,-23.557266599999934],[-45.236586699999975,-23.556543],[-45.236887699999954,-23.556205499999976],[-45.236835,-23.55568329999994],[-45.236834699999974,-23.555680499999937],[-45.23673709999997,-23.55526249999997],[-45.236625699999934,-23.554939499999932],[-45.23651429999995,-23.55456879999997],[-45.236391699999956,-23.554223499999978],[-45.23633389999998,-23.55383759999995],[-45.23626809999996,-23.553419299999973],[-45.23614559999993,-23.55318539999996],[-45.23607869999995,-23.55302949999998],[-45.235755799999936,-23.552344699999935],[-45.23609319999997,-23.552403599999934],[-45.23639979999996,-23.552262799999937],[-45.23661059999995,-23.552292],[-45.23688569999996,-23.55223579999995],[-45.236994299999935,-23.551981299999966],[-45.237021899999945,-23.551709399999936],[-45.23702129999998,-23.551356599999963],[-45.23708929999998,-23.55101559999997],[-45.237127,-23.55069549999996],[-45.23733349999998,-23.550582499999962],[-45.237522199999944,-23.550508699999966],[-45.23770639999998,-23.55048679999993],[-45.23787829999998,-23.550518599999975],[-45.238048,-23.550550099999953],[-45.238508199999956,-23.550617099999954],[-45.23878049999996,-23.55072729999995],[-45.23917049999994,-23.550828199999955],[-45.23938259999994,-23.550690799999927],[-45.23951939999995,-23.550286899999946],[-45.23981439999994,-23.549982799999952],[-45.240481099999954,-23.549919599999953],[-45.241052699999955,-23.55017289999995],[-45.24150869999994,-23.550420499999973],[-45.241961,-23.550734499999976],[-45.24243539999998,-23.55097669999998],[-45.24291629999993,-23.551266399999975],[-45.24330469999995,-23.55142459999996],[-45.24364779999996,-23.55147069999998],[-45.243930699999964,-23.551297899999952],[-45.244246499999974,-23.551083],[-45.244596799999954,-23.55097589999997],[-45.244983299999944,-23.550977599999953],[-45.24533939999998,-23.550968499999954],[-45.24579669999997,-23.550758499999972],[-45.245846599999936,-23.550766499999952],[-45.24621089999994,-23.55082509999994],[-45.24672369999996,-23.550907499999937],[-45.24706629999997,-23.551202399999966],[-45.247111,-23.551671099999965],[-45.247114599999975,-23.552117899999928],[-45.247289,-23.55257389999997],[-45.24745389999998,-23.55286129999996],[-45.247565899999984,-23.553328299999976],[-45.247825399999954,-23.553946],[-45.247667,-23.55427629999997],[-45.24736729999995,-23.55482029999996],[-45.24734529999995,-23.555244499999958],[-45.24720789999998,-23.55553619999995],[-45.247094,-23.555877799999962],[-45.24712559999995,-23.556371199999944],[-45.24726479999998,-23.55683929999998],[-45.24756209999998,-23.557086],[-45.24772869999998,-23.557207199999937],[-45.24780229999993,-23.557662299999947],[-45.24783249999996,-23.558010499999966],[-45.247497899999985,-23.55833249999995],[-45.24726849999996,-23.55855429999997],[-45.24714949999998,-23.558878499999935],[-45.247466299999985,-23.559233399999982],[-45.24779549999994,-23.55964679999994],[-45.24832269999996,-23.559792199999947],[-45.24876619999998,-23.56002369999993],[-45.24868809999998,-23.56038989999996],[-45.248486199999945,-23.560717299999965],[-45.24827209999995,-23.561048899999946],[-45.24810839999998,-23.561444499999936],[-45.247950199999934,-23.561826099999962],[-45.24774089999994,-23.56224889999993],[-45.24759679999994,-23.562535599999933],[-45.24750349999994,-23.56297969999997],[-45.247257899999966,-23.563337799999942],[-45.247118299999954,-23.56376549999993],[-45.24751,-23.56408],[-45.24781369999994,-23.56454679999996],[-45.248260899999934,-23.564787299999978],[-45.248740099999964,-23.565007799999933],[-45.249211,-23.56510309999993],[-45.24967379999998,-23.565221599999973],[-45.24999429999997,-23.565281399999947],[-45.25018019999993,-23.56535309999998],[-45.25034039999997,-23.565418],[-45.250541,-23.565612],[-45.25083779999994,-23.565863299999933],[-45.25111679999998,-23.56606329999994],[-45.251363899999944,-23.566187799999966],[-45.25158719999996,-23.56617609999995],[-45.25183479999998,-23.56613459999994],[-45.252067299999965,-23.56611369999996],[-45.25229919999998,-23.566146599999968],[-45.252421599999934,-23.56629339999995],[-45.25257689999995,-23.56637569999998],[-45.25272329999996,-23.566473799999983],[-45.252890099999945,-23.566392399999927],[-45.25300269999997,-23.56623689999998],[-45.25300469999996,-23.56609389999994],[-45.25300639999995,-23.56598249999996],[-45.253009599999984,-23.56581069999993],[-45.25320339999996,-23.565726799999936],[-45.25335469999993,-23.56579],[-45.25351639999997,-23.565976],[-45.249053,-23.569847099999947],[-45.249352,-23.570457],[-45.24964309999996,-23.570800299999974],[-45.25006609999997,-23.571208199999944],[-45.25029159999997,-23.571465299999943],[-45.25038589999997,-23.571805299999937],[-45.25012149999998,-23.572288499999956],[-45.24984449999994,-23.572563099999968],[-45.24928959999994,-23.572936399999946],[-45.24870059999995,-23.57325739999993],[-45.24857049999997,-23.573314899999957],[-45.24823709999998,-23.573462399999983],[-45.247698499999956,-23.57366479999996],[-45.24664649999994,-23.573745199999962],[-45.24587839999998,-23.573597699999937],[-45.24530159999995,-23.573396],[-45.24445029999998,-23.573203699999965],[-45.24403169999994,-23.57314619999994],[-45.24331069999994,-23.573082899999974],[-45.24261629999995,-23.57313259999995],[-45.24200109999998,-23.573239899999976],[-45.241682099999935,-23.573312899999962],[-45.241177799999946,-23.573489],[-45.240265299999976,-23.57399659999993],[-45.24003269999997,-23.574064199999953],[-45.243452,-23.578812699999958],[-45.24534319999998,-23.58117619999996],[-45.246288499999935,-23.582337799999948],[-45.246239199999934,-23.582992099999956],[-45.24624639999996,-23.583530399999972],[-45.24643039999995,-23.584018399999934],[-45.24657229999997,-23.584501599999953],[-45.24688329999998,-23.584930699999973],[-45.24711179999997,-23.585416899999927],[-45.247366599999964,-23.58580829999994],[-45.24748319999998,-23.586389699999927],[-45.247577699999965,-23.58672809999996],[-45.24742209999994,-23.587437399999942],[-45.24741929999993,-23.587993899999958],[-45.24762339999995,-23.588663],[-45.248036,-23.589260399999944],[-45.24845039999997,-23.589623099999983],[-45.24895369999996,-23.590013599999963],[-45.24935689999995,-23.590335399999958],[-45.24969619999996,-23.59066669999993],[-45.24990029999998,-23.59090509999993],[-45.24997479999996,-23.59117939999993],[-45.24994469999996,-23.591417],[-45.24970739999998,-23.591630599999974],[-45.24934049999996,-23.59177449999993],[-45.24904349999997,-23.591747699999928],[-45.24847479999994,-23.59177029999995],[-45.248425699999984,-23.59241559999998],[-45.249213199999986,-23.592510499999946],[-45.24984939999996,-23.592558199999928],[-45.25021929999997,-23.59279989999993],[-45.250613199999975,-23.59317939999994],[-45.251068299999986,-23.59347429999997],[-45.25135059999997,-23.593743899999936],[-45.25162279999995,-23.593965599999933],[-45.25221269999997,-23.59426009999993],[-45.252652,-23.594331499999953],[-45.25301829999995,-23.594536199999936],[-45.253263199999935,-23.594396699999947],[-45.253476,-23.594228899999962],[-45.253254399999946,-23.59385179999998],[-45.25308759999996,-23.59347779999996],[-45.25275289999996,-23.593093599999975],[-45.25253,-23.592482099999927],[-45.25237819999995,-23.592007099999933],[-45.25277769999997,-23.59143469999998],[-45.253201099999956,-23.591021499999954],[-45.25371259999997,-23.590524199999948],[-45.254157299999974,-23.590138599999932],[-45.25450529999995,-23.589939699999945],[-45.25495889999996,-23.589734499999963],[-45.25546809999997,-23.589524899999958],[-45.25597129999994,-23.589500899999962],[-45.256483199999934,-23.589499899999964],[-45.25726019999996,-23.58959969999995],[-45.25771009999994,-23.589773899999955],[-45.257933299999934,-23.58992749999993],[-45.25806709999995,-23.590541599999938],[-45.25842289999997,-23.591231799999946],[-45.25886129999998,-23.591593699999976],[-45.25959489999997,-23.592181],[-45.25976289999994,-23.593105299999934],[-45.25970609999996,-23.59392379999997],[-45.260194,-23.594425],[-45.261040299999934,-23.59561229999997],[-45.26162949999997,-23.596401],[-45.26249789999997,-23.59666519999996],[-45.26326379999995,-23.596640099999945],[-45.26318639999994,-23.59623629999993],[-45.26304339999996,-23.59566949999993],[-45.262764699999934,-23.595120299999962],[-45.26252069999998,-23.59462689999998],[-45.262073,-23.593666199999973],[-45.261601,-23.593119],[-45.261339299999975,-23.59243259999994],[-45.26103279999995,-23.591876199999945],[-45.26146179999995,-23.59138379999996],[-45.26201979999996,-23.590992099999937],[-45.262585599999966,-23.590597899999977],[-45.26275389999995,-23.590071799999976],[-45.26332419999994,-23.589283],[-45.26401529999998,-23.58883919999994],[-45.26479509999996,-23.588620799999944],[-45.266359499999965,-23.58806],[-45.26809979999996,-23.58780729999995],[-45.268939399999965,-23.587798499999963],[-45.26967939999997,-23.58829309999993],[-45.270321,-23.588445],[-45.270264399999974,-23.58887],[-45.270439599999975,-23.589196899999934],[-45.270776,-23.589079699999957],[-45.27109569999993,-23.588629599999933],[-45.271434399999976,-23.587702199999967],[-45.27143629999995,-23.586872599999936],[-45.27146589999995,-23.586811799999964],[-45.27170929999994,-23.58665659999997],[-45.27219259999998,-23.586478],[-45.27265369999998,-23.58642089999995],[-45.273179099999936,-23.586445],[-45.273776399999974,-23.58657059999996],[-45.27424469999994,-23.586662199999978],[-45.274853,-23.58682829999998],[-45.275413199999946,-23.58702809999994],[-45.276112299999966,-23.58732109999994],[-45.27620589999998,-23.587378299999955],[-45.27630359999995,-23.587473099999954],[-45.27638809999996,-23.58757719999994],[-45.27641749999998,-23.58761759999993],[-45.27648889999995,-23.587705099999937],[-45.276553,-23.58778179999996],[-45.27664249999998,-23.58783509999995],[-45.27668829999993,-23.587921199999982],[-45.27677419999998,-23.587983899999983],[-45.27688919999997,-23.58805739999997],[-45.27698789999994,-23.58815069999997],[-45.27707149999998,-23.588227099999983],[-45.277135699999974,-23.588324],[-45.277193,-23.588380299999983],[-45.27718889999994,-23.588432],[-45.27724519999998,-23.58851379999993],[-45.27736179999994,-23.58865959999997],[-45.27746449999995,-23.588685399999974],[-45.27744319999994,-23.588602299999934],[-45.27750439999994,-23.588620299999945],[-45.27757759999997,-23.588627199999962],[-45.27762169999994,-23.588596499999937],[-45.277635499999974,-23.588606],[-45.27768819999994,-23.588617399999976],[-45.27773339999993,-23.588607399999944],[-45.27777019999996,-23.588593899999978],[-45.27779609999993,-23.588579799999934],[-45.27780389999998,-23.588562099999933],[-45.27783889999995,-23.588555199999973],[-45.27789249999995,-23.588531299999943],[-45.277930599999934,-23.588580299999933],[-45.27796769999998,-23.58860649999997],[-45.27802,-23.588593499999945],[-45.27803269999998,-23.588539099999934],[-45.27809259999998,-23.588485399999968],[-45.278128899999956,-23.58845789999998],[-45.27817049999993,-23.58847149999997],[-45.278200099999935,-23.588443],[-45.278222599999935,-23.58837989999995],[-45.27827039999994,-23.58833549999997],[-45.27832509999996,-23.588283199999978],[-45.278384,-23.588275599999974],[-45.278421599999945,-23.588254399999983],[-45.27842059999995,-23.588202199999955],[-45.278452399999935,-23.588161399999933],[-45.278479,-23.588149699999974],[-45.278481399999976,-23.588112699999954],[-45.27846489999996,-23.58808929999998],[-45.27846749999998,-23.588081699999975],[-45.27848889999996,-23.58808339999996],[-45.27852109999998,-23.588067799999976],[-45.27852649999994,-23.588043],[-45.27850419999993,-23.58801479999994],[-45.278535499999975,-23.58797979999997],[-45.278574,-23.587982799999963],[-45.27860449999997,-23.587975299999982],[-45.27861629999995,-23.587945899999966],[-45.27859639999997,-23.587916899999982],[-45.27860909999998,-23.587894],[-45.27862609999994,-23.58786349999997],[-45.278619799999944,-23.587847],[-45.27863259999998,-23.587815699999965],[-45.27865369999995,-23.587806],[-45.27866469999998,-23.587778],[-45.278672599999936,-23.587744199999975],[-45.278688399999965,-23.587736099999972],[-45.27871209999995,-23.587733899999932],[-45.27873679999993,-23.58770759999993],[-45.27873439999996,-23.58767759999995],[-45.27873249999993,-23.587648399999978],[-45.27875119999993,-23.58762969999998],[-45.27877159999997,-23.587588299999936],[-45.27877909999995,-23.587555599999973],[-45.27878909999998,-23.587551099999928],[-45.278796399999976,-23.587563599999953],[-45.27880939999994,-23.587570599999935],[-45.278824199999974,-23.587549199999955],[-45.27884689999996,-23.587516599999958],[-45.27881409999998,-23.587509799999964],[-45.27880819999996,-23.587485399999935],[-45.27883039999995,-23.587463399999933],[-45.27882969999996,-23.587442599999974],[-45.278841599999964,-23.587445799999955],[-45.27887339999995,-23.587443399999927],[-45.27889109999995,-23.587426799999946],[-45.27887059999995,-23.587402],[-45.27886449999994,-23.587378399999977],[-45.27888869999998,-23.58734389999995],[-45.27890839999998,-23.58732649999996],[-45.27893009999997,-23.58732809999998],[-45.27896739999994,-23.587311399999976],[-45.27897919999998,-23.587293199999976],[-45.278972599999975,-23.58726919999998],[-45.27895449999994,-23.587248699999975],[-45.27896679999998,-23.587233599999934],[-45.278988899999945,-23.58724],[-45.279019,-23.58722869999997],[-45.27903709999998,-23.58721939999998],[-45.279047599999956,-23.58718559999994],[-45.279066899999975,-23.58717719999993],[-45.27906109999998,-23.587154],[-45.279074299999934,-23.587146599999983],[-45.27908469999994,-23.58712339999994],[-45.27908189999994,-23.58710039999994],[-45.279081,-23.587081599999976],[-45.279089099999965,-23.587085599999966],[-45.27912269999996,-23.587080899999933],[-45.279133,-23.587068099999954],[-45.279125799999974,-23.58706509999996],[-45.279106499999955,-23.587058199999944],[-45.279115599999955,-23.58703749999995],[-45.27912559999993,-23.587041099999965],[-45.27913069999994,-23.587030699999957],[-45.279128399999934,-23.587009],[-45.279138399999965,-23.587008699999956],[-45.279152299999964,-23.586994199999936],[-45.27914879999997,-23.58695339999997],[-45.27919309999993,-23.586924799999963],[-45.279223799999954,-23.58691319999997],[-45.27924569999993,-23.586925099999974],[-45.27925349999998,-23.58691319999997],[-45.279251199999976,-23.586882499999945],[-45.27927239999997,-23.58683949999994],[-45.279267199999936,-23.586799699999972],[-45.279249499999935,-23.586784499999965],[-45.27924319999994,-23.58676719999994],[-45.279263199999946,-23.586772],[-45.27929,-23.586792899999978],[-45.27932589999995,-23.586795799999948],[-45.279337,-23.586752399999966],[-45.27933369999994,-23.58669809999998],[-45.27930519999995,-23.58666349999993],[-45.279322599999944,-23.586628599999983],[-45.27934,-23.586588499999948],[-45.27934209999995,-23.58655219999997],[-45.27936159999996,-23.586523399999976],[-45.27938259999996,-23.586489399999948],[-45.27937929999996,-23.586453699999936],[-45.27940559999996,-23.586418399999957],[-45.279433799999936,-23.586414799999943],[-45.279426299999955,-23.586376899999948],[-45.279458199999965,-23.586354099999937],[-45.27951529999996,-23.586306699999966],[-45.27949829999994,-23.58628589999995],[-45.27952419999997,-23.586262699999963],[-45.27956679999994,-23.586201899999935],[-45.279615,-23.58615759999998],[-45.27964049999997,-23.586132599999928],[-45.279668699999945,-23.58610479999993],[-45.27966849999996,-23.58606409999993],[-45.27965409999996,-23.58600189999993],[-45.279639799999984,-23.58592129999994],[-45.279623199999946,-23.585860899999943],[-45.279629399999976,-23.585819],[-45.27964319999995,-23.58582709999996],[-45.279656899999964,-23.585781399999973],[-45.279657,-23.585733199999936],[-45.279674099999966,-23.58572209999994],[-45.27970809999994,-23.585682],[-45.279719599999964,-23.585636799999975],[-45.27972779999993,-23.585615099999927],[-45.27974329999995,-23.585621],[-45.27976689999997,-23.585592],[-45.27976989999996,-23.585563299999933],[-45.279794299999935,-23.58555759999996],[-45.27983039999998,-23.585535],[-45.279822199999956,-23.585491899999965],[-45.279790799999944,-23.58546339999998],[-45.27982179999998,-23.585429399999953],[-45.27984649999996,-23.58540309999995],[-45.27986109999995,-23.58535829999994],[-45.27989179999997,-23.58529079999994],[-45.279888899999946,-23.585221899999965],[-45.279918,-23.585163199999954],[-45.279965,-23.585103599999968],[-45.279953,-23.58504449999998],[-45.27996,-23.58494829999995],[-45.27999829999993,-23.584902899999975],[-45.280016699999976,-23.584844499999974],[-45.27999659999995,-23.584757199999956],[-45.28012679999995,-23.584649],[-45.28011879999997,-23.584586499999943],[-45.280130499999984,-23.584476199999983],[-45.280100699999934,-23.584367399999962],[-45.28010079999996,-23.58432739999995],[-45.28007239999994,-23.58429129999996],[-45.28003739999997,-23.584195499999964],[-45.28000339999994,-23.584133099999974],[-45.27998979999995,-23.58403979999997],[-45.27988709999994,-23.583902699999953],[-45.27982819999994,-23.58381789999993],[-45.27980839999998,-23.583727799999963],[-45.279737799999964,-23.583605199999965],[-45.27962869999993,-23.583514099999945],[-45.27953709999997,-23.583433599999978],[-45.279419099999984,-23.58335079999995],[-45.27931589999997,-23.58328819999997],[-45.279192199999954,-23.58326119999998],[-45.27903829999997,-23.58321929999994],[-45.27881089999994,-23.583253399999933],[-45.278673599999934,-23.58327639999993],[-45.278629199999955,-23.58334549999995],[-45.27853749999997,-23.583354799999938],[-45.27839119999993,-23.583341399999938],[-45.27826769999996,-23.583353299999942],[-45.278260399999965,-23.583353599999953],[-45.278166699999986,-23.58332729999995],[-45.27813759999998,-23.583334699999966],[-45.27798359999997,-23.583336499999973],[-45.27781249999998,-23.583246799999984],[-45.277673499999935,-23.583161899999936],[-45.27759139999995,-23.58305459999997],[-45.277534799999955,-23.582906199999968],[-45.277484399999935,-23.58276879999994],[-45.27742639999997,-23.58270219999997],[-45.277408099999946,-23.582627199999934],[-45.27741179999998,-23.582591799999932],[-45.27741659999998,-23.58255029999998],[-45.277416399999936,-23.58247819999997],[-45.27740239999997,-23.58234609999994],[-45.27736289999996,-23.58226549999995],[-45.277339799999936,-23.582221199999935],[-45.27732,-23.58218439999996],[-45.27723709999998,-23.582117899999957],[-45.27720679999993,-23.582041699999934],[-45.27716779999997,-23.581990599999983],[-45.27716909999998,-23.581913],[-45.27717209999997,-23.581848599999944],[-45.27716849999996,-23.581720899999937],[-45.277167599999984,-23.581648899999948],[-45.27715959999995,-23.581580199999962],[-45.27716959999998,-23.581511499999976],[-45.27720139999997,-23.581458899999973],[-45.277223499999934,-23.581403399999942],[-45.27722619999997,-23.581380799999977],[-45.277219,-23.581333599999937],[-45.27721309999998,-23.58128679999993],[-45.277197,-23.58125549999994],[-45.27719959999996,-23.581205299999965],[-45.27718939999994,-23.581141499999944],[-45.277180699999974,-23.581082599999945],[-45.27723089999995,-23.581056599999954],[-45.27722449999993,-23.58102409999998],[-45.277254599999935,-23.58097369999996],[-45.277263699999935,-23.580951899999945],[-45.277272,-23.580911799999967],[-45.27729949999997,-23.580894299999954],[-45.27732559999998,-23.580893899999978],[-45.277351299999964,-23.580876199999977],[-45.277354199999934,-23.580826],[-45.27731249999994,-23.580813099999943],[-45.27732139999995,-23.58078009999997],[-45.277330699999936,-23.58075679999996],[-45.27734859999998,-23.58076829999993],[-45.27737019999995,-23.580768499999976],[-45.27735839999997,-23.58075059999993],[-45.27734369999996,-23.58072439999995],[-45.27734529999998,-23.580683],[-45.277372799999966,-23.58065289999996],[-45.27739719999994,-23.580633],[-45.27741189999995,-23.58059259999993],[-45.277396099999976,-23.58057329999997],[-45.277369599999986,-23.58060039999998],[-45.27733809999995,-23.580604499999936],[-45.277310099999966,-23.580592499999966],[-45.27728929999995,-23.580565899999954],[-45.27728989999997,-23.58050609999998],[-45.277320799999984,-23.58050819999994],[-45.277326899999935,-23.580456399999946],[-45.27734609999993,-23.580406],[-45.277345699999955,-23.580356499999937],[-45.27738249999993,-23.580312799999945],[-45.27742139999998,-23.58030839999998],[-45.27745779999998,-23.58031959999994],[-45.277504799999974,-23.58033419999998],[-45.27752209999994,-23.58030539999993],[-45.27752829999997,-23.580265],[-45.277493299999946,-23.580219899999975],[-45.27750119999996,-23.580203299999937],[-45.27747469999997,-23.580181399999958],[-45.27743819999995,-23.580155899999966],[-45.27741379999998,-23.580103899999983],[-45.27742409999996,-23.58004459999995],[-45.27745269999997,-23.579988299999968],[-45.27747419999997,-23.579915],[-45.277466199999935,-23.57984739999995],[-45.27743859999998,-23.57975229999994],[-45.27736629999998,-23.579631099999972],[-45.27733719999998,-23.57958919999993],[-45.27727239999996,-23.57949489999993],[-45.27716859999998,-23.579388199999983],[-45.277095,-23.5793],[-45.27701939999997,-23.57922069999995],[-45.27699209999997,-23.579144499999927],[-45.27693329999994,-23.57910959999998],[-45.276864099999955,-23.57902859999996],[-45.276781,-23.57893389999998],[-45.27672339999998,-23.578854299999932],[-45.27670509999996,-23.57879049999997],[-45.27668479999994,-23.57833729999993],[-45.27667,-23.578341],[-45.276662,-23.578342],[-45.276655,-23.578344],[-45.276647,-23.578346],[-45.276639,-23.578348],[-45.276632,-23.578349],[-45.276624,-23.578351],[-45.276616,-23.578352],[-45.276609,-23.578353],[-45.276601,-23.578354],[-45.276594,-23.578354],[-45.27659,-23.578354],[-45.276586,-23.578354],[-45.276579,-23.578354],[-45.276572,-23.578353],[-45.276564,-23.578352],[-45.276557,-23.578352],[-45.27655,-23.578351],[-45.276542,-23.578351],[-45.276535,-23.57835],[-45.276528,-23.578349],[-45.276521,-23.578348],[-45.276513,-23.578348],[-45.276506,-23.578347],[-45.276498,-23.578346],[-45.276489,-23.578345],[-45.27648,-23.578343],[-45.276471,-23.578342],[-45.276461,-23.578341],[-45.276451,-23.578339],[-45.276441,-23.578338],[-45.276431,-23.578337],[-45.276421,-23.578335],[-45.276411,-23.578334],[-45.276401,-23.578333],[-45.276391,-23.578332],[-45.27638,-23.578331],[-45.276371,-23.57833],[-45.276361,-23.578329],[-45.276351,-23.578327],[-45.276342,-23.578325],[-45.276334,-23.578322],[-45.276326,-23.578319],[-45.276318,-23.578315],[-45.27631,-23.57831],[-45.276303,-23.578306],[-45.276296,-23.578301],[-45.276288,-23.578297],[-45.276281,-23.578292],[-45.276273,-23.578287],[-45.276266,-23.578283],[-45.276259,-23.578278],[-45.276251,-23.578273],[-45.276243,-23.578268],[-45.276235,-23.578262],[-45.276227,-23.578256],[-45.276218,-23.578249],[-45.276209,-23.578242],[-45.2762,-23.578234],[-45.276191,-23.578227],[-45.276181,-23.578219],[-45.276172,-23.578211],[-45.276162,-23.578203],[-45.276153,-23.578195],[-45.276143,-23.578187],[-45.276134,-23.578179],[-45.276124,-23.578171],[-45.276114,-23.578163],[-45.276105,-23.578155],[-45.276096,-23.578148],[-45.276087,-23.57814],[-45.276079,-23.578134],[-45.276071,-23.578127],[-45.276063,-23.578121],[-45.276055,-23.578114],[-45.276047,-23.578108],[-45.276039,-23.578102],[-45.276031,-23.578096],[-45.275855,-23.577972],[-45.275667,-23.577867],[-45.27563,-23.577855],[-45.275553,-23.577861],[-45.275486,-23.577883],[-45.275443,-23.577909],[-45.275292,-23.578021],[-45.275192,-23.578098],[-45.275071,-23.578176],[-45.274822,-23.578249],[-45.274726,-23.578256],[-45.27463,-23.578263],[-45.27454,-23.578242],[-45.27445,-23.578221],[-45.274307,-23.578136],[-45.274095,-23.577975],[-45.273606,-23.577365],[-45.273855099999935,-23.577273799999944],[-45.273877099999936,-23.577203899999972],[-45.27393589999997,-23.577017599999976],[-45.274234699999965,-23.57663629999996],[-45.274336,-23.57650689999997],[-45.274543,-23.575889599999982],[-45.274698,-23.575725899999952],[-45.274723499999936,-23.575699],[-45.275076,-23.575637099999938],[-45.275642199999936,-23.575949],[-45.275938,-23.575942099999963],[-45.27613749999995,-23.575835],[-45.27624089999995,-23.57556479999994],[-45.27601989999994,-23.575332199999934],[-45.27545,-23.575312099999962],[-45.27502679999998,-23.574946299999965],[-45.274715199999946,-23.574969299999964],[-45.27461509999995,-23.575098799999978],[-45.274342099999956,-23.57545159999995],[-45.274284499999965,-23.575526],[-45.27420829999994,-23.57562459999997],[-45.273963899999956,-23.57553749999994],[-45.27425519999997,-23.574890799999935],[-45.274148399999945,-23.574284699999964],[-45.27372989999998,-23.57396579999994],[-45.27353679999993,-23.57390369999996],[-45.273491399999955,-23.573889099999974],[-45.27275659999998,-23.57365269999997],[-45.27264969999993,-23.57334309999993],[-45.272746,-23.57311909999993],[-45.27304189999995,-23.572964499999955],[-45.27382909999994,-23.572874799999965],[-45.27383919999994,-23.57272269999993],[-45.27384979999994,-23.57256339999998],[-45.27347389999994,-23.572313099999974],[-45.27306629999998,-23.572392499999978],[-45.27253409999997,-23.572779499999967],[-45.272242699999936,-23.572764099999972],[-45.27212879999996,-23.572587599999963],[-45.27225939999994,-23.572307299999977],[-45.273737,-23.571748299999967],[-45.27418119999993,-23.571580299999937],[-45.27410629999997,-23.571188199999938],[-45.27420609999996,-23.570912499999963],[-45.274086299999965,-23.570632599999954],[-45.27416119999998,-23.570362699999976],[-45.27387449999998,-23.57008509999997],[-45.273869099999956,-23.569901199999947],[-45.27411049999995,-23.569433799999956],[-45.27426,-23.569144499999936],[-45.274221799999964,-23.569042099999933],[-45.27416669999997,-23.56889469999993],[-45.27379609999997,-23.568901],[-45.27338959999997,-23.568907899999942],[-45.27319689999996,-23.568691199999932],[-45.27318449999996,-23.568499199999962],[-45.27316059999998,-23.56813109999996],[-45.27323739999997,-23.567979099999945],[-45.273248499999966,-23.567957],[-45.27361109999998,-23.56723889999995],[-45.273659099999975,-23.567143899999962],[-45.273633,-23.56654939999993],[-45.273533499999985,-23.566265899999962],[-45.27352879999995,-23.566252499999962],[-45.27350919999998,-23.566196699999978],[-45.27333,-23.56598889999998],[-45.27328609999995,-23.565938],[-45.27322639999994,-23.565868699999953],[-45.27313749999996,-23.56576569999993],[-45.27230849999995,-23.565438299999983],[-45.27203529999997,-23.565017299999965],[-45.272066,-23.564496799999972],[-45.27183229999997,-23.563909499999966],[-45.271961,-23.56318479999993],[-45.27185279999998,-23.562201499999958],[-45.27213379999995,-23.561900899999955],[-45.272826399999985,-23.561625],[-45.27289609999997,-23.561520499999972],[-45.272731799999974,-23.561202299999934],[-45.27232189999995,-23.560874],[-45.27184479999994,-23.55999289999994],[-45.27161589999997,-23.55995239999993],[-45.27128339999996,-23.560067299999957],[-45.27097059999994,-23.56040289999993],[-45.270633299999986,-23.560591],[-45.26983819999998,-23.560756399999946],[-45.26914249999993,-23.561316099999942],[-45.268165599999975,-23.561632499999973],[-45.26710179999998,-23.562575699999968],[-45.266723199999944,-23.56274989999997],[-45.26561359999994,-23.563025799999934],[-45.26554539999995,-23.56309189999996],[-45.26421719999996,-23.564379499999973],[-45.26394359999995,-23.564553299999943],[-45.26358149999993,-23.564597599999956],[-45.26323739999998,-23.564519299999972],[-45.26288859999994,-23.564128099999948],[-45.262649,-23.56317329999996],[-45.26242609999997,-23.56288049999995],[-45.26207789999995,-23.56259769999997],[-45.26108469999997,-23.562173299999927],[-45.260721,-23.561843099999976],[-45.26039909999997,-23.561710499999947],[-45.25993439999996,-23.561159699999962],[-45.259305,-23.560856799999954],[-45.25925079999996,-23.560653099999968],[-45.25933539999994,-23.560473499999944],[-45.25939139999997,-23.560354599999982],[-45.260203599999954,-23.560346099999947],[-45.260479,-23.560262],[-45.26089669999993,-23.559884],[-45.26121869999997,-23.55977919999998],[-45.261495399999944,-23.55980889999995],[-45.26190909999997,-23.56002189999998],[-45.262226699999985,-23.559983199999976],[-45.262886099999946,-23.559689299999945],[-45.26341039999994,-23.55927239999994],[-45.263998199999946,-23.55908029999995],[-45.264257,-23.558747],[-45.26474419999994,-23.558119499999975],[-45.264763,-23.557983099999944],[-45.26478609999998,-23.557815499999947],[-45.26471019999997,-23.557289],[-45.26449439999993,-23.556919599999958],[-45.26415009999994,-23.55660839999996],[-45.263540699999965,-23.55519579999998],[-45.26353659999995,-23.554624099999955],[-45.26374389999995,-23.55419219999993],[-45.26367289999996,-23.553726],[-45.26343689999993,-23.553557],[-45.26283179999996,-23.553404099999966],[-45.262527199999965,-23.553012699999954],[-45.262622499999964,-23.552834399999938],[-45.26295709999994,-23.552746499999955],[-45.26310189999998,-23.552575399999967],[-45.263091299999985,-23.552323],[-45.26294489999998,-23.55205959999995],[-45.262995699999976,-23.55184209999993],[-45.263444799999945,-23.551508799999965],[-45.26343719999994,-23.55110609999997],[-45.263253599999985,-23.550798499999928],[-45.26328509999996,-23.550385499999948],[-45.26345209999994,-23.55019059999995],[-45.264192299999934,-23.54977309999998],[-45.26433289999994,-23.549518499999976],[-45.26430359999995,-23.549177399999962],[-45.26416389999997,-23.548917899999935],[-45.263588899999945,-23.54824],[-45.26358749999997,-23.547907599999974],[-45.26383739999994,-23.54758739999994],[-45.26444669999995,-23.547234299999957],[-45.265246099999956,-23.545470199999954],[-45.26583889999995,-23.544597599999975],[-45.265723,-23.544483399999933],[-45.26551239999998,-23.544389399999943],[-45.265052899999944,-23.544527399999936],[-45.26443469999998,-23.544902299999933],[-45.26371279999995,-23.545290399999942],[-45.263323,-23.545558399999948],[-45.26243549999998,-23.545701399999928],[-45.26202069999994,-23.545847899999956],[-45.26180419999997,-23.54589729999998],[-45.26143579999996,-23.54595919999997],[-45.261069099999986,-23.545750899999973],[-45.26089949999994,-23.54518969999998],[-45.26087759999996,-23.544897299999946],[-45.260790199999974,-23.54457009999993],[-45.26062179999997,-23.544273499999974],[-45.26055039999994,-23.54400449999997],[-45.26059449999997,-23.54375579999993],[-45.260715,-23.543415599999946],[-45.260983,-23.543113799999958],[-45.26133319999997,-23.542931899999928],[-45.26172019999996,-23.54283049999998],[-45.262229899999966,-23.54283959999998],[-45.26286109999995,-23.54283849999996],[-45.26340589999995,-23.542754599999967],[-45.26391339999998,-23.542501899999934],[-45.264306499999975,-23.542355199999975],[-45.26470709999995,-23.542349499999943],[-45.265157,-23.542486699999927],[-45.26558829999993,-23.54263409999993],[-45.26593189999994,-23.542669599999954],[-45.26616579999995,-23.54246029999996],[-45.26640189999995,-23.542197],[-45.266438799999946,-23.541900899999973],[-45.26638649999995,-23.541706399999953],[-45.26624319999996,-23.54137849999995],[-45.26597779999997,-23.541079199999956],[-45.26571469999993,-23.54091],[-45.26542029999996,-23.54078389999995],[-45.265169499999956,-23.54064539999996],[-45.265029899999945,-23.540452399999936],[-45.265097399999945,-23.54015739999994],[-45.26540679999994,-23.539879199999973],[-45.26594929999993,-23.539603099999965],[-45.26615739999994,-23.539355399999977],[-45.266093499999954,-23.539174899999978],[-45.26593,-23.539116599999943],[-45.26579369999996,-23.539067],[-45.26558609999995,-23.538992399999927],[-45.26532189999995,-23.53877239999997],[-45.265081899999984,-23.538749699999983],[-45.26481549999994,-23.538712699999962],[-45.26463409999997,-23.538623899999948],[-45.26446729999998,-23.538414399999965],[-45.26419619999996,-23.538211399999966],[-45.263872299999946,-23.53808769999995],[-45.26360189999997,-23.538193199999967],[-45.26332959999996,-23.538286],[-45.26302179999993,-23.538536299999976],[-45.26265849999993,-23.53839879999998],[-45.26253389999994,-23.53823239999997],[-45.262296299999946,-23.538146499999982],[-45.26206689999998,-23.53818179999996],[-45.26188989999997,-23.53824579999997],[-45.26153489999996,-23.53834379999995],[-45.260927899999956,-23.53834779999994],[-45.260308899999984,-23.53830679999993],[-45.25963649999994,-23.53818069999994],[-45.25923609999995,-23.538066199999946],[-45.258833899999956,-23.537866899999983],[-45.258553,-23.537538799999936],[-45.258385199999964,-23.537180599999942],[-45.25828579999995,-23.536728299999936],[-45.25812259999998,-23.536432499999933],[-45.257904,-23.53614579999993],[-45.25761989999995,-23.535998],[-45.25726559999998,-23.53577789999997],[-45.25709189999998,-23.535505799999953],[-45.257405,-23.534954099999936],[-45.25772059999997,-23.534692199999938],[-45.258001699999966,-23.534209199999964],[-45.257956,-23.533685299999945],[-45.257596,-23.533347299999946],[-45.25725269999998,-23.53309889999997],[-45.25709879999994,-23.532871],[-45.257021099999974,-23.53250879999996],[-45.25689479999994,-23.53221229999997],[-45.25659209999998,-23.53197819999997],[-45.25621369999993,-23.531813099999965],[-45.25603229999996,-23.531618599999945],[-45.256011899999976,-23.531353],[-45.25623429999996,-23.531201499999952],[-45.256627599999945,-23.531155699999942],[-45.25688149999996,-23.53120789999997],[-45.257209699999976,-23.53131659999997],[-45.25770709999995,-23.53145859999995],[-45.25801869999998,-23.531585399999983],[-45.25834189999995,-23.53163849999993],[-45.258691899999974,-23.53156789999997],[-45.258792599999936,-23.531285699999955],[-45.25864269999994,-23.531090499999948],[-45.25845489999995,-23.530874799999935],[-45.258480299999974,-23.530619199999933],[-45.25877619999994,-23.530349799999954],[-45.25920009999993,-23.53005559999997],[-45.259622099999945,-23.529664499999967],[-45.25985919999994,-23.529461099999935],[-45.260026299999936,-23.529216],[-45.26018159999995,-23.528960799999936],[-45.26029269999998,-23.528706099999965],[-45.260321499999975,-23.52845169999995],[-45.26011379999994,-23.528372099999956],[-45.25996319999996,-23.528291199999956],[-45.25992419999994,-23.52827019999995],[-45.25980079999994,-23.52833339999995],[-45.259469,-23.528503199999932],[-45.25923689999996,-23.52865859999997],[-45.258978199999945,-23.52878009999995],[-45.25866419999994,-23.52890979999995],[-45.25841339999994,-23.52903219999996],[-45.25813109999996,-23.529105899999934],[-45.25781779999994,-23.529077599999937],[-45.257625099999984,-23.52894219999996],[-45.25759819999996,-23.528647099999944],[-45.25770429999994,-23.528286599999944],[-45.25784639999995,-23.527929299999983],[-45.257881699999984,-23.527692599999966],[-45.257780699999955,-23.527384499999982],[-45.257504,-23.52740289999997],[-45.257270699999935,-23.527433499999972],[-45.257088,-23.52757459999998],[-45.256924899999945,-23.52769479999995],[-45.25666289999998,-23.527825],[-45.25647249999997,-23.52790189999996],[-45.25619619999998,-23.52802669999994],[-45.255930099999944,-23.528129899999954],[-45.255669499999954,-23.52821369999998],[-45.255483099999935,-23.528219899999954],[-45.255213699999956,-23.52819919999996],[-45.254943,-23.528191499999934],[-45.25469549999997,-23.528176],[-45.254552399999966,-23.52808729999998],[-45.254309,-23.52793879999996],[-45.254068899999936,-23.527827899999977],[-45.253821899999934,-23.527720899999963],[-45.25360059999997,-23.527708],[-45.25339349999996,-23.52765169999998],[-45.25317649999994,-23.527703499999973],[-45.25304849999998,-23.527558599999963],[-45.25313719999997,-23.52728959999996],[-45.25331849999998,-23.527088],[-45.25356019999998,-23.52690689999997],[-45.25364989999997,-23.526685399999963],[-45.253687799999966,-23.526535],[-45.253790899999956,-23.526290699999947],[-45.25388659999993,-23.526137],[-45.25413219999996,-23.526116499999944],[-45.25425179999996,-23.526276699999983],[-45.254398,-23.526511599999935],[-45.25453449999998,-23.526705],[-45.25467069999996,-23.526816699999983],[-45.25491359999995,-23.526911199999972],[-45.255174899999986,-23.526924099999974],[-45.255518,-23.526782099999934],[-45.25573879999996,-23.526494599999978],[-45.25580039999994,-23.526229599999965],[-45.25582379999997,-23.52595679999996],[-45.25573749999995,-23.52564039999993],[-45.25558,-23.525366899999938],[-45.25540659999996,-23.525161899999944],[-45.25503579999997,-23.524901299999954],[-45.25462179999994,-23.524758799999972],[-45.25419789999995,-23.524635299999943],[-45.25382309999998,-23.52444259999993],[-45.25363749999997,-23.524194199999954],[-45.25352209999994,-23.52393129999996],[-45.25352909999998,-23.52369319999997],[-45.25352469999996,-23.523457],[-45.25339759999997,-23.523200299999928],[-45.25324889999996,-23.523147],[-45.25300089999996,-23.523247499999968],[-45.25266559999994,-23.523314],[-45.252299,-23.52332169999994],[-45.25197379999997,-23.523207599999978],[-45.25171859999995,-23.523081799999943],[-45.251547,-23.522940199999937],[-45.25137109999997,-23.522727499999974],[-45.251268,-23.522446599999967],[-45.251188499999955,-23.522186099999942],[-45.25117949999998,-23.521915],[-45.251088599999946,-23.521700899999928],[-45.250976,-23.521547299999952],[-45.250820499999975,-23.521398699999963],[-45.25074109999997,-23.521217499999977],[-45.250823,-23.52099579999998],[-45.250901099999965,-23.520780199999933],[-45.250748499999986,-23.52062189999998],[-45.25049829999995,-23.520598699999937],[-45.25027979999993,-23.52040139999997],[-45.25008049999997,-23.520280399999933],[-45.24981889999998,-23.520163399999944],[-45.24977309999997,-23.51992709999996],[-45.249940899999956,-23.519741],[-45.25016439999996,-23.519723399999975],[-45.25042119999995,-23.519618299999934],[-45.25072249999994,-23.519567],[-45.25096839999998,-23.519384299999956],[-45.250795799999935,-23.51917549999996],[-45.250604099999975,-23.519054799999935],[-45.25036079999995,-23.518816199999947],[-45.25008349999996,-23.518636499999957],[-45.24983469999995,-23.518453299999976],[-45.2497,-23.51823749999994],[-45.249715599999945,-23.518092199999955],[-45.249675199999956,-23.517934399999945],[-45.24961,-23.51784859999998],[-45.249021899999946,-23.518171199999983],[-45.248772,-23.518221],[-45.24854949999997,-23.518263899999965],[-45.24834809999993,-23.51816229999997],[-45.248199399999976,-23.517920599999968],[-45.24824249999995,-23.517658299999937],[-45.24845709999994,-23.517331799999965],[-45.248531,-23.51711219999993],[-45.24858569999998,-23.516818099999966],[-45.24872379999994,-23.516519399999936],[-45.24906919999995,-23.516094599999974],[-45.24930269999993,-23.515847699999938],[-45.249421,-23.515533699999935],[-45.24947369999995,-23.51510019999995],[-45.24936219999995,-23.514869],[-45.24912439999997,-23.515058499999952],[-45.248873499999945,-23.515296899999953],[-45.24861059999995,-23.515384299999937],[-45.2483,-23.51552709999993],[-45.248111499999936,-23.515692099999967],[-45.24796909999998,-23.515904899999953],[-45.247793599999966,-23.51609129999997],[-45.247567499999946,-23.516149799999937],[-45.247332,-23.51607309999997],[-45.247180199999946,-23.515971399999955],[-45.24702879999995,-23.515919099999962],[-45.24691909999996,-23.515777799999967],[-45.246794199999954,-23.515650299999947],[-45.24660209999996,-23.51557749999995],[-45.24647109999995,-23.515463299999965],[-45.24637939999997,-23.51537979999995],[-45.246349399999986,-23.515176099999962],[-45.246402399999965,-23.51492449999995],[-45.24644009999997,-23.51471749999996],[-45.24648909999996,-23.514498],[-45.24656689999995,-23.51425869999997],[-45.24667089999997,-23.514047],[-45.24669159999996,-23.513843099999974],[-45.246731599999976,-23.513646],[-45.24688059999994,-23.51340129999994],[-45.24694329999994,-23.513215099999968],[-45.24703619999997,-23.51302919999995],[-45.24706089999995,-23.512851699999942],[-45.24710259999995,-23.512624399999936],[-45.24712969999996,-23.512292699999932],[-45.247091799999964,-23.51210459999993],[-45.24717419999996,-23.511795399999983],[-45.24727219999994,-23.511534299999937],[-45.24734629999995,-23.51125989999997],[-45.247366,-23.51099249999993],[-45.247323,-23.51080639999998],[-45.24714819999997,-23.510791299999937],[-45.246977,-23.510882699999968],[-45.24678369999998,-23.511036399999966],[-45.24656669999996,-23.511140299999965],[-45.24631979999998,-23.51141739999997],[-45.24613839999995,-23.511591299999964],[-45.245962099999986,-23.511703199999943],[-45.24580649999996,-23.511874499999976],[-45.24565379999996,-23.51206929999995],[-45.24548939999994,-23.51225039999997],[-45.24534969999996,-23.512496],[-45.24519939999993,-23.512754599999937],[-45.24504979999995,-23.512987299999963],[-45.244834,-23.513074],[-45.244533599999954,-23.513130199999978],[-45.244307799999945,-23.51297859999994],[-45.244031,-23.51279059999996],[-45.243749299999934,-23.512538099999972],[-45.24354329999994,-23.512320399999965],[-45.24333619999993,-23.512105299999973],[-45.243162,-23.511866399999974],[-45.24300539999996,-23.511633899999936],[-45.24282439999996,-23.511403899999948],[-45.24264469999997,-23.511120699999935],[-45.242481099999964,-23.510933],[-45.24229019999996,-23.510768],[-45.24210149999993,-23.51063279999994],[-45.24191,-23.51049569999998],[-45.24176739999996,-23.510633799999937],[-45.241729,-23.510893499999952],[-45.24172439999995,-23.511213099999964],[-45.241612299999986,-23.511360199999956],[-45.24143269999996,-23.511453699999947],[-45.241222799999946,-23.51142989999994],[-45.24101059999998,-23.511368],[-45.240796099999955,-23.51137269999998],[-45.240665399999955,-23.51152179999997],[-45.24036769999998,-23.51163159999993],[-45.24024309999993,-23.511643599999957],[-45.24020319999994,-23.51164749999998],[-45.240153299999974,-23.511652399999946],[-45.240083599999934,-23.511659099999974],[-45.24012589999995,-23.511889399999973],[-45.24015449999996,-23.512051499999927],[-45.24022389999993,-23.51224159999998],[-45.240227699999934,-23.512381],[-45.240274399999976,-23.512547799999936],[-45.240317199999936,-23.512734199999954],[-45.240354399999944,-23.512963],[-45.240362,-23.51317369999998],[-45.240363,-23.513436599999977],[-45.240383099999974,-23.51372329999998],[-45.240382599999975,-23.51399179999993],[-45.24040529999996,-23.51426609999993],[-45.24049009999993,-23.514543199999935],[-45.240615299999945,-23.5149],[-45.24076869999993,-23.51517359999997],[-45.24088859999995,-23.515415899999937],[-45.24085719999994,-23.51566729999996],[-45.24084709999994,-23.51588279999993],[-45.24089,-23.51608509999994],[-45.24101529999996,-23.516208399999982],[-45.241172699999936,-23.516349699999978],[-45.24125289999995,-23.51656859999997],[-45.241252,-23.516787199999953],[-45.24127569999996,-23.51692689999993],[-45.24130229999997,-23.51711649999993],[-45.24137949999994,-23.517358499999943],[-45.24145349999998,-23.517586199999982],[-45.24149319999998,-23.517808299999956],[-45.241471299999944,-23.518084899999963],[-45.24146129999997,-23.518348899999978],[-45.241588899999954,-23.518641799999955],[-45.241752,-23.518909399999927],[-45.241856,-23.519184399999972],[-45.241809899999964,-23.519380599999977],[-45.24174869999996,-23.519630699999936],[-45.24168869999994,-23.51987259999993],[-45.24160859999995,-23.52009709999993],[-45.241658,-23.52030689999998],[-45.24180689999997,-23.520478599999933],[-45.24200589999998,-23.520554299999958],[-45.24223809999995,-23.520642599999974],[-45.24255869999996,-23.52076459999995],[-45.24275179999995,-23.520897799999943],[-45.242989,-23.521011199999975],[-45.243199499999946,-23.52124079999993],[-45.243264899999986,-23.521475599999974],[-45.24329439999997,-23.521723899999927],[-45.24330239999995,-23.52209689999995],[-45.24323519999996,-23.52248039999995],[-45.24325229999994,-23.52279729999998],[-45.24331139999998,-23.523063899999954],[-45.243310099999974,-23.523409399999935],[-45.24316319999997,-23.523810099999935],[-45.242994099999976,-23.52426779999996],[-45.242764199999954,-23.52426739999993],[-45.242530399999964,-23.524124599999936],[-45.24217479999993,-23.52398969999996],[-45.24187949999998,-23.523982899999965],[-45.241756599999974,-23.523806299999933],[-45.24183869999996,-23.52342],[-45.24189729999995,-23.523130699999967],[-45.241758199999936,-23.522917699999937],[-45.24158649999998,-23.522704699999963],[-45.241387799999984,-23.522303299999976],[-45.24122339999997,-23.521858599999973],[-45.24108369999993,-23.521532399999955],[-45.24091309999994,-23.521283299999936],[-45.240655799999956,-23.520971],[-45.24038589999998,-23.520781299999953],[-45.240142799999944,-23.52089069999994],[-45.23996469999997,-23.52107849999993],[-45.239768399999946,-23.52117839999994],[-45.239614,-23.52116069999994],[-45.239396099999965,-23.521097599999962],[-45.23914369999994,-23.520999699999948],[-45.23890189999997,-23.520896299999947],[-45.23869249999996,-23.52085889999995],[-45.23849749999994,-23.52085059999996],[-45.238294,-23.52093149999996],[-45.238072,-23.52104719999994],[-45.23792869999994,-23.521295299999963],[-45.237812599999984,-23.521523099999968],[-45.23765109999994,-23.521707799999945],[-45.23733469999996,-23.521739499999967],[-45.23707639999998,-23.521607],[-45.23688789999994,-23.521358299999974],[-45.23672319999997,-23.521149899999955],[-45.236460799999975,-23.520939899999973],[-45.236145799999974,-23.520834399999956],[-45.23590249999995,-23.52071719999998],[-45.23573419999997,-23.520581499999935],[-45.23561049999995,-23.520485],[-45.23542869999994,-23.52042169999993],[-45.23523839999996,-23.520347399999935],[-45.23512479999994,-23.52027839999994],[-45.23499839999994,-23.520096299999977],[-45.23487449999993,-23.51991049999998],[-45.234725399999945,-23.519733299999928],[-45.23447989999994,-23.51964479999998],[-45.23429829999998,-23.51958989999997],[-45.23409529999998,-23.519518],[-45.23391379999998,-23.51944279999998],[-45.23378889999998,-23.519234599999947],[-45.233606899999984,-23.518798799999956],[-45.23351259999998,-23.518442],[-45.23329659999996,-23.518092199999955],[-45.23309629999994,-23.517790899999966],[-45.23295749999994,-23.517501399999958],[-45.232946399999946,-23.51721169999996],[-45.23276039999996,-23.51707049999993],[-45.232592,-23.51715409999997],[-45.232424599999945,-23.51726119999995],[-45.232363599999985,-23.517328299999974],[-45.232268499999975,-23.517317599999956],[-45.23202779999997,-23.517657499999927],[-45.23191609999998,-23.517817099999945],[-45.23183659999995,-23.517892],[-45.23177,-23.51796289999993],[-45.23170449999998,-23.51799239999997],[-45.23161449999998,-23.518033],[-45.23137589999993,-23.517921299999955],[-45.23120579999994,-23.517721499999936],[-45.23106819999998,-23.51747339999997],[-45.23096779999997,-23.51729219999993],[-45.230852099999936,-23.517083499999956],[-45.23072939999997,-23.517018399999927],[-45.230605899999944,-23.517034799999976],[-45.230495,-23.51705359999994],[-45.23036339999993,-23.517074199999968],[-45.23023869999997,-23.51705119999997],[-45.23011029999998,-23.516985199999965],[-45.22992039999997,-23.516908299999955],[-45.22968219999996,-23.51682109999996],[-45.229418099999975,-23.516788599999927],[-45.22918069999997,-23.516781699999967],[-45.22891619999996,-23.516758299999935],[-45.228612399999975,-23.516764099999932],[-45.22853369999996,-23.516931],[-45.228603299999975,-23.517064699999935],[-45.228646,-23.51721109999994],[-45.228691699999956,-23.51740979999994],[-45.22873709999993,-23.51767],[-45.22877039999997,-23.517861299999936],[-45.228826699999956,-23.518184099999928],[-45.228831199999945,-23.51831149999998],[-45.22884359999995,-23.518718199999967],[-45.22890689999997,-23.519100099999946],[-45.228899799999965,-23.51945059999997],[-45.22883729999995,-23.519637299999943],[-45.22883909999996,-23.519843799999933],[-45.228022099999976,-23.520826],[-45.227765499999975,-23.521158199999945],[-45.22738069999997,-23.521473399999934],[-45.22700039999995,-23.52165759999997],[-45.22673839999993,-23.52180039999996],[-45.22655019999996,-23.521931499999937],[-45.22635809999997,-23.52204679999994],[-45.22601569999995,-23.52231759999995],[-45.22569009999995,-23.522575099999983],[-45.22533329999993,-23.52264639999993],[-45.22513019999997,-23.522422],[-45.22502129999998,-23.522137],[-45.224688,-23.52189519999996],[-45.22448509999998,-23.521748099999968],[-45.22430259999993,-23.521443499999975],[-45.22410129999997,-23.52110739999995],[-45.22363869999998,-23.521216099999947],[-45.223139199999935,-23.521154399999944],[-45.22291729999995,-23.521653],[-45.222673499999985,-23.52196749999996],[-45.22225519999995,-23.522270599999956],[-45.221944,-23.522328199999947],[-45.22171989999998,-23.522379499999943],[-45.22167979999995,-23.522622099999978],[-45.22158829999995,-23.522868399999936],[-45.22140239999993,-23.52305039999993],[-45.221029499999986,-23.523172199999976],[-45.22078579999993,-23.523068699999953],[-45.22059649999994,-23.522850699999935],[-45.220371,-23.52268849999996],[-45.220172599999955,-23.52245929999998],[-45.220041599999945,-23.52226909999996],[-45.219975,-23.522020599999962],[-45.21980529999996,-23.521638499999938],[-45.219677,-23.52117379999993],[-45.21937269999995,-23.52112109999996],[-45.21935389999993,-23.52111969999993],[-45.218965699999956,-23.521099],[-45.218442,-23.520989],[-45.218098399999974,-23.520901899999956],[-45.21766239999994,-23.520787499999983],[-45.217179699999974,-23.52069629999994],[-45.21692829999995,-23.520648799999947],[-45.216670799999974,-23.520600099999967],[-45.21633749999995,-23.520537099999956],[-45.215974399999936,-23.520525299999974],[-45.21546139999998,-23.52051629999994],[-45.21506169999998,-23.52052059999994],[-45.21476389999998,-23.520493199999976],[-45.21444319999995,-23.52037809999996],[-45.21416329999994,-23.52008569999998],[-45.21394539999994,-23.519896399999936],[-45.213802699999974,-23.519898699999942],[-45.21361219999994,-23.52001569999993],[-45.21344749999997,-23.52013009999996],[-45.21310619999997,-23.52009339999995],[-45.212833399999965,-23.51991469999996],[-45.212579,-23.519661499999927],[-45.21236139999996,-23.51950929999998],[-45.212164,-23.519404599999973],[-45.211934499999984,-23.519209399999966],[-45.211802399999954,-23.519044099999974],[-45.21172819999998,-23.518839],[-45.21178,-23.518641],[-45.21192279999997,-23.518454599999927],[-45.21193119999998,-23.51829859999998],[-45.211672299999975,-23.518091099999936],[-45.21153549999997,-23.517824899999937],[-45.211366399999974,-23.51753119999995],[-45.211224,-23.517249499999934],[-45.21097179999998,-23.51707829999998],[-45.21082929999994,-23.517156499999942],[-45.21056919999995,-23.51727169999998],[-45.21008869999997,-23.51736479999994],[-45.20967879999995,-23.517444199999943],[-45.209362899999974,-23.517416599999933],[-45.20901909999998,-23.517357699999934],[-45.20848259999997,-23.51716669999996],[-45.20816689999998,-23.516931799999952],[-45.208004899999935,-23.516753],[-45.207889799999975,-23.51651069999997],[-45.20780129999997,-23.516300899999976],[-45.207707,-23.515934799999968],[-45.207662899999946,-23.515689],[-45.207505,-23.515437799999972],[-45.20736069999998,-23.51524029999996],[-45.20735509999997,-23.515012599999977],[-45.207345299999986,-23.514629499999955],[-45.20710409999998,-23.514449799999966],[-45.206827199999964,-23.514354899999944],[-45.20654539999998,-23.514177099999984],[-45.206343199999935,-23.513977199999943],[-45.20590079999994,-23.513798299999962],[-45.20555369999994,-23.513795499999958],[-45.205352,-23.513676199999964],[-45.20523989999998,-23.513541],[-45.20507339999995,-23.51342139999997],[-45.204927199999986,-23.513454],[-45.204802,-23.513481799999965],[-45.20454629999995,-23.51345329999998],[-45.204205,-23.51351059999996],[-45.203917099999956,-23.513617599999975],[-45.20349239999996,-23.513713399999972],[-45.203186899999935,-23.513628799999935],[-45.203088899999955,-23.513467299999945],[-45.203144099999975,-23.51328559999996],[-45.20319089999998,-23.51311979999997],[-45.203225299999986,-23.512934299999984],[-45.20336619999995,-23.51267389999998],[-45.20353709999995,-23.512555599999928],[-45.20378729999993,-23.512429099999963],[-45.20402319999994,-23.512331699999947],[-45.204159499999946,-23.512170099999935],[-45.204234,-23.511930199999938],[-45.204330899999945,-23.511596099999963],[-45.20451689999993,-23.511393099999964],[-45.204786,-23.51124889999994],[-45.20508719999998,-23.51125849999994],[-45.20535909999995,-23.511274399999934],[-45.205393199999946,-23.51106479999993],[-45.20540639999996,-23.510793199999966],[-45.20539469999994,-23.510547299999928],[-45.20533359999996,-23.510287799999958],[-45.20515849999998,-23.51007919999995],[-45.20508019999994,-23.509904399999982],[-45.205034299999966,-23.50965869999993],[-45.20501969999998,-23.509423399999946],[-45.20508609999996,-23.50920489999993],[-45.20492379999996,-23.509052099999963],[-45.20468979999998,-23.509027699999933],[-45.20447879999995,-23.50889319999993],[-45.204399799999976,-23.508735099999967],[-45.204349699999966,-23.508540599999947],[-45.204123,-23.508531799999957],[-45.20393519999993,-23.50854279999993],[-45.203676,-23.50863739999994],[-45.20340249999998,-23.508684],[-45.20321119999994,-23.50865749999997],[-45.20301479999995,-23.508475],[-45.202963,-23.50820479999993],[-45.203177799999935,-23.507929399999966],[-45.203445,-23.507797299999936],[-45.203759599999955,-23.507623799999976],[-45.20406649999995,-23.507496699999933],[-45.20436489999997,-23.50738659999996],[-45.204728399999965,-23.507412399999964],[-45.20495969999996,-23.507347899999957],[-45.20500939999994,-23.507121299999937],[-45.205017399999974,-23.50691359999996],[-45.20522179999995,-23.50674659999993],[-45.20535769999998,-23.506585],[-45.20517279999996,-23.50635749999998],[-45.20481979999994,-23.506215899999972],[-45.20437849999996,-23.50601379999995],[-45.20413959999996,-23.505984099999978],[-45.20394739999995,-23.505908099999942],[-45.20374579999998,-23.50585579999995],[-45.20350819999993,-23.505773099999942],[-45.20339709999996,-23.505678099999955],[-45.20328779999994,-23.505559],[-45.203069899999946,-23.50540849999993],[-45.20287529999996,-23.505270399999972],[-45.20280459999998,-23.505046],[-45.20272209999996,-23.504791099999977],[-45.202706399999954,-23.504542399999934],[-45.20266289999995,-23.504276799999957],[-45.202715,-23.50401039999997],[-45.20277139999996,-23.503724699999964],[-45.202831799999956,-23.503517599999952],[-45.20268109999995,-23.50338979999998],[-45.20236989999995,-23.503278799999975],[-45.20218459999995,-23.50318489999995],[-45.20194609999993,-23.503017299999954],[-45.201786,-23.502755599999944],[-45.20166709999995,-23.502574299999935],[-45.201396399999965,-23.50245709999996],[-45.201176499999974,-23.502342599999963],[-45.200909499999966,-23.502283699999964],[-45.20059219999996,-23.50232079999995],[-45.200259399999936,-23.502353899999946],[-45.20000639999995,-23.502396499999975],[-45.19970829999994,-23.502536199999952],[-45.199446199999954,-23.502530399999955],[-45.199373899999955,-23.502326],[-45.199371499999984,-23.502033],[-45.199453,-23.501835899999946],[-45.19961179999996,-23.50147089999996],[-45.19969459999993,-23.50118459999993],[-45.19975019999998,-23.500835499999937],[-45.199773499999935,-23.50048419999996],[-45.19983629999996,-23.500080799999978],[-45.19991379999993,-23.499770799999965],[-45.199882,-23.49956519999995],[-45.199841,-23.499322699999937],[-45.199692099999936,-23.49901049999994],[-45.199595199999976,-23.498728099999937],[-45.19947819999993,-23.498386899999957],[-45.199234099999956,-23.498150099999975],[-45.19899379999998,-23.498053],[-45.19844789999996,-23.49797989999996],[-45.19817469999998,-23.497869],[-45.198059099999966,-23.497680499999944],[-45.19801759999996,-23.497541499999954],[-45.197847399999944,-23.497452299999964],[-45.19753119999996,-23.49749929999996],[-45.197148399999946,-23.49744949999996],[-45.19682749999998,-23.49731129999998],[-45.196645,-23.497123],[-45.196330899999964,-23.49705769999997],[-45.196127,-23.49701529999993],[-45.19587769999998,-23.49679649999996],[-45.19577919999995,-23.496524499999964],[-45.19554279999994,-23.49636479999998],[-45.19525719999996,-23.496144199999947],[-45.195148899999936,-23.495864299999937],[-45.195061099999975,-23.495533499999965],[-45.19496349999997,-23.495236699999964],[-45.19492349999996,-23.494944699999962],[-45.194970499999954,-23.49453569999997],[-45.19511249999994,-23.49415769999996],[-45.195258499999966,-23.493833699999982],[-45.19547149999994,-23.493423699999937],[-45.19565149999994,-23.49305069999997],[-45.19576049999995,-23.492639699999927],[-45.19579649999997,-23.492203699999948],[-45.195821499999965,-23.491893699999935],[-45.19594949999998,-23.491559699999982],[-45.19604449999997,-23.491196699999932],[-45.19613149999998,-23.490781699999957],[-45.19609349999996,-23.49045069999994],[-45.195911499999966,-23.490061699999956],[-45.195498499999985,-23.489841699999943],[-45.19498649999997,-23.489742699999965],[-45.19441649999993,-23.489468699999975],[-45.19398649999994,-23.489139699999953],[-45.19364049999996,-23.488684699999965],[-45.19339249999996,-23.488275699999974],[-45.193164499999966,-23.48784569999998],[-45.19291849999996,-23.48755269999998],[-45.19239349999998,-23.48731369999996],[-45.19194749999997,-23.48713669999995],[-45.191386499999965,-23.48674269999998],[-45.19104249999998,-23.486354699999936],[-45.19070449999998,-23.485940699999958],[-45.190403499999945,-23.485689699999966],[-45.19011249999994,-23.485566699999936],[-45.18979249999995,-23.485630699999945],[-45.18945649999995,-23.48598469999996],[-45.18915149999998,-23.486355699999933],[-45.18884949999995,-23.486613699999964],[-45.18835549999994,-23.48680769999993],[-45.18781949999993,-23.486861699999963],[-45.18720149999996,-23.48693769999994],[-45.18681349999997,-23.487074699999937],[-45.186531499999944,-23.487211699999932],[-45.18639049999996,-23.48753069999998],[-45.18636849999996,-23.488087699999937],[-45.18633449999993,-23.48860469999994],[-45.18615749999998,-23.489011699999935],[-45.18581549999993,-23.48950569999994],[-45.185499499999935,-23.489817699999946],[-45.18508849999995,-23.490025699999933],[-45.18456249999997,-23.490154699999948],[-45.184353499999986,-23.490264699999955],[-45.18427049999997,-23.490538699999945],[-45.184361499999966,-23.490801699999963],[-45.18464449999993,-23.49111869999996],[-45.185071499999935,-23.49139669999994],[-45.185419499999966,-23.491442699999936],[-45.185866499999975,-23.491386699999964],[-45.186208499999964,-23.491233699999952],[-45.18672849999996,-23.49098369999996],[-45.18728749999997,-23.490853699999946],[-45.18779749999993,-23.49085569999994],[-45.18837249999996,-23.491057699999942],[-45.18876949999998,-23.491331699999932],[-45.18925849999994,-23.49185269999998],[-45.18966849999998,-23.492355699999962],[-45.18995149999995,-23.49275069999993],[-45.19009129999995,-23.493241299999966],[-45.19003749999996,-23.493515699999932],[-45.18994649999996,-23.49386069999997],[-45.18971149999993,-23.494205699999952],[-45.18937749999998,-23.494549699999936],[-45.189131499999974,-23.494774699999937],[-45.188823499999955,-23.494933699999933],[-45.188279499999965,-23.495149699999956],[-45.18767749999995,-23.49533269999995],[-45.18718549999994,-23.49538469999993],[-45.18673049999995,-23.49538069999994],[-45.186459499999955,-23.495445699999948],[-45.186189499999955,-23.49557169999997],[-45.18616549999996,-23.495844699999964],[-45.18622349999998,-23.495994699999983],[-45.18625949999995,-23.496152699999982],[-45.18636649999996,-23.49655169999994],[-45.18638749999997,-23.496923699999968],[-45.18634249999997,-23.49734469999993],[-45.18610849999993,-23.49778669999995],[-45.18580149999997,-23.498096699999962],[-45.18545249999994,-23.498276699999963],[-45.18521649999997,-23.498374699999943],[-45.18495049999996,-23.498392699999954],[-45.18472379999997,-23.498383699999977],[-45.184437799999955,-23.498317699999973],[-45.18424079999994,-23.498252699999966],[-45.18398279999997,-23.49812069999996],[-45.18372279999994,-23.497867699999972],[-45.18345279999994,-23.49745669999993],[-45.183345799999984,-23.497049699999934],[-45.18325179999994,-23.496643699999936],[-45.183207799999934,-23.496219699999983],[-45.18312879999996,-23.495957699999963],[-45.18290079999997,-23.49574869999998],[-45.182654799999966,-23.495642699999962],[-45.18225479999995,-23.49559869999996],[-45.18186879999996,-23.49556169999994],[-45.181559799999945,-23.495476699999983],[-45.18124679999994,-23.495364699999982],[-45.18092379999996,-23.495181699999932],[-45.18051579999997,-23.49493069999994],[-45.18017679999997,-23.494606699999963],[-45.179848799999945,-23.49425169999995],[-45.17947379999998,-23.493767699999978],[-45.179079799999954,-23.49334369999997],[-45.178774799999985,-23.49293069999993],[-45.178434799999934,-23.49260069999997],[-45.178121799999985,-23.492361699999947],[-45.17783879999996,-23.492227699999944],[-45.177552799999944,-23.49208859999993],[-45.17726579999993,-23.491822699999943],[-45.17712779999994,-23.491555699999935],[-45.17701189999997,-23.491237699999942],[-45.176946,-23.491047399999957],[-45.17698479999996,-23.49076969999993],[-45.17709709999997,-23.49042909999997],[-45.17726469999997,-23.490146299999935],[-45.177452899999935,-23.48976149999993],[-45.177699899999936,-23.489463799999953],[-45.17788569999993,-23.48921839999997],[-45.178148599999986,-23.488943699999936],[-45.17834659999994,-23.488729699999965],[-45.178621599999985,-23.488449699999933],[-45.178850599999976,-23.488177699999937],[-45.17914859999996,-23.48786869999998],[-45.179489599999954,-23.487682699999937],[-45.17978859999994,-23.48757969999997],[-45.18015959999997,-23.487472699999955],[-45.18084659999994,-23.487236699999983],[-45.181533599999966,-23.486977699999954],[-45.181816599999934,-23.486826699999938],[-45.18200359999997,-23.486646699999937],[-45.18230339999997,-23.486337],[-45.18257959999994,-23.486046699999974],[-45.18283459999998,-23.48576769999994],[-45.18334559999994,-23.48529469999994],[-45.183668599999976,-23.485190699999976],[-45.18412959999995,-23.48510669999996],[-45.184964599999944,-23.484951699999954],[-45.185429599999964,-23.484838699999955],[-45.185748599999954,-23.48469769999997],[-45.186126599999966,-23.48444969999997],[-45.18737119999997,-23.483901199999934],[-45.191601599999956,-23.48203669999998],[-45.19195659999997,-23.482361699999956],[-45.19240359999998,-23.482759699999974],[-45.19283559999997,-23.48312569999996],[-45.19321259999998,-23.483451699999932],[-45.19372559999994,-23.48367769999993],[-45.194240599999944,-23.483776699999964],[-45.19469159999994,-23.483776699999964],[-45.19511359999996,-23.483614699999976],[-45.19515689999997,-23.481534799999963],[-45.195369,-23.480464299999937],[-45.195519,-23.479570299999978],[-45.19535229999997,-23.479475799999932],[-45.195484499999964,-23.47941019999996],[-45.19553089999994,-23.479235399999936],[-45.19553529999996,-23.479088899999965],[-45.19552429999993,-23.47896439999994],[-45.195491499999946,-23.478849899999943],[-45.195430199999976,-23.478633099999968],[-45.195088,-23.477512799999943],[-45.195186,-23.47722609999994],[-45.19536339999996,-23.476936],[-45.195461799999975,-23.476792699999976],[-45.19553529999996,-23.476715199999944],[-45.195557399999984,-23.476691899999935],[-45.19577389999995,-23.476562899999976],[-45.19602039999995,-23.476684099999943],[-45.196146,-23.476718499999947],[-45.196220299999936,-23.47515869999995],[-45.196277399999985,-23.473958599999946],[-45.196405899999945,-23.47128589999994],[-45.195910699999956,-23.47139089999996],[-45.19533839999997,-23.47141689999995],[-45.194971599999974,-23.47135469999995],[-45.19450559999996,-23.471179699999936],[-45.194037599999945,-23.471095699999978],[-45.19352259999994,-23.471081699999957],[-45.19293359999995,-23.47110669999995],[-45.19225359999996,-23.47115969999993],[-45.19135559999995,-23.471250699999928],[-45.190501,-23.470906299999967],[-45.19014349999998,-23.47112169999997],[-45.18932159999997,-23.471289399999932],[-45.188701,-23.47125909999994],[-45.188134899999966,-23.471553099999937],[-45.187797399999965,-23.471594099999948],[-45.18757759999994,-23.471506699999964],[-45.18731359999998,-23.471115699999928],[-45.18702859999996,-23.47090369999995],[-45.18661959999997,-23.47086769999993],[-45.186292599999945,-23.470915699999978],[-45.185981599999934,-23.47109469999998],[-45.18539979999997,-23.471014099999934],[-45.185067699999934,-23.470919799999933],[-45.184717199999966,-23.470878599999935],[-45.18441229999996,-23.47074729999997],[-45.18393609999998,-23.470819399999982],[-45.18361769999996,-23.470594199999937],[-45.18326829999995,-23.470533899999964],[-45.18299879999995,-23.470463199999983],[-45.18277879999994,-23.4703],[-45.18240879999996,-23.470300299999963],[-45.18196789999996,-23.470327599999962],[-45.18160969999997,-23.470302799999956],[-45.18128,-23.469963099999973],[-45.18101219999994,-23.46960409999997],[-45.18090369999993,-23.469227299999943],[-45.180575199999964,-23.46920929999993],[-45.180170799999985,-23.469482],[-45.17980769999997,-23.46998309999998],[-45.179348699999935,-23.47047539999994],[-45.17862779999996,-23.470634099999927],[-45.17837829999996,-23.470514599999944],[-45.17808679999996,-23.470266899999956],[-45.17755509999995,-23.469695599999966],[-45.177034,-23.46926929999995],[-45.177413,-23.468511299999932],[-45.17736559999997,-23.46806129999993],[-45.17705769999998,-23.46817969999995],[-45.17613389999997,-23.468535],[-45.174997,-23.468653399999937],[-45.17393109999995,-23.467540199999974],[-45.173433699999975,-23.46725589999994],[-45.172723099999985,-23.466284799999983],[-45.171823,-23.46566889999997],[-45.17170459999994,-23.464911],[-45.17149139999998,-23.464934699999958],[-45.171254499999975,-23.465953199999944],[-45.170851899999946,-23.46619],[-45.169667499999946,-23.466119],[-45.16928859999996,-23.46664009999995],[-45.168625299999974,-23.466734799999983],[-45.168601699999954,-23.467066399999965],[-45.16751209999995,-23.46730329999997],[-45.16665939999996,-23.467279599999983],[-45.16573559999995,-23.467658599999936],[-45.165664499999934,-23.46834549999994],[-45.16379329999995,-23.46813229999998],[-45.162247099999945,-23.467891099999974],[-45.161193699999956,-23.467670399999975],[-45.16020179999998,-23.467493499999932],[-45.15838359999998,-23.46721229999997],[-45.15891979999998,-23.46637359999994],[-45.160278699999935,-23.46562],[-45.15962829999995,-23.46493289999995],[-45.15978219999994,-23.463742899999943],[-45.160956,-23.463299099999972],[-45.160524599999974,-23.46244759999996],[-45.160974599999975,-23.461654099999976],[-45.161685199999965,-23.460884299999975],[-45.16159049999993,-23.46062369999993],[-45.161022,-23.460457899999938],[-45.160737799999936,-23.459747299999947],[-45.160311399999955,-23.459463099999937],[-45.16028769999997,-23.45898939999995],[-45.159695599999964,-23.459178899999984],[-45.15872439999998,-23.45936839999996],[-45.15787169999993,-23.460552699999937],[-45.15723219999995,-23.46171329999993],[-45.15668739999995,-23.46244759999996],[-45.15630839999994,-23.46282659999997],[-45.15639269999997,-23.46363839999998],[-45.155881799999975,-23.464142],[-45.15337129999995,-23.462755499999957],[-45.153016,-23.461926499999947],[-45.151239499999974,-23.460671099999956],[-45.150292099999945,-23.459913099999937],[-45.149818299999936,-23.46024479999994],[-45.14972359999996,-23.461287],[-45.148634,-23.461737],[-45.147733899999935,-23.460694799999942],[-45.14813659999993,-23.459913099999937],[-45.14858659999993,-23.459297299999946],[-45.14778129999996,-23.45872879999996],[-45.14598109999997,-23.456668099999945],[-45.14562579999995,-23.45564959999996],[-45.143304599999965,-23.458492],[-45.141220199999964,-23.458041899999955],[-45.140841199999954,-23.458870899999965],[-45.14148069999993,-23.45965259999997],[-45.142286,-23.46019739999997],[-45.14318609999998,-23.46026839999996],[-45.14389669999997,-23.46147639999998],[-45.14264129999998,-23.46202119999998],[-45.141504399999974,-23.461879099999976],[-45.14022529999994,-23.46116849999993],[-45.139799,-23.46026839999996],[-45.13925419999998,-23.460931699999946],[-45.13851989999995,-23.460410599999932],[-45.138543599999934,-23.460931699999946],[-45.13868569999994,-23.461405399999933],[-45.13722259999997,-23.461495499999955],[-45.13565379999994,-23.461665899999957],[-45.13463529999996,-23.462637099999938],[-45.13217119999996,-23.46269549999994],[-45.132244399999934,-23.463238699999977],[-45.13268929999998,-23.463680199999942],[-45.13348549999995,-23.46400189999997],[-45.133328699999936,-23.464426899999978],[-45.13331479999994,-23.46446439999994],[-45.133301,-23.464502],[-45.133048299999984,-23.46518709999998],[-45.133809,-23.465656199999955],[-45.134157899999934,-23.466154099999983],[-45.134639,-23.467033799999967],[-45.13562689999998,-23.468049699999938],[-45.13593849999995,-23.468278099999964],[-45.13598939999997,-23.468315399999938],[-45.13600769999994,-23.468386299999963],[-45.136035499999934,-23.46849409999993],[-45.136121199999934,-23.468656599999974],[-45.13668179999996,-23.468987099999936],[-45.136681899999985,-23.469033699999954],[-45.136683699999935,-23.46961509999994],[-45.13569709999996,-23.47004069999997],[-45.135121099999935,-23.470514699999967],[-45.13408009999995,-23.471388699999977],[-45.13362009999997,-23.471833699999934],[-45.13307809999998,-23.472395699999936],[-45.13229409999997,-23.47342969999994],[-45.132194099999936,-23.47363269999994],[-45.13200009999997,-23.47396269999996],[-45.13185509999994,-23.474410699999964],[-45.131834099999935,-23.47479469999996],[-45.13191709999995,-23.47539269999993],[-45.13222609999997,-23.47577169999994],[-45.13249609999997,-23.47605969999995],[-45.13279909999994,-23.47645769999997],[-45.132843099999945,-23.476714699999945],[-45.13285509999997,-23.47700969999994],[-45.132888099999946,-23.477310699999975],[-45.133146099999976,-23.47772569999995],[-45.13367709999994,-23.477731699999936],[-45.134311099999934,-23.477562699999964],[-45.13488709999996,-23.477355699999976],[-45.13546409999998,-23.47717369999998],[-45.136032099999966,-23.47706869999996],[-45.13634609999997,-23.477000699999962],[-45.13722509999997,-23.476775699999962],[-45.13741909999993,-23.476828699999942],[-45.137837099999956,-23.476928699999974],[-45.138179099999945,-23.47705869999993],[-45.13860009999996,-23.47728569999998],[-45.138933099999974,-23.47750069999995],[-45.13923809999994,-23.47770769999994],[-45.139507099999946,-23.477934699999935],[-45.13971509999993,-23.47821769999996],[-45.13993609999994,-23.47861869999997],[-45.14011609999994,-23.47905869999994],[-45.14015709999995,-23.47929069999998],[-45.14016809999998,-23.479739699999982],[-45.14005009999994,-23.480182699999943],[-45.139819099999954,-23.48067569999995],[-45.13956509999997,-23.481173699999943],[-45.139342099999965,-23.481632699999977],[-45.13919409999994,-23.482090699999958],[-45.13919709999993,-23.482572699999935],[-45.13919509999994,-23.483146699999963],[-45.13887109999996,-23.483412699999974],[-45.13855609999996,-23.48350769999996],[-45.138527099999976,-23.48381969999997],[-45.13891509999996,-23.48436769999995],[-45.13976509999998,-23.484921699999973],[-45.14036809999993,-23.485201699999948],[-45.14089709999996,-23.485432699999933],[-45.14133309999994,-23.485641699999974],[-45.14166409999996,-23.485770699999932],[-45.14208709999997,-23.48585369999995],[-45.14261309999995,-23.485934699999973],[-45.14306309999995,-23.485967699999946],[-45.14355109999997,-23.48595869999997],[-45.144085099999984,-23.48582369999997],[-45.144573099999945,-23.48563869999998],[-45.14495409999995,-23.485559699999953],[-45.145435099999986,-23.48556469999994],[-45.14569309999996,-23.485625699999957],[-45.14588709999998,-23.48583169999995],[-45.14600509999997,-23.486174699999935],[-45.14602209999998,-23.48653669999993],[-45.14605809999995,-23.486842699999954],[-45.14621509999995,-23.48723169999994],[-45.14649209999993,-23.487479699999938],[-45.14670309999997,-23.487946699999952],[-45.146716099999935,-23.48832669999996],[-45.146565099999975,-23.48866369999996],[-45.146317099999976,-23.48879869999996],[-45.14582009999998,-23.488867699999957],[-45.14513809999994,-23.488950699999975],[-45.14481809999995,-23.489034699999934],[-45.14453609999998,-23.489217699999983],[-45.144385099999965,-23.48952369999995],[-45.14436109999997,-23.48991369999993],[-45.14441309999995,-23.490354699999955],[-45.14446909999998,-23.490699699999936],[-45.14443609999995,-23.49098269999996],[-45.14426989999998,-23.49151089999998],[-45.14395419999994,-23.491084499999943],[-45.14347419999996,-23.490812499999947],[-45.14307319999995,-23.490373499999976],[-45.142661199999964,-23.489836499999967],[-45.142177199999935,-23.489337499999976],[-45.14173619999997,-23.488952499999982],[-45.14133319999996,-23.48874049999995],[-45.14099719999996,-23.488696499999946],[-45.14077819999994,-23.488959499999964],[-45.14072519999996,-23.48950149999996],[-45.14070919999995,-23.49012349999998],[-45.14069519999998,-23.490632499999947],[-45.14058619999997,-23.491252499999973],[-45.14034819999995,-23.491784499999937],[-45.139858199999935,-23.49223749999993],[-45.13933319999995,-23.492528499999935],[-45.13878519999997,-23.492648499999973],[-45.13745319999998,-23.492429499999957],[-45.13668819999998,-23.49230549999993],[-45.13586619999995,-23.49219949999997],[-45.133871,-23.491228],[-45.13313029999995,-23.491128],[-45.132463,-23.49120439999996],[-45.13196919999996,-23.49127619999996],[-45.13162629999994,-23.491399599999966],[-45.13126939999995,-23.49150979999996],[-45.13086169999997,-23.491527599999984],[-45.130209699999966,-23.491437599999983],[-45.12961169999994,-23.491425599999957],[-45.12929969999993,-23.491437599999983],[-45.12924369999996,-23.491590599999938],[-45.12884569999994,-23.493209599999943],[-45.12870469999996,-23.493876599999965],[-45.12866969999993,-23.494394599999964],[-45.12875769999994,-23.49477059999998],[-45.12895969999994,-23.49528959999998],[-45.12903669999997,-23.495651599999974],[-45.12895969999994,-23.49611459999994],[-45.12866269999995,-23.496465599999965],[-45.128543699999966,-23.496560899999963],[-45.128326699999946,-23.49678689999996],[-45.12776269999995,-23.49709889999997],[-45.12733469999995,-23.49719689999995],[-45.12702669999993,-23.49719189999996],[-45.126642699999934,-23.497074899999973],[-45.126265699999976,-23.496887899999933],[-45.12590769999997,-23.496721899999955],[-45.12549069999994,-23.49664389999998],[-45.12520469999998,-23.496728899999937],[-45.12476469999996,-23.496887899999933],[-45.12432769999998,-23.49696289999997],[-45.124045699999954,-23.49696789999996],[-45.12352869999995,-23.496842899999933],[-45.12324069999994,-23.496687899999984],[-45.12291769999996,-23.496470899999963],[-45.12248669999997,-23.496099899999933],[-45.12211369999994,-23.495831899999928],[-45.12161669999995,-23.495542899999975],[-45.12106769999997,-23.495249899999976],[-45.12066569999996,-23.49502089999993],[-45.12028469999996,-23.494902899999943],[-45.11962569999997,-23.49479789999998],[-45.119200699999965,-23.494728899999927],[-45.118866699999955,-23.49466689999997],[-45.118506099999934,-23.494515],[-45.118168899999944,-23.49429609999993],[-45.11765589999993,-23.494080099999962],[-45.117349899999965,-23.49393509999993],[-45.116978899999935,-23.49364909999997],[-45.11610689999998,-23.49310909999997],[-45.11557989999994,-23.492732099999955],[-45.115053899999964,-23.49240409999993],[-45.11453689999996,-23.49200609999997],[-45.11380989999998,-23.49150609999998],[-45.11287889999994,-23.490751099999954],[-45.11239089999998,-23.490255099999956],[-45.11194089999998,-23.489752099999976],[-45.111649899999975,-23.48925509999998],[-45.111465899999985,-23.488789099999963],[-45.11123889999993,-23.488177099999973],[-45.11119389999993,-23.48774609999998],[-45.11122889999996,-23.48728509999995],[-45.11139289999994,-23.486931099999936],[-45.111726499999975,-23.486268499999937],[-45.11206389999995,-23.48581009999998],[-45.11232189999998,-23.48546209999995],[-45.112655899999936,-23.485046099999977],[-45.11293089999998,-23.484695099999954],[-45.113169899999946,-23.484394099999975],[-45.11392749999993,-23.48439579999996],[-45.114707099999976,-23.484410699999955],[-45.115229,-23.484401899999966],[-45.11577209999996,-23.484443599999963],[-45.11630379999997,-23.484516499999927],[-45.11687879999994,-23.484505499999955],[-45.11754279999997,-23.48445849999996],[-45.11797279999996,-23.484393499999953],[-45.11856279999995,-23.484336499999984],[-45.118980799999974,-23.484281499999952],[-45.11910979999993,-23.484262499999943],[-45.11976379999993,-23.48418849999996],[-45.12016079999995,-23.484164499999963],[-45.12063279999995,-23.484069499999976],[-45.121044799999936,-23.48394449999995],[-45.121542799999986,-23.48388049999994],[-45.12208679999998,-23.483806499999957],[-45.12257379999994,-23.483781499999964],[-45.12300279999994,-23.483796499999983],[-45.12340979999993,-23.483849499999963],[-45.123922799999946,-23.483905499999935],[-45.12423579999995,-23.483986499999958],[-45.12459979999994,-23.48409049999998],[-45.12482279999995,-23.484164499999963],[-45.12489679999993,-23.484062499999936],[-45.124819799999955,-23.483923499999946],[-45.124557799999934,-23.483649499999956],[-45.12435879999998,-23.483405499999947],[-45.12405579999995,-23.48300249999994],[-45.12389779999995,-23.482763499999976],[-45.12378079999996,-23.48248949999993],[-45.123783799999956,-23.482212499999946],[-45.12388079999994,-23.481960499999957],[-45.124102799999946,-23.481538499999942],[-45.12447279999998,-23.481116499999928],[-45.12496379999993,-23.48067649999996],[-45.12547879999994,-23.48030849999998],[-45.12595879999998,-23.47991849999994],[-45.126301799999965,-23.479656499999976],[-45.12665279999993,-23.479323499999964],[-45.126804799999945,-23.47908949999993],[-45.12660779999993,-23.478943499999957],[-45.126117799999975,-23.47897949999998],[-45.12566879999997,-23.479127499999947],[-45.12515479999996,-23.47938149999993],[-45.12465079999998,-23.479577499999948],[-45.12415379999993,-23.47971949999993],[-45.123689799999966,-23.479848499999946],[-45.12314379999998,-23.479968499999927],[-45.12263079999997,-23.479971499999976],[-45.12210079999994,-23.479862499999967],[-45.12155579999995,-23.47957249999996],[-45.12116279999998,-23.47928849999994],[-45.12091079999993,-23.478936499999975],[-45.12083279999996,-23.47856349999995],[-45.12090479999995,-23.47827949999993],[-45.12110979999994,-23.478133499999956],[-45.12129779999998,-23.47807549999993],[-45.12178679999994,-23.478140499999938],[-45.122466799999984,-23.47826249999997],[-45.12284379999994,-23.478403499999956],[-45.12323079999993,-23.47849949999994],[-45.123611799999935,-23.47854449999994],[-45.12381179999994,-23.47853649999996],[-45.12391279999997,-23.47848849999997],[-45.12381979999998,-23.478386499999942],[-45.12348679999997,-23.47816649999993],[-45.12296079999993,-23.477930499999957],[-45.122350799999936,-23.47762849999998],[-45.121765799999935,-23.477359499999977],[-45.121224799999936,-23.477091499999972],[-45.12073739999994,-23.476814899999965],[-45.12038839999997,-23.476629899999978],[-45.12012539999995,-23.476383899999973],[-45.119849399999964,-23.47606989999997],[-45.11971539999996,-23.475742899999943],[-45.11978739999995,-23.475328899999965],[-45.11994239999996,-23.47504989999993],[-45.12010539999994,-23.47480589999998],[-45.12037539999994,-23.47461789999994],[-45.12077539999996,-23.47437689999998],[-45.12112739999998,-23.474166899999943],[-45.121537399999966,-23.47392089999994],[-45.121867399999985,-23.47366889999995],[-45.12213839999998,-23.473440899999957],[-45.12224939999993,-23.473266899999942],[-45.122360399999934,-23.473092899999983],[-45.12238439999993,-23.472975899999938],[-45.122360399999934,-23.47276889999995],[-45.122221399999944,-23.472488899999973],[-45.121943399999964,-23.47213389999996],[-45.12164439999998,-23.471854899999983],[-45.12134839999993,-23.471617899999956],[-45.12090239999998,-23.47138289999998],[-45.120416399999954,-23.47125189999997],[-45.119969399999945,-23.471084899999937],[-45.11960239999996,-23.47094489999995],[-45.11924639999995,-23.47072289999994],[-45.11890039999997,-23.470461899999975],[-45.118652399999974,-23.470315899999946],[-45.11827839999995,-23.47026489999996],[-45.11779739999997,-23.47036689999993],[-45.117413399999975,-23.47057689999997],[-45.117114399999934,-23.470803899999964],[-45.11687939999996,-23.471021899999982],[-45.116629399999965,-23.471153899999933],[-45.11637239999993,-23.471291899999983],[-45.11586339999997,-23.471343899999965],[-45.115313399999934,-23.471343899999965],[-45.114862399999936,-23.471305899999948],[-45.11457389999998,-23.471294299999954],[-45.114340399999946,-23.471284899999944],[-45.11392539999997,-23.471301899999958],[-45.11351639999998,-23.471419899999944],[-45.11322139999993,-23.47155689999994],[-45.11290839999998,-23.471866899999952],[-45.11274539999994,-23.47202889999994],[-45.11247039999995,-23.472335899999962],[-45.11215639999995,-23.472664899999927],[-45.111931399999946,-23.472954899999934],[-45.11164539999993,-23.473220899999944],[-45.11132139999995,-23.473348899999962],[-45.11060039999995,-23.47342189999995],[-45.110224399999936,-23.473477899999978],[-45.109867399999985,-23.47351489999994],[-45.109594399999935,-23.473599899999954],[-45.10925189999995,-23.473677899999927],[-45.10879769999997,-23.473831899999936],[-45.10844559999998,-23.47401119999995],[-45.10787069999998,-23.47448769999994],[-45.10779169999995,-23.47478069999994],[-45.10767069999997,-23.475199699999962],[-45.107568699999945,-23.47549769999995],[-45.107482699999935,-23.475743699999953],[-45.10737169999993,-23.47599569999994],[-45.10720669999995,-23.47623969999995],[-45.106892699999946,-23.476476699999978],[-45.106663699999956,-23.47660339999993],[-45.10641479999998,-23.476751699999966],[-45.106111699999985,-23.477007699999945],[-45.10596769999995,-23.477168699999936],[-45.10552949999993,-23.47742969999996],[-45.10571879999998,-23.477579499999933],[-45.105831499999965,-23.477699599999937],[-45.10597409999997,-23.477848799999947],[-45.10615819999998,-23.477980599999967],[-45.106291699999986,-23.478124299999934],[-45.10613369999993,-23.478168299999936],[-45.10558869999994,-23.47834329999995],[-45.10505379999995,-23.478488699999957],[-45.10495979999996,-23.47850969999996],[-45.104826799999955,-23.478578699999957],[-45.10471579999995,-23.478795699999978],[-45.10442379999995,-23.479093699999964],[-45.10398879999997,-23.47935169999994],[-45.10345679999995,-23.47954169999997],[-45.103304299999934,-23.47958639999996],[-45.10292179999993,-23.47969869999997],[-45.10244179999995,-23.47984269999995],[-45.10208479999994,-23.479840699999954],[-45.10181279999995,-23.47968869999994],[-45.10165379999995,-23.479570699999954],[-45.101318799999945,-23.47944169999994],[-45.101119799999935,-23.479190699999947],[-45.10099479999997,-23.479112699999973],[-45.10070479999996,-23.47913669999997],[-45.10052179999997,-23.47926069999994],[-45.10040879999997,-23.47943669999995],[-45.100342799999964,-23.479718699999978],[-45.10023279999996,-23.480162699999937],[-45.100061799999935,-23.480549699999983],[-45.099719799999946,-23.480831699999953],[-45.09924479999995,-23.481067699999983],[-45.09883879999995,-23.481176699999935],[-45.09860189999995,-23.481244499999946],[-45.09856509999997,-23.48126019999995],[-45.098529,-23.481277499999976],[-45.09847589999998,-23.48128],[-45.09838139999994,-23.48128749999995],[-45.097860399999945,-23.482576],[-45.097838399999944,-23.482802],[-45.09784259999998,-23.482912099999965],[-45.09785039999997,-23.483119],[-45.09782949999993,-23.48361559999995],[-45.09782839999997,-23.483673299999964],[-45.09782349999995,-23.483940599999983],[-45.097750099999985,-23.48432239999994],[-45.097652799999935,-23.484821],[-45.09739059999998,-23.48502689999998],[-45.09705119999995,-23.485293399999932],[-45.09659679999993,-23.48561079999996],[-45.096255499999984,-23.485971199999938],[-45.09598879999993,-23.486389],[-45.09558149999998,-23.48675559999998],[-45.09529149999997,-23.48670759999993],[-45.095047499999964,-23.48691059999993],[-45.09486849999996,-23.487166599999966],[-45.094656499999985,-23.48757859999995],[-45.09450049999998,-23.48805559999994],[-45.09434449999998,-23.488442599999928],[-45.094083499999954,-23.48874559999996],[-45.09382249999993,-23.48888859999994],[-45.09356849999995,-23.48892959999995],[-45.09323749999993,-23.488980599999934],[-45.09287649999993,-23.48901859999995],[-45.09244649999994,-23.489020599999947],[-45.09193749999997,-23.488889599999936],[-45.09143249999994,-23.488732599999935],[-45.091054499999984,-23.488588599999957],[-45.090664499999946,-23.488344599999948],[-45.090521499999966,-23.48823859999993],[-45.090300499999955,-23.488079599999935],[-45.09005849999994,-23.487883599999975],[-45.08981649999998,-23.48770959999996],[-45.089729499999976,-23.487648599999943],[-45.08931149999995,-23.48737959999994],[-45.08903749999996,-23.487290599999938],[-45.08877649999994,-23.48724859999993],[-45.088409499999955,-23.487190599999963],[-45.087906499999974,-23.487202599999932],[-45.087449499999934,-23.48726759999994],[-45.087066499999935,-23.487320599999975],[-45.08659749999998,-23.48741259999997],[-45.086069899999984,-23.48751809999993],[-45.08568839999998,-23.487599],[-45.085356599999955,-23.48773239999997],[-45.085052,-23.488014299999975],[-45.08484409999994,-23.488345799999934],[-45.084706,-23.48857879999997],[-45.08455849999996,-23.48883859999995],[-45.08434649999998,-23.489177599999948],[-45.084213499999976,-23.489441599999964],[-45.083987399999955,-23.48984439999998],[-45.083427,-23.490111199999944],[-45.083253,-23.490235199999972],[-45.083006,-23.490392199999974],[-45.082704,-23.490456199999983],[-45.082439,-23.490490199999954],[-45.082204,-23.490478199999927],[-45.081941,-23.490419199999963],[-45.081772,-23.490314199999943],[-45.081627,-23.49018419999993],[-45.081536,-23.49005219999998],[-45.081423,-23.489791199999956],[-45.081323,-23.489525199999946],[-45.081255,-23.489314199999967],[-45.081237,-23.489124199999935],[-45.081242,-23.488988199999937],[-45.081268499999965,-23.488807099999974],[-45.08129789999998,-23.488653799999952],[-45.08133509999993,-23.48851179999997],[-45.081437499999936,-23.488156799999956],[-45.081550499999935,-23.48801279999998],[-45.081703499999946,-23.487857799999972],[-45.081872499999974,-23.48768979999994],[-45.08209849999997,-23.487431799999968],[-45.08229749999998,-23.487128799999937],[-45.08246249999996,-23.486790799999937],[-45.082633499999986,-23.486487799999963],[-45.08276449999994,-23.48615179999996],[-45.08282049999997,-23.485846799999933],[-45.08281969999996,-23.485491399999944],[-45.08281949999997,-23.485402799999974],[-45.08276549999994,-23.485121799999945],[-45.08267749999993,-23.48483779999998],[-45.08257549999996,-23.48449779999993],[-45.082483399999944,-23.484306699999934],[-45.08236449999998,-23.48408079999996],[-45.08219349999996,-23.483860799999945],[-45.082029499999976,-23.483699799999954],[-45.08185949999995,-23.483489799999973],[-45.08163149999996,-23.483259799999928],[-45.08133649999996,-23.483069799999953],[-45.08106049999998,-23.482937799999945],[-45.08064349999995,-23.482752799999957],[-45.080013099999974,-23.482447699999966],[-45.07970549999993,-23.482298799999967],[-45.07944249999997,-23.482179799999983],[-45.07904049999996,-23.482060799999942],[-45.078638499999954,-23.481972799999937],[-45.07808849999998,-23.48180679999996],[-45.077579499999956,-23.48161879999998],[-45.07714649999997,-23.48133779999995],[-45.07676449999997,-23.48091979999998],[-45.07666949999998,-23.480520799999965],[-45.076649499999974,-23.480119799999954],[-45.07675149999994,-23.479651799999942],[-45.07686649999994,-23.479245799999944],[-45.07704849999993,-23.47891379999993],[-45.07723349999998,-23.478517799999963],[-45.07733949999994,-23.47810379999993],[-45.077272499999935,-23.477696799999933],[-45.07703849999996,-23.477298599999983],[-45.076798,-23.477120399999933],[-45.07647849999995,-23.476853799999958],[-45.07596279999996,-23.476467299999968],[-45.07575149999997,-23.476229799999942],[-45.07527349999998,-23.47579479999996],[-45.074998499999936,-23.475575799999945],[-45.07487649999996,-23.47551679999998],[-45.074836199999936,-23.475490099999945],[-45.074645499999974,-23.47536379999997],[-45.07438149999996,-23.475136799999973],[-45.07412949999997,-23.474810799999943],[-45.07379249999997,-23.474359799999945],[-45.07368349999996,-23.47420079999995],[-45.073324499999956,-23.47365179999997],[-45.073032499999954,-23.473091799999963],[-45.072820399999955,-23.472549799999967],[-45.07283679999995,-23.472207199999957],[-45.072941399999934,-23.471765199999936],[-45.073116599999935,-23.471245099999976],[-45.07326059999997,-23.470708099999968],[-45.07350659999997,-23.46994209999997],[-45.073821599999974,-23.469201099999964],[-45.07397359999993,-23.46860209999994],[-45.074061599999936,-23.46808909999993],[-45.074080599999945,-23.467705099999932],[-45.07460059999994,-23.467873699999927],[-45.07520069999998,-23.468141199999934],[-45.07555739999998,-23.468253799999957],[-45.076139599999976,-23.46842829999997],[-45.07697379999996,-23.468340299999966],[-45.07673559999995,-23.46746669999993],[-45.07657909999995,-23.467136899999957],[-45.076354599999945,-23.46680989999993],[-45.076158,-23.466528],[-45.076021399999945,-23.46628089999996],[-45.07578819999998,-23.466025899999977],[-45.07571089999993,-23.46572809999998],[-45.075814299999934,-23.465486299999952],[-45.07615549999997,-23.465463],[-45.076525499999946,-23.46554679999997],[-45.07697129999997,-23.46565659999993],[-45.07733449999995,-23.46574339999995],[-45.077707799999985,-23.46591589999997],[-45.077991,-23.466016399999944],[-45.07825809999997,-23.46614489999996],[-45.07856019999997,-23.466290199999946],[-45.07892419999996,-23.466416399999957],[-45.07931819999993,-23.466502699999978],[-45.07965109999998,-23.466685799999937],[-45.080022,-23.466772099999957],[-45.08032579999997,-23.466853499999957],[-45.08076749999998,-23.466971599999965],[-45.081134099999986,-23.466957099999945],[-45.08141419999998,-23.466935899999953],[-45.08175189999997,-23.466805699999952],[-45.082039,-23.46659649999998],[-45.082407899999964,-23.466467399999942],[-45.082711,-23.466331699999955],[-45.08306169999997,-23.466321],[-45.08336439999994,-23.466346399999964],[-45.08360689999995,-23.46645579999995],[-45.08380349999993,-23.466674699999942],[-45.084108199999946,-23.467225],[-45.084374699999955,-23.467442199999937],[-45.08468819999996,-23.46766729999996],[-45.085007099999984,-23.467846399999928],[-45.08538649999997,-23.46810279999994],[-45.08575629999996,-23.468347299999948],[-45.086109299999976,-23.468496199999947],[-45.086481299999946,-23.46881979999995],[-45.086708499999986,-23.469069299999944],[-45.08693249999993,-23.46946829999996],[-45.08713869999997,-23.46979049999993],[-45.08727689999995,-23.469943899999976],[-45.08735379999996,-23.47002939999993],[-45.087688,-23.470298799999966],[-45.08789989999997,-23.470476599999927],[-45.08829489999994,-23.47072019999996],[-45.088716799999986,-23.47084129999996],[-45.08915659999997,-23.47088519999994],[-45.08962649999995,-23.470951899999932],[-45.090093399999944,-23.471080099999938],[-45.09069519999997,-23.47124619999994],[-45.091161399999976,-23.471490099999983],[-45.09176519999994,-23.471816899999965],[-45.09225249999997,-23.472085799999945],[-45.09280279999996,-23.472311799999943],[-45.09327129999997,-23.47240419999997],[-45.093665,-23.47244939999996],[-45.09402529999994,-23.472372699999937],[-45.09426309999998,-23.472255299999972],[-45.09447119999993,-23.472126799999955],[-45.09466139999995,-23.47191369999996],[-45.09488609999994,-23.47171009999994],[-45.094977599999936,-23.47158509999997],[-45.09512629999995,-23.471370699999966],[-45.09537379999995,-23.471234099999947],[-45.09553729999993,-23.471062699999948],[-45.09574569999995,-23.470880199999954],[-45.09607089999997,-23.470694899999955],[-45.09633329999997,-23.470522699999947],[-45.09645489999997,-23.47040819999995],[-45.096594599999946,-23.470276699999943],[-45.09692839999997,-23.46998169999995],[-45.097195399999976,-23.469824099999983],[-45.09736349999997,-23.469748],[-45.09770169999996,-23.469591599999944],[-45.098116699999935,-23.469520199999977],[-45.09865559999997,-23.469551499999966],[-45.098977,-23.469744299999945],[-45.09929669999997,-23.469957499999964],[-45.09962249999995,-23.47014439999998],[-45.099773899999946,-23.470139899999936],[-45.10000789999998,-23.470023599999934],[-45.100305299999945,-23.46995549999997],[-45.10068009999998,-23.46987439999998],[-45.10106549999995,-23.469818],[-45.10138669999998,-23.469674899999973],[-45.101265499999954,-23.46943689999995],[-45.10106339999993,-23.469164],[-45.10085829999997,-23.468927099999974],[-45.100657299999966,-23.46863019999995],[-45.100616,-23.46837309999995],[-45.100678899999934,-23.46809819999993],[-45.10080469999997,-23.46786819999994],[-45.10097539999998,-23.467727],[-45.10088779999995,-23.467535699999928],[-45.10053759999994,-23.467236],[-45.100258199999985,-23.467054399999938],[-45.09991,-23.466772799999944],[-45.09953569999993,-23.46660879999996],[-45.09900289999996,-23.466341899999975],[-45.09853059999995,-23.466129099999932],[-45.09812539999996,-23.46596139999997],[-45.097684699999945,-23.46579689999993],[-45.09727259999994,-23.46550529999996],[-45.09715319999998,-23.46504129999994],[-45.097114,-23.46475],[-45.09708249999994,-23.46442909999996],[-45.09666239999996,-23.464188299999932],[-45.09621359999994,-23.463981899999965],[-45.09570469999994,-23.46387249999998],[-45.09529459999993,-23.463737299999934],[-45.09483659999995,-23.463602099999946],[-45.09444759999997,-23.463404099999934],[-45.09421039999995,-23.463081199999976],[-45.094021199999986,-23.462832],[-45.09381389999993,-23.462529399999937],[-45.093416,-23.46189439999995],[-45.093290399999944,-23.461372599999947],[-45.09313039999995,-23.461068499999953],[-45.09295629999997,-23.46079069999996],[-45.09271159999997,-23.460677499999974],[-45.09251359999996,-23.460509299999956],[-45.092420199999935,-23.460201299999937],[-45.09224779999994,-23.459938399999942],[-45.09210719999993,-23.459559799999965],[-45.09193979999998,-23.459190199999966],[-45.09155539999995,-23.458776599999965],[-45.09122839999998,-23.45842749999997],[-45.09090249999997,-23.458075399999927],[-45.090470599999946,-23.457497399999966],[-45.09007169999995,-23.45694549999996],[-45.08967529999995,-23.45658519999995],[-45.08940169999994,-23.456283],[-45.08909319999998,-23.456015699999966],[-45.08877679999995,-23.455655199999967],[-45.088481599999966,-23.455325499999958],[-45.08829929999996,-23.455047699999966],[-45.08816189999993,-23.45481179999996],[-45.08832209999997,-23.454567899999972],[-45.08863409999998,-23.454485699999964],[-45.08901819999994,-23.45444569999995],[-45.08950889999994,-23.454465599999935],[-45.089878899999974,-23.454502899999966],[-45.090206799999976,-23.45448209999995],[-45.090621399999975,-23.45457369999997],[-45.090986,-23.454637099999957],[-45.09117059999994,-23.45448049999993],[-45.091192399999954,-23.454153899999937],[-45.09123779999993,-23.453879099999938],[-45.091218599999934,-23.453607099999942],[-45.091013499999974,-23.453273299999978],[-45.09087709999994,-23.45283059999997],[-45.09068649999995,-23.45233209999998],[-45.090553899999975,-23.452058699999952],[-45.090319,-23.451926199999946],[-45.08998329999997,-23.451738099999943],[-45.08969959999996,-23.451704099999972],[-45.08930869999995,-23.451648499999976],[-45.08898419999997,-23.451567499999953],[-45.08850719999998,-23.45146],[-45.088221199999964,-23.451294099999927],[-45.088044,-23.451129799999933],[-45.087821099999985,-23.450886499999967],[-45.08810349999993,-23.450554799999964],[-45.08850869999998,-23.45035749999994],[-45.08888559999997,-23.450174],[-45.08923469999996,-23.449747],[-45.089262599999984,-23.449425],[-45.08943659999994,-23.44915439999994],[-45.089698,-23.448982899999976],[-45.09008549999993,-23.44894949999997],[-45.09047119999997,-23.449076799999943],[-45.09083969999995,-23.44930819999996],[-45.091066299999966,-23.44944069999997],[-45.09125179999995,-23.449670699999956],[-45.09156819999998,-23.44988019999994],[-45.09201649999994,-23.45004709999995],[-45.09247849999997,-23.450238699999943],[-45.09302149999996,-23.45044889999997],[-45.093605399999944,-23.450662299999976],[-45.094086699999934,-23.45094729999994],[-45.094461799999976,-23.451048799999967],[-45.09483039999998,-23.45104209999994],[-45.09505679999995,-23.450916399999983],[-45.095257699999934,-23.450706599999933],[-45.09529909999998,-23.45043849999996],[-45.09541589999998,-23.450159],[-45.09568529999996,-23.449986099999933],[-45.096049,-23.45001579999996],[-45.09632689999995,-23.45019469999994],[-45.09662659999998,-23.450485799999967],[-45.09683219999994,-23.45079379999993],[-45.09702519999996,-23.451027099999976],[-45.09732669999994,-23.451405499999964],[-45.09763049999998,-23.45149429999998],[-45.09790309999994,-23.451603],[-45.09813679999996,-23.45170079999997],[-45.09839759999994,-23.451795199999935],[-45.09878519999995,-23.451873199999966],[-45.09912529999997,-23.45186069999994],[-45.09938049999994,-23.451646],[-45.099623399999984,-23.451536699999963],[-45.100023299999975,-23.451502499999947],[-45.10040329999998,-23.451516899999945],[-45.100711899999965,-23.451561399999946],[-45.10112609999993,-23.45161159999998],[-45.10150169999997,-23.45165369999995],[-45.10182569999995,-23.45187919999995],[-45.10171079999998,-23.452268799999956],[-45.101431899999966,-23.452620299999978],[-45.10120809999995,-23.452838199999974],[-45.101133499999946,-23.453065099999947],[-45.10139469999996,-23.453399499999932],[-45.101963499999954,-23.453520699999956],[-45.10274659999993,-23.453761],[-45.10345279999996,-23.453898],[-45.103981499999975,-23.45403189999996],[-45.10418789999994,-23.45435459999993],[-45.104359399999964,-23.454799],[-45.104697399999964,-23.454947],[-45.104846899999984,-23.45531269999998],[-45.105156299999976,-23.45580289999998],[-45.10553049999993,-23.45612239999997],[-45.106798399999946,-23.455384],[-45.10682319999995,-23.45538689999995],[-45.107740399999955,-23.455494],[-45.108587399999976,-23.455752],[-45.10912539999998,-23.455976],[-45.10980039999998,-23.456258],[-45.11047139999994,-23.456396],[-45.11117239999993,-23.456665],[-45.111781399999984,-23.456898],[-45.11223639999997,-23.45716],[-45.11296439999995,-23.457506],[-45.11333039999994,-23.457589],[-45.11380139999994,-23.45767],[-45.11418639999994,-23.457665],[-45.11509639999997,-23.457657],[-45.115665399999955,-23.457657],[-45.11628239999993,-23.45763],[-45.11673939999997,-23.457635],[-45.11719039999997,-23.457642],[-45.11773139999997,-23.457679],[-45.11803039999995,-23.457683],[-45.11830439999994,-23.457671],[-45.11852339999996,-23.457539],[-45.118658799999935,-23.45730219999996],[-45.118682699999965,-23.45726979999995],[-45.11869449999995,-23.45723019999997],[-45.118723399999965,-23.457128],[-45.11872839999995,-23.457017],[-45.118596399999944,-23.456876],[-45.11837479999997,-23.456702899999982],[-45.11837239999994,-23.456701],[-45.11796039999996,-23.456514],[-45.117429399999935,-23.456384],[-45.11682939999997,-23.456214],[-45.116250399999956,-23.45595],[-45.116056399999934,-23.455658],[-45.115923399999986,-23.455178],[-45.11567039999994,-23.454597],[-45.11528839999994,-23.454063],[-45.11495839999998,-23.453734],[-45.11446939999996,-23.453376],[-45.11389839999998,-23.452982],[-45.11322739999997,-23.45243],[-45.112434399999984,-23.451808],[-45.11167339999997,-23.451283],[-45.110880399999985,-23.450698],[-45.10993139999994,-23.450018],[-45.10905139999994,-23.449285],[-45.10823039999997,-23.448568],[-45.10755939999996,-23.44806],[-45.10682039999995,-23.44752],[-45.10595639999997,-23.446893],[-45.10526039999996,-23.446295],[-45.10475939999998,-23.445797],[-45.10431939999995,-23.445235],[-45.10395639999996,-23.444754],[-45.10384339999996,-23.44461],[-45.10373589999995,-23.444436],[-45.10369119999996,-23.444327899999962],[-45.10389569999995,-23.444212499999935],[-45.10393769999996,-23.444145499999934],[-45.10429749999997,-23.444143099999962],[-45.104582799999946,-23.444199899999944],[-45.104841,-23.444283199999973],[-45.10508029999994,-23.444307799999933],[-45.10534389999998,-23.444473399999936],[-45.10555549999998,-23.444589],[-45.105906699999935,-23.44485229999998],[-45.10627079999995,-23.445096199999966],[-45.106619799999976,-23.44528509999998],[-45.106962099999976,-23.44548029999993],[-45.10738109999994,-23.445651699999928],[-45.10774139999995,-23.445757799999967],[-45.108056499999975,-23.445852199999933],[-45.10832239999996,-23.445640499999968],[-45.10840989999997,-23.44529659999995],[-45.108425,-23.44500009999996],[-45.108513699999946,-23.44476519999995],[-45.10873739999994,-23.444680799999958],[-45.10900739999994,-23.44463609999997],[-45.10923669999994,-23.444538499999965],[-45.10959749999995,-23.444335199999955],[-45.109992499999976,-23.444109199999957],[-45.11044449999997,-23.443824199999938],[-45.11063079999997,-23.443332399999974],[-45.11052239999998,-23.442532],[-45.11037739999995,-23.442084299999976],[-45.110355599999934,-23.44161779999996],[-45.11053209999994,-23.441214799999955],[-45.11086849999998,-23.440829399999927],[-45.111246,-23.44044679999996],[-45.111676699999975,-23.440331499999957],[-45.112063199999966,-23.43992439999994],[-45.112496,-23.43980819999996],[-45.11303609999993,-23.439832099999933],[-45.11354069999993,-23.440318499999933],[-45.11378869999993,-23.44047249999994],[-45.11424469999997,-23.440841599999942],[-45.11467159999995,-23.44119919999997],[-45.11511859999996,-23.441511499999933],[-45.11562989999993,-23.44197809999997],[-45.11591929999997,-23.44242939999998],[-45.116235899999936,-23.442974799999945],[-45.116581,-23.443457399999943],[-45.116915699999936,-23.443948499999976],[-45.11715929999997,-23.444429],[-45.11736909999996,-23.444946899999934],[-45.117742,-23.445573199999956],[-45.11801939999998,-23.446057399999972],[-45.118359699999985,-23.446600899999964],[-45.11883169999993,-23.44694149999998],[-45.11935549999998,-23.44708849999995],[-45.11995609999997,-23.447276399999964],[-45.120521,-23.447307799999976],[-45.121131,-23.447415699999965],[-45.12154129999993,-23.447455599999955],[-45.12210569999996,-23.447575599999936],[-45.12256559999997,-23.447578],[-45.123110199999985,-23.447583],[-45.123659499999974,-23.447463899999946],[-45.12404449999997,-23.44735769999994],[-45.12443269999994,-23.447005499999932],[-45.124827599999946,-23.446717699999965],[-45.125218899999936,-23.446607099999937],[-45.12564119999996,-23.44657209999997],[-45.12594869999998,-23.44659249999995],[-45.126251199999956,-23.44690449999996],[-45.126457399999936,-23.44735849999995],[-45.12659169999995,-23.447537499999953],[-45.12687359999995,-23.44748329999993],[-45.12720969999998,-23.44733739999998],[-45.12751709999998,-23.447125099999937],[-45.127883,-23.44707169999998],[-45.12829949999997,-23.44723709999994],[-45.12845169999997,-23.447680499999933],[-45.12858269999998,-23.44816959999997],[-45.12884559999998,-23.448498599999937],[-45.129236499999934,-23.448701599999936],[-45.129699,-23.448793299999977],[-45.13016219999997,-23.44875049999996],[-45.13052609999994,-23.448685099999977],[-45.13102379999998,-23.448646],[-45.131318299999975,-23.44902609999997],[-45.13178449999998,-23.449152199999958],[-45.132262,-23.449090599999977],[-45.132689,-23.449087599999928],[-45.133110699999975,-23.449101199999973],[-45.133549699999946,-23.44888949999995],[-45.13368839999998,-23.44855579999995],[-45.134010899999964,-23.44826949999998],[-45.13441759999995,-23.44808039999998],[-45.13483359999998,-23.447941399999934],[-45.134874099999934,-23.447615],[-45.13468659999995,-23.447236699999962],[-45.134275,-23.44682839999996],[-45.133895199999984,-23.446541099999934],[-45.13348249999996,-23.44638539999994],[-45.13304919999996,-23.446280499999943],[-45.13265979999994,-23.44609509999998],[-45.13240949999994,-23.445721299999946],[-45.13229959999995,-23.445398099999977],[-45.13222829999995,-23.44515789999997],[-45.131892,-23.444874099999936],[-45.13155309999996,-23.444648599999937],[-45.131325,-23.444240799999932],[-45.13106749999997,-23.443907299999978],[-45.13068809999993,-23.443781599999966],[-45.130365,-23.443593299999975],[-45.13048139999995,-23.443203299999936],[-45.130826499999955,-23.44279839999996],[-45.131285599999956,-23.442514699999947],[-45.13181649999996,-23.44218019999994],[-45.132257899999956,-23.441836099999932],[-45.13198849999998,-23.44156259999994],[-45.131452499999966,-23.441421899999966],[-45.131038599999954,-23.441269499999976],[-45.130696299999954,-23.44135129999995],[-45.13022929999994,-23.441494699999964],[-45.129761,-23.441574799999955],[-45.129501,-23.441241699999978],[-45.12920729999996,-23.441103299999952],[-45.128687799999966,-23.441275899999937],[-45.128430099999946,-23.441165299999966],[-45.128122099999985,-23.44081479999994],[-45.12780959999998,-23.440471299999956],[-45.12745219999994,-23.440391399999953],[-45.127056599999946,-23.44039859999998],[-45.12657859999996,-23.44011459999996],[-45.12601829999994,-23.439443599999947],[-45.125552899999946,-23.43927059999993],[-45.12508639999993,-23.439097499999946],[-45.12459389999998,-23.43917209999995],[-45.12409779999996,-23.439241],[-45.12342249999995,-23.43899289999996],[-45.122873099999936,-23.438752699999952],[-45.12197949999995,-23.43819119999995],[-45.12156919999995,-23.43770829999994],[-45.12132369999995,-23.437115499999948],[-45.12089359999993,-23.436671699999977],[-45.120469399999934,-23.43649819999996],[-45.12006689999998,-23.436460799999963],[-45.11962189999997,-23.436309299999948],[-45.11935569999997,-23.436100499999952],[-45.119326,-23.436081599999966],[-45.11909349999996,-23.435933399999954],[-45.11882049999997,-23.435680299999945],[-45.118449699999985,-23.435301799999934],[-45.118057299999975,-23.434845499999938],[-45.11777959999995,-23.434567399999935],[-45.11745279999997,-23.434275699999944],[-45.11721479999994,-23.434058299999947],[-45.11694229999995,-23.433837899999958],[-45.116640099999984,-23.433648699999935],[-45.11629359999995,-23.43335079999997],[-45.11593959999993,-23.433164099999942],[-45.115584799999965,-23.432977],[-45.11529649999994,-23.432848399999955],[-45.11498319999998,-23.432571],[-45.114804299999946,-23.432327],[-45.11485779999998,-23.432150699999966],[-45.11506039999995,-23.43209559999997],[-45.11524929999996,-23.432078099999956],[-45.11551449999996,-23.432130899999947],[-45.115769,-23.432192199999974],[-45.116033,-23.432332199999962],[-45.11636969999995,-23.43244],[-45.116578,-23.432580599999937],[-45.11682039999994,-23.432636599999967],[-45.117042699999956,-23.432705899999974],[-45.11726989999994,-23.43283329999997],[-45.117527,-23.432993499999952],[-45.117791799999964,-23.43315249999995],[-45.118193599999984,-23.43331189999998],[-45.118452899999966,-23.433397199999945],[-45.118704399999956,-23.433474099999955],[-45.11894969999997,-23.433512899999982],[-45.11916209999998,-23.433553399999937],[-45.119413899999984,-23.43357249999997],[-45.11968,-23.433506499999964],[-45.11991909999995,-23.433455899999956],[-45.12015739999998,-23.43340029999996],[-45.12035249999997,-23.43335049999996],[-45.12048889999994,-23.433322499999974],[-45.120567,-23.433294699999976],[-45.120627799999966,-23.433272899999963],[-45.120757,-23.433250699999974],[-45.12093459999994,-23.433217],[-45.121131299999945,-23.43317959999996],[-45.121343199999956,-23.43315689999997],[-45.121518599999945,-23.43305959999998],[-45.121627899999964,-23.43300709999994],[-45.12171129999996,-23.432966499999964],[-45.12188549999996,-23.432925],[-45.122033699999974,-23.43287449999997],[-45.12214279999995,-23.432870099999946],[-45.122357799999975,-23.432847799999934],[-45.12261709999996,-23.432885],[-45.122843399999965,-23.432931],[-45.12316989999994,-23.43303789999993],[-45.12334189999996,-23.432975],[-45.12356369999998,-23.433015099999977],[-45.12372719999996,-23.432944],[-45.12397029999994,-23.43295459999996],[-45.12418969999993,-23.433033],[-45.12435449999998,-23.43310649999995],[-45.12458189999995,-23.433227199999976],[-45.124815499999954,-23.433290799999952],[-45.12503289999995,-23.433267299999955],[-45.12512349999997,-23.43303659999998],[-45.125287199999946,-23.432759699999963],[-45.12535419999995,-23.43249659999998],[-45.125424099999975,-23.43214869999997],[-45.125438,-23.431837799999983],[-45.12544389999994,-23.43154949999996],[-45.125469099999975,-23.43122059999996],[-45.125495599999965,-23.43101349999995],[-45.125679599999955,-23.430892599999936],[-45.12592889999996,-23.43084639999995],[-45.12617179999995,-23.430735599999934],[-45.12621519999993,-23.430469199999948],[-45.126363699999956,-23.430245499999955],[-45.126352199999985,-23.42996729999993],[-45.126414599999976,-23.42973479999995],[-45.12659569999994,-23.429529599999967],[-45.126754,-23.429364499999963],[-45.127066199999945,-23.429300099999978],[-45.127418399999954,-23.429271899999947],[-45.12767579999996,-23.429363],[-45.128037699999936,-23.42947909999998],[-45.12847019999998,-23.429486399999973],[-45.128899899999965,-23.429510499999935],[-45.129219699999965,-23.429476699999952],[-45.12954679999996,-23.429411699999946],[-45.129909699999985,-23.42933809999994],[-45.130286799999965,-23.42925159999993],[-45.13057939999993,-23.42920339999995],[-45.130930699999965,-23.429102599999965],[-45.13125269999995,-23.429056599999967],[-45.131600599999956,-23.429006499999957],[-45.13192239999995,-23.428985299999965],[-45.13225,-23.42896449999995],[-45.13272079999996,-23.428996],[-45.13314379999997,-23.42903089999993],[-45.13355259999997,-23.429006799999968],[-45.13357049999996,-23.428971099999956],[-45.13360359999996,-23.429032399999983],[-45.13369179999995,-23.429196],[-45.13394519999997,-23.429332099999954],[-45.13414759999995,-23.4295],[-45.13430749999998,-23.429632599999934],[-45.13449159999993,-23.429785399999957],[-45.134770499999945,-23.430016799999976],[-45.13502969999996,-23.430231799999945],[-45.135278,-23.430437799999936],[-45.135706599999935,-23.43078019999996],[-45.13603309999996,-23.43088629999994],[-45.13635829999998,-23.431051399999944],[-45.13651889999994,-23.43113889999995],[-45.13661949999994,-23.431193699999938],[-45.13682679999994,-23.431315799999936],[-45.13699169999995,-23.43136789999994],[-45.13733419999994,-23.43146189999993],[-45.13750509999994,-23.431485599999974],[-45.13764379999998,-23.43148489999993],[-45.137751599999945,-23.431489899999974],[-45.137810799999954,-23.431469499999935],[-45.13801659999996,-23.431398499999943],[-45.13826969999997,-23.431326799999965],[-45.13880409999996,-23.431118199999958],[-45.138651799999934,-23.430845],[-45.13844089999998,-23.430665199999964],[-45.13821559999997,-23.43046389999995],[-45.13801,-23.430347299999937],[-45.13783559999996,-23.430156599999975],[-45.13766149999998,-23.430012699999963],[-45.13744189999994,-23.429812],[-45.137229299999944,-23.429666599999962],[-45.13704249999995,-23.429478099999983],[-45.13673149999994,-23.42931079999994],[-45.136461199999985,-23.42916539999993],[-45.136135499999966,-23.42899019999993],[-45.135830899999974,-23.428826399999934],[-45.135541,-23.428705299999933],[-45.13527529999993,-23.428651299999956],[-45.13503149999997,-23.42853279999997],[-45.13478759999998,-23.428430299999945],[-45.134520399999985,-23.428382099999965],[-45.13412379999994,-23.428237499999966],[-45.133865499999956,-23.428053499999976],[-45.13355829999995,-23.427787],[-45.133168799999964,-23.42754569999994],[-45.132773499999985,-23.427247199999954],[-45.132466299999976,-23.427062399999954],[-45.132257899999956,-23.426857499999983],[-45.13209419999998,-23.42671969999998],[-45.13191249999994,-23.426626],[-45.131714399999964,-23.426526499999966],[-45.13155649999993,-23.426465],[-45.131493399999954,-23.426433199999963],[-45.13143139999994,-23.426360299999942],[-45.13137249999994,-23.426345399999946],[-45.13113039999996,-23.42628449999995],[-45.130783,-23.426284099999975],[-45.13033939999997,-23.42639909999997],[-45.130031,-23.426537199999927],[-45.12973469999997,-23.426625499999943],[-45.12940889999993,-23.426692699999933],[-45.12915379999998,-23.426579499999946],[-45.129071299999964,-23.426378599999964],[-45.12903709999995,-23.426207099999942],[-45.12901459999995,-23.42589689999994],[-45.12885339999997,-23.42563259999997],[-45.128684799999974,-23.425449399999934],[-45.12849559999995,-23.425481499999933],[-45.128319799999986,-23.425528399999962],[-45.12807689999994,-23.425624599999935],[-45.127765599999975,-23.42560869999994],[-45.12756889999997,-23.425469799999973],[-45.12740149999996,-23.425351499999977],[-45.12720079999997,-23.42514449999993],[-45.12694619999996,-23.42502819999993],[-45.12656969999995,-23.424934399999927],[-45.12606469999997,-23.42494769999996],[-45.12545339999997,-23.42498429999995],[-45.124932299999955,-23.424972899999943],[-45.12454679999996,-23.42496619999997],[-45.12416429999996,-23.425014399999952],[-45.12378149999995,-23.425062599999933],[-45.12343869999995,-23.42508339999995],[-45.122959,-23.425094],[-45.12252079999996,-23.425094299999955],[-45.12212529999994,-23.42506839999993],[-45.12167,-23.424995799999976],[-45.12117079999996,-23.424913699999934],[-45.120905799999946,-23.424870099999964],[-45.12090039999998,-23.424869199999932],[-45.12057329999993,-23.424867399999982],[-45.12026069999996,-23.42486619999994],[-45.11994409999994,-23.424897199999975],[-45.119557,-23.42494659999994],[-45.11926439999996,-23.424895499999934],[-45.11895259999994,-23.424780299999952],[-45.11865579999994,-23.424607599999945],[-45.11837809999997,-23.424304],[-45.118137299999944,-23.424207499999966],[-45.11783139999994,-23.42423169999995],[-45.117481399999974,-23.424280599999975],[-45.117127799999935,-23.424311199999977],[-45.11695329999998,-23.42408949999998],[-45.116979,-23.423847299999977],[-45.11714159999997,-23.42366839999994],[-45.11723829999994,-23.423465199999953],[-45.11723809999995,-23.423225499999944],[-45.11715579999998,-23.423016399999938],[-45.117174699999964,-23.42288149999996],[-45.11736149999996,-23.422741499999972],[-45.117628699999955,-23.422475599999927],[-45.11765429999997,-23.422239499999932],[-45.117528799999945,-23.422094799999968],[-45.11734869999998,-23.42188619999996],[-45.11714459999996,-23.421719499999938],[-45.11694649999998,-23.421538],[-45.11688769999995,-23.42138079999995],[-45.117012,-23.421240499999953],[-45.11721709999995,-23.42117939999997],[-45.11742449999997,-23.42121089999995],[-45.11757479999994,-23.421382],[-45.11777429999995,-23.421595499999967],[-45.118035,-23.421771],[-45.118214199999954,-23.42196009999998],[-45.118547399999954,-23.422153099999946],[-45.11868149999998,-23.422182499999963],[-45.118784199999936,-23.422205],[-45.119026,-23.42222819999995],[-45.11925949999994,-23.42229549999996],[-45.11944369999998,-23.42233109999995],[-45.119706399999984,-23.42249359999994],[-45.11990879999996,-23.42263159999993],[-45.12009449999994,-23.42274679999997],[-45.120223899999985,-23.422808499999974],[-45.12035419999995,-23.422939],[-45.12049919999998,-23.423019099999976],[-45.12061269999998,-23.42308819999994],[-45.12075779999998,-23.42318369999998],[-45.12093329999993,-23.423274],[-45.12107249999997,-23.42336359999996],[-45.12130279999997,-23.423529799999983],[-45.12152139999995,-23.42362429999997],[-45.121761499999934,-23.423770399999967],[-45.121905,-23.42383579999995],[-45.12203429999994,-23.42389469999995],[-45.12227429999996,-23.42402329999993],[-45.122443199999964,-23.424144],[-45.122702699999934,-23.42424159999996],[-45.122898,-23.424239599999964],[-45.12318269999997,-23.424266599999953],[-45.123459399999945,-23.424328499999945],[-45.12369789999997,-23.424345199999948],[-45.124085399999956,-23.424370799999963],[-45.124584099999936,-23.424482599999976],[-45.12489259999995,-23.424505],[-45.12520359999996,-23.42451239999997],[-45.12547859999995,-23.424500499999965],[-45.12569759999997,-23.424466199999983],[-45.125989199999935,-23.424510899999973],[-45.12628609999996,-23.424542499999973],[-45.12655879999994,-23.42454319999996],[-45.12685439999996,-23.42450139999994],[-45.12714969999996,-23.424531],[-45.127435599999956,-23.42458849999997],[-45.12839059999993,-23.424643799999956],[-45.12909969999998,-23.424769899999944],[-45.129868399999964,-23.424860699999954],[-45.13028889999998,-23.424881],[-45.130605499999945,-23.424997899999937],[-45.130861799999934,-23.42514209999996],[-45.13108889999995,-23.42537619999996],[-45.13133919999996,-23.425634899999977],[-45.131416,-23.425714],[-45.13145979999996,-23.425759099999937],[-45.131499099999985,-23.425799499999982],[-45.13184769999998,-23.42593519999997],[-45.132082699999955,-23.425836],[-45.13250379999994,-23.425626799999975],[-45.13288159999996,-23.425491699999952],[-45.13312789999998,-23.42537669999996],[-45.133507,-23.42538419999994],[-45.13378759999995,-23.42534459999996],[-45.134268299999974,-23.42531859999997],[-45.13473079999994,-23.42547989999997],[-45.13509269999997,-23.42553739999994],[-45.13553809999996,-23.42560279999998],[-45.13593869999994,-23.425752299999942],[-45.13630449999994,-23.425848499999972],[-45.13662289999996,-23.42596579999997],[-45.13691979999993,-23.426067199999977],[-45.13727469999998,-23.42610449999995],[-45.13751689999998,-23.426181799999938],[-45.13779809999994,-23.42627479999993],[-45.13806359999995,-23.42644379999996],[-45.13840989999994,-23.42650169999996],[-45.138733299999956,-23.426554099999976],[-45.13908719999995,-23.426593399999945],[-45.13942509999998,-23.42660449999994],[-45.13976139999994,-23.426572],[-45.13998689999994,-23.426510699999938],[-45.140043599999956,-23.42632679999997],[-45.13990309999997,-23.426201799999944],[-45.13976859999997,-23.42602789999995],[-45.13973029999994,-23.42578889999993],[-45.139673699999946,-23.42557549999998],[-45.13976679999996,-23.42537569999996],[-45.14000009999995,-23.425194499999975],[-45.14028069999995,-23.42505319999998],[-45.140476099999944,-23.42492509999994],[-45.140535399999976,-23.424761699999976],[-45.14044839999997,-23.424692899999968],[-45.14029279999994,-23.42455],[-45.140078899999935,-23.42438539999995],[-45.13987019999996,-23.424265599999956],[-45.13972839999997,-23.424121799999966],[-45.139515,-23.423986299999967],[-45.13933089999995,-23.423870799999975],[-45.13916649999993,-23.423651],[-45.139016,-23.423505499999976],[-45.138969799999984,-23.423302399999955],[-45.138942,-23.423066199999937],[-45.13881319999996,-23.42297059999993],[-45.13847529999998,-23.42303529999998],[-45.13817849999998,-23.42311469999993],[-45.13778359999998,-23.42316939999995],[-45.13743449999998,-23.42317859999997],[-45.13692969999994,-23.42311179999996],[-45.13657749999993,-23.423042899999928],[-45.13621389999997,-23.422954799999957],[-45.135942599999964,-23.42284019999994],[-45.13567189999998,-23.42275959999995],[-45.13540789999996,-23.42261689999998],[-45.135113299999944,-23.422511],[-45.13476209999993,-23.422364399999935],[-45.13452019999994,-23.422212799999954],[-45.13432289999997,-23.42209689999993],[-45.13411739999998,-23.42188269999997],[-45.13399909999998,-23.42163389999996],[-45.133815099999936,-23.42147559999995],[-45.13349569999997,-23.42149749999993],[-45.133261,-23.421550199999956],[-45.133015099999966,-23.421483399999943],[-45.132768699999986,-23.421251599999948],[-45.13246809999998,-23.42103949999995],[-45.13226619999995,-23.420896899999946],[-45.13194589999995,-23.420654399999933],[-45.13162959999994,-23.42041489999997],[-45.131378799999936,-23.42023389999997],[-45.13134809999997,-23.42021169999998],[-45.13108259999996,-23.42010829999998],[-45.130939799999965,-23.41990039999996],[-45.130937899999935,-23.419626199999982],[-45.13100479999997,-23.419355],[-45.13105249999995,-23.419069399999955],[-45.131119199999944,-23.41880589999994],[-45.13120479999998,-23.41845539999997],[-45.131214,-23.418002599999966],[-45.13104039999996,-23.41754],[-45.13078239999993,-23.417241199999978],[-45.13044489999993,-23.41693669999995],[-45.13011469999998,-23.416452],[-45.12991429999994,-23.41603139999995],[-45.12953379999993,-23.416254299999935],[-45.12916919999998,-23.416570899999954],[-45.12890939999994,-23.416925799999945],[-45.12870419999996,-23.41735959999994],[-45.128380499999935,-23.41757169999994],[-45.12784009999996,-23.417705099999978],[-45.12733239999994,-23.417714899999964],[-45.126914,-23.417848899999967],[-45.12636039999995,-23.417907199999945],[-45.125743,-23.41814549999998],[-45.12535749999995,-23.41827459999996],[-45.12502009999997,-23.41836969999997],[-45.124808,-23.418243699999948],[-45.12460869999995,-23.418046199999935],[-45.124374099999955,-23.418002599999966],[-45.12411909999997,-23.418010599999945],[-45.12380049999996,-23.418045199999938],[-45.12358039999998,-23.418083099999933],[-45.123249499999986,-23.418055899999956],[-45.123043199999984,-23.418099799999936],[-45.12286329999995,-23.418116],[-45.122707299999945,-23.418156799999963],[-45.12254479999996,-23.418482499999982],[-45.122448599999984,-23.418626599999982],[-45.12232639999996,-23.41878669999994],[-45.12217609999993,-23.41890719999998],[-45.12193419999994,-23.41886519999997],[-45.12167809999994,-23.418722099999968],[-45.121570599999984,-23.418502599999954],[-45.12153429999995,-23.41821029999994],[-45.12154349999997,-23.417945499999973],[-45.121473599999945,-23.417731799999956],[-45.12141269999995,-23.417452799999978],[-45.12123219999995,-23.417218],[-45.121023099999945,-23.41705719999993],[-45.12087539999993,-23.416736899999933],[-45.12074329999996,-23.416399699999943],[-45.120530299999984,-23.41617109999993],[-45.12025259999996,-23.41594859999998],[-45.120010099999945,-23.415747499999952],[-45.119716799999935,-23.41551919999995],[-45.11949629999998,-23.415426],[-45.11930309999997,-23.41527519999994],[-45.119091899999944,-23.415362],[-45.119029299999966,-23.415642],[-45.119056099999966,-23.41590549999995],[-45.11905669999993,-23.416168399999947],[-45.11913109999995,-23.416428699999983],[-45.119234,-23.41666349999997],[-45.119344499999954,-23.41689279999997],[-45.119444,-23.417136099999937],[-45.119165599999974,-23.417101599999967],[-45.11889309999998,-23.416961199999946],[-45.11871149999996,-23.416793],[-45.118476499999986,-23.41671249999996],[-45.118330199999946,-23.416519199999982],[-45.11823319999996,-23.416341099999954],[-45.118116,-23.416148199999952],[-45.11801359999998,-23.415881499999955],[-45.117906699999935,-23.41563249999996],[-45.11782709999994,-23.41535689999995],[-45.11780369999997,-23.415103899999963],[-45.117759199999966,-23.414756299999965],[-45.11775159999996,-23.41438349999993],[-45.11776809999998,-23.41405759999998],[-45.117823499999986,-23.413716799999975],[-45.11797869999998,-23.413385499999947],[-45.11816059999995,-23.41312359999995],[-45.11836139999997,-23.412962],[-45.11858189999998,-23.412903099999937],[-45.118836399999964,-23.41292809999993],[-45.119045,-23.412976699999945],[-45.119217299999946,-23.413026799999955],[-45.119452499999966,-23.413102699999968],[-45.119730499999946,-23.413126199999965],[-45.120063899999934,-23.41324179999998],[-45.12030749999997,-23.41309769999998],[-45.12051089999994,-23.41288839999993],[-45.12074419999993,-23.412505499999952],[-45.121011599999974,-23.412230499999964],[-45.121250499999974,-23.412129899999968],[-45.12149979999998,-23.41204209999995],[-45.121780299999955,-23.411977],[-45.122109499999965,-23.41204739999995],[-45.12237279999994,-23.412107599999956],[-45.12269989999993,-23.41219979999994],[-45.122972699999934,-23.41227189999995],[-45.12333659999996,-23.412351199999932],[-45.12370119999997,-23.41241969999993],[-45.12399069999998,-23.412484499999948],[-45.12427109999993,-23.412554399999976],[-45.12459229999996,-23.412581299999943],[-45.12500249999994,-23.412572299999965],[-45.12535969999993,-23.412598299999956],[-45.12574949999998,-23.412602599999957],[-45.12605369999994,-23.412620499999946],[-45.12638679999998,-23.41262409999996],[-45.12660559999995,-23.412578099999962],[-45.12681689999994,-23.412398199999927],[-45.126788199999964,-23.412239299999953],[-45.12678749999998,-23.41223549999995],[-45.126742,-23.411983599999928],[-45.12656929999997,-23.411563199999932],[-45.126558099999954,-23.411249899999973],[-45.12656549999997,-23.410942199999965],[-45.12659979999995,-23.410691499999928],[-45.126655899999946,-23.410517],[-45.12673309999997,-23.410224599999935],[-45.12680429999995,-23.409978899999942],[-45.12687109999996,-23.409734499999956],[-45.12687479999994,-23.40948489999994],[-45.12691469999993,-23.40922349999994],[-45.12680489999997,-23.408946699999944],[-45.12661189999994,-23.408618],[-45.12639709999996,-23.40824989999993],[-45.126158499999974,-23.407856899999956],[-45.126014,-23.40764919999998],[-45.12595109999995,-23.40744879999994],[-45.125924199999986,-23.407178],[-45.125861199999974,-23.406893199999956],[-45.12580319999995,-23.406730799999934],[-45.12567629999995,-23.406497099999967],[-45.125564,-23.406290399999932],[-45.125461,-23.406131499999958],[-45.125342099999955,-23.405881699999952],[-45.12531549999994,-23.405572399999983],[-45.125328699999955,-23.405366399999934],[-45.12533629999996,-23.40520129999993],[-45.12536729999994,-23.40502179999993],[-45.12541489999995,-23.404790099999957],[-45.12549229999996,-23.40455769999994],[-45.12554339999997,-23.404422299999965],[-45.125614,-23.404227299999945],[-45.12574259999997,-23.404086199999938],[-45.12589079999998,-23.403917899999954],[-45.12602469999996,-23.403744599999982],[-45.12609249999997,-23.40362209999995],[-45.12610489999997,-23.40336089999994],[-45.12604289999996,-23.403292],[-45.12596179999997,-23.403271599999982],[-45.125735599999985,-23.403235699999982],[-45.125477899999964,-23.403381399999944],[-45.125219699999946,-23.40351579999998],[-45.12501929999996,-23.40372739999998],[-45.12475789999996,-23.403903899999932],[-45.12443909999996,-23.404140299999938],[-45.124231,-23.404337299999952],[-45.123909599999934,-23.404429299999947],[-45.12360929999994,-23.404435099999944],[-45.12329719999997,-23.404362599999956],[-45.12302319999998,-23.40425739999995],[-45.12275059999996,-23.40420169999993],[-45.12254819999998,-23.40424509999997],[-45.122227899999984,-23.404208799999935],[-45.12200059999998,-23.404300499999977],[-45.12179889999993,-23.40437289999994],[-45.12161229999998,-23.404321399999958],[-45.12160549999993,-23.404137],[-45.12169579999994,-23.403928099999973],[-45.121869799999956,-23.403615699999932],[-45.122218499999974,-23.403256],[-45.12253309999994,-23.40294819999997],[-45.12270969999997,-23.402710399999933],[-45.12290109999998,-23.402432499999975],[-45.123135599999955,-23.402140299999928],[-45.123339699999974,-23.401885799999945],[-45.12357059999994,-23.401665699999967],[-45.12376379999995,-23.40148149999993],[-45.12403279999995,-23.401217499999973],[-45.124416,-23.40087159999996],[-45.12470119999995,-23.40065149999998],[-45.12495359999997,-23.40045539999994],[-45.125407199999984,-23.400212099999976],[-45.12575309999994,-23.400026599999933],[-45.12591679999997,-23.399923599999966],[-45.12604449999998,-23.399760699999945],[-45.12637179999996,-23.399495799999954],[-45.12665849999996,-23.39935259999993],[-45.126962799999944,-23.399279399999955],[-45.127376,-23.399189299999932],[-45.127679,-23.39914],[-45.127984,-23.39910409999993],[-45.128225199999974,-23.39906419999994],[-45.12859439999994,-23.398902499999963],[-45.128535399999976,-23.398685],[-45.128338499999984,-23.39850729999995],[-45.12818719999996,-23.39841219999994],[-45.128043599999955,-23.398276],[-45.127957599999945,-23.398153699999966],[-45.12783059999998,-23.397979499999963],[-45.12777849999998,-23.397779399999934],[-45.12780529999998,-23.397615],[-45.127874099999985,-23.39746569999994],[-45.12799279999996,-23.39736259999995],[-45.12813819999997,-23.397252799999933],[-45.12833269999993,-23.397135899999967],[-45.128457899999944,-23.397062],[-45.12859619999995,-23.396984699999962],[-45.128726,-23.396860599999968],[-45.128827799999954,-23.396781],[-45.128944,-23.396648399999947],[-45.129042399999946,-23.39651809999998],[-45.129188599999964,-23.39633189999995],[-45.12925139999993,-23.39615759999998],[-45.129358,-23.395973599999934],[-45.129467199999965,-23.395788399999958],[-45.12958549999996,-23.395615799999973],[-45.129716299999984,-23.39547],[-45.12986109999997,-23.395350099999973],[-45.130028799999934,-23.39520989999994],[-45.13023289999995,-23.395052499999963],[-45.13039009999994,-23.394899099999975],[-45.130534599999976,-23.394698],[-45.130650499999945,-23.394462399999952],[-45.13074829999994,-23.394123699999966],[-45.13072529999994,-23.39382939999996],[-45.13065919999997,-23.393556199999978],[-45.13047419999998,-23.39328809999995],[-45.13028209999993,-23.39293609999993],[-45.130283,-23.392576299999973],[-45.130482,-23.392374699999948],[-45.130763799999954,-23.392334699999935],[-45.131013,-23.39231289999998],[-45.13126939999995,-23.392279299999927],[-45.13143319999995,-23.39214629999998],[-45.131421399999965,-23.39194029999993],[-45.131250499999965,-23.391678499999955],[-45.13123239999993,-23.39143649999994],[-45.13122549999997,-23.39119539999996],[-45.131235799999956,-23.391023399999938],[-45.131152499999985,-23.39089139999993],[-45.13100479999997,-23.390855399999964],[-45.13075809999998,-23.390877699999976],[-45.130542299999945,-23.39091929999995],[-45.130349,-23.390961],[-45.130124799999976,-23.390913199999943],[-45.12985149999997,-23.390854399999967],[-45.12953749999997,-23.390787699999976],[-45.12929929999996,-23.390776699999947],[-45.12896619999998,-23.390752799999973],[-45.12869449999994,-23.390719599999954],[-45.12840109999996,-23.390729199999953],[-45.12805869999994,-23.390698699999973],[-45.127800399999956,-23.39067659999995],[-45.127590699999985,-23.390593899999942],[-45.12741919999996,-23.39048159999993],[-45.127358699999945,-23.390281899999934],[-45.12729419999994,-23.390089199999977],[-45.12730609999994,-23.389864299999942],[-45.12728869999995,-23.389697199999944],[-45.12727629999995,-23.389518],[-45.127288,-23.38930339999996],[-45.12732089999997,-23.38908179999993],[-45.127337799999964,-23.388911399999927],[-45.127346099999954,-23.38866059999998],[-45.12735849999996,-23.388433599999928],[-45.12726569999995,-23.38821619999993],[-45.127107799999976,-23.38806169999998],[-45.12691129999996,-23.387933199999964],[-45.126779699999986,-23.387670799999967],[-45.12667,-23.38741959999993],[-45.126589,-23.387231399999962],[-45.12640609999994,-23.38706],[-45.126161399999944,-23.38691849999998],[-45.12590869999997,-23.386803099999952],[-45.12552989999995,-23.38658689999994],[-45.125211899999954,-23.38639569999998],[-45.12500869999997,-23.38614769999998],[-45.12479369999994,-23.385789699999975],[-45.124677,-23.38549],[-45.124748899999986,-23.385202],[-45.12456279999998,-23.384953199999927],[-45.12422359999994,-23.384988299999975],[-45.12390369999997,-23.385091299999942],[-45.12360769999998,-23.385137399999962],[-45.12332239999995,-23.385075299999983],[-45.12297159999997,-23.384997099999964],[-45.12272759999996,-23.384928],[-45.12238569999994,-23.38488],[-45.122216,-23.38460539999994],[-45.12203469999997,-23.384345],[-45.12187229999995,-23.384174599999938],[-45.12152159999994,-23.38435549999997],[-45.12146379999996,-23.38439889999995],[-45.12140549999998,-23.384442899999954],[-45.121301399999936,-23.38452129999996],[-45.12101229999996,-23.384517399999936],[-45.12057949999996,-23.38457569999997],[-45.12021209999995,-23.384547599999962],[-45.11983619999995,-23.384584699999948],[-45.119433699999945,-23.38467369999995],[-45.11905829999995,-23.384651799999972],[-45.118599,-23.384643899999958],[-45.11818469999997,-23.384687199999973],[-45.117789699999946,-23.384705199999928],[-45.11745469999994,-23.384623499999975],[-45.11721259999996,-23.384465199999966],[-45.116999,-23.38434909999995],[-45.11681079999994,-23.384189499999934],[-45.116503799999975,-23.384433199999933],[-45.116502899999944,-23.384744199999943],[-45.11650109999994,-23.384992199999942],[-45.11647359999995,-23.38529929999993],[-45.116464,-23.385551499999963],[-45.116604,-23.385842699999955],[-45.116698,-23.386103899999966],[-45.11684269999995,-23.38627219999995],[-45.11705329999995,-23.386450399999944],[-45.117158899999936,-23.386654499999963],[-45.11728539999996,-23.38697639999998],[-45.11714449999994,-23.38718339999997],[-45.11714429999995,-23.387386599999957],[-45.117306499999984,-23.387402399999928],[-45.11759509999996,-23.387507899999946],[-45.117809799999975,-23.38764109999994],[-45.117938599999945,-23.387799299999983],[-45.117999699999984,-23.38801069999994],[-45.118017899999984,-23.388251],[-45.11805789999994,-23.38865469999996],[-45.11790529999996,-23.38897769999994],[-45.11781139999994,-23.389345499999934],[-45.11775529999994,-23.389638699999978],[-45.117742,-23.389900799999964],[-45.11777519999998,-23.390230199999962],[-45.117805499999974,-23.39068059999994],[-45.117870799999935,-23.391015299999935],[-45.11790589999998,-23.391556299999934],[-45.117945,-23.392019799999957],[-45.11793039999998,-23.39254029999995],[-45.118024799999944,-23.392943199999934],[-45.11806659999996,-23.393374799999947],[-45.11810429999997,-23.39377159999998],[-45.11810929999996,-23.394004799999948],[-45.11807029999994,-23.39432869999996],[-45.118004499999984,-23.394568799999945],[-45.11796059999995,-23.394854799999962],[-45.117876799999976,-23.395085799999947],[-45.117814899999985,-23.395476499999972],[-45.11774159999993,-23.395781099999965],[-45.11765779999996,-23.396060499999976],[-45.11757469999998,-23.39643239999998],[-45.11732359999996,-23.396926599999972],[-45.117096699999934,-23.39742209999997],[-45.11697159999994,-23.397849599999972],[-45.11680679999995,-23.398573299999953],[-45.116580699999986,-23.398958499999935],[-45.11656469999997,-23.39902849999993],[-45.116432299999985,-23.399610199999927],[-45.11623909999997,-23.400067399999955],[-45.116076,-23.400502399999937],[-45.11586619999997,-23.400833699999964],[-45.115584799999965,-23.40111109999998],[-45.11528549999997,-23.40134569999998],[-45.11490829999997,-23.4017],[-45.11440209999995,-23.40229119999998],[-45.11412809999996,-23.402704599999936],[-45.11378989999997,-23.40326779999998],[-45.11323809999993,-23.40366259999996],[-45.11280739999995,-23.40356509999998],[-45.112531399999966,-23.403151599999944],[-45.11239559999996,-23.402765199999976],[-45.112050599999975,-23.402231599999936],[-45.11180209999998,-23.401612299999954],[-45.11171989999997,-23.401041199999952],[-45.11181659999994,-23.400603399999966],[-45.11189989999997,-23.400226699999962],[-45.11197359999994,-23.399796399999957],[-45.11187759999996,-23.39943509999995],[-45.11161249999998,-23.399274299999945],[-45.11134839999994,-23.39918319999998],[-45.11109229999994,-23.399120299999936],[-45.110792,-23.398957699999983],[-45.110524,-23.39886439999998],[-45.11047339999993,-23.39852979999995],[-45.11043179999996,-23.398163799999963],[-45.11050529999994,-23.39768319999996],[-45.110387,-23.397353799999962],[-45.10998719999998,-23.397475],[-45.10947519999996,-23.397785399999975],[-45.108979199999965,-23.398153399999956],[-45.10846019999997,-23.398608099999933],[-45.108041399999934,-23.398779499999932],[-45.107714,-23.398871399999962],[-45.107383099999936,-23.398855099999935],[-45.106953199999964,-23.39880519999997],[-45.106919,-23.39906689999998],[-45.10693659999998,-23.39943009999996],[-45.10684429999998,-23.399918699999944],[-45.10659659999993,-23.40031749999997],[-45.10628529999997,-23.400692299999946],[-45.10603379999998,-23.401026599999966],[-45.10586349999994,-23.40149789999998],[-45.10582969999996,-23.40178389999994],[-45.105718199999956,-23.402164099999936],[-45.105678499999954,-23.40251589999997],[-45.10567069999996,-23.40280569999993],[-45.10553,-23.403024099999982],[-45.10555539999996,-23.403272199999947],[-45.105822399999965,-23.403314799999976],[-45.106232199999965,-23.40331589999994],[-45.106682199999966,-23.403344799999957],[-45.10712369999993,-23.40331629999997],[-45.107567,-23.403466299999934],[-45.10793739999997,-23.403672399999948],[-45.10822809999996,-23.40399549999995],[-45.108471899999984,-23.40434629999993],[-45.10865759999996,-23.404661399999952],[-45.10881129999996,-23.405157499999973],[-45.10897209999996,-23.405592],[-45.10908189999998,-23.406010699999968],[-45.10914309999998,-23.40652639999996],[-45.109261199999935,-23.40705689999993],[-45.109418199999936,-23.407581299999947],[-45.10942249999994,-23.407881799999927],[-45.10936909999998,-23.40820039999994],[-45.10926189999998,-23.40852519999993],[-45.10903579999996,-23.408779599999946],[-45.10866609999994,-23.408902799999964],[-45.10821979999997,-23.408907599999964],[-45.10784739999997,-23.408809599999927],[-45.10749079999994,-23.408619699999974],[-45.107146899999975,-23.40839159999996],[-45.106762,-23.40815939999993],[-45.106403,-23.407736299999954],[-45.106192,-23.407435],[-45.10596929999997,-23.40719779999995],[-45.105707,-23.406965],[-45.105404599999986,-23.406782799999974],[-45.10509929999995,-23.406632599999966],[-45.10483889999995,-23.406448499999954],[-45.10459479999997,-23.406489],[-45.104483,-23.406741599999975],[-45.10452769999995,-23.406967899999927],[-45.104661299999975,-23.407303499999955],[-45.10469569999998,-23.407605899999965],[-45.104732499999955,-23.40794029999995],[-45.10485309999996,-23.408339599999977],[-45.105033299999945,-23.408720199999948],[-45.10520109999993,-23.408964699999956],[-45.105328,-23.409245299999952],[-45.10548629999994,-23.40958059999997],[-45.10583,-23.409797099999935],[-45.10617819999993,-23.409992599999953],[-45.106546,-23.410163799999964],[-45.10696029999997,-23.410343799999964],[-45.107261,-23.41051049999993],[-45.10743779999996,-23.41072479999997],[-45.10754069999996,-23.410986699999967],[-45.10766879999994,-23.411365699999976],[-45.10778039999997,-23.41163849999998],[-45.107938399999966,-23.41195149999993],[-45.10803159999995,-23.41219689999997],[-45.108201,-23.412581099999954],[-45.10836,-23.41311879999995],[-45.10858809999996,-23.413347899999962],[-45.108832,-23.41346079999994],[-45.109279,-23.41373479999993],[-45.109563,-23.413863799999945],[-45.109852699999976,-23.413953299999946],[-45.110173,-23.41393679999993],[-45.110345,-23.41387579999997],[-45.110202,-23.414275799999928],[-45.110130899999945,-23.414490499999943],[-45.11004989999998,-23.41457689999993],[-45.109938599999964,-23.414709899999934],[-45.10988139999995,-23.41484079999998],[-45.109854,-23.415000299999974],[-45.10977819999994,-23.41515119999997],[-45.10964469999993,-23.415309099999945],[-45.10956609999994,-23.415389499999947],[-45.10949789999995,-23.415426899999943],[-45.10937349999995,-23.415453599999978],[-45.10924819999997,-23.41552809999996],[-45.109132099999954,-23.41570269999994],[-45.108936599999936,-23.415909599999964],[-45.10880489999994,-23.416120099999944],[-45.10870559999995,-23.416363399999966],[-45.10854949999998,-23.416585899999973],[-45.10840839999997,-23.41670769999996],[-45.10827889999996,-23.416858599999955],[-45.108085,-23.417043899999953],[-45.10792859999998,-23.417201199999965],[-45.10772149999997,-23.417373399999974],[-45.10744689999996,-23.41759339999993],[-45.10724219999997,-23.417752699999937],[-45.10694029999996,-23.418011699999965],[-45.10692489999997,-23.418112],[-45.10689659999997,-23.418191399999955],[-45.10686049999998,-23.418292699999938],[-45.106851,-23.41840959999996],[-45.10688819999996,-23.418511199999955],[-45.106994499999985,-23.41861289999997],[-45.107046699999955,-23.418734],[-45.107091,-23.41890019999994],[-45.10711139999995,-23.41907279999998],[-45.10712969999997,-23.419241099999965],[-45.10711259999994,-23.419359399999962],[-45.10709659999998,-23.41945019999997],[-45.107063299999936,-23.41960249999994],[-45.10706179999994,-23.41972089999996],[-45.107085,-23.419808],[-45.10716659999997,-23.420091399999933],[-45.107177699999966,-23.420177299999978],[-45.10717189999997,-23.42030239999997],[-45.10715369999997,-23.420388499999945],[-45.10708609999995,-23.42057719999997],[-45.10702639999994,-23.420639799999947],[-45.10684159999994,-23.42079549999994],[-45.10674719999997,-23.42085389999994],[-45.106582,-23.420956],[-45.10632069999997,-23.421018299999957],[-45.10619459999998,-23.421106599999973],[-45.106089699999984,-23.421200399999975],[-45.105917199999965,-23.421396799999968],[-45.105832,-23.42162079999997],[-45.10580609999994,-23.421757899999932],[-45.105807,-23.422036299999945],[-45.105786199999955,-23.422133799999983],[-45.105761,-23.422254],[-45.105721899999935,-23.422419099999956],[-45.10565189999994,-23.422631699999954],[-45.10560159999994,-23.422897399999954],[-45.10552609999996,-23.423119799999938],[-45.105375,-23.423449799999958],[-45.10525749999994,-23.423696699999937],[-45.105154,-23.423921899999982],[-45.10512049999994,-23.424025399999948],[-45.105078499999934,-23.424170799999956],[-45.10507569999993,-23.424352599999963],[-45.10508129999994,-23.424590399999943],[-45.10512049999994,-23.424803],[-45.105156799999975,-23.424990399999956],[-45.105168,-23.425157499999955],[-45.10517639999995,-23.425233],[-45.105196,-23.425395299999934],[-45.105224,-23.42550159999996],[-45.105221599999936,-23.42566839999995],[-45.105192199999976,-23.425712399999952],[-45.105196699999965,-23.425746],[-45.105352,-23.426363099999946],[-45.10534869999998,-23.426783499999942],[-45.105393499999934,-23.426953699999956],[-45.10543409999997,-23.427101],[-45.105526399999974,-23.427339699999948],[-45.105544,-23.42738259999993],[-45.105599,-23.427517199999954],[-45.10565619999994,-23.42767589999994],[-45.105672599999934,-23.427781099999947],[-45.10565809999997,-23.427863799999955],[-45.105625499999974,-23.427967399999943],[-45.105604899999946,-23.428082099999983],[-45.10558589999994,-23.428210099999944],[-45.10555279999994,-23.428339499999936],[-45.10552889999997,-23.428498699999977],[-45.10546169999998,-23.42864979999996],[-45.10533309999994,-23.42875749999996],[-45.10521559999995,-23.428824599999928],[-45.10505329999995,-23.42891409999993],[-45.10494149999994,-23.42900919999994],[-45.10484079999998,-23.429115499999966],[-45.10480159999997,-23.429221799999937],[-45.104768,-23.429372899999976],[-45.10475119999995,-23.429523899999936],[-45.10480719999998,-23.429631599999936],[-45.104930699999954,-23.42972649999996],[-45.10504769999994,-23.429782699999976],[-45.10526029999994,-23.42978819999996],[-45.10541139999998,-23.429777099999967],[-45.10551769999995,-23.42979379999997],[-45.105579199999966,-23.429838599999982],[-45.10565749999995,-23.429928099999927],[-45.105685499999936,-23.43004559999997],[-45.10571909999993,-23.430135099999973],[-45.105803,-23.43020779999995],[-45.10594839999993,-23.430230199999983],[-45.10606439999998,-23.43026279999998],[-45.10614979999997,-23.430325299999936],[-45.106289699999934,-23.43034769999997],[-45.106368,-23.43039239999996],[-45.10637989999998,-23.430497199999934],[-45.10639659999998,-23.430502099999956],[-45.10637359999998,-23.43057989999994],[-45.10623369999996,-23.430680499999937],[-45.10613859999995,-23.43070289999997],[-45.10602119999993,-23.43070289999997],[-45.105931699999985,-23.430736499999966],[-45.10575259999996,-23.430798],[-45.10566309999996,-23.43082039999996],[-45.105534499999976,-23.430831599999976],[-45.105344199999934,-23.430809199999942],[-45.105193199999974,-23.430786799999964],[-45.10500949999994,-23.43079649999993],[-45.104824,-23.430803599999933],[-45.10463939999994,-23.43087639999993],[-45.10447149999993,-23.43097149999994],[-45.10439319999995,-23.431105699999932],[-45.10433169999993,-23.431279099999983],[-45.10437079999997,-23.431329499999947],[-45.10448269999995,-23.431363099999942],[-45.104600199999936,-23.431379799999945],[-45.104664699999944,-23.43149649999998],[-45.104745599999944,-23.43167079999995],[-45.10480159999997,-23.431868],[-45.10487989999996,-23.431996599999934],[-45.10500859999996,-23.432142099999965],[-45.105111,-23.432268],[-45.10514839999996,-23.43242179999993],[-45.10510929999998,-23.43256169999995],[-45.10504069999996,-23.432820499999934],[-45.10493309999998,-23.433095899999955],[-45.10477079999998,-23.433207799999934],[-45.104566699999964,-23.433312499999943],[-45.10429529999993,-23.43343159999995],[-45.10403759999997,-23.433534099999974],[-45.103747099999964,-23.433593799999983],[-45.103484099999946,-23.43361059999995],[-45.103361,-23.433588199999974],[-45.10317639999994,-23.43352669999996],[-45.10307569999998,-23.43336439999996],[-45.10302539999998,-23.433235799999977],[-45.10307009999997,-23.433056799999974],[-45.10313169999995,-23.43301759999997],[-45.10321289999996,-23.43285709999998],[-45.10324369999995,-23.432691499999976],[-45.10306449999996,-23.432693099999938],[-45.10291909999995,-23.432810599999982],[-45.102751299999966,-23.432894499999975],[-45.102493899999956,-23.432995199999937],[-45.10236519999995,-23.433118299999933],[-45.10232609999997,-23.433291699999927],[-45.10237639999997,-23.43347069999993],[-45.10241,-23.433644199999947],[-45.102404399999955,-23.433744899999965],[-45.10231489999995,-23.433873499999947],[-45.10219179999996,-23.434041399999956],[-45.102024,-23.434288899999956],[-45.10183939999996,-23.434568599999977],[-45.10169949999994,-23.43476439999995],[-45.10161659999994,-23.43487259999995],[-45.10143659999994,-23.434943499999974],[-45.10120159999997,-23.435027399999967],[-45.101039399999934,-23.43506089999994],[-45.100832399999945,-23.435088899999982],[-45.10069249999998,-23.43504969999998],[-45.10060859999993,-23.434949],[-45.10041279999996,-23.434876299999928],[-45.100144299999954,-23.43477],[-45.09989249999995,-23.43465809999998],[-45.09968,-23.434619],[-45.09951209999997,-23.434635799999967],[-45.09937229999997,-23.434686099999965],[-45.09915159999997,-23.434732099999962],[-45.09860919999994,-23.43500659999995],[-45.098369,-23.43519969999994],[-45.097881,-23.435462599999937],[-45.09730269999994,-23.43573559999993],[-45.09699789999996,-23.43591109999994],[-45.096698199999935,-23.43606749999998],[-45.09618729999994,-23.436251599999935],[-45.09578989999994,-23.436427299999934],[-45.09554909999997,-23.436578],[-45.09496749999994,-23.436874399999965],[-45.09477369999996,-23.43694439999996],[-45.09460729999995,-23.436948099999938],[-45.09442969999998,-23.43691119999994],[-45.09427649999998,-23.43685],[-45.09407049999993,-23.436674],[-45.093799399999966,-23.436385],[-45.09355289999996,-23.436240399999974],[-45.093290399999944,-23.436030099999982],[-45.09317329999993,-23.43592179999996],[-45.092898,-23.43574669999998],[-45.09262769999998,-23.43561189999997],[-45.09278589999997,-23.433276499999977],[-45.092786399999966,-23.43316539999995],[-45.092709799999966,-23.432224899999937],[-45.09271049999995,-23.432185],[-45.09271409999997,-23.43153369999993],[-45.09268909999997,-23.43086809999994],[-45.09266039999994,-23.43014169999998],[-45.09263539999995,-23.42947259999994],[-45.09261749999996,-23.428807],[-45.09259959999997,-23.428145],[-45.09255829999995,-23.428143],[-45.09256609999994,-23.42721549999993],[-45.09257149999996,-23.427019899999948],[-45.09253689999997,-23.42685229999995],[-45.092458,-23.426664899999935],[-45.092385899999954,-23.426539599999955],[-45.09226789999997,-23.426445],[-45.091984399999944,-23.426312699999983],[-45.091836,-23.426254599999936],[-45.091476899999975,-23.42616709999993],[-45.091407199999935,-23.426141599999937],[-45.09139739999995,-23.426109399999973],[-45.09140709999997,-23.42604069999993],[-45.09161379999995,-23.42540749999995],[-45.09190719999998,-23.424974499999962],[-45.09248329999997,-23.424391199999945],[-45.09263759999993,-23.424341],[-45.092792299999985,-23.424238899999978],[-45.09259419999995,-23.424117099999933],[-45.092256599999985,-23.42413309999995],[-45.09176949999994,-23.424348099999975],[-45.09141779999993,-23.424746899999946],[-45.091182,-23.425121399999966],[-45.09097579999997,-23.425433099999964],[-45.09090839999993,-23.425746],[-45.09083369999996,-23.42602519999997],[-45.09063109999994,-23.42613],[-45.09049139999996,-23.426234799999975],[-45.090344699999946,-23.42637449999995],[-45.09017,-23.426472399999966],[-45.090023299999984,-23.42659109999994],[-45.089925499999936,-23.426674899999966],[-45.08977179999994,-23.426751799999977],[-45.08961809999994,-23.426793699999962],[-45.08946439999994,-23.426837399999954],[-45.08928279999998,-23.42688629999998],[-45.08916409999995,-23.42688629999998],[-45.08903129999993,-23.426872299999957],[-45.088891599999954,-23.42681639999995],[-45.08875889999996,-23.426809399999968],[-45.088696,-23.42681639999995],[-45.088647099999946,-23.426851299999953],[-45.08859819999998,-23.42692119999998],[-45.08851439999995,-23.42707489999998],[-45.088423499999976,-23.42722159999994],[-45.08826979999998,-23.427453899999932],[-45.08815809999993,-23.427593599999966],[-45.08803229999995,-23.427733299999943],[-45.08791359999998,-23.427817199999936],[-45.08775989999998,-23.42788],[-45.087613199999964,-23.427942899999948],[-45.087473399999965,-23.427991799999972],[-45.087354699999935,-23.42805469999996],[-45.08727079999994,-23.428124499999967],[-45.087215,-23.42820839999996],[-45.08711709999994,-23.428376],[-45.087026299999934,-23.42855069999996],[-45.08688659999996,-23.42867819999998],[-45.08666309999995,-23.428887799999927],[-45.086348699999974,-23.429160199999956],[-45.086027299999955,-23.42941869999993],[-45.085747899999944,-23.429642299999955],[-45.085510399999976,-23.429809899999952],[-45.08534969999994,-23.42987279999994],[-45.085168,-23.42996359999995],[-45.08503529999996,-23.430019499999958],[-45.08511989999994,-23.430171899999948],[-45.085163499999965,-23.43023059999996],[-45.08526459999996,-23.430444399999942],[-45.08523679999996,-23.430477099999962],[-45.085118299999976,-23.430616399999963],[-45.08489469999995,-23.430707199999972],[-45.08459849999997,-23.430761],[-45.084049,-23.43085519999994],[-45.083568799999966,-23.43097739999996],[-45.083515499999976,-23.430988699999943],[-45.083465099999955,-23.430991199999937],[-45.083020799999986,-23.431002],[-45.08281779999993,-23.43101029999997],[-45.08265329999995,-23.431014699999935],[-45.082399399999986,-23.431025399999953],[-45.08209889999995,-23.431050399999947],[-45.08168239999998,-23.431035099999974],[-45.081597699999975,-23.431032],[-45.08085339999997,-23.43089619999995],[-45.08030739999998,-23.430727899999965],[-45.08002349999998,-23.430632699999933],[-45.07971319999996,-23.430494599999975],[-45.07928489999995,-23.43010879999997],[-45.07909829999994,-23.429481799999962],[-45.07900529999995,-23.429049799999973],[-45.07891919999997,-23.42868569999996],[-45.07872579999997,-23.428182099999958],[-45.07856209999994,-23.427879299999972],[-45.078387599999985,-23.427559799999983],[-45.07814529999996,-23.427278799999954],[-45.07803919999998,-23.427140099999974],[-45.078065899999956,-23.427016899999956],[-45.07822539999995,-23.426869599999975],[-45.07809609999998,-23.426526],[-45.07812729999995,-23.42650009999994],[-45.078157799999985,-23.426472699999977],[-45.078791499999966,-23.426036799999963],[-45.07865929999997,-23.425448],[-45.078471899999954,-23.425053899999966],[-45.07837289999998,-23.424786],[-45.07853589999996,-23.42466959999996],[-45.07919979999997,-23.424320199999954],[-45.079479299999946,-23.424215299999958],[-45.08030619999994,-23.424040599999955],[-45.08057409999998,-23.423941599999978],[-45.08067969999996,-23.423722],[-45.080501,-23.42334589999996],[-45.08028959999996,-23.422979599999962],[-45.08016379999998,-23.42258279999993],[-45.08001189999993,-23.42218889999998],[-45.07996289999994,-23.421939899999927],[-45.079953899999964,-23.421894],[-45.07992479999996,-23.421679],[-45.07974879999995,-23.421531699999946],[-45.07960659999998,-23.421358399999974],[-45.07938859999996,-23.421100499999966],[-45.079193499999974,-23.420850499999972],[-45.07897239999994,-23.420648599999936],[-45.07876749999997,-23.42050169999993],[-45.07844549999993,-23.420208799999955],[-45.078196599999956,-23.420078799999942],[-45.07792539999997,-23.420010899999966],[-45.07767689999997,-23.41992319999997],[-45.077409899999964,-23.419905399999948],[-45.07706289999993,-23.41987649999993],[-45.076805,-23.419848599999966],[-45.07642219999997,-23.419744599999945],[-45.07630169999993,-23.419546599999933],[-45.07615629999998,-23.419261699999936],[-45.07605289999998,-23.419045899999958],[-45.075946399999964,-23.418679399999974],[-45.075841699999955,-23.418279199999972],[-45.07571,-23.417858099999933],[-45.07545559999994,-23.41752859999997],[-45.075151699999935,-23.41727869999994],[-45.074842099999955,-23.417142599999977],[-45.07455049999993,-23.41686859999993],[-45.074301899999966,-23.416578699999945],[-45.074033199999974,-23.416292899999974],[-45.07365159999995,-23.416118],[-45.07334739999993,-23.416039],[-45.07314,-23.416200599999968],[-45.07309019999997,-23.416570499999978],[-45.07298069999996,-23.416839099999947],[-45.07271769999994,-23.41695],[-45.07233549999995,-23.416931899999952],[-45.07190339999994,-23.416908199999966],[-45.07148239999998,-23.416763499999945],[-45.07110819999997,-23.416689799999972],[-45.070456699999966,-23.416593599999942],[-45.07015929999994,-23.416370099999938],[-45.07011679999994,-23.41627569999997],[-45.070124599999986,-23.41613659999996],[-45.07017049999996,-23.416046199999982],[-45.070442499999956,-23.415800399999966],[-45.070598899999936,-23.41543269999994],[-45.070591,-23.415242099999944],[-45.070489,-23.414863699999955],[-45.070427,-23.414304499999957],[-45.07044259999998,-23.41412029999998],[-45.070573499999966,-23.41372279999996],[-45.07064679999996,-23.413364099999967],[-45.07071579999996,-23.412432799999976],[-45.07085549999994,-23.412073199999952],[-45.070991499999934,-23.411889799999983],[-45.07139939999996,-23.411547199999973],[-45.07161949999994,-23.411270699999932],[-45.07166129999996,-23.41113409999997],[-45.071650699999964,-23.411011499999972],[-45.071629,-23.410645699999975],[-45.071473099999935,-23.410127199999977],[-45.071311399999956,-23.40978309999997],[-45.07005559999993,-23.407914799999958],[-45.06997919999998,-23.407719699999973],[-45.06997129999996,-23.407542699999965],[-45.070040699999936,-23.407384599999943],[-45.07027449999998,-23.407153199999982],[-45.07041919999995,-23.40695979999998],[-45.07083769999997,-23.40621529999993],[-45.07089939999997,-23.40615029999998],[-45.07104519999996,-23.406087],[-45.07115479999993,-23.40608869999994],[-45.07125369999994,-23.40615189999994],[-45.07163459999998,-23.40655369999996],[-45.071829399999956,-23.406610499999942],[-45.07203489999995,-23.406596],[-45.072442,-23.406488299999978],[-45.07263969999997,-23.40646019999997],[-45.073045899999954,-23.406466299999977],[-45.07388569999995,-23.40658069999995],[-45.074905,-23.406948899999975],[-45.07505649999996,-23.406915199999958],[-45.07515239999998,-23.406856499999947],[-45.075172899999984,-23.406757099999936],[-45.07514439999994,-23.406565599999965],[-45.07486609999995,-23.405976799999962],[-45.074807299999975,-23.405795299999966],[-45.074760099999935,-23.40542309999995],[-45.074761699999954,-23.40485949999993],[-45.07494839999998,-23.40450979999997],[-45.075207699999964,-23.40435969999993],[-45.07559229999998,-23.404337899999973],[-45.075791,-23.404261899999938],[-45.076378,-23.403931899999975],[-45.077189199999964,-23.40361349999995],[-45.077629599999966,-23.403499499999953],[-45.078192299999955,-23.403427],[-45.07938519999993,-23.403169799999944],[-45.07979029999996,-23.40296189999998],[-45.07983129999997,-23.402866099999983],[-45.079777399999955,-23.40272429999993],[-45.079349599999944,-23.40250949999995],[-45.07885619999996,-23.402300199999956],[-45.078447,-23.402192899999932],[-45.077847,-23.40210109999998],[-45.07764439999994,-23.402094],[-45.077431,-23.402040799999952],[-45.07710009999994,-23.401882],[-45.07662519999997,-23.401538899999935],[-45.076282599999956,-23.401353],[-45.075244,-23.401069],[-45.07510479999996,-23.40100039999993],[-45.07510109999998,-23.40099859999998],[-45.075023699999974,-23.400883],[-45.07503929999996,-23.40080439999997],[-45.075206599999945,-23.40066889999997],[-45.07543949999996,-23.40065249999998],[-45.07672269999995,-23.400833399999954],[-45.077340299999946,-23.400860199999954],[-45.07847179999993,-23.40107009999997],[-45.078679299999976,-23.401076299999943],[-45.07948179999994,-23.401019],[-45.07985069999995,-23.400955599999975],[-45.08131559999998,-23.40061339999994],[-45.08311709999998,-23.400159],[-45.08354079999998,-23.40002419999996],[-45.084794199999976,-23.399554699999953],[-45.085257,-23.399341299999946],[-45.086158,-23.398792499999956],[-45.08633309999993,-23.398708399999975],[-45.08679689999997,-23.398554599999954],[-45.08721469999995,-23.398329399999966],[-45.087675399999966,-23.397923599999956],[-45.08783579999994,-23.39788459999994],[-45.08806089999996,-23.397886299999982],[-45.088246899999945,-23.397918699999934],[-45.088439799999946,-23.39798639999998],[-45.08946969999994,-23.39851779999998],[-45.08967529999995,-23.39859],[-45.089962,-23.398610599999927],[-45.090488499999935,-23.398509099999956],[-45.09150139999997,-23.39844439999996],[-45.09207969999994,-23.39837179999995],[-45.09226669999998,-23.398386099999982],[-45.09264059999998,-23.39848619999998],[-45.09273449999995,-23.398486099999957],[-45.092876399999966,-23.398422799999935],[-45.09289089999993,-23.398206],[-45.09285369999998,-23.398112099999935],[-45.09295229999998,-23.397734399999933],[-45.092861099999936,-23.39758],[-45.092640899999935,-23.397563899999966],[-45.092431499999975,-23.397592],[-45.092039,-23.397522699999968],[-45.091435,-23.397296299999937],[-45.09092689999994,-23.396971399999927],[-45.09061939999998,-23.396809],[-45.089039499999956,-23.39626519999996],[-45.08790879999998,-23.39578259999996],[-45.087477099999944,-23.395550699999944],[-45.087351799999965,-23.395441499999947],[-45.08713819999997,-23.39511189999996],[-45.08709989999994,-23.39494209999998],[-45.08715349999994,-23.394569899999965],[-45.08722089999998,-23.394385599999964],[-45.08751129999996,-23.394020499999954],[-45.08776369999998,-23.393799099999967],[-45.08806089999996,-23.39337379999995],[-45.08823,-23.393011099999967],[-45.08834029999997,-23.392623899999933],[-45.08834759999996,-23.391886399999976],[-45.08824539999995,-23.391135899999938],[-45.08821369999998,-23.39057669999994],[-45.088179399999945,-23.390497299999936],[-45.08804129999993,-23.39041969999994],[-45.08791409999998,-23.39040239999997],[-45.08767139999998,-23.390458699999954],[-45.08711379999994,-23.390732699999944],[-45.08667349999996,-23.390881099999945],[-45.08631049999997,-23.39093189999994],[-45.085691,-23.390896099999964],[-45.08529859999993,-23.39089629999995],[-45.08447259999997,-23.390979],[-45.08407049999994,-23.391107399999953],[-45.08366349999994,-23.391281099999958],[-45.08231439999997,-23.391998099999967],[-45.081705899999974,-23.392230599999948],[-45.08134769999998,-23.39229039999998],[-45.080970899999954,-23.392249],[-45.080557899999974,-23.392132699999934],[-45.08018009999995,-23.392097699999965],[-45.080002,-23.39215919999998],[-45.07979169999993,-23.392277699999966],[-45.07969779999996,-23.392359899999974],[-45.07962509999993,-23.392667099999983],[-45.079651199999944,-23.393048199999953],[-45.07962009999994,-23.393307499999935],[-45.07953989999993,-23.39341859999996],[-45.07937949999996,-23.393568699999946],[-45.079214099999945,-23.393589499999962],[-45.079176899999936,-23.393569699999944],[-45.078876099999945,-23.393055],[-45.078787499999976,-23.392948399999966],[-45.078696,-23.392904199999975],[-45.078488499999935,-23.39288259999995],[-45.07837889999996,-23.392908899999952],[-45.077966,-23.39309879999996],[-45.07775369999996,-23.39322619999996],[-45.077555099999984,-23.39330309999997],[-45.07736139999997,-23.393324],[-45.077062799999965,-23.393286699999976],[-45.07679749999994,-23.39307679999996],[-45.076635899999985,-23.392805],[-45.07658859999998,-23.39234209999995],[-45.07666679999994,-23.392163599999947],[-45.07676269999996,-23.39205329999993],[-45.076913299999944,-23.39195479999995],[-45.07710709999998,-23.39188249999995],[-45.077294,-23.391875099999936],[-45.07784689999994,-23.391953399999977],[-45.07804459999994,-23.391953299999955],[-45.07840959999993,-23.391876399999944],[-45.078598399999976,-23.391778699999975],[-45.078886,-23.391575299999943],[-45.07920379999996,-23.391067499999963],[-45.079515699999945,-23.390707],[-45.08012119999995,-23.390183599999943],[-45.080192599999975,-23.39008789999997],[-45.080227699999966,-23.38994329999997],[-45.080212899999935,-23.389689499999974],[-45.08016679999997,-23.389596499999982],[-45.079953399999965,-23.389363499999945],[-45.07935029999993,-23.388929399999938],[-45.07909269999993,-23.388669299999947],[-45.078903699999955,-23.38839749999994],[-45.078828199999975,-23.388109399999962],[-45.078765199999964,-23.387575599999934],[-45.078797399999985,-23.387385],[-45.07888339999994,-23.387198],[-45.079007599999954,-23.387012699999957],[-45.07961889999996,-23.386405399999944],[-45.08024289999997,-23.385864],[-45.080435499999965,-23.38554679999993],[-45.080458799999974,-23.38525869999995],[-45.08043589999994,-23.384692299999983],[-45.08026189999998,-23.383374499999945],[-45.080247,-23.38301409999997],[-45.08028609999997,-23.382808099999977],[-45.08038279999994,-23.382635499999935],[-45.08060279999995,-23.382275],[-45.08075429999997,-23.381946099999936],[-45.08079969999994,-23.38108619999997],[-45.08071359999997,-23.38096879999995],[-45.080592699999954,-23.381400799999938],[-45.08022269999998,-23.381943499999977],[-45.07953189999995,-23.38293029999994],[-45.07753379999997,-23.38522439999997],[-45.076559299999985,-23.386120199999937],[-45.076102,-23.38670869999993],[-45.07516569999996,-23.388036599999964],[-45.07322279999994,-23.38989369999996],[-45.072936599999935,-23.390120599999932],[-45.072730699999966,-23.390426699999978],[-45.07267829999995,-23.390687399999933],[-45.07270459999995,-23.390943],[-45.072664799999984,-23.391106099999945],[-45.07248889999994,-23.391248],[-45.07232069999998,-23.39143869999998],[-45.07222779999995,-23.391769799999963],[-45.07221729999998,-23.39214039999996],[-45.07221969999995,-23.392581099999973],[-45.07217469999995,-23.392924],[-45.07202369999993,-23.393317199999956],[-45.071817,-23.393403499999977],[-45.07166989999996,-23.393461199999933],[-45.07137069999993,-23.393503299999963],[-45.07114629999995,-23.393609099999935],[-45.070820699999956,-23.393587499999967],[-45.07060489999998,-23.393777499999942],[-45.070329699999945,-23.39410689999994],[-45.070033499999965,-23.394311899999934],[-45.06965729999996,-23.39451839999998],[-45.069209299999955,-23.394708399999956],[-45.068902299999934,-23.394814399999973],[-45.06871229999996,-23.39488639999996],[-45.06834429999998,-23.395090399999958],[-45.068046299999935,-23.39533739999996],[-45.06788229999995,-23.395537399999967],[-45.06768729999993,-23.395886399999938],[-45.06745429999995,-23.396146399999964],[-45.067228299999954,-23.396366399999977],[-45.06705629999993,-23.396543399999928],[-45.066785299999935,-23.396789399999932],[-45.06656429999998,-23.397039399999983],[-45.06642429999994,-23.397196399999928],[-45.06605129999997,-23.39753339999993],[-45.06572529999994,-23.397928399999955],[-45.06549529999995,-23.398329399999966],[-45.065336,-23.398783799999933],[-45.06515159999998,-23.39912359999994],[-45.064939299999935,-23.399326499999972],[-45.06482509999995,-23.399484],[-45.064618,-23.39987279999997],[-45.06449649999996,-23.400057499999946],[-45.06451549999997,-23.400290199999972],[-45.06464079999995,-23.400461899999982],[-45.064877499999966,-23.40070049999997],[-45.06503969999994,-23.40083919999995],[-45.065038699999945,-23.401013399999954],[-45.065057499999966,-23.401258199999972],[-45.06499139999994,-23.40145789999997],[-45.064933199999984,-23.401613899999973],[-45.064836699999944,-23.401787599999977],[-45.064800799999944,-23.40187009999994],[-45.064759299999935,-23.401965399999938],[-45.06459469999993,-23.40201609999997],[-45.06450289999998,-23.40207959999998],[-45.06435189999996,-23.402273599999944],[-45.06441909999995,-23.402422599999966],[-45.064483199999984,-23.402745299999935],[-45.064439799999946,-23.40296539999997],[-45.06433919999995,-23.403244899999947],[-45.06421059999997,-23.403543],[-45.06411549999996,-23.403759899999955],[-45.063999,-23.40398579999993],[-45.06384029999998,-23.40422179999996],[-45.063627,-23.404597399999943],[-45.06344059999998,-23.404819799999927],[-45.063193199999944,-23.405011599999966],[-45.06306139999998,-23.405168799999956],[-45.06289859999998,-23.405291499999976],[-45.062744599999974,-23.405398],[-45.06252869999997,-23.405439399999977],[-45.062447299999974,-23.40541319999994],[-45.06240909999997,-23.40540089999996],[-45.06237089999996,-23.40538859999998],[-45.06195459999998,-23.405191099999968],[-45.06166969999998,-23.405124499999943],[-45.061458699999946,-23.405020899999954],[-45.061277099999984,-23.405015],[-45.06110149999995,-23.40501469999998],[-45.060838599999954,-23.404994699999975],[-45.06051409999998,-23.40496939999997],[-45.060243499999956,-23.40495619999996],[-45.06000929999993,-23.404925099999957],[-45.05985019999997,-23.40492859999995],[-45.05975639999997,-23.404957199999956],[-45.059644,-23.40500339999994],[-45.05957939999996,-23.40510469999998],[-45.05952039999994,-23.40524359999995],[-45.059572199999934,-23.40536839999993],[-45.05961359999998,-23.40544959999994],[-45.059734799999944,-23.40547909999998],[-45.05981879999996,-23.405356799999936],[-45.05995359999997,-23.405346],[-45.06009,-23.405380099999945],[-45.06027339999997,-23.405429099999935],[-45.06050129999994,-23.40546569999998],[-45.060573799999986,-23.405533099999957],[-45.06058129999997,-23.40559939999997],[-45.060590099999956,-23.40568339999993],[-45.060577199999955,-23.405787499999974],[-45.06043579999994,-23.405934099999968],[-45.060357099999976,-23.406003399999975],[-45.06026549999996,-23.406090499999948],[-45.06021959999998,-23.406187699999975],[-45.06017559999998,-23.406271299999958],[-45.06017859999997,-23.40633829999996],[-45.060231399999964,-23.406394699999964],[-45.06030939999994,-23.406409199999928],[-45.060392899999954,-23.40643069999993],[-45.06046079999993,-23.406464599999936],[-45.06056419999993,-23.40650409999995],[-45.060603399999934,-23.406567699999982],[-45.06059789999995,-23.406641099999945],[-45.06055719999995,-23.40670579999994],[-45.06051229999997,-23.406770499999936],[-45.06046919999994,-23.40685159999998],[-45.060429899999974,-23.406904699999927],[-45.060349,-23.406928],[-45.06028189999995,-23.40690449999994],[-45.06024159999998,-23.406812199999933],[-45.06022819999998,-23.40674679999995],[-45.06021109999995,-23.406659899999966],[-45.06015649999995,-23.406572],[-45.060061,-23.406522499999937],[-45.05995779999995,-23.40647009999998],[-45.05983279999998,-23.406445099999928],[-45.059770699999945,-23.406427],[-45.05966859999995,-23.406402899999932],[-45.05955839999996,-23.40644089999995],[-45.059470799999986,-23.406497199999933],[-45.05939809999995,-23.40658069999995],[-45.05940059999995,-23.406595399999958],[-45.05943139999994,-23.406771899999967],[-45.059446,-23.406857099999968],[-45.05939059999997,-23.406989099999976],[-45.05930159999997,-23.407114299999932],[-45.05926029999995,-23.40719269999994],[-45.05926669999997,-23.407275],[-45.05930669999998,-23.407406],[-45.05935049999994,-23.407462799999962],[-45.05950839999997,-23.407470199999977],[-45.05957129999996,-23.407519699999966],[-45.05957539999997,-23.40759419999995],[-45.05954469999995,-23.407677199999966],[-45.05943139999994,-23.407756699999936],[-45.05932739999997,-23.407802799999956],[-45.05919339999997,-23.40782429999996],[-45.059001199999955,-23.407791499999973],[-45.05892979999993,-23.407720299999937],[-45.05893569999995,-23.40766149999996],[-45.05898829999995,-23.407569699999954],[-45.05903619999998,-23.407461499999954],[-45.05904789999994,-23.407383799999934],[-45.05899909999994,-23.40727339999995],[-45.05892369999998,-23.407211599999982],[-45.05886469999996,-23.407154899999966],[-45.0588,-23.407141],[-45.05875789999993,-23.407131899999968],[-45.05863279999994,-23.40715229999995],[-45.05854549999998,-23.40719329999996],[-45.058516,-23.40724249999994],[-45.058513,-23.40728779999995],[-45.05850859999998,-23.40735419999993],[-45.058514299999956,-23.407451899999955],[-45.05840959999995,-23.407585599999948],[-45.05833489999998,-23.40763009999995],[-45.05820159999996,-23.407737399999974],[-45.058096699999965,-23.407839899999942],[-45.057980499999985,-23.40795959999997],[-45.05789989999994,-23.407992499999978],[-45.05781179999997,-23.408006499999942],[-45.057762099999934,-23.40801739999995],[-45.05769859999998,-23.40799519999996],[-45.05765429999997,-23.407979199999943],[-45.05757889999995,-23.407957099999976],[-45.057498099999975,-23.407967499999927],[-45.05746749999997,-23.407990799999936],[-45.057446599999935,-23.408115599999974],[-45.05749849999995,-23.40824589999994],[-45.05749719999994,-23.408285899999953],[-45.057497,-23.408325899999966],[-45.057654699999944,-23.40847109999993],[-45.057752,-23.408857599999976],[-45.05787079999993,-23.40903469999995],[-45.058004,-23.40917019999995],[-45.05809839999995,-23.409269499999937],[-45.05826939999997,-23.40947579999994],[-45.05845279999994,-23.409627],[-45.058573499999966,-23.409777],[-45.05861549999997,-23.409909],[-45.058551799999975,-23.410079499999938],[-45.05845369999997,-23.41023],[-45.05826159999998,-23.410394699999983],[-45.05795129999996,-23.41048189999998],[-45.05770089999993,-23.41049709999993],[-45.05757209999996,-23.41052449999995],[-45.05749339999994,-23.410586099999932],[-45.05743039999993,-23.410802099999955],[-45.05743339999998,-23.410990099999935],[-45.057447399999944,-23.41121709999993],[-45.05747239999994,-23.411455099999955],[-45.057503199999985,-23.41165369999993],[-45.05748189999997,-23.411926],[-45.05717169999997,-23.41188139999997],[-45.056812699999966,-23.41180339999994],[-45.05646869999998,-23.411706399999957],[-45.056149699999935,-23.41163039999998],[-45.05587369999995,-23.411602399999936],[-45.055601699999954,-23.411625399999934],[-45.05532469999997,-23.411647399999936],[-45.055139699999984,-23.41173539999994],[-45.05499869999994,-23.412089399999957],[-45.054598699999985,-23.412506399999927],[-45.05406969999996,-23.41266239999993],[-45.05353469999994,-23.412664399999983],[-45.05288869999998,-23.412365399999942],[-45.05186669999995,-23.411523399999965],[-45.051454699999965,-23.411243399999933],[-45.05129869999996,-23.411211399999956],[-45.05098369999996,-23.41112039999996],[-45.050504699999976,-23.41101939999993],[-45.04974169999997,-23.41080439999996],[-45.049166699999944,-23.410676399999943],[-45.04870869999996,-23.410597399999972],[-45.04802849999993,-23.410513299999934],[-45.047477699999945,-23.410488399999963],[-45.04696469999993,-23.41056139999995],[-45.04654569999997,-23.410674399999948],[-45.04600069999998,-23.410878399999945],[-45.045412699999986,-23.411028399999964],[-45.044929699999955,-23.41120239999998],[-45.04452569999995,-23.411473399999977],[-45.044149699999934,-23.41172339999997],[-45.04396769999994,-23.411812399999974],[-45.04367369999994,-23.412109399999963],[-45.043300699999975,-23.41242139999997],[-45.04301769999995,-23.412814399999945],[-45.042691299999944,-23.41293019999995],[-45.04198459999998,-23.413343899999973],[-45.04103649999996,-23.413516199999947],[-45.039864499999965,-23.413481799999943],[-45.03896819999994,-23.413188699999978],[-45.03827869999998,-23.412826799999948],[-45.03805459999995,-23.412378599999954],[-45.038077699999974,-23.411775399999954],[-45.03823269999998,-23.411342399999967],[-45.03834169999993,-23.41089139999997],[-45.03842569999995,-23.41042639999995],[-45.03840169999995,-23.41002439999994],[-45.03831369999995,-23.409606399999973],[-45.03807169999993,-23.409332399999982],[-45.03767369999997,-23.409216399999934],[-45.037561,-23.40923559999993],[-45.037368699999945,-23.409268399999974],[-45.03712869999998,-23.409391399999947],[-45.03666769999995,-23.40969139999993],[-45.036369699999966,-23.409850399999982],[-45.03605669999996,-23.40996039999993],[-45.035713699999974,-23.410029399999928],[-45.03533369999997,-23.40998639999998],[-45.034936699999946,-23.40982939999998],[-45.03451869999998,-23.409582399999977],[-45.03425269999997,-23.40941239999995],[-45.034013699999946,-23.40911639999996],[-45.033889699999975,-23.408772399999975],[-45.03386769999997,-23.408510399999955],[-45.03398569999996,-23.407666399999982],[-45.033957699999974,-23.407366399999944],[-45.03381669999993,-23.40713039999997],[-45.03351269999996,-23.40709339999995],[-45.03320169999995,-23.40719139999993],[-45.03295869999994,-23.407321399999944],[-45.032609699999966,-23.40754839999994],[-45.03228759999996,-23.407772399999942],[-45.031951799999945,-23.40805679999994],[-45.03165429999996,-23.408379899999943],[-45.03117869999994,-23.408750399999974],[-45.03061669999994,-23.409019399999977],[-45.030088699999965,-23.40910139999994],[-45.02954269999998,-23.40913539999997],[-45.029236699999956,-23.40908639999998],[-45.02885269999996,-23.408960399999955],[-45.028482699999984,-23.408826399999953],[-45.02805569999998,-23.408709399999964],[-45.027701699999966,-23.40867839999993],[-45.027439699999945,-23.40876339999994],[-45.02708469999993,-23.408997399999976],[-45.02678569999995,-23.409244399999977],[-45.02643869999997,-23.40955139999994],[-45.02607869999997,-23.409812399999964],[-45.02568469999994,-23.410029399999928],[-45.025278699999944,-23.410187399999927],[-45.02476569999993,-23.41028239999997],[-45.02434649999998,-23.41025369999994],[-45.02388129999997,-23.410197799999935],[-45.02357729999994,-23.410135799999978],[-45.02279749999997,-23.409854],[-45.02247959999994,-23.40965289999997],[-45.022064299999954,-23.409277199999963],[-45.02191869999996,-23.408410699999934],[-45.021847399999956,-23.40816879999994],[-45.02169849999996,-23.407678699999963],[-45.02161789999997,-23.407170099999973],[-45.021387699999934,-23.40617839999993],[-45.02155689999995,-23.405713599999956],[-45.02158389999994,-23.405227199999956],[-45.02148889999995,-23.404912099999933],[-45.02127059999998,-23.40451939999997],[-45.020924899999955,-23.403827599999943],[-45.020969399999956,-23.402692699999932],[-45.02042159999996,-23.402714499999945],[-45.01992119999994,-23.40263269999997],[-45.019867499999975,-23.402611699999966],[-45.01981189999998,-23.40257939999998],[-45.01933569999994,-23.402300799999978],[-45.01905089999997,-23.402094099999943],[-45.01901879999997,-23.402058499999953],[-45.018987,-23.402032799999972],[-45.019527,-23.401594699999976],[-45.020446499999935,-23.400882699999954],[-45.02081659999993,-23.40055149999995],[-45.02109619999993,-23.400269099999946],[-45.02122919999994,-23.40005679999996],[-45.021291,-23.39992419999993],[-45.02132829999994,-23.399776499999973],[-45.02135649999997,-23.399539199999936],[-45.02133479999998,-23.399256399999956],[-45.02127079999997,-23.399063799999965],[-45.021162499999946,-23.39887619999996],[-45.02103,-23.398698099999933],[-45.02087369999998,-23.398536099999944],[-45.02017579999995,-23.398133],[-45.016804,-23.39654059999998],[-45.014841899999965,-23.395582499999932],[-45.014644799999985,-23.395482199999947],[-45.01320109999995,-23.394781299999977],[-45.01112889999996,-23.39377529999996],[-45.010583,-23.393510299999946],[-45.00987779999997,-23.39316789999998],[-45.00968709999995,-23.393074799999965],[-45.00885219999998,-23.39267],[-45.00852059999994,-23.392509099999927],[-45.00904449999996,-23.391795],[-45.009360399999935,-23.39141959999995],[-45.00942729999997,-23.391262599999948],[-45.00944059999995,-23.39111209999993],[-45.00943689999997,-23.39080359999997],[-45.009528699999976,-23.390197199999932],[-45.00953549999997,-23.390138499999978],[-45.00961559999996,-23.38913539999993],[-45.00976349999996,-23.38728539999994],[-45.00912749999998,-23.38753369999995],[-45.00776539999998,-23.387558],[-45.006544,-23.387229699999978],[-45.00574979999993,-23.38703529999998],[-45.005936599999984,-23.38788889999995],[-45.00357569999994,-23.388086699999974],[-45.00358749999998,-23.388238799999954],[-45.00359919999994,-23.388390899999933],[-45.003607,-23.388491399999964],[-45.00360409999996,-23.388541499999974],[-45.00353149999995,-23.38867629999993],[-45.003441099999975,-23.38876849999997],[-45.003405499999985,-23.388801499999943],[-45.00326869999998,-23.388914399999976],[-45.00312329999997,-23.38898919999997],[-45.00299389999998,-23.38900259999997],[-45.00296479999997,-23.388999199999944],[-45.00280109999994,-23.388969199999963],[-45.002723,-23.38895139999994],[-45.002638899999965,-23.388932],[-45.002477,-23.388895],[-45.002315299999964,-23.388857599999938],[-45.00215389999994,-23.388818699999945],[-45.00199329999998,-23.388777199999936],[-45.00190339999995,-23.38875239999993],[-45.001834299999985,-23.388730899999928],[-45.001680799999974,-23.388671],[-45.00153149999994,-23.388601199999982],[-45.001383799999985,-23.388527599999975],[-45.00123519999994,-23.38845649999996],[-45.00108329999995,-23.388394],[-45.00093119999997,-23.388347799999963],[-45.00092539999997,-23.388346399999932],[-45.00076409999997,-23.38830749999994],[-45.000602699999945,-23.38826869999997],[-45.00044139999994,-23.388229799999976],[-45.00028,-23.388190899999927],[-45.00011869999997,-23.388152099999957],[-44.99995729999995,-23.388113199999964],[-44.99952519999994,-23.387981099999934],[-44.99878249999995,-23.387661199999968],[-44.998220499999945,-23.387566499999934],[-44.99783549999995,-23.387607199999934],[-44.99670239999995,-23.387551499999972],[-44.99609829999997,-23.387499099999957],[-44.99553929999996,-23.387503],[-44.99497489999993,-23.387587199999928],[-44.994184099999984,-23.38768529999993],[-44.99346779999996,-23.38769819999993],[-44.99317609999997,-23.38766359999994],[-44.991808599999956,-23.387451299999952],[-44.991799199999946,-23.387440199999958],[-44.99179859999998,-23.387451],[-44.99124109999997,-23.387436799999932],[-44.990687099999946,-23.38751259999998],[-44.98992869999995,-23.387711],[-44.989723,-23.387708199999963],[-44.98934529999997,-23.38764189999995],[-44.98916349999996,-23.387577799999974],[-44.98898529999997,-23.387460199999964],[-44.988705799999934,-23.38739049999998],[-44.98841719999996,-23.387454599999955],[-44.98767339999995,-23.38772549999993],[-44.98746529999994,-23.38775839999994],[-44.98709249999996,-23.38776389999998],[-44.98671719999993,-23.387661899999955],[-44.986238199999946,-23.387357],[-44.98593239999997,-23.387097799999935],[-44.985771899999975,-23.387008099999946],[-44.98559739999996,-23.386980199999982],[-44.98541069999993,-23.386987399999953],[-44.984268499999985,-23.387351899999942],[-44.98374009999998,-23.387482899999952],[-44.98317629999997,-23.38755809999998],[-44.98274969999994,-23.387489],[-44.982579499999986,-23.38739869999995],[-44.982480599999974,-23.38726769999994],[-44.982434799999965,-23.387077099999942],[-44.982428599999935,-23.386736499999927],[-44.982402399999955,-23.386690199999975],[-44.982251099999985,-23.38661],[-44.982201,-23.38660529999993],[-44.982007599999974,-23.38658709999993],[-44.98114849999996,-23.386824499999932],[-44.98104109999997,-23.38681839999998],[-44.98096659999993,-23.386760399999957],[-44.98090129999997,-23.386568599999976],[-44.980899499999964,-23.38645219999995],[-44.980972,-23.386250399999938],[-44.98096529999998,-23.386062],[-44.980837099999974,-23.38592929999993],[-44.98043869999998,-23.385879699999975],[-44.980222699999956,-23.385742],[-44.980139,-23.385388099999943],[-44.98013949999995,-23.384662899999967],[-44.98011079999998,-23.384509099999946],[-44.97999729999998,-23.384305599999948],[-44.97988379999998,-23.38424539999994],[-44.97962809999996,-23.384257599999955],[-44.97864939999994,-23.384524],[-44.97791779999994,-23.384616499999936],[-44.977372299999956,-23.38456739999998],[-44.976400299999966,-23.38430589999996],[-44.976229399999966,-23.38422449999996],[-44.97561,-23.383822],[-44.97503089999998,-23.383403899999962],[-44.97424979999994,-23.382929499999932],[-44.97340649999995,-23.382505299999934],[-44.97286279999997,-23.382286199999953],[-44.972382,-23.382008],[-44.97211719999996,-23.381724299999973],[-44.971937699999955,-23.38148119999994],[-44.97179429999994,-23.381141799999966],[-44.971788799999956,-23.38079229999994],[-44.971839399999965,-23.380625099999975],[-44.97194979999995,-23.380443399999933],[-44.9722,-23.380224899999973],[-44.97258619999997,-23.380166499999973],[-44.97296689999996,-23.380188199999964],[-44.97334519999998,-23.380245699999932],[-44.97411529999994,-23.38045089999997],[-44.975037199999974,-23.380584099999965],[-44.975429,-23.380588599999953],[-44.975805399999956,-23.38052959999993],[-44.975986,-23.38046829999996],[-44.97606959999996,-23.38039249999997],[-44.97605979999997,-23.380105399999934],[-44.976151899999934,-23.379761499999972],[-44.97615149999996,-23.379668899999956],[-44.97615129999997,-23.37962719999996],[-44.97605059999995,-23.379523],[-44.97572229999997,-23.37945049999996],[-44.97531779999997,-23.37949],[-44.975174899999956,-23.37947509999998],[-44.97493819999994,-23.37945039999994],[-44.974778399999934,-23.379351799999938],[-44.97452819999995,-23.37914049999995],[-44.97446959999996,-23.378850599999964],[-44.974485399999935,-23.37861879999997],[-44.97476229999995,-23.378151199999934],[-44.97479819999995,-23.37795509999995],[-44.97480929999995,-23.377894199999957],[-44.97473729999996,-23.377800599999944],[-44.97434069999997,-23.377724199999932],[-44.974103799999966,-23.37770679999994],[-44.973784799999976,-23.377683399999967],[-44.97367929999996,-23.37765049999996],[-44.97361519999998,-23.377584199999944],[-44.973558399999945,-23.377410899999973],[-44.97357059999996,-23.377232499999934],[-44.973640699999976,-23.377066399999933],[-44.97394879999996,-23.376573699999938],[-44.973996399999976,-23.37645109999994],[-44.973871299999985,-23.37627379999998],[-44.973457,-23.37616959999997],[-44.973247699999945,-23.376077],[-44.97314149999994,-23.37590979999993],[-44.97310669999996,-23.375701899999967],[-44.97312,-23.375362499999937],[-44.97304129999998,-23.375223699999935],[-44.97297539999994,-23.375184099999956],[-44.972782,-23.37514619999996],[-44.97181429999995,-23.375252],[-44.971425099999976,-23.37521179999993],[-44.97105349999998,-23.375056299999983],[-44.97091309999996,-23.37495869999998],[-44.970668399999965,-23.374667199999976],[-44.97052809999997,-23.374426399999948],[-44.97051339999996,-23.374210699999935],[-44.970611599999984,-23.373920899999973],[-44.97063719999994,-23.373403099999962],[-44.97060789999995,-23.37325809999993],[-44.969955,-23.37289119999997],[-44.96834,-23.371983499999942],[-44.96853679999998,-23.37141719999994],[-44.96880509999994,-23.370873399999937],[-44.96804489999994,-23.370389099999954],[-44.96787949999998,-23.37040989999997],[-44.96759479999997,-23.370370899999955],[-44.96748229999997,-23.370409799999948],[-44.96740489999996,-23.370501899999965],[-44.967327599999976,-23.37069249999996],[-44.967299099999934,-23.37114409999998],[-44.967280399999936,-23.371440399999983],[-44.96711209999995,-23.37182249999995],[-44.96676359999998,-23.372122299999944],[-44.96645339999998,-23.372293799999966],[-44.96604439999993,-23.372342499999945],[-44.96523909999996,-23.372285399999953],[-44.96484869999995,-23.372195],[-44.96426369999995,-23.37191669999993],[-44.96296149999995,-23.37107629999997],[-44.96251829999994,-23.370992199999932],[-44.96241749999996,-23.370996699999978],[-44.96228339999993,-23.371064399999966],[-44.96218989999994,-23.371203299999934],[-44.96227729999998,-23.371965],[-44.96222149999994,-23.372155599999928],[-44.96216769999995,-23.372228699999937],[-44.96189659999993,-23.37226929999997],[-44.961442699999964,-23.37203889999995],[-44.960753,-23.371428099999946],[-44.960406699999965,-23.371054],[-44.959979199999964,-23.370903],[-44.95959469999997,-23.370720499999948],[-44.95933439999993,-23.370649899999933],[-44.95878559999994,-23.370456499999932],[-44.95793629999997,-23.370156399999928],[-44.95735419999994,-23.37016069999993],[-44.957096699999965,-23.37021939999994],[-44.95693829999993,-23.370238299999983],[-44.95637759999994,-23.37041879999998],[-44.95600669999993,-23.370575],[-44.954295,-23.371420899999976],[-44.95398279999995,-23.371511099999964],[-44.95376859999993,-23.37154],[-44.953436899999986,-23.371510099999966],[-44.95283319999993,-23.37126959999995],[-44.95231669999998,-23.370911699999965],[-44.951425599999936,-23.37021859999993],[-44.95075379999997,-23.36952139999994],[-44.950301699999955,-23.369072],[-44.95008459999997,-23.368776499999967],[-44.95001909999996,-23.368589499999928],[-44.94996839999993,-23.36825079999994],[-44.95004279999995,-23.36800779999993],[-44.950221899999974,-23.367883199999937],[-44.95039019999996,-23.367839],[-44.95052329999993,-23.367839],[-44.95112889999996,-23.368038],[-44.95135879999998,-23.368085],[-44.951525199999935,-23.36807689999995],[-44.95170429999996,-23.367987599999935],[-44.951764,-23.36786829999994],[-44.95161829999995,-23.367536799999982],[-44.95140219999996,-23.36728469999997],[-44.950553199999945,-23.366470599999957],[-44.95026659999996,-23.366134899999963],[-44.95004069999993,-23.36578389999994],[-44.94988139999998,-23.365264399999944],[-44.94991969999995,-23.36509369999993],[-44.95005579999997,-23.36485259999995],[-44.95020059999996,-23.364697299999932],[-44.95037479999996,-23.36461959999997],[-44.95073979999995,-23.364586299999928],[-44.951110599999936,-23.364636099999927],[-44.95168389999998,-23.36479079999998],[-44.953162099999986,-23.365488599999935],[-44.95353189999997,-23.36563769999998],[-44.95364529999995,-23.365669399999945],[-44.95377939999997,-23.365652199999943],[-44.95385569999996,-23.365555599999936],[-44.953873399999964,-23.365466199999958],[-44.953709199999935,-23.36483979999997],[-44.95370929999996,-23.36465949999996],[-44.953781799999945,-23.36443459999998],[-44.95391979999994,-23.364328],[-44.954111599999976,-23.364252199999953],[-44.954479499999934,-23.364246],[-44.955247499999984,-23.364470299999937],[-44.95546369999994,-23.36444679999994],[-44.95559089999995,-23.36442519999997],[-44.95567409999995,-23.36436109999994],[-44.955685399999936,-23.364242499999932],[-44.95558909999994,-23.363901299999952],[-44.95558919999996,-23.363653799999952],[-44.95570269999996,-23.36352549999998],[-44.95593469999994,-23.363418099999933],[-44.95600219999994,-23.363354],[-44.95600219999994,-23.363256399999955],[-44.95595529999997,-23.363158899999974],[-44.95584179999997,-23.363070299999947],[-44.95552289999995,-23.36288049999996],[-44.95536739999994,-23.36274949999995],[-44.95527739999994,-23.36258689999994],[-44.955269699999974,-23.362406199999953],[-44.95535579999995,-23.36225449999995],[-44.95549769999997,-23.36213079999993],[-44.955541799999935,-23.362044099999935],[-44.95549879999993,-23.36192029999995],[-44.95533349999994,-23.361829899999975],[-44.95468869999996,-23.361736699999938],[-44.95459089999997,-23.361668],[-44.954499,-23.361494599999958],[-44.954544099999964,-23.361312099999964],[-44.95454509999996,-23.361097099999938],[-44.954416,-23.360989599999982],[-44.95309709999998,-23.360906099999966],[-44.95272339999997,-23.360812899999928],[-44.95253949999994,-23.360728],[-44.952238199999954,-23.36051109999994],[-44.951983,-23.36023369999998],[-44.95161729999995,-23.35953079999996],[-44.95146959999994,-23.35938989999994],[-44.95125829999995,-23.35934549999996],[-44.95107529999996,-23.35937169999994],[-44.95051749999993,-23.359649699999977],[-44.950317,-23.35969209999996],[-44.950035199999945,-23.359670299999948],[-44.949555799999985,-23.359547299999974],[-44.94823109999993,-23.359426799999937],[-44.948098,-23.359475499999974],[-44.94794529999996,-23.359728399999938],[-44.94768869999996,-23.360414799999944],[-44.94755269999996,-23.36055749999997],[-44.947443,-23.360614299999952],[-44.947243499999956,-23.360627799999975],[-44.94687269999997,-23.360542799999962],[-44.94654689999993,-23.36038549999995],[-44.946250599999985,-23.360179399999936],[-44.94535469999994,-23.359198099999958],[-44.945095599999945,-23.35883759999996],[-44.944992,-23.35862709999998],[-44.944984199999965,-23.358497099999965],[-44.945046,-23.358249599999965],[-44.945275,-23.35799309999993],[-44.94571929999995,-23.35780539999996],[-44.94646979999993,-23.357571699999937],[-44.946748699999944,-23.35738749999996],[-44.94684849999993,-23.357250199999953],[-44.94693179999996,-23.35700909999997],[-44.946973,-23.356711899999937],[-44.94684119999994,-23.35602629999994],[-44.94684029999996,-23.35575259999996],[-44.947016599999984,-23.355442799999935],[-44.94728859999998,-23.35521339999997],[-44.947501,-23.35510419999997],[-44.948271,-23.35489579999995],[-44.948634099999936,-23.35473419999994],[-44.94883859999993,-23.35460329999995],[-44.94910289999996,-23.35423579999997],[-44.94918329999996,-23.353728099999955],[-44.949169,-23.352672199999972],[-44.94926319999996,-23.35201459999996],[-44.949373899999955,-23.351664099999937],[-44.94958139999994,-23.35139319999996],[-44.949879899999985,-23.351235199999962],[-44.95067239999997,-23.35108189999994],[-44.95098449999995,-23.350990799999977],[-44.95161859999996,-23.35058809999998],[-44.95203249999997,-23.350405799999976],[-44.95260979999995,-23.350278599999967],[-44.953369,-23.35020559999998],[-44.95374849999996,-23.350279799999953],[-44.953024,-23.34891689999995],[-44.95283949999998,-23.348612699999933],[-44.95256819999997,-23.348165499999936],[-44.95241729999998,-23.34832419999998],[-44.952286699999945,-23.348432199999934],[-44.952124,-23.348513],[-44.951569,-23.34870929999994],[-44.95098679999995,-23.348917399999948],[-44.950684699999954,-23.34911879999993],[-44.950329099999976,-23.349396699999943],[-44.95016459999994,-23.349562399999968],[-44.95010739999998,-23.349611799999934],[-44.95006429999995,-23.349650399999973],[-44.949974199999986,-23.34968],[-44.94984449999998,-23.349719499999935],[-44.94969149999997,-23.34974429999994],[-44.94954119999994,-23.34973229999997],[-44.94931459999998,-23.34967089999998],[-44.94904939999998,-23.349621399999933],[-44.94888559999998,-23.349606499999936],[-44.94880319999993,-23.34960419999993],[-44.94871459999996,-23.34962189999993],[-44.94864769999998,-23.349642],[-44.948585299999934,-23.349676099999954],[-44.948534,-23.34970489999995],[-44.94842909999994,-23.349806899999976],[-44.94800239999995,-23.35034559999997],[-44.94796569999994,-23.350223399999948],[-44.947892199999956,-23.350084299999935],[-44.94781789999996,-23.349941599999966],[-44.94770009999996,-23.34978449999994],[-44.94754939999996,-23.349642899999935],[-44.94681719999994,-23.349094299999933],[-44.944880599999976,-23.347634399999947],[-44.944159199999945,-23.347054799999967],[-44.94336819999995,-23.346448099999975],[-44.94182989999996,-23.345268],[-44.93856379999994,-23.34270909999998],[-44.93759479999994,-23.34195129999995],[-44.93665009999995,-23.340877199999966],[-44.934075,-23.337241],[-44.93324679999995,-23.33625749999993],[-44.93164219999994,-23.335196399999973],[-44.928226,-23.333928299999968],[-44.92313269999994,-23.332128499999953],[-44.922114,-23.331768599999975],[-44.921857099999954,-23.331676199999947],[-44.91801659999993,-23.330330199999935],[-44.91741979999995,-23.33012109999993],[-44.91741269999994,-23.33011849999997],[-44.916675199999986,-23.32984719999996],[-44.916010599999936,-23.32958739999998],[-44.915710099999956,-23.329463499999974],[-44.915232499999945,-23.329266599999983],[-44.91495519999995,-23.329152299999976],[-44.91466449999996,-23.329036799999983],[-44.91414529999997,-23.32873],[-44.91334329999995,-23.328196899999966],[-44.912871,-23.32785569999993],[-44.912432799999976,-23.32748909999998],[-44.91187659999997,-23.326982099999952],[-44.911500399999966,-23.326558399999954],[-44.91115359999998,-23.32619989999995],[-44.910510199999976,-23.32538219999998],[-44.909317,-23.323442099999966],[-44.90912,-23.32307229999998],[-44.909070199999974,-23.322978899999953],[-44.90875619999997,-23.32245919999997],[-44.908559,-23.322122299999933],[-44.908316199999945,-23.321712],[-44.908273399999985,-23.32164249999994],[-44.907638,-23.32061269999997],[-44.90720749999997,-23.32004369999993],[-44.906955,-23.319733199999973],[-44.906542299999956,-23.31934279999996],[-44.90623419999997,-23.31910579999993],[-44.90584689999997,-23.318846],[-44.90548009999998,-23.31864719999993],[-44.90496829999995,-23.318401799999947],[-44.904314399999976,-23.318154899999968],[-44.90344429999993,-23.317927599999962],[-44.900967,-23.31746039999996],[-44.89996439999993,-23.31746819999995],[-44.89895939999997,-23.31748609999994],[-44.897792799999934,-23.317573599999946],[-44.89710729999996,-23.317642699999965],[-44.89669349999997,-23.317674099999977],[-44.895307499999944,-23.317779299999927],[-44.89464009999995,-23.317869599999938],[-44.89399649999996,-23.31800949999996],[-44.89344259999996,-23.318158299999936],[-44.892885399999955,-23.318371499999955],[-44.89237369999995,-23.318608599999948],[-44.89212039999995,-23.318742],[-44.89174369999995,-23.318962],[-44.891396199999974,-23.31916579999995],[-44.890440499999954,-23.319754699999976],[-44.889464499999974,-23.32035609999997],[-44.888919499999986,-23.320739599999968],[-44.888446,-23.321134299999983],[-44.88827909999998,-23.32127889999998],[-44.88813689999995,-23.321402099999943],[-44.887698899999975,-23.32188089999994],[-44.887373699999955,-23.322316899999976],[-44.88711909999995,-23.322723699999983],[-44.88689919999996,-23.32307949999995],[-44.88660439999995,-23.32354769999995],[-44.88398119999994,-23.327838199999974],[-44.88371859999995,-23.32831479999993],[-44.88356489999995,-23.32860119999998],[-44.88319249999995,-23.329448799999966],[-44.88285819999993,-23.330201399999964],[-44.88223609999994,-23.33158609999998],[-44.88195189999993,-23.332223599999963],[-44.881757799999946,-23.332659099999944],[-44.88164679999994,-23.332958],[-44.88150219999994,-23.33323839999997],[-44.88126079999995,-23.333577499999933],[-44.881062499999985,-23.33382309999996],[-44.88029,-23.334890899999948],[-44.879308599999945,-23.336177499999962],[-44.878561,-23.33720429999994],[-44.87530159999994,-23.341750499999932],[-44.87476449999997,-23.34245969999995],[-44.87465249999997,-23.342598299999963],[-44.87444149999993,-23.34285689999996],[-44.873893,-23.343403399999943],[-44.873560399999974,-23.343749799999955],[-44.87272669999993,-23.344650599999966],[-44.87182139999993,-23.345614199999943],[-44.870552499999974,-23.346923799999956],[-44.870176699999945,-23.347311699999977],[-44.87011589999997,-23.347374499999944],[-44.869909,-23.347550699999942],[-44.86968919999998,-23.347723599999938],[-44.86949119999997,-23.34785489999996],[-44.869336499999974,-23.347951499999965],[-44.869320899999934,-23.34796119999993],[-44.869152499999984,-23.34806649999996],[-44.86892519999998,-23.34815139999995],[-44.86862689999998,-23.348216299999933],[-44.86798369999997,-23.348303099999953],[-44.867469599999936,-23.34836389999998],[-44.866314,-23.34847149999996],[-44.865850499999965,-23.348554],[-44.86539659999994,-23.348685899999964],[-44.86511129999997,-23.348793399999977],[-44.86478519999997,-23.348932399999967],[-44.86444759999995,-23.34910979999995],[-44.86225779999995,-23.350537799999927],[-44.861788099999956,-23.35084409999996],[-44.860709199999974,-23.35153719999994],[-44.86017459999994,-23.35186029999994],[-44.859932,-23.35197839999995],[-44.85972769999995,-23.352070099999935],[-44.85958009999996,-23.352110299999936],[-44.85934069999996,-23.352162499999963],[-44.859182,-23.352187799999967],[-44.859029,-23.352201399999956],[-44.85881349999994,-23.35222159999995],[-44.85835569999995,-23.352230899999938],[-44.85545819999993,-23.352277899999933],[-44.85488779999997,-23.352314599999943],[-44.85432089999995,-23.352383499999974],[-44.85377439999996,-23.352515599999947],[-44.853395399999954,-23.352614899999935],[-44.853019899999936,-23.352737799999943],[-44.852497599999936,-23.35292759999993],[-44.850166799999954,-23.353709799999933],[-44.84076229999994,-23.356928599999947],[-44.84021619999993,-23.35712959999995],[-44.83982979999996,-23.357267199999967],[-44.83915769999993,-23.357506399999977],[-44.836779099999944,-23.358306],[-44.83529829999998,-23.358813699999928],[-44.835058,-23.358902499999942],[-44.834631799999954,-23.359060099999965],[-44.83390689999993,-23.359410799999978],[-44.833277399999986,-23.359775599999978],[-44.83286959999998,-23.360045399999933],[-44.832002,-23.360752499999933],[-44.827145299999984,-23.364711099999965],[-44.82586809999998,-23.365746799999954],[-44.82403469999997,-23.367251],[-44.82334469999995,-23.367817099999968],[-44.82173369999998,-23.36913889999994],[-44.82109319999995,-23.36954],[-44.820486399999936,-23.369766699999957],[-44.81953349999998,-23.36994729999998],[-44.819133499999964,-23.370027299999947],[-44.81873509999997,-23.370107],[-44.81822649999998,-23.37018],[-44.81791479999998,-23.370230099999958],[-44.81759029999995,-23.370253699999978],[-44.817394899999954,-23.370239],[-44.81711649999994,-23.370159399999977],[-44.81681819999994,-23.36998559999995],[-44.81650419999994,-23.369753199999934],[-44.81569059999998,-23.369074199999943],[-44.815371599999935,-23.368836099999953],[-44.81501769999994,-23.36862119999995],[-44.81463259999998,-23.368486899999937],[-44.813135,-23.368070399999965],[-44.81012549999997,-23.36723349999994],[-44.809681599999976,-23.367134499999963],[-44.80936209999993,-23.36709389999993],[-44.80848279999998,-23.367049],[-44.808085699999936,-23.36705809999995],[-44.80766109999996,-23.367159],[-44.80735329999993,-23.367268099999933],[-44.80701739999995,-23.36745019999995],[-44.806444699999986,-23.367760699999963],[-44.80597889999996,-23.367890099999954],[-44.804805399999964,-23.367837099999974],[-44.803301,-23.367700199999945],[-44.80282719999997,-23.367616599999963],[-44.802450599999986,-23.367481099999964],[-44.80210329999994,-23.367281899999966],[-44.801760299999955,-23.366939],[-44.80155709999997,-23.366666899999927],[-44.80114809999998,-23.366009],[-44.800985899999944,-23.365786499999956],[-44.800790699999936,-23.365544599999964],[-44.800559299999975,-23.36534919999997],[-44.80032879999993,-23.365173399999946],[-44.79986269999995,-23.364998499999956],[-44.79935769999997,-23.364955099999975],[-44.798889,-23.36500669999998],[-44.79861779999993,-23.365095399999973],[-44.798387799999944,-23.365187899999967],[-44.797869799999944,-23.365405799999962],[-44.797214699999984,-23.365760299999977],[-44.79703179999996,-23.365840799999944],[-44.79651949999993,-23.365936099999942],[-44.796131299999956,-23.36587789999993],[-44.79581449999995,-23.365784599999927],[-44.793924699999934,-23.36495679999996],[-44.793525699999975,-23.364821699999936],[-44.79302569999993,-23.36470859999997],[-44.791751,-23.364558],[-44.79127159999996,-23.36446559999996],[-44.790967499999965,-23.36438329999993],[-44.79070809999996,-23.364270099999942],[-44.78970919999995,-23.363642399999947],[-44.78813,-23.362795699999936],[-44.787926,-23.36266619999998],[-44.78777249999996,-23.36253439999996],[-44.787487399999975,-23.36222769999995],[-44.78715619999997,-23.361831699999982],[-44.78641959999993,-23.36087],[-44.78615649999995,-23.360556799999983],[-44.785997899999984,-23.36041739999996],[-44.78567419999996,-23.360256],[-44.78518479999997,-23.360098599999958],[-44.78478889999997,-23.359973],[-44.78420989999995,-23.35982709999996],[-44.78399689999998,-23.359788599999945],[-44.78370309999997,-23.35978369999998],[-44.78343689999997,-23.359901899999954],[-44.78325419999993,-23.36000729999995],[-44.78295159999993,-23.360229499999946],[-44.78279349999997,-23.360496499999954],[-44.78265589999995,-23.36079239999998],[-44.782595399999934,-23.36104329999995],[-44.782517,-23.361356899999976],[-44.78237589999998,-23.36175529999997],[-44.78226529999995,-23.361974499999974],[-44.78217669999998,-23.362076099999967],[-44.782143099999985,-23.362114599999927],[-44.78193089999996,-23.362310299999933],[-44.78159309999995,-23.362459],[-44.781337,-23.362507799999946],[-44.781018899999935,-23.362529199999983],[-44.780435599999976,-23.36247579999997],[-44.779069499999935,-23.36228049999994],[-44.778707199999985,-23.362092899999936],[-44.778451099999984,-23.36184959999997],[-44.77819,-23.361310699999933],[-44.77794369999998,-23.36099289999993],[-44.77762809999996,-23.36074579999996],[-44.77730309999998,-23.360553],[-44.77696339999994,-23.360421299999928],[-44.773679899999934,-23.35988009999994],[-44.773071699999946,-23.35955009999998],[-44.77272309999995,-23.359141799999975],[-44.772455099999945,-23.358766599999967],[-44.77114369999998,-23.357277499999952],[-44.77073969999998,-23.356779899999935],[-44.770515899999964,-23.356515599999966],[-44.770280799999966,-23.356298599999946],[-44.769875,-23.356044699999927],[-44.76968809999994,-23.355938599999945],[-44.76980129999998,-23.356365],[-44.76978079999998,-23.356787099999963],[-44.770032399999934,-23.35705239999993],[-44.770045299999936,-23.357257799999957],[-44.77021129999997,-23.35756939999993],[-44.770312899999965,-23.358128199999953],[-44.770362,-23.358634699999982],[-44.77044589999997,-23.358942399999933],[-44.770754,-23.359676499999978],[-44.77096209999996,-23.360172399999954],[-44.77110619999996,-23.360689299999933],[-44.77131259999993,-23.36104849999998],[-44.771371199999976,-23.361249099999952],[-44.77142369999996,-23.361428799999942],[-44.771434399999976,-23.361616199999958],[-44.771467,-23.361678299999937],[-44.771649099999934,-23.36188089999996],[-44.771779899999956,-23.362191199999927],[-44.771762499999966,-23.36258379999998],[-44.77171649999997,-23.36362409999998],[-44.77168279999995,-23.364147699999933],[-44.771677599999975,-23.364227899999946],[-44.771878199999946,-23.36444339999997],[-44.77262379999996,-23.364464399999974],[-44.77295809999998,-23.364444899999967],[-44.773294,-23.36452509999998],[-44.77352689999998,-23.364580599999954],[-44.77362949999997,-23.364635],[-44.77385829999997,-23.364742199999966],[-44.77394579999998,-23.364995299999975],[-44.77411939999996,-23.36538409999997],[-44.77440789999997,-23.365655599999968],[-44.774729899999954,-23.366025499999978],[-44.77494079999997,-23.366393699999946],[-44.77510479999995,-23.367069399999934],[-44.77489819999994,-23.367344699999933],[-44.77512349999995,-23.36775819999997],[-44.77525889999998,-23.368168],[-44.775451499999974,-23.368367699999965],[-44.775543099999936,-23.36852129999994],[-44.775417699999934,-23.368473499999936],[-44.77492349999994,-23.36848379999998],[-44.77421479999998,-23.36811679999994],[-44.773603299999934,-23.368032899999946],[-44.77316549999995,-23.36784319999998],[-44.772756399999935,-23.36747589999993],[-44.771893499999976,-23.367224199999953],[-44.771118,-23.367331499999977],[-44.770768199999964,-23.36718819999993],[-44.77049089999997,-23.36717679999998],[-44.77032619999994,-23.36706],[-44.76986509999995,-23.36768109999997],[-44.76972719999998,-23.368041799999958],[-44.76999809999995,-23.36871],[-44.77079729999997,-23.36974289999995],[-44.77071109999997,-23.370052199999975],[-44.77038269999997,-23.370811599999968],[-44.76823729999995,-23.36960339999996],[-44.76758289999998,-23.36941749999994],[-44.766601399999956,-23.36956329999998],[-44.76600709999997,-23.36942829999998],[-44.76206119999995,-23.36791429999994],[-44.75936449999995,-23.366238799999962],[-44.757351599999936,-23.36612379999997],[-44.75636209999993,-23.365698099999975],[-44.754222899999945,-23.364222499999983],[-44.75254219999994,-23.363547799999935],[-44.751475,-23.36332249999998],[-44.75065429999995,-23.36341139999996],[-44.748996,-23.364099099999976],[-44.74696409999996,-23.36455109999997],[-44.743759799999964,-23.364052899999933],[-44.74088949999998,-23.364734],[-44.73960729999993,-23.36517249999997],[-44.73860129999997,-23.36566739999995],[-44.736586699999975,-23.36578739999993],[-44.735523099999966,-23.366111599999954],[-44.73467589999996,-23.36651029999996],[-44.73396759999997,-23.36647769999996],[-44.73370029999995,-23.366361799999936],[-44.732302199999936,-23.366354899999976],[-44.73138719999997,-23.36675409999998],[-44.73070179999996,-23.367318799999964],[-44.73008349999998,-23.36760959999998],[-44.72904519999997,-23.36840959999995],[-44.72808089999995,-23.368932],[-44.72686489999995,-23.36887269999994],[-44.72594979999997,-23.368413],[-44.72424629999995,-23.36755729999993],[-44.72418339999996,-23.367525599999965],[-44.724143899999945,-23.367541],[-44.724108599999965,-23.367539699999952],[-44.724059599999975,-23.36752869999998],[-44.72399489999998,-23.367494299999976],[-44.72394269999995,-23.367462],[-44.72387619999995,-23.367420399999958],[-44.723833,-23.367374799999936],[-44.72377439999997,-23.36734819999998],[-44.72374929999995,-23.367488899999955],[-44.72376479999997,-23.36768019999994],[-44.72379379999995,-23.367836499999953],[-44.723842299999944,-23.36798129999994],[-44.723834,-23.368078199999957],[-44.723806,-23.36820419999998],[-44.723809899999935,-23.36833359999997],[-44.72384979999998,-23.36842239999993],[-44.723987199999954,-23.368606899999975],[-44.72412989999998,-23.368679699999973],[-44.72420009999996,-23.368689599999982],[-44.72430829999996,-23.368726599999945],[-44.72436189999996,-23.368768599999953],[-44.72438959999994,-23.36882789999993],[-44.724445499999945,-23.368874499999947],[-44.72456589999996,-23.368939599999976],[-44.72474879999993,-23.368902599999956],[-44.72485949999998,-23.36902],[-44.725028899999984,-23.369130499999983],[-44.725191,-23.369226099999935],[-44.725342499999954,-23.369344099999978],[-44.725519099999985,-23.36948579999995],[-44.72565849999995,-23.36959779999995],[-44.725877699999955,-23.36971529999994],[-44.726031499999976,-23.369857799999977],[-44.726232299999936,-23.369862699999942],[-44.72646819999994,-23.36991329999995],[-44.72664159999994,-23.369926199999952],[-44.72677179999994,-23.36990009999994],[-44.72690259999996,-23.369920899999954],[-44.727052699999945,-23.369794499999955],[-44.72718759999998,-23.369708],[-44.72731259999995,-23.36975929999994],[-44.72743159999993,-23.369857099999933],[-44.72758419999997,-23.370017399999938],[-44.727743,-23.37016129999995],[-44.72796119999998,-23.370282199999963],[-44.728123,-23.370277],[-44.72817479999998,-23.37019339999995],[-44.728109899999936,-23.370111599999973],[-44.728188699999976,-23.370006799999942],[-44.72847189999993,-23.370175699999947],[-44.728580499999964,-23.370141799999942],[-44.728547499999934,-23.370032],[-44.728639699999974,-23.369996399999934],[-44.72873149999998,-23.369967799999927],[-44.728669399999944,-23.369789199999957],[-44.72883059999998,-23.36980909999994],[-44.72901269999994,-23.369865799999957],[-44.72938039999997,-23.369886],[-44.72979129999993,-23.36984579999995],[-44.73013229999998,-23.36977449999995],[-44.730141499999945,-23.369614699999943],[-44.73032319999993,-23.36952789999998],[-44.73060009999995,-23.36947269999996],[-44.73083969999993,-23.369507399999975],[-44.731216,-23.36951179999994],[-44.73150849999996,-23.36949549999997],[-44.731723,-23.369406399999946],[-44.731911099999934,-23.369180599999936],[-44.732010799999955,-23.369045299999982],[-44.73220429999998,-23.36903989999996],[-44.732429699999955,-23.369160799999975],[-44.73256239999995,-23.36913839999994],[-44.73263029999998,-23.369033299999955],[-44.73289369999998,-23.369116599999927],[-44.73307289999997,-23.36913919999995],[-44.733213699999965,-23.369161799999972],[-44.733446199999946,-23.36928329999995],[-44.733654,-23.369298199999946],[-44.73378309999998,-23.369229299999972],[-44.73412319999994,-23.36928169999993],[-44.73426189999998,-23.369393699999932],[-44.73457509999997,-23.369537199999968],[-44.73492459999994,-23.36959879999995],[-44.73517439999995,-23.36954819999994],[-44.73525779999994,-23.369411199999945],[-44.735289799999975,-23.369295299999976],[-44.73522509999998,-23.369151599999952],[-44.735054599999955,-23.36903049999995],[-44.734930299999974,-23.368881599999952],[-44.73495359999998,-23.368721499999936],[-44.73509109999998,-23.368693899999982],[-44.73537679999998,-23.368853799999954],[-44.73548959999994,-23.368796199999963],[-44.73545349999995,-23.368672599999968],[-44.73538959999996,-23.368559699999935],[-44.73551619999995,-23.368437099999937],[-44.735698499999955,-23.368257299999982],[-44.73581829999995,-23.368100699999957],[-44.736138799999935,-23.36786959999995],[-44.73628019999995,-23.36779709999996],[-44.736439,-23.367837],[-44.73697269999997,-23.367679799999962],[-44.73737559999995,-23.367403599999932],[-44.73766709999995,-23.36741879999994],[-44.73801469999995,-23.367448799999977],[-44.73825149999993,-23.36753729999998],[-44.73854389999997,-23.36750889999996],[-44.73879909999994,-23.36737779999993],[-44.73923729999996,-23.36718849999994],[-44.73951839999995,-23.367029899999977],[-44.739675499999976,-23.367116],[-44.73977129999997,-23.36705029999996],[-44.739772,-23.366942],[-44.739994399999944,-23.36680549999994],[-44.74020969999998,-23.366716199999928],[-44.74053219999996,-23.366719899999964],[-44.74068519999997,-23.366557899999975],[-44.74077649999998,-23.366358],[-44.74099839999997,-23.36614549999996],[-44.74129749999997,-23.36606839999996],[-44.741526299999975,-23.365957299999934],[-44.74183869999996,-23.365880499999946],[-44.74209659999997,-23.365867],[-44.74235189999996,-23.365933],[-44.74250489999997,-23.365926399999978],[-44.742836,-23.366009899999938],[-44.743127899999934,-23.366065],[-44.74333109999998,-23.366267499999935],[-44.74357119999996,-23.366348899999934],[-44.743695199999934,-23.36630139999994],[-44.744055199999934,-23.366450099999952],[-44.744397799999945,-23.36657539999993],[-44.744756,-23.366759],[-44.74506649999995,-23.366971099999944],[-44.745448899999985,-23.367125699999974],[-44.745720699999936,-23.36724309999994],[-44.74607379999998,-23.36742689999994],[-44.746446299999945,-23.36748639999996],[-44.74664459999997,-23.367347],[-44.74686939999998,-23.36715019999997],[-44.74704189999994,-23.367013699999973],[-44.747291099999984,-23.366880099999946],[-44.747541499999954,-23.366705199999956],[-44.74773909999993,-23.36652319999996],[-44.748010499999964,-23.36639249999996],[-44.74817569999993,-23.366277499999967],[-44.74841559999993,-23.366184499999974],[-44.74869849999993,-23.366126299999962],[-44.748856,-23.36614069999996],[-44.74904529999998,-23.36615519999998],[-44.74929039999995,-23.36617689999997],[-44.74943289999993,-23.366253399999948],[-44.74968689999997,-23.366256499999963],[-44.74997149999996,-23.366128199999935],[-44.75024659999997,-23.366057699999942],[-44.75057179999993,-23.366038799999956],[-44.75077939999994,-23.366143799999975],[-44.75104109999995,-23.366238599999974],[-44.75122679999998,-23.366354799999954],[-44.751350299999956,-23.366456599999935],[-44.75154329999998,-23.366581199999928],[-44.75176729999998,-23.366713699999934],[-44.75203869999996,-23.366861599999936],[-44.752035399999954,-23.367019099999936],[-44.752107,-23.367077799999947],[-44.75229,-23.367209599999967],[-44.75252919999997,-23.36745929999995],[-44.75278529999997,-23.367540899999938],[-44.753017,-23.36762209999995],[-44.75339059999993,-23.367703399999982],[-44.75373469999994,-23.36784339999997],[-44.75402969999993,-23.367880499999956],[-44.75426849999997,-23.367902799999968],[-44.75450549999994,-23.36793],[-44.754819199999986,-23.368046099999958],[-44.75509219999998,-23.368105699999944],[-44.755397899999934,-23.368224399999974],[-44.75564579999997,-23.368320299999937],[-44.75588959999993,-23.368444299999965],[-44.75603629999995,-23.36844549999995],[-44.756237099999964,-23.368427],[-44.75645029999998,-23.36842269999994],[-44.756680899999935,-23.368496299999947],[-44.75689449999993,-23.368576599999983],[-44.75701729999997,-23.36872089999997],[-44.75713449999995,-23.36881539999996],[-44.757404399999984,-23.36897629999993],[-44.757714,-23.369137399999943],[-44.75796779999996,-23.369254699999942],[-44.75826189999998,-23.36943089999994],[-44.758461599999976,-23.369564],[-44.758662399999935,-23.369698],[-44.75878489999997,-23.369870499999934],[-44.75898619999998,-23.36993769999998],[-44.759228,-23.370094],[-44.75950789999996,-23.370226199999934],[-44.75975439999996,-23.370232],[-44.760054699999955,-23.37014879999998],[-44.76032079999993,-23.370087599999977],[-44.76051979999994,-23.370095099999958],[-44.760662199999956,-23.370245],[-44.76081789999995,-23.37018469999998],[-44.76096649999994,-23.37014709999994],[-44.76108259999995,-23.37010209999994],[-44.76127159999993,-23.370109],[-44.761428,-23.370213399999955],[-44.761670599999945,-23.37032849999997],[-44.76181829999996,-23.37041789999995],[-44.76199829999996,-23.37050759999994],[-44.762199599999974,-23.370522299999948],[-44.76245279999995,-23.370557299999973],[-44.76270039999997,-23.37063839999996],[-44.762957,-23.370748],[-44.76300749999996,-23.370702299999948],[-44.763201299999935,-23.370744299999956],[-44.76333539999996,-23.37086949999997],[-44.76351859999994,-23.371000699999968],[-44.76363749999996,-23.371103699999935],[-44.763813,-23.371212],[-44.76394279999994,-23.371292799999935],[-44.76400549999994,-23.371384499999976],[-44.76417619999995,-23.371433],[-44.76436719999998,-23.371341],[-44.76442789999993,-23.371486699999934],[-44.76451559999998,-23.37164569999993],[-44.76462539999994,-23.371768499999973],[-44.76480379999998,-23.37189129999996],[-44.76506569999998,-23.37200839999997],[-44.765263199999936,-23.372130199999958],[-44.76550489999994,-23.372306399999957],[-44.765841199999954,-23.372454],[-44.76597209999994,-23.37248429999994],[-44.76603989999995,-23.37262919999995],[-44.76614539999997,-23.37264769999996],[-44.76624579999998,-23.372557099999938],[-44.76646189999997,-23.372438],[-44.766711199999975,-23.372425799999974],[-44.766949599999975,-23.372478899999976],[-44.76711609999995,-23.372467099999938],[-44.76730969999994,-23.372437399999967],[-44.76755209999993,-23.372509],[-44.767731899999944,-23.372490899999946],[-44.76797609999994,-23.37243719999998],[-44.76814429999996,-23.372486],[-44.76827979999996,-23.372528699999975],[-44.76837759999995,-23.37245719999993],[-44.76843569999994,-23.37232649999993],[-44.76851839999995,-23.372273699999937],[-44.76871079999995,-23.372234399999968],[-44.76888289999994,-23.372230199999933],[-44.76910109999994,-23.37225509999996],[-44.769232,-23.372279299999946],[-44.769389399999966,-23.372391499999935],[-44.76949859999996,-23.37246269999997],[-44.769707,-23.372528399999965],[-44.769787399999984,-23.372576399999957],[-44.770026299999984,-23.372595099999955],[-44.77015339999997,-23.37271039999996],[-44.770264399999974,-23.372856699999943],[-44.770513499999936,-23.373022599999956],[-44.77094159999996,-23.37315179999996],[-44.771289199999956,-23.373243799999955],[-44.77156189999994,-23.373311899999976],[-44.771915399999955,-23.373355],[-44.772155,-23.373454699999968],[-44.772482099999934,-23.373510299999964],[-44.77268179999993,-23.373491399999978],[-44.77289539999998,-23.373559399999976],[-44.77315839999994,-23.373575399999936],[-44.77335579999993,-23.373623299999963],[-44.773557,-23.373637299999928],[-44.77372679999996,-23.373781599999973],[-44.77394229999993,-23.37391539999993],[-44.77415309999998,-23.374037399999963],[-44.77451649999995,-23.374193399999967],[-44.774534399999936,-23.374301199999934],[-44.77469959999996,-23.37434849999994],[-44.77479809999994,-23.374328399999968],[-44.77519119999994,-23.374417499999936],[-44.77543319999995,-23.374448299999983],[-44.77560969999996,-23.37450039999993],[-44.775815,-23.37463159999993],[-44.77609639999997,-23.374770299999966],[-44.77628349999998,-23.37486259999997],[-44.77642059999994,-23.37490639999993],[-44.77646359999994,-23.374804499999982],[-44.776656799999955,-23.374700599999983],[-44.77681689999997,-23.37468519999993],[-44.77697509999996,-23.374693799999932],[-44.77711059999996,-23.374783699999966],[-44.77725589999994,-23.374874499999976],[-44.777395199999944,-23.374936799999944],[-44.77760579999995,-23.375037299999974],[-44.77788959999998,-23.375160499999936],[-44.778139,-23.375275699999975],[-44.778313399999945,-23.375337099999967],[-44.778671299999985,-23.375406599999963],[-44.778947399999936,-23.37545309999996],[-44.779299599999945,-23.375522899999964],[-44.779558099999974,-23.375615299999936],[-44.77979959999993,-23.375754],[-44.77999189999997,-23.375909],[-44.78019339999997,-23.376009799999963],[-44.78043739999998,-23.376142],[-44.78076509999994,-23.37628909999995],[-44.78114679999993,-23.376539699999967],[-44.781433,-23.376640599999973],[-44.78159629999993,-23.376837499999965],[-44.78181689999997,-23.377016699999956],[-44.78220729999998,-23.37727129999996],[-44.78243039999995,-23.37748279999994],[-44.782695099999955,-23.37752089999998],[-44.78293089999994,-23.37762239999995],[-44.783231299999954,-23.37775769999996],[-44.783500699999934,-23.377821899999958],[-44.783731399999965,-23.377773899999966],[-44.784044499999936,-23.377743799999962],[-44.784278599999936,-23.37791429999993],[-44.784457299999985,-23.37788379999995],[-44.78475489999994,-23.377997299999947],[-44.785062799999935,-23.378034199999945],[-44.78525349999995,-23.37783459999997],[-44.78516149999996,-23.377670199999955],[-44.78506509999994,-23.37754089999993],[-44.78517359999995,-23.377440499999977],[-44.785229699999945,-23.377271],[-44.785162499999956,-23.37713059999993],[-44.78503839999996,-23.377054399999963],[-44.784927799999934,-23.37684429999996],[-44.784792,-23.376695199999972],[-44.78459789999994,-23.376544899999942],[-44.78440859999995,-23.37638],[-44.78417689999998,-23.376227399999948],[-44.78392729999996,-23.37613189999996],[-44.78374259999998,-23.37598989999998],[-44.78357,-23.37584709999993],[-44.783397699999966,-23.37574859999995],[-44.78319639999995,-23.375525099999948],[-44.783072,-23.375327699999957],[-44.78298449999994,-23.37509719999997],[-44.782883099999935,-23.37489379999994],[-44.782754599999976,-23.374709199999927],[-44.782731499999954,-23.374514199999965],[-44.782664,-23.374325099999965],[-44.78275659999997,-23.374091],[-44.782627899999966,-23.37392079999995],[-44.78263759999993,-23.373755],[-44.782871299999954,-23.373619899999937],[-44.783169499999985,-23.373505399999942],[-44.783393699999976,-23.373455099999944],[-44.78362929999997,-23.373353099999974],[-44.783817699999986,-23.373309199999937],[-44.783993399999986,-23.373194],[-44.784239699999944,-23.373147899999935],[-44.78432769999995,-23.372990799999968],[-44.784344199999964,-23.372798199999977],[-44.78444919999998,-23.372498099999973],[-44.78450329999998,-23.372113699999943],[-44.78445859999994,-23.371844599999974],[-44.78422419999998,-23.37170009999994],[-44.784112499999935,-23.371567699999957],[-44.78387459999993,-23.371472299999937],[-44.78373639999995,-23.371449499999983],[-44.783816599999966,-23.37130869999993],[-44.783928,-23.371136899999954],[-44.78410279999997,-23.370881699999927],[-44.784305,-23.370681099999956],[-44.78456569999997,-23.370466499999964],[-44.78477909999998,-23.370301],[-44.78511249999997,-23.37010159999994],[-44.785199399999954,-23.37005979999998],[-44.78541039999993,-23.36995849999994],[-44.785663099999965,-23.36983159999994],[-44.78593989999996,-23.369736199999977],[-44.78627439999997,-23.369650499999977],[-44.78661909999994,-23.36961119999995],[-44.78687659999997,-23.36962109999996],[-44.78710879999994,-23.369672899999955],[-44.78732609999997,-23.369760799999938],[-44.787539,-23.369890599999962],[-44.78769559999995,-23.370085399999937],[-44.78765559999994,-23.370210499999928],[-44.78764579999995,-23.370241299999975],[-44.78767949999997,-23.370352399999945],[-44.78767949999997,-23.370461],[-44.78756109999995,-23.370483099999944],[-44.787517899999955,-23.370593499999927],[-44.78755229999996,-23.370754499999975],[-44.787657699999954,-23.37101439999998],[-44.78782239999998,-23.371228499999972],[-44.78808649999996,-23.371366299999977],[-44.78830679999993,-23.37146839999997],[-44.78858229999997,-23.37154879999997],[-44.78883429999996,-23.371643399999982],[-44.78898589999994,-23.371608599999945],[-44.789136499999984,-23.371649299999945],[-44.78927689999995,-23.37164809999996],[-44.789372399999934,-23.371514899999966],[-44.789398,-23.37130579999996],[-44.789451499999984,-23.371041499999933],[-44.78945459999994,-23.370809899999983],[-44.78936239999996,-23.370541699999933],[-44.78916049999998,-23.370362099999966],[-44.78930319999995,-23.370128],[-44.789435699999956,-23.370018899999934],[-44.78959439999994,-23.36989429999994],[-44.78980409999997,-23.369887],[-44.78999559999994,-23.36991919999997],[-44.79018179999997,-23.369760699999972],[-44.790281499999935,-23.36963989999998],[-44.79039819999997,-23.369561],[-44.790456,-23.369543],[-44.79051879999997,-23.369378799999936],[-44.790664299999946,-23.369180299999982],[-44.790887,-23.369078499999944],[-44.791093699999976,-23.36907039999994],[-44.79133539999998,-23.368923],[-44.791521899999964,-23.368926899999963],[-44.791629899999975,-23.36892279999995],[-44.79182539999994,-23.368952199999967],[-44.792006199999946,-23.369097199999942],[-44.792116,-23.369287499999928],[-44.79227009999994,-23.369466299999942],[-44.792404499999975,-23.36958859999993],[-44.792592199999945,-23.369731399999978],[-44.79276839999994,-23.369840599999975],[-44.79303209999995,-23.369910499999946],[-44.79312609999994,-23.36994889999994],[-44.79344409999993,-23.37012649999997],[-44.79378579999997,-23.370241199999953],[-44.79409339999995,-23.370336599999973],[-44.79442249999994,-23.370346],[-44.794681099999934,-23.370344699999976],[-44.79487569999998,-23.370290499999953],[-44.79496939999996,-23.370085899999935],[-44.79512169999998,-23.369906399999934],[-44.79522909999997,-23.369704299999967],[-44.795406499999956,-23.36954309999993],[-44.79555739999995,-23.369411599999978],[-44.79574269999995,-23.369286],[-44.79598409999994,-23.36916259999998],[-44.79617029999997,-23.369048299999974],[-44.79636329999994,-23.368965],[-44.79659209999994,-23.36898119999995],[-44.79683769999997,-23.369052299999964],[-44.79710989999995,-23.369149899999968],[-44.79730729999994,-23.36921929999994],[-44.79750979999994,-23.369268399999953],[-44.79773739999996,-23.369291499999974],[-44.797996499999954,-23.36938859999998],[-44.79819079999993,-23.369455899999934],[-44.79840959999996,-23.36952329999997],[-44.79857889999994,-23.369619899999975],[-44.79874049999995,-23.369694399999958],[-44.798909599999945,-23.369798299999957],[-44.79919989999996,-23.369947],[-44.79941829999996,-23.37005879999998],[-44.79970979999996,-23.37019319999996],[-44.79987149999994,-23.370312299999966],[-44.800098,-23.37046129999993],[-44.80034049999995,-23.370669799999973],[-44.80052639999997,-23.37083329999996],[-44.80063119999994,-23.37100429999998],[-44.80079249999994,-23.37123459999998],[-44.80093509999995,-23.37144569999998],[-44.80112369999995,-23.371666199999936],[-44.801309799999956,-23.37192719999996],[-44.80153569999993,-23.372179699999947],[-44.80170409999994,-23.372537],[-44.801998899999944,-23.372884899999974],[-44.80215459999994,-23.373127],[-44.802245599999935,-23.373360299999945],[-44.80226229999994,-23.373726199999965],[-44.80220389999994,-23.373846799999967],[-44.802025399999934,-23.373948199999973],[-44.80171819999998,-23.37402839999993],[-44.801348099999984,-23.374042199999963],[-44.80094769999994,-23.374212299999954],[-44.800908,-23.374434599999972],[-44.80069609999998,-23.37460429999993],[-44.80032019999993,-23.374820099999965],[-44.799950699999954,-23.374983399999962],[-44.799749599999984,-23.37510659999998],[-44.79958119999998,-23.37508],[-44.79947859999993,-23.375249199999928],[-44.799560499999984,-23.375387299999943],[-44.79967329999994,-23.375598399999944],[-44.799918899999966,-23.37562909999997],[-44.80017449999997,-23.375764499999946],[-44.800357,-23.375885599999947],[-44.80065819999993,-23.37597409999995],[-44.800911,-23.37599869999997],[-44.80113729999994,-23.376022399999954],[-44.80138549999998,-23.376082],[-44.80163169999997,-23.376177299999938],[-44.80183619999997,-23.376293199999964],[-44.80205489999997,-23.37643509999998],[-44.802323799999954,-23.376634399999944],[-44.80243649999994,-23.376684499999953],[-44.80246359999995,-23.376876799999934],[-44.80268069999994,-23.37700159999997],[-44.80289579999993,-23.37707329999995],[-44.803191899999945,-23.377255599999955],[-44.80344919999993,-23.377485299999933],[-44.80377629999998,-23.377677399999982],[-44.804097499999955,-23.377864],[-44.804536,-23.378066099999955],[-44.80499179999998,-23.378397399999983],[-44.805229,-23.378531799999962],[-44.805505299999936,-23.378613299999927],[-44.80567589999998,-23.3787],[-44.805777199999966,-23.37889329999996],[-44.80612609999997,-23.379176599999937],[-44.806749699999955,-23.379383599999983],[-44.80714459999996,-23.37948609999995],[-44.80752259999997,-23.379450299999974],[-44.80772209999998,-23.379367899999977],[-44.807792699999936,-23.37922039999995],[-44.80782369999997,-23.379046399999936],[-44.807972,-23.37897389999995],[-44.808169299999975,-23.37902889999998],[-44.808436,-23.37901119999998],[-44.80854769999996,-23.37905849999993],[-44.80854979999998,-23.379182],[-44.80864939999998,-23.379268099999933],[-44.80889939999997,-23.379292],[-44.80916149999996,-23.379393899999968],[-44.809307,-23.379385199999945],[-44.809457099999975,-23.379299299999957],[-44.80965509999993,-23.379385199999945],[-44.80979849999994,-23.37954579999996],[-44.809942,-23.37972639999998],[-44.81024149999996,-23.379891399999963],[-44.81041909999993,-23.37985809999998],[-44.81063939999996,-23.379893],[-44.81102359999994,-23.379986199999962],[-44.81132029999998,-23.38000409999995],[-44.811534,-23.379983799999934],[-44.811639699999944,-23.380115199999977],[-44.81176369999997,-23.380150699999945],[-44.81193419999994,-23.37994029999993],[-44.81231709999997,-23.379910199999983],[-44.812492099999986,-23.380010099999936],[-44.81269619999995,-23.380172199999947],[-44.81295279999995,-23.380345099999943],[-44.813302599999986,-23.380492699999934],[-44.813571,-23.380417299999976],[-44.813957899999934,-23.38050789999994],[-44.81427059999993,-23.380487699999946],[-44.814675299999976,-23.38058049999995],[-44.81465339999994,-23.380731399999945],[-44.814826,-23.38079929999998],[-44.815212,-23.38090859999994],[-44.81550889999994,-23.38103579999995],[-44.81590529999994,-23.381218],[-44.81624279999994,-23.38131839999994],[-44.81658029999994,-23.38141],[-44.81674819999995,-23.381392699999935],[-44.816997699999945,-23.381437699999935],[-44.817285899999945,-23.38141079999997],[-44.817597,-23.381474],[-44.81771329999998,-23.381402199999968],[-44.817858799999954,-23.381330699999978],[-44.81811989999994,-23.38121529999995],[-44.81842659999995,-23.381195499999933],[-44.81870669999995,-23.38123769999993],[-44.81884729999996,-23.381330799999944],[-44.81906679999997,-23.381346399999927],[-44.81911709999997,-23.38120669999995],[-44.81927969999998,-23.38126589999996],[-44.819345399999975,-23.38129349999997],[-44.819443699999965,-23.38133289999996],[-44.81954529999996,-23.381423499999983],[-44.81954149999996,-23.381569499999955],[-44.81965679999996,-23.381784599999946],[-44.81985539999994,-23.381897299999935],[-44.82019239999994,-23.381956899999977],[-44.821027399999934,-23.38233779999996],[-44.821528899999976,-23.382471099999975],[-44.821983699999976,-23.38260719999994],[-44.822577799999976,-23.38276209999998],[-44.822956799999986,-23.38276039999994],[-44.82317309999996,-23.382920699999943],[-44.82341029999998,-23.383082599999966],[-44.82360829999993,-23.383174199999928],[-44.82399429999998,-23.38335669999998],[-44.82457739999995,-23.383431299999927],[-44.82507279999993,-23.383495099999948],[-44.82544729999995,-23.383594199999948],[-44.82581509999994,-23.38372979999997],[-44.82600809999997,-23.383892599999967],[-44.826407,-23.38377879999996],[-44.826696399999946,-23.383917199999928],[-44.82684839999996,-23.384062599999936],[-44.82690319999995,-23.38431559999998],[-44.82695729999995,-23.38457779999993],[-44.82693119999993,-23.384785],[-44.82678669999996,-23.384903099999974],[-44.826476699999944,-23.38504279999995],[-44.82641649999994,-23.38518679999993],[-44.826492,-23.38541749999996],[-44.82633939999994,-23.385581499999944],[-44.826039899999955,-23.38571479999996],[-44.82577249999997,-23.385809799999947],[-44.82559689999994,-23.38608359999995],[-44.82566879999996,-23.38637179999995],[-44.825899,-23.386662399999977],[-44.825951499999974,-23.386963299999934],[-44.82625959999996,-23.38717239999994],[-44.82601759999994,-23.387335899999982],[-44.82608669999996,-23.387463],[-44.826440599999955,-23.387614699999972],[-44.82671469999997,-23.387633],[-44.82683819999994,-23.38756449999994],[-44.82703379999998,-23.38772119999993],[-44.827307099999985,-23.387719199999935],[-44.82757769999995,-23.38769739999998],[-44.82761439999996,-23.38760209999998],[-44.827718499999946,-23.387534199999948],[-44.828174099999956,-23.38757389999995],[-44.82846489999997,-23.387477199999978],[-44.82883149999998,-23.387507899999946],[-44.829323699999975,-23.387647899999934],[-44.82944639999994,-23.387553699999955],[-44.829615099999955,-23.38759179999994],[-44.829645599999935,-23.38751229999997],[-44.82940869999993,-23.387224699999933],[-44.829378099999985,-23.38682579999994],[-44.829497799999956,-23.38646179999995],[-44.82959759999994,-23.38625159999998],[-44.829609199999936,-23.385928299999932],[-44.829699699999935,-23.385516799999948],[-44.82990709999996,-23.385378799999955],[-44.83031539999996,-23.385403099999962],[-44.83053169999994,-23.385416799999973],[-44.83079739999994,-23.385349899999937],[-44.83103189999997,-23.38540489999997],[-44.831380199999955,-23.385329],[-44.831555099999946,-23.385084199999937],[-44.831744,-23.38509739999995],[-44.83199349999995,-23.38494529999997],[-44.83222539999997,-23.385153099999968],[-44.83222929999994,-23.38549469999998],[-44.832522,-23.38552889999994],[-44.83261639999995,-23.38545469999997],[-44.832881199999974,-23.385477299999934],[-44.83321739999997,-23.38562319999994],[-44.83357289999998,-23.385792299999935],[-44.83366849999993,-23.386014299999943],[-44.833816,-23.386225599999932],[-44.83403189999996,-23.38642679999998],[-44.83386249999995,-23.38662759999994],[-44.834042599999975,-23.386757099999954],[-44.83433189999994,-23.386774899999978],[-44.83441709999994,-23.386830699999962],[-44.83453979999996,-23.38697929999995],[-44.83467069999995,-23.38692439999994],[-44.83480359999993,-23.38678429999993],[-44.83511469999996,-23.386757],[-44.83546259999997,-23.38681809999997],[-44.835527199999945,-23.38687649999997],[-44.835518099999945,-23.386955299999954],[-44.83540449999998,-23.387019],[-44.83545749999996,-23.38709289999997],[-44.835590199999956,-23.387225199999932],[-44.83584289999993,-23.387349399999948],[-44.836069399999985,-23.38741159999995],[-44.836138699999935,-23.387377199999946],[-44.836067699999944,-23.387278],[-44.83604859999997,-23.38718319999998],[-44.83617179999993,-23.387096699999972],[-44.836369,-23.38709209999996],[-44.83651539999994,-23.38709639999996],[-44.83684859999994,-23.386960099999953],[-44.836955099999955,-23.387005599999952],[-44.837366,-23.387160499999936],[-44.837467699999934,-23.38709929999993],[-44.83750249999997,-23.386832899999945],[-44.837624699999935,-23.38658769999995],[-44.837842499999965,-23.386461399999973],[-44.83809889999998,-23.38643449999995],[-44.838306099999954,-23.38645249999996],[-44.838573,-23.38645269999995],[-44.838869,-23.386525699999936],[-44.83911,-23.38669109999995],[-44.83907019999998,-23.386870599999952],[-44.83921869999995,-23.386971899999935],[-44.83929059999997,-23.38714619999996],[-44.839410199999975,-23.387329299999976],[-44.83947449999994,-23.387447099999974],[-44.83943539999996,-23.38763229999995],[-44.83964129999998,-23.387816199999975],[-44.83988939999995,-23.388008],[-44.840161499999965,-23.38823059999993],[-44.840269399999954,-23.388403599999947],[-44.84041369999994,-23.388368299999968],[-44.84051339999996,-23.38829929999997],[-44.84050639999998,-23.38813719999996],[-44.840638799999965,-23.388098399999933],[-44.840828199999976,-23.38816859999997],[-44.84118749999993,-23.388175],[-44.84144149999997,-23.388102299999957],[-44.841793,-23.388009499999953],[-44.84184309999995,-23.388096099999927],[-44.84201059999998,-23.388144799999964],[-44.84215759999995,-23.388027199999954],[-44.842097499999966,-23.387873299999967],[-44.84226049999995,-23.38771],[-44.842578799999956,-23.38749169999994],[-44.842719099999954,-23.387586099999965],[-44.84282369999994,-23.387603],[-44.84298809999996,-23.38771079999998],[-44.84323039999998,-23.387698399999977],[-44.843308899999954,-23.387630099999967],[-44.84343069999994,-23.387518499999942],[-44.843470099999934,-23.387369499999977],[-44.84350459999996,-23.387233099999946],[-44.84361869999998,-23.387053099999946],[-44.84386029999996,-23.38698169999998],[-44.84391629999993,-23.387044499999945],[-44.84392349999996,-23.38716979999998],[-44.84405039999996,-23.38732159999995],[-44.84418019999998,-23.38726159999993],[-44.84414419999996,-23.387123499999973],[-44.84423389999995,-23.387027399999965],[-44.844164,-23.38675829999994],[-44.84406379999996,-23.38672349999996],[-44.84401569999994,-23.386543699999947],[-44.84405149999998,-23.386347499999943],[-44.844128299999966,-23.38622319999996],[-44.84409759999994,-23.38608819999996],[-44.84395269999993,-23.38600269999995],[-44.84380459999994,-23.385841599999935],[-44.84369119999997,-23.385792599999945],[-44.843590699999936,-23.38585829999994],[-44.843481699999984,-23.38585429999995],[-44.84336369999994,-23.385590599999944],[-44.84336929999995,-23.385266399999978],[-44.843087899999944,-23.38501729999996],[-44.843006199999934,-23.384805299999982],[-44.84300669999993,-23.384655899999927],[-44.84310319999997,-23.38452259999997],[-44.84316409999997,-23.38443639999997],[-44.84310879999998,-23.384351699999968],[-44.843119599999966,-23.384272099999976],[-44.84318849999994,-23.38416589999997],[-44.843358,-23.384107299999982],[-44.84354989999997,-23.384056699999974],[-44.84356879999996,-23.383902],[-44.84372209999998,-23.38368959999997],[-44.843669199999965,-23.38343219999996],[-44.843679099999974,-23.38306549999993],[-44.84348709999995,-23.382726699999978],[-44.84322109999994,-23.38243579999994],[-44.843049,-23.382282],[-44.84291579999996,-23.382005299999946],[-44.84274419999997,-23.381568799999968],[-44.84249319999998,-23.381228299999975],[-44.84236729999998,-23.381134799999927],[-44.84233119999993,-23.38094689999997],[-44.842228499999976,-23.380697399999974],[-44.84197549999993,-23.380567699999972],[-44.84155789999994,-23.380218799999966],[-44.84132869999996,-23.38005329999993],[-44.841198099999986,-23.380062299999963],[-44.84099359999993,-23.38018969999996],[-44.84082019999994,-23.380210099999942],[-44.840718899999956,-23.380132],[-44.84061819999994,-23.38011649999993],[-44.840636899999936,-23.380052399999954],[-44.840695299999936,-23.380018099999972],[-44.84072269999996,-23.379905399999927],[-44.84058,-23.379839199999935],[-44.840599199999986,-23.379758399999957],[-44.84051549999998,-23.379687899999965],[-44.84034209999993,-23.37967029999993],[-44.84018919999994,-23.37969069999997],[-44.84008319999998,-23.379808],[-44.839896599999975,-23.37981689999998],[-44.839666299999976,-23.37978229999993],[-44.83925819999996,-23.37975789999996],[-44.83919949999995,-23.379742499999963],[-44.839185499999985,-23.379675599999928],[-44.839104299999974,-23.37962609999994],[-44.83902439999997,-23.379578],[-44.83897379999996,-23.379516199999955],[-44.838897,-23.379477899999983],[-44.83883689999993,-23.379466199999968],[-44.838812099999984,-23.379526899999973],[-44.83872119999995,-23.379553699999974],[-44.838570499999946,-23.379399299999932],[-44.83857729999994,-23.379218899999955],[-44.83852989999997,-23.379080399999964],[-44.838457699999935,-23.37903069999993],[-44.838423199999966,-23.37898789999997],[-44.83843139999993,-23.37895179999998],[-44.838472699999954,-23.378899699999977],[-44.83847289999994,-23.37883809999994],[-44.83845539999993,-23.37876259999996],[-44.838402299999984,-23.37872619999996],[-44.838351699999976,-23.37872649999997],[-44.838283599999954,-23.378731399999936],[-44.838215799999944,-23.37864509999997],[-44.83816019999995,-23.37840259999996],[-44.83820069999996,-23.378080799999964],[-44.838242099999945,-23.377758099999937],[-44.838337699999954,-23.377388099999962],[-44.838458199999934,-23.37692459999994],[-44.83863229999997,-23.37657109999998],[-44.838807299999985,-23.376298899999938],[-44.83902559999996,-23.375960799999973],[-44.83926219999995,-23.37564139999995],[-44.83938139999998,-23.375403199999937],[-44.83952709999994,-23.37528519999995],[-44.839604099999974,-23.375238099999933],[-44.83967529999995,-23.375214299999982],[-44.83974189999998,-23.37521339999995],[-44.83981689999996,-23.37522619999993],[-44.839897399999984,-23.375211199999967],[-44.83996029999997,-23.37522649999994],[-44.84000469999995,-23.375172499999962],[-44.839980399999945,-23.375089299999956],[-44.83994839999997,-23.375013399999943],[-44.83988549999998,-23.37498009999996],[-44.839797199999964,-23.374993699999948],[-44.83974829999994,-23.375017899999932],[-44.83970939999995,-23.374972799999966],[-44.83968079999994,-23.374913899999967],[-44.839608699999985,-23.37483359999993],[-44.839539799999955,-23.374730299999953],[-44.839444699999945,-23.374586699999952],[-44.83913,-23.37422769999995],[-44.83880469999997,-23.37388889999994],[-44.83845309999998,-23.37358],[-44.83829129999998,-23.373323599999935],[-44.83788589999995,-23.372981899999957],[-44.837522699999965,-23.37275479999994],[-44.83725629999998,-23.372616499999936],[-44.837042199999985,-23.372487],[-44.836835399999984,-23.372293799999966],[-44.836728499999936,-23.372049299999958],[-44.836685099999954,-23.371619],[-44.836889499999984,-23.371096799999975],[-44.836829499999965,-23.370451299999957],[-44.83681549999994,-23.37001349999997],[-44.836865099999955,-23.36958809999993],[-44.83702029999995,-23.369355],[-44.837426799999946,-23.36907089999994],[-44.83796989999996,-23.36861719999996],[-44.83826339999996,-23.36832409999994],[-44.83864639999996,-23.367881199999943],[-44.83902939999996,-23.367438299999947],[-44.839351799999974,-23.367143299999952],[-44.83960349999995,-23.366949699999964],[-44.83986549999997,-23.366719099999955],[-44.840077099999974,-23.366488499999946],[-44.840288499999986,-23.366285799999957],[-44.840580699999975,-23.366036599999973],[-44.84090279999998,-23.365769499999942],[-44.84117329999998,-23.365558499999963],[-44.84161289999997,-23.36520429999996],[-44.842025099999944,-23.364872899999966],[-44.84250609999998,-23.36446669999998],[-44.84279809999998,-23.36420879999997],[-44.84318809999996,-23.363924],[-44.843714,-23.363593099999946],[-44.84421679999997,-23.36328839999993],[-44.84460319999994,-23.363071099999956],[-44.84492919999997,-23.362912],[-44.845430599999986,-23.362682399999983],[-44.846002399999975,-23.36244339999996],[-44.846374399999945,-23.362323799999956],[-44.84691219999996,-23.36213479999998],[-44.847401099999956,-23.361937199999943],[-44.84777639999993,-23.361816099999942],[-44.84822329999997,-23.361663299999975],[-44.848803,-23.361468],[-44.849357699999985,-23.361268699999982],[-44.84987049999995,-23.36107469999996],[-44.850271299999974,-23.36095819999997],[-44.85073489999996,-23.360811099999978],[-44.85124289999993,-23.36064719999996],[-44.85181689999996,-23.360481499999935],[-44.852449699999966,-23.360334799999976],[-44.852791399999944,-23.360243],[-44.85311309999997,-23.360169499999927],[-44.853625499999964,-23.360001099999977],[-44.854138499999976,-23.359900099999948],[-44.854823299999964,-23.359687899999983],[-44.855583399999944,-23.35948419999994],[-44.85627139999997,-23.35931929999998],[-44.856813699999975,-23.359144199999946],[-44.857188399999984,-23.35904929999998],[-44.85761359999998,-23.358942699999943],[-44.85800589999997,-23.35886849999997],[-44.85834909999994,-23.358768099999963],[-44.85874149999995,-23.35867429999996],[-44.85924069999993,-23.358553899999947],[-44.859707699999944,-23.358446899999933],[-44.860140899999976,-23.358320499999934],[-44.860771399999976,-23.358172899999943],[-44.86139079999998,-23.35799849999995],[-44.861906799999986,-23.357840099999976],[-44.86249729999997,-23.357685199999935],[-44.862906399999986,-23.357548299999962],[-44.86339769999995,-23.35738619999995],[-44.863801499999965,-23.357259],[-44.864340399999946,-23.35712259999997],[-44.86478119999998,-23.357028299999968],[-44.86516779999994,-23.356958799999973],[-44.86550459999995,-23.357124599999963],[-44.86575959999993,-23.357237],[-44.86601979999995,-23.357415599999968],[-44.866214699999944,-23.357648299999937],[-44.86646909999996,-23.35784579999995],[-44.866772899999944,-23.35804779999995],[-44.867159,-23.358140799999944],[-44.867376099999944,-23.358119699999975],[-44.86769479999998,-23.358158699999933],[-44.86793739999996,-23.35822419999994],[-44.86816939999994,-23.358326699999964],[-44.868519,-23.35836269999993],[-44.868866699999955,-23.35842059999993],[-44.869252899999935,-23.35847149999995],[-44.86959109999998,-23.35854469999998],[-44.86992239999995,-23.358573499999977],[-44.870316199999934,-23.35868359999995],[-44.87056849999993,-23.358734199999958],[-44.87071179999998,-23.35894179999997],[-44.87087509999998,-23.359140099999934],[-44.870925,-23.35932319999995],[-44.87075809999993,-23.359504199999947],[-44.870682199999976,-23.359720599999946],[-44.87057469999996,-23.36001829999998],[-44.87067259999998,-23.360244399999942],[-44.870875199999944,-23.360469699999953],[-44.87106159999996,-23.36071759999993],[-44.87131339999996,-23.360878599999978],[-44.87163179999993,-23.360965499999963],[-44.87195529999997,-23.361027099999944],[-44.87221919999996,-23.361079099999927],[-44.87245819999998,-23.361097099999938],[-44.87273339999996,-23.36127819999996],[-44.87287859999998,-23.361429199999975],[-44.873087699999985,-23.361560899999972],[-44.87312349999996,-23.361769],[-44.873162899999954,-23.361971899999958],[-44.87319949999994,-23.362132299999928],[-44.87336329999994,-23.362190899999973],[-44.87356119999998,-23.362256599999967],[-44.873743,-23.36245279999997],[-44.874009299999955,-23.362575499999934],[-44.87419289999997,-23.362698099999932],[-44.87431109999994,-23.362828299999933],[-44.874438399999974,-23.362936099999956],[-44.87420139999995,-23.363255599999945],[-44.87414629999995,-23.363450099999966],[-44.87422939999993,-23.36366869999995],[-44.87409739999998,-23.36383059999997],[-44.87405729999995,-23.363972899999965],[-44.87422589999994,-23.364130699999976],[-44.874416199999985,-23.36419049999995],[-44.874574,-23.364319299999977],[-44.87473109999996,-23.364411899999936],[-44.874931699999934,-23.36443909999997],[-44.875090399999976,-23.364416499999948],[-44.87529779999994,-23.364334799999938],[-44.87549039999993,-23.364306],[-44.87556369999993,-23.364171399999975],[-44.875655,-23.363976599999944],[-44.87579359999995,-23.36388469999997],[-44.875882299999944,-23.36366929999997],[-44.876026699999954,-23.363559799999962],[-44.876203499999974,-23.36339769999995],[-44.876288399999964,-23.363272499999937],[-44.87630679999995,-23.36311919999997],[-44.87628309999997,-23.362966299999982],[-44.876463799999954,-23.36287969999995],[-44.87675059999998,-23.36289819999996],[-44.877085499999964,-23.362937099999954],[-44.877494,-23.36301119999996],[-44.87797569999998,-23.363064099999974],[-44.87858509999995,-23.363080699999955],[-44.87906469999996,-23.36305959999993],[-44.87952,-23.363082799999972],[-44.87990789999998,-23.363144899999952],[-44.880406799999946,-23.363209299999937],[-44.88082689999993,-23.363248899999974],[-44.881491,-23.363266299999964],[-44.88188509999998,-23.36328089999995],[-44.882231099999956,-23.36331649999994],[-44.882295699999986,-23.363395],[-44.88234109999996,-23.36352759999994],[-44.882399299999975,-23.36378209999998],[-44.88252589999996,-23.363921],[-44.88272059999997,-23.364089599999943],[-44.88291379999998,-23.364403299999935],[-44.883004899999946,-23.364732599999968],[-44.88307359999993,-23.364953199999945],[-44.883217299999956,-23.365157799999963],[-44.88350139999994,-23.365386299999955],[-44.88361379999998,-23.36563149999995],[-44.88385389999996,-23.36585709999997],[-44.884032,-23.366087899999968],[-44.88432309999996,-23.366298099999938],[-44.884567199999935,-23.366472199999976],[-44.884711599999946,-23.366690499999947],[-44.88493669999997,-23.36678539999997],[-44.884924299999966,-23.366965799999946],[-44.88489649999997,-23.367183199999943],[-44.88476659999998,-23.367459399999973],[-44.88467079999998,-23.36781549999995],[-44.88470829999994,-23.36806919999998],[-44.88461879999994,-23.368278199999963],[-44.884505299999944,-23.36853119999995],[-44.88448609999995,-23.368879],[-44.88445989999997,-23.369082099999957],[-44.88454129999997,-23.36930149999995],[-44.88464909999993,-23.36957769999998],[-44.88478339999995,-23.369752799999958],[-44.885055499999964,-23.369993799999975],[-44.88532529999998,-23.370190799999932],[-44.88557449999996,-23.370395599999938],[-44.88585269999993,-23.370490899999936],[-44.886032899999975,-23.37045329999995],[-44.886240499999985,-23.37052559999995],[-44.88654339999994,-23.370690499999967],[-44.88677979999994,-23.370846],[-44.887004299999944,-23.371072099999935],[-44.88715509999997,-23.37123909999997],[-44.887289599999974,-23.371413099999927],[-44.88755789999993,-23.37158919999996],[-44.88786139999996,-23.37161679999997],[-44.88811789999994,-23.371678499999973],[-44.88833439999996,-23.371842799999968],[-44.88850959999996,-23.372013799999934],[-44.888754,-23.372235199999977],[-44.888992299999984,-23.372435499999938],[-44.88940269999995,-23.37260169999996],[-44.88978229999998,-23.37269639999994],[-44.890099299999974,-23.37265309999998],[-44.89043879999997,-23.372580899999946],[-44.89068379999998,-23.372479599999963],[-44.890905299999986,-23.372262199999966],[-44.890941099999964,-23.37197649999996],[-44.89120849999995,-23.371721299999933],[-44.89151789999994,-23.37150769999994],[-44.89176549999996,-23.371285399999977],[-44.89205259999994,-23.37107649999996],[-44.89216609999994,-23.370776499999977],[-44.89221769999995,-23.37049109999998],[-44.89232339999995,-23.37017389999994],[-44.89217039999994,-23.36982039999998],[-44.89202,-23.369569499999955],[-44.89185359999993,-23.369388399999934],[-44.891656599999976,-23.369233899999983],[-44.89141319999993,-23.369107799999938],[-44.89123409999996,-23.36895789999994],[-44.89108059999995,-23.369021699999962],[-44.89085419999998,-23.368985599999974],[-44.89065709999994,-23.368951799999934],[-44.890355399999976,-23.368840399999954],[-44.890071199999966,-23.368811499999936],[-44.88991729999998,-23.368612],[-44.88979819999997,-23.368312499999945],[-44.88970349999994,-23.36804049999995],[-44.88964629999998,-23.36769709999993],[-44.88959229999995,-23.36741619999998],[-44.88946249999998,-23.367277399999978],[-44.889286399999946,-23.367190299999947],[-44.88917739999994,-23.367101499999933],[-44.889052799999945,-23.36686059999994],[-44.88889429999995,-23.366817399999945],[-44.88887209999996,-23.366816099999937],[-44.88868679999996,-23.36682069999995],[-44.888512599999956,-23.366662599999927],[-44.888412,-23.366411399999947],[-44.88823759999997,-23.366198399999973],[-44.888029,-23.366032299999972],[-44.88792319999993,-23.365840299999945],[-44.887757499999964,-23.36578559999998],[-44.887608299999954,-23.365803899999946],[-44.88748879999997,-23.365739899999937],[-44.88739089999996,-23.365587199999936],[-44.887316099999964,-23.365323399999966],[-44.887306799999976,-23.364964],[-44.887330299999974,-23.36468469999994],[-44.88735829999996,-23.364287799999943],[-44.88744249999996,-23.36391],[-44.88761759999994,-23.36336229999995],[-44.887812699999984,-23.362871299999938],[-44.88792559999996,-23.362832199999957],[-44.88805449999995,-23.362687799999946],[-44.88800579999997,-23.36248519999998],[-44.88802139999996,-23.36227249999996],[-44.888085599999954,-23.36207559999997],[-44.888207299999976,-23.361788699999977],[-44.888330199999984,-23.361491],[-44.88850469999994,-23.36104119999993],[-44.88868249999996,-23.360653199999945],[-44.888818199999946,-23.360346899999968],[-44.88897009999994,-23.36005179999995],[-44.88913969999993,-23.35966659999997],[-44.88929869999998,-23.359542699999963],[-44.889552899999956,-23.35953849999993],[-44.889863299999945,-23.359523399999944],[-44.890231599999936,-23.359568699999954],[-44.89056739999995,-23.359459],[-44.89075269999995,-23.359285799999952],[-44.89074379999994,-23.359019099999955],[-44.89063239999996,-23.358703899999966],[-44.89042389999997,-23.358511199999953],[-44.89027169999997,-23.35841449999998],[-44.89000759999993,-23.35828639999994],[-44.889768799999956,-23.358159],[-44.88962609999993,-23.358055499999978],[-44.88946819999995,-23.35788729999996],[-44.88923219999998,-23.35762429999994],[-44.88905029999995,-23.35732749999994],[-44.88882149999995,-23.357037099999957],[-44.888562699999966,-23.35676179999996],[-44.888313,-23.356438899999944],[-44.88811689999994,-23.356213],[-44.88805209999998,-23.355991099999983],[-44.88795789999995,-23.355773299999953],[-44.88794629999995,-23.35554419999994],[-44.88799889999996,-23.35526959999993],[-44.88799229999995,-23.355002599999978],[-44.887991099999965,-23.35494879999993],[-44.88796639999998,-23.354649799999947],[-44.88788639999996,-23.354417],[-44.887768,-23.35424329999995],[-44.887601899999936,-23.354025599999943],[-44.88727,-23.35376229999997],[-44.887087099999974,-23.353589599999964],[-44.88672989999998,-23.353543799999954],[-44.886524099999974,-23.35342179999998],[-44.88623379999996,-23.35331919999993],[-44.885933799999975,-23.353034099999945],[-44.88565589999996,-23.35285989999994],[-44.88549429999995,-23.35266439999998],[-44.88526919999998,-23.352554099999963],[-44.885117099999945,-23.352573],[-44.88500779999998,-23.352394699999934],[-44.88486629999994,-23.35221489999998],[-44.884709,-23.35194869999998],[-44.88460649999996,-23.351783],[-44.88439249999993,-23.351545699999974],[-44.88414519999998,-23.351386099999957],[-44.88401729999998,-23.351305899999943],[-44.88389739999997,-23.351291199999935],[-44.88380209999997,-23.351436699999965],[-44.883693499999936,-23.35165089999998],[-44.883466699999985,-23.35183509999996],[-44.88326429999995,-23.35183969999997],[-44.883140899999944,-23.35192319999993],[-44.88296249999996,-23.351995],[-44.88284909999993,-23.351859399999967],[-44.88263189999998,-23.351560399999983],[-44.88237039999996,-23.35107929999998],[-44.882192499999974,-23.350644399999965],[-44.882106299999975,-23.35002149999997],[-44.88210159999994,-23.349331399999983],[-44.882165199999974,-23.348757599999942],[-44.88223809999994,-23.34828619999996],[-44.88230989999994,-23.347873799999945],[-44.88244179999998,-23.347353599999963],[-44.88258209999998,-23.34699379999995],[-44.88272569999998,-23.34667589999998],[-44.882841,-23.346394],[-44.88301819999998,-23.34604769999993],[-44.883195,-23.34572359999993],[-44.88337359999997,-23.34537],[-44.883614799999975,-23.344891899999936],[-44.883806799999945,-23.344522799999936],[-44.883951399999944,-23.34426119999995],[-44.88405609999995,-23.34401779999996],[-44.884227099999976,-23.343688399999962],[-44.88436189999993,-23.343450399999938],[-44.88449869999994,-23.343192599999952],[-44.884667699999966,-23.342890499999953],[-44.88486889999996,-23.342603099999963],[-44.885058199999946,-23.34237539999998],[-44.885163,-23.342161399999952],[-44.88532379999998,-23.341940499999964],[-44.88551669999998,-23.341749],[-44.885782,-23.341461699999968],[-44.88607969999998,-23.341115299999956],[-44.886400899999956,-23.340762199999972],[-44.886706199999935,-23.34046029999996],[-44.88693079999996,-23.340195799999947],[-44.887081,-23.340036],[-44.887193199999956,-23.339800599999933],[-44.88726569999994,-23.339358499999946],[-44.88721819999995,-23.339026799999942],[-44.88764249999997,-23.33871709999994],[-44.887851299999966,-23.33882049999994],[-44.888277699999946,-23.338821399999972],[-44.88879129999998,-23.338800899999967],[-44.88925509999996,-23.33875039999998],[-44.88985249999996,-23.33858349999997],[-44.89025179999993,-23.338422599999944],[-44.890653,-23.338231399999927],[-44.89090269999997,-23.338120699999934],[-44.89140979999996,-23.33781],[-44.891778199999976,-23.337597199999948],[-44.89223549999997,-23.337362],[-44.89298859999997,-23.337082599999974],[-44.89354829999996,-23.336898299999973],[-44.894055899999955,-23.33673209999995],[-44.894443499999966,-23.336583599999983],[-44.89494929999995,-23.336432899999977],[-44.895542,-23.336265399999945],[-44.89610389999996,-23.33609759999996],[-44.896839899999975,-23.33584179999997],[-44.89751239999998,-23.335649],[-44.89817329999994,-23.335484699999938],[-44.898715299999935,-23.33535809999995],[-44.89927709999995,-23.335223699999972],[-44.89967889999997,-23.335122099999978],[-44.90015779999993,-23.334990199999936],[-44.90065589999995,-23.33486359999995],[-44.90097689999993,-23.33479829999993],[-44.90182089999996,-23.334632399999975],[-44.90254679999998,-23.334533],[-44.90310929999998,-23.334405],[-44.90373,-23.33431239999993],[-44.90495069999997,-23.334114299999953],[-44.90566339999998,-23.334017099999983],[-44.90637419999996,-23.334007799999938],[-44.90699939999996,-23.33402229999996],[-44.90750409999998,-23.334030199999972],[-44.908010599999955,-23.33407159999996],[-44.90815559999993,-23.334166299999936],[-44.90822859999997,-23.334505099999944],[-44.908360899999934,-23.33484909999993],[-44.908532599999944,-23.335175599999957],[-44.90869679999997,-23.33539589999998],[-44.90892429999997,-23.335563199999967],[-44.909121,-23.335663299999965],[-44.90940829999994,-23.33566609999997],[-44.909616,-23.33558709999994],[-44.90980889999997,-23.33560149999994],[-44.91003669999998,-23.335631199999966],[-44.91028879999993,-23.335672399999964],[-44.91050569999993,-23.33575069999995],[-44.91072889999998,-23.335823799999957],[-44.911017,-23.33594379999994],[-44.911217499999964,-23.336033],[-44.91138319999993,-23.33614369999998],[-44.91156689999997,-23.336245],[-44.91168,-23.336346599999956],[-44.91179839999995,-23.33644959999998],[-44.91193479999998,-23.336606399999937],[-44.912035499999945,-23.336725299999955],[-44.912165899999934,-23.33690889999997],[-44.912347,-23.33717349999995],[-44.91238039999996,-23.33735669999993],[-44.912344,-23.337501799999927],[-44.912256499999955,-23.337550499999963],[-44.912153099999955,-23.337601],[-44.91213839999995,-23.337748399999953],[-44.91200969999994,-23.337902799999938],[-44.91193959999998,-23.337998099999936],[-44.911846899999944,-23.33807779999995],[-44.911733,-23.338142699999935],[-44.91166949999996,-23.338090799999975],[-44.911526,-23.33808879999998],[-44.911350099999936,-23.33816029999997],[-44.91123,-23.338291099999935],[-44.911068099999966,-23.338443599999948],[-44.91096349999998,-23.33860459999994],[-44.91110589999994,-23.338813699999946],[-44.911146,-23.338987499999973],[-44.911116,-23.339210199999968],[-44.911221299999966,-23.33944749999995],[-44.911369699999966,-23.33965829999994],[-44.91149819999998,-23.339920399999983],[-44.91152349999993,-23.34018229999998],[-44.91165459999996,-23.34033169999998],[-44.91181369999998,-23.340501399999937],[-44.91186619999996,-23.34066779999995],[-44.91188079999995,-23.34083069999997],[-44.911915299999976,-23.34097719999994],[-44.912065,-23.34113629999996],[-44.91228789999997,-23.341282699999965],[-44.91252459999998,-23.341431299999954],[-44.91274489999995,-23.341542499999946],[-44.91294879999998,-23.341656399999977],[-44.913174899999945,-23.34182889999994],[-44.91328869999995,-23.34203549999995],[-44.91332059999996,-23.342259399999932],[-44.91315709999998,-23.342415699999947],[-44.913031099999955,-23.342547599999932],[-44.91288179999998,-23.342667499999948],[-44.912895799999944,-23.342857],[-44.91300389999998,-23.34291909999996],[-44.913199,-23.34291449999995],[-44.91329029999997,-23.342992],[-44.913351699999964,-23.343117199999938],[-44.913473599999975,-23.343263299999933],[-44.91358839999998,-23.34342909999998],[-44.91377,-23.343547099999967],[-44.91380439999995,-23.343711799999937],[-44.91375169999998,-23.343818099999964],[-44.913796899999966,-23.343948299999965],[-44.913914699999964,-23.344115899999963],[-44.91396049999997,-23.34422479999995],[-44.91416829999997,-23.344423099999972],[-44.91439209999993,-23.344516299999952],[-44.91459869999994,-23.344590099999948],[-44.91477609999998,-23.344684799999982],[-44.91492859999994,-23.344870799999967],[-44.915007,-23.34500259999993],[-44.91513459999993,-23.345091399999944],[-44.91531469999995,-23.345221],[-44.915552599999955,-23.34534919999993],[-44.915795799999955,-23.345496799999978],[-44.91600779999993,-23.345616399999983],[-44.91601739999993,-23.34575159999997],[-44.916092499999934,-23.345896799999935],[-44.916166199999964,-23.34613269999994],[-44.916234,-23.346262299999978],[-44.91637209999993,-23.34636809999995],[-44.91640159999997,-23.346517499999948],[-44.91640049999995,-23.346694299999967],[-44.916524799999934,-23.346785099999977],[-44.916684799999985,-23.346810499999947],[-44.91675349999997,-23.346914399999946],[-44.916814699999975,-23.347072699999956],[-44.91688689999995,-23.347185],[-44.91698789999998,-23.34739019999995],[-44.91710109999997,-23.34751529999994],[-44.91725239999994,-23.347697599999947],[-44.917467,-23.347868699999935],[-44.91753109999996,-23.34802389999993],[-44.91765049999998,-23.348185],[-44.917786,-23.348309599999936],[-44.917961899999966,-23.348509499999977],[-44.918198099999984,-23.34863749999994],[-44.91839029999994,-23.348757699999965],[-44.918557599999986,-23.348961299999928],[-44.91880679999997,-23.349084],[-44.91897309999996,-23.34920479999994],[-44.91922429999994,-23.349304099999983],[-44.919440099999974,-23.349355199999934],[-44.91960949999998,-23.349405299999944],[-44.91976569999997,-23.34952489999995],[-44.91988619999995,-23.349636199999964],[-44.919961099999966,-23.349794799999927],[-44.920163799999955,-23.349859599999945],[-44.920303,-23.34997139999996],[-44.920448599999986,-23.350138899999934],[-44.92066609999995,-23.35031479999998],[-44.920698899999934,-23.35045969999993],[-44.92082949999997,-23.350588499999958],[-44.92095189999998,-23.350660699999935],[-44.921004,-23.350774],[-44.92102989999995,-23.35091959999994],[-44.92129269999998,-23.35102379999995],[-44.92162289999993,-23.351099199999965],[-44.92189179999997,-23.351177899999982],[-44.92211759999998,-23.351225599999964],[-44.922336299999984,-23.35134709999994],[-44.922501599999975,-23.351427099999967],[-44.922701899999936,-23.351480599999945],[-44.92298,-23.351675],[-44.92327369999998,-23.351788599999963],[-44.92357,-23.351926299999946],[-44.92378379999997,-23.35205129999997],[-44.92401979999994,-23.35219239999998],[-44.924265299999945,-23.35231159999995],[-44.924557799999945,-23.352487],[-44.92481029999993,-23.35266869999998],[-44.925027099999966,-23.352898899999957],[-44.92516509999996,-23.353084699999954],[-44.92541539999996,-23.353228399999978],[-44.925678,-23.353245],[-44.92593409999995,-23.35315609999998],[-44.92604929999993,-23.35291079999996],[-44.92616289999995,-23.352858499999968],[-44.92621339999994,-23.352834599999937],[-44.92637019999995,-23.352729099999976],[-44.92639819999994,-23.352462699999933],[-44.92690249999998,-23.352458499999955],[-44.927135299999975,-23.35256739999994],[-44.92746249999993,-23.352723],[-44.92784539999997,-23.352820099999974],[-44.928176,-23.352917399999967],[-44.92859869999995,-23.353023899999982],[-44.928848,-23.353093],[-44.929147599999965,-23.35316739999996],[-44.929440599999964,-23.35321849999997],[-44.929797,-23.35329839999997],[-44.93020969999998,-23.35334809999995],[-44.930591,-23.35343249999994],[-44.931113,-23.353534],[-44.93146379999996,-23.353636499999936],[-44.93187229999995,-23.353733099999943],[-44.93235729999998,-23.353852899999936],[-44.93269019999997,-23.35396179999998],[-44.932951799999955,-23.354030499999965],[-44.933181299999944,-23.354087599999957],[-44.933537,-23.354173299999957],[-44.93381519999997,-23.354247699999974],[-44.934221699999966,-23.35435629999995],[-44.934566,-23.354453499999977],[-44.93495869999998,-23.354561599999954],[-44.93527089999998,-23.354653199999973],[-44.93566569999996,-23.354738399999974],[-44.935977,-23.35483],[-44.93625,-23.35490589999995],[-44.93650649999995,-23.35497259999994],[-44.93679359999993,-23.355023899999935],[-44.93715369999995,-23.35514859999995],[-44.937479199999984,-23.35529219999995],[-44.93774169999995,-23.355395399999964],[-44.938063099999965,-23.355527799999948],[-44.93853229999996,-23.35573169999998],[-44.93894709999995,-23.35590979999995],[-44.93932909999995,-23.356076599999938],[-44.939755299999945,-23.356243],[-44.940156499999944,-23.35639219999996],[-44.94055109999994,-23.356557799999962],[-44.94082989999998,-23.356677399999967],[-44.941210299999966,-23.356818499999974],[-44.941594,-23.356952],[-44.94184459999997,-23.35701309999996],[-44.942021899999986,-23.35704869999995],[-44.942150399999946,-23.357061399999964],[-44.94224849999995,-23.357184099999927],[-44.942316699999935,-23.357362199999955],[-44.942429699999934,-23.357533399999966],[-44.942474,-23.357699499999967],[-44.94251339999994,-23.357985799999938],[-44.94261359999996,-23.358147199999962],[-44.94257189999996,-23.358297599999958],[-44.94263179999996,-23.35840479999996],[-44.94280629999997,-23.358568699999978],[-44.942931,-23.358616499999982],[-44.94298769999995,-23.35882849999996],[-44.94306819999997,-23.359055],[-44.94312639999998,-23.359171799999956],[-44.943281,-23.359253099999933],[-44.943457199999955,-23.35939019999995],[-44.94361669999995,-23.35958279999994],[-44.94362789999997,-23.35971589999997],[-44.94367509999995,-23.359906499999965],[-44.943719,-23.36009409999997],[-44.94384149999996,-23.360287],[-44.94402489999993,-23.360415399999965],[-44.944199399999945,-23.360519599999975],[-44.94434339999998,-23.360682099999963],[-44.94451809999998,-23.360842699999978],[-44.94465629999996,-23.36104759999995],[-44.94481289999993,-23.361229699999967],[-44.944969199999946,-23.361353099999974],[-44.94509889999995,-23.361468799999955],[-44.945384,-23.361683099999937],[-44.945530099999985,-23.361820699999953],[-44.94581009999996,-23.361955199999954],[-44.94604909999998,-23.36211179999998],[-44.94636189999994,-23.36228929999993],[-44.946595499999944,-23.36246609999995],[-44.94686879999995,-23.362633899999935],[-44.947149399999944,-23.362711399999966],[-44.94731759999996,-23.362722599999927],[-44.94750329999994,-23.362932899999976],[-44.947641499999975,-23.363092],[-44.94785509999997,-23.363337799999954],[-44.94803979999995,-23.363546199999973],[-44.94825559999998,-23.363779],[-44.94848959999996,-23.36406439999996],[-44.94825009999994,-23.364221],[-44.948146099999974,-23.364296899999943],[-44.94805919999993,-23.364446],[-44.94806559999995,-23.36461],[-44.94811219999997,-23.364740799999936],[-44.948265299999946,-23.364833699999963],[-44.94835949999998,-23.36493429999996],[-44.948414,-23.365107],[-44.94842859999994,-23.365296299999954],[-44.94843959999997,-23.365623],[-44.948342699999955,-23.365682899999968],[-44.948204199999964,-23.365685499999927],[-44.94805289999994,-23.365863599999955],[-44.94800969999994,-23.365965],[-44.948034,-23.36605929999996],[-44.94813409999995,-23.366138],[-44.94826829999994,-23.366232799999977],[-44.94836369999996,-23.366313899999966],[-44.94837329999996,-23.366385799999932],[-44.948344099999986,-23.366471199999978],[-44.94828549999994,-23.366537199999982],[-44.94818969999994,-23.36659839999993],[-44.94802389999995,-23.366664799999967],[-44.94789879999996,-23.366693399999974],[-44.947636099999954,-23.366991],[-44.94758619999993,-23.367109],[-44.94773859999998,-23.36718929999995],[-44.947794399999964,-23.36736049999996],[-44.94781259999996,-23.367560699999956],[-44.94778439999993,-23.367683099999965],[-44.94785189999993,-23.367822799999942],[-44.947889299999986,-23.368029],[-44.94797619999997,-23.36822109999997],[-44.94802859999993,-23.368373899999938],[-44.94812479999996,-23.368526799999927],[-44.94817739999996,-23.36871969999993],[-44.948274099999935,-23.368929099999946],[-44.948371,-23.369139],[-44.94850239999994,-23.369251799999972],[-44.94868669999994,-23.369421099999954],[-44.94883139999996,-23.369534099999953],[-44.94896309999996,-23.36967859999993],[-44.949021699999946,-23.36985549999997],[-44.949153499999966,-23.36996229999994],[-44.94928649999997,-23.37008129999998],[-44.94941979999993,-23.37017789999993],[-44.94953609999993,-23.370291],[-44.94964539999995,-23.370434],[-44.94974109999998,-23.370557099999928],[-44.949868599999945,-23.370775399999957],[-44.94996209999994,-23.370942499999956],[-44.95007969999995,-23.371202099999948],[-44.950195,-23.371483099999978],[-44.95023219999996,-23.371694],[-44.95020939999995,-23.371896499999934],[-44.95024139999998,-23.37204849999995],[-44.95030369999995,-23.37226759999993],[-44.95036189999996,-23.372424699999954],[-44.950496699999974,-23.37247709999997],[-44.95062959999996,-23.372557099999938],[-44.95066579999997,-23.372636499999942],[-44.950685299999975,-23.372723399999927],[-44.950645,-23.372782899999947],[-44.95052289999995,-23.372826799999928],[-44.95037609999997,-23.37291129999994],[-44.95027,-23.37300529999993],[-44.95011839999995,-23.37312069999996],[-44.95005859999998,-23.373270399999967],[-44.950076,-23.373444],[-44.95001149999996,-23.373514],[-44.94983649999995,-23.37367469999998],[-44.94964489999995,-23.37377189999995],[-44.94955659999994,-23.37372469999997],[-44.949453699999935,-23.37385649999993],[-44.94939789999995,-23.374003199999947],[-44.94928349999998,-23.374165699999935],[-44.94933559999998,-23.374290599999938],[-44.94935609999993,-23.37448889999996],[-44.94935819999995,-23.374630699999955],[-44.949276699999984,-23.374706599999968],[-44.94925519999998,-23.374726599999974],[-44.94914389999997,-23.37491849999998],[-44.94912849999997,-23.375112099999967],[-44.949087299999974,-23.375337],[-44.94915489999994,-23.37565909999995],[-44.94919669999996,-23.375929],[-44.94925809999995,-23.376227599999936],[-44.94925779999994,-23.376413899999932],[-44.949285499999974,-23.37666509999997],[-44.949271,-23.37687879999993],[-44.94919839999994,-23.377047699999935],[-44.94917819999995,-23.377240599999936],[-44.94925729999994,-23.37741589999996],[-44.949378699999954,-23.377550699999972],[-44.94941609999995,-23.37779469999998],[-44.94946289999996,-23.37799069999994],[-44.94934529999995,-23.37807269999996],[-44.94927859999996,-23.378167599999983],[-44.94922269999995,-23.37827859999993],[-44.94933589999994,-23.37843829999997],[-44.94933409999993,-23.378644299999962],[-44.94955479999993,-23.37882419999994],[-44.949810499999955,-23.378874499999938],[-44.950014099999976,-23.378989699999977],[-44.950212299999976,-23.379027599999972],[-44.950499599999944,-23.379130799999928],[-44.950832,-23.379111699999953],[-44.95106709999993,-23.37918449999995],[-44.95136689999998,-23.37924579999998],[-44.95157819999997,-23.379422399999953],[-44.95168419999993,-23.37953829999998],[-44.95193429999995,-23.379574499999933],[-44.952063599999974,-23.379479299999957],[-44.95216719999996,-23.379367],[-44.952272499999935,-23.37933689999994],[-44.95235719999994,-23.37936959999996],[-44.952547,-23.379357399999947],[-44.95267379999996,-23.37923459999996],[-44.95287289999993,-23.379133],[-44.953154799999936,-23.379058199999974],[-44.953511,-23.378920799999946],[-44.95373809999995,-23.378962799999954],[-44.95408409999993,-23.37890159999995],[-44.954391699999974,-23.378891299999964],[-44.95477529999994,-23.37890569999996],[-44.95500769999995,-23.378968099999952],[-44.95522459999995,-23.37900039999994],[-44.955483699999945,-23.37894689999996],[-44.955702,-23.378949099999943],[-44.95596589999997,-23.379016199999967],[-44.95639269999998,-23.379137],[-44.95672429999996,-23.379228199999943],[-44.95705919999995,-23.37930819999997],[-44.95749839999996,-23.379409599999974],[-44.95785049999995,-23.37945959999996],[-44.958143,-23.379518399999938],[-44.95846739999996,-23.379565199999945],[-44.958867099999964,-23.37964759999994],[-44.959088399999985,-23.37968859999995],[-44.959392299999934,-23.379759399999955],[-44.95978229999997,-23.37986619999998],[-44.96008029999996,-23.380006399999957],[-44.960346,-23.38015919999998],[-44.96056949999996,-23.380318699999975],[-44.96076339999996,-23.380454399999962],[-44.960974299999975,-23.380660899999953],[-44.96119559999994,-23.38089109999993],[-44.96136539999998,-23.38108559999995],[-44.961500899999976,-23.381303299999956],[-44.96159479999994,-23.381521199999952],[-44.96164239999996,-23.38169249999993],[-44.961661,-23.381813799999975],[-44.96134619999998,-23.38186289999993],[-44.96113059999993,-23.382055799999932],[-44.96087739999996,-23.382335199999943],[-44.96078609999995,-23.38247549999994],[-44.960802599999965,-23.382720499999948],[-44.960582,-23.38295759999994],[-44.96039939999997,-23.38317049999995],[-44.960456299999976,-23.383276],[-44.96066079999997,-23.383436899999936],[-44.960915599999964,-23.383555299999955],[-44.96122369999995,-23.383616099999983],[-44.96151569999995,-23.383726],[-44.96177769999997,-23.38378389999997],[-44.96207549999997,-23.383903699999962],[-44.96233909999995,-23.384050799999955],[-44.962646,-23.384262399999955],[-44.96290579999993,-23.384440499999982],[-44.963002,-23.384549],[-44.96304879999997,-23.38459809999995],[-44.96316869999998,-23.384737],[-44.96336,-23.384986899999944],[-44.96336429999997,-23.384992499999953],[-44.963478399999985,-23.385212299999978],[-44.96348809999995,-23.385375799999963],[-44.963350799999944,-23.385492],[-44.96316749999994,-23.38550429999998],[-44.962943199999984,-23.38556879999993],[-44.962853199999984,-23.385743799999943],[-44.962791799999934,-23.385919],[-44.96291819999993,-23.38611389999994],[-44.96309469999994,-23.38634469999994],[-44.963528,-23.386533199999974],[-44.96381469999994,-23.386718],[-44.964253,-23.386843299999953],[-44.964433499999984,-23.38693969999997],[-44.96479289999996,-23.386941199999967],[-44.96507079999998,-23.387055699999962],[-44.965463099999965,-23.387099699999965],[-44.96597069999996,-23.38705609999994],[-44.96626209999994,-23.386884299999963],[-44.96643629999994,-23.38665359999993],[-44.96667279999997,-23.386400299999934],[-44.96683779999995,-23.38632139999993],[-44.96698269999996,-23.386380499999973],[-44.96722319999998,-23.38652109999998],[-44.96747559999994,-23.38666319999993],[-44.96776489999996,-23.386822199999983],[-44.96800039999994,-23.386950799999966],[-44.96824079999993,-23.38711589999997],[-44.96837389999996,-23.387200399999983],[-44.96851909999998,-23.387199599999974],[-44.96857069999993,-23.387327],[-44.96871259999995,-23.387470599999972],[-44.968948599999976,-23.387620899999945],[-44.96918419999997,-23.387757499999964],[-44.969503799999984,-23.387913599999933],[-44.96977039999996,-23.388053799999966],[-44.97005509999997,-23.38821189999993],[-44.970286399999964,-23.38834],[-44.970487899999966,-23.388472],[-44.97080459999995,-23.388701],[-44.971093,-23.388906499999962],[-44.97132639999995,-23.38910889999994],[-44.971575,-23.38935189999995],[-44.97175989999994,-23.38953159999994],[-44.97188459999995,-23.389683899999966],[-44.972006,-23.38984849999997],[-44.972154,-23.390080799999964],[-44.972288,-23.390327499999955],[-44.97246869999998,-23.390649],[-44.97259429999997,-23.390999499999964],[-44.97266339999993,-23.39136129999997],[-44.97265239999996,-23.39164969999996],[-44.97261489999994,-23.391934899999967],[-44.972557,-23.392150499999957],[-44.972502299999974,-23.39235089999994],[-44.972405,-23.39258469999993],[-44.97227859999998,-23.392787099999964],[-44.97212919999998,-23.392919699999936],[-44.97200469999996,-23.392824899999937],[-44.971772199999975,-23.39280789999998],[-44.97160109999993,-23.392827],[-44.97137419999996,-23.392725],[-44.97128959999998,-23.392550299999982],[-44.97101249999997,-23.392464099999927],[-44.97086879999995,-23.392597799999976],[-44.970800199999985,-23.392790899999966],[-44.97071289999997,-23.392913799999974],[-44.97063549999996,-23.393098899999927],[-44.97064389999997,-23.3933],[-44.970471799999984,-23.39356769999995],[-44.97053869999996,-23.39377879999995],[-44.97061149999996,-23.39394569999996],[-44.970874899999956,-23.39407719999997],[-44.97129119999994,-23.394244],[-44.97164509999993,-23.394500599999958],[-44.972041399999966,-23.394614],[-44.972194299999956,-23.39472029999996],[-44.97245719999995,-23.39462969999994],[-44.972795099999985,-23.394724699999983],[-44.973054099999956,-23.39484749999997],[-44.97344019999997,-23.39494869999993],[-44.97373959999993,-23.395073599999932],[-44.973958599999946,-23.39528359999997],[-44.97401329999997,-23.395475199999964],[-44.97410449999995,-23.395583899999963],[-44.97429809999994,-23.395716499999935],[-44.97452089999996,-23.395858],[-44.97469179999996,-23.396032899999966],[-44.974772,-23.39633859999998],[-44.97477809999998,-23.39656679999996],[-44.974933,-23.396716399999946],[-44.97523329999996,-23.396865499999933],[-44.97531719999995,-23.397067799999945],[-44.975567199999944,-23.397313],[-44.97569939999994,-23.397595099999933],[-44.97588189999993,-23.397778699999947],[-44.97613249999995,-23.398020199999962],[-44.97623779999998,-23.398176399999954],[-44.976303299999984,-23.39841649999994],[-44.976408,-23.39872409999998],[-44.976426,-23.39899289999994],[-44.976511899999934,-23.39917989999998],[-44.976615599999946,-23.399358099999972],[-44.97669539999998,-23.39954149999994],[-44.97677539999995,-23.399803599999927],[-44.97683179999996,-23.399933499999975],[-44.976946699999985,-23.400130499999932],[-44.97708659999995,-23.40029059999995],[-44.977362,-23.400440499999945],[-44.977653,-23.400621899999976],[-44.97800189999998,-23.40069429999994],[-44.97833719999994,-23.40077649999995],[-44.978754899999956,-23.400862399999937],[-44.97910369999994,-23.400918099999956],[-44.979475399999956,-23.40096029999995],[-44.9798,-23.401058399999954],[-44.98014449999994,-23.401139099999966],[-44.980461,-23.401149499999974],[-44.98080159999995,-23.401237599999945],[-44.98084839999996,-23.401240299999927],[-44.98103789999993,-23.401246499999957],[-44.981215599999985,-23.401161499999944],[-44.981244499999946,-23.401062899999943],[-44.98118119999998,-23.400922899999955],[-44.98122859999995,-23.400783799999942],[-44.981294,-23.400691199999983],[-44.98121,-23.400536599999953],[-44.98103359999993,-23.400324599999976],[-44.980804399999954,-23.40013529999993],[-44.980620399999964,-23.39995],[-44.98061539999998,-23.399797499999977],[-44.98080059999995,-23.39953339999994],[-44.981014,-23.399347399999954],[-44.98128239999994,-23.399146799999983],[-44.98145989999995,-23.39887829999998],[-44.981452099999956,-23.39868809999996],[-44.981593799999985,-23.398355799999933],[-44.98170639999995,-23.398165399999982],[-44.981956399999945,-23.397919],[-44.98211619999995,-23.397754799999973],[-44.98225849999994,-23.397589299999936],[-44.98255349999994,-23.39743249999998],[-44.98277319999994,-23.39731859999995],[-44.98305949999997,-23.397196],[-44.98335519999995,-23.397117299999934],[-44.983708899999954,-23.397073499999976],[-44.984008,-23.397039199999938],[-44.98419209999997,-23.397035],[-44.98435189999998,-23.397093199999972],[-44.98444609999996,-23.39713569999998],[-44.98471909999995,-23.39715469999993],[-44.98495879999996,-23.397207],[-44.985125,-23.397245399999974],[-44.985314899999935,-23.39734729999998],[-44.98551219999996,-23.39748179999998],[-44.98575529999994,-23.39753079999997],[-44.98596029999993,-23.397572699999955],[-44.986232,-23.397649499999943],[-44.98646219999995,-23.397728099999938],[-44.986674,-23.397806899999978],[-44.98689559999997,-23.397907499999974],[-44.987165199999936,-23.398042199999963],[-44.98736789999998,-23.39815539999995],[-44.987537299999985,-23.39828659999995],[-44.98770609999997,-23.398445599999945],[-44.987785,-23.398595799999953],[-44.987758,-23.39876789999994],[-44.98771859999994,-23.398891299999946],[-44.987861599999974,-23.399020699999937],[-44.98804309999997,-23.39913569999993],[-44.98837549999996,-23.399058],[-44.988563,-23.398866699999928],[-44.988922499999944,-23.398911599999963],[-44.989126699999986,-23.39903359999994],[-44.98930729999995,-23.399051],[-44.98944889999996,-23.399077099999943],[-44.98976339999996,-23.399094499999933],[-44.989994399999944,-23.399059499999964],[-44.99013069999995,-23.398919199999966],[-44.99025969999997,-23.398695199999963],[-44.99046569999996,-23.39854889999998],[-44.99062329999998,-23.398446599999943],[-44.99083859999996,-23.398383899999942],[-44.99111349999998,-23.398208799999964],[-44.99129879999998,-23.398055399999976],[-44.991473,-23.397963],[-44.99157169999995,-23.397845599999982],[-44.99174789999995,-23.397780499999953],[-44.99192659999994,-23.397752499999967],[-44.99207859999996,-23.397657299999935],[-44.99222919999994,-23.397576499999957],[-44.992418,-23.397468799999956],[-44.99256939999998,-23.397406],[-44.99277479999995,-23.39730919999994],[-44.99341879999997,-23.397579599999972],[-44.99387589999998,-23.397774599999934],[-44.99444409999995,-23.398017299999935],[-44.99642749999998,-23.39897389999993],[-44.99866519999995,-23.400094399999944],[-45.00098379999997,-23.40132749999998],[-45.001203,-23.40144349999997],[-45.002918799999975,-23.40235089999993],[-45.00507049999993,-23.403485699999976],[-45.00678009999996,-23.404480099999944],[-45.008020399999964,-23.405291199999965],[-45.00885649999998,-23.40593259999997],[-45.00932809999995,-23.406452599999966],[-45.009573399999965,-23.406821199999968],[-45.009585399999935,-23.40698219999996],[-45.00955879999998,-23.407022],[-45.00952969999997,-23.407065599999953],[-45.00940989999998,-23.407142],[-45.00924379999998,-23.40711669999996],[-45.009127099999944,-23.407247499999983],[-45.00903079999995,-23.407412299999976],[-45.009022399999935,-23.40741209999993],[-45.00902819999993,-23.407470599999954],[-45.00903459999995,-23.407533799999953],[-45.00908869999995,-23.40764859999996],[-45.008973,-23.407729],[-45.008795599999985,-23.407799799999964],[-45.008785399999965,-23.407807499999933],[-45.00859329999997,-23.40795309999993],[-45.0085,-23.408078699999976],[-45.00841109999993,-23.408196],[-45.00841239999994,-23.408436],[-45.008515699999975,-23.40858849999995],[-45.00865339999996,-23.40873279999994],[-45.008726,-23.408800799999938],[-45.008711,-23.40888239999998],[-45.008546699999954,-23.409009499999968],[-45.008438499999954,-23.409147299999972],[-45.008354,-23.409285799999964],[-45.008380199999976,-23.409474399999965],[-45.00842989999995,-23.40958329999995],[-45.00848019999995,-23.409771],[-45.00850129999998,-23.409899699999983],[-45.00859509999998,-23.409977899999944],[-45.00870979999996,-23.41013479999998],[-45.008811299999934,-23.410321099999976],[-45.008901599999945,-23.41048749999993],[-45.00891889999997,-23.410655899999938],[-45.008926,-23.41078509999994],[-45.009029399999974,-23.41096],[-45.009059099999945,-23.411148],[-45.00907349999994,-23.41131869999998],[-45.00914639999996,-23.411635599999954],[-45.00917309999994,-23.41189559999998],[-45.00911879999995,-23.41201159999997],[-45.00901249999998,-23.41208679999994],[-45.00895149999997,-23.412254399999938],[-45.00898129999996,-23.412471899999957],[-45.00915159999994,-23.412769099999934],[-45.009271,-23.41290859999998],[-45.00939069999998,-23.413048199999935],[-45.009652899999935,-23.41324819999994],[-45.01013819999997,-23.413361099999975],[-45.01045779999998,-23.413324199999977],[-45.010778899999934,-23.41320019999995],[-45.01099579999993,-23.41303149999993],[-45.01125259999998,-23.413012],[-45.011582799999985,-23.413030099999958],[-45.01187889999994,-23.413094299999955],[-45.01205089999996,-23.413055],[-45.012212699999964,-23.412957499999948],[-45.012351,-23.412945],[-45.01249029999997,-23.41306229999998],[-45.01256489999997,-23.413178899999934],[-45.01251039999994,-23.41339549999998],[-45.01244479999997,-23.41357229999994],[-45.01231409999997,-23.413779199999965],[-45.01231389999998,-23.413987599999928],[-45.01230349999997,-23.414186299999983],[-45.01230409999994,-23.414434399999948],[-45.01238049999995,-23.41465249999993],[-45.01237,-23.414791],[-45.01224039999994,-23.414899899999966],[-45.012012899999945,-23.414939699999934],[-45.01193649999993,-23.415019299999983],[-45.01176129999993,-23.415079499999933],[-45.01167339999995,-23.415159399999936],[-45.01161879999995,-23.415318699999943],[-45.011618699999985,-23.415557299999932],[-45.011618699999985,-23.415756199999976],[-45.011734599999954,-23.41586849999993],[-45.011843,-23.416048599999954],[-45.01202219999993,-23.416271799999947],[-45.012210799999934,-23.416469399999983],[-45.01246269999996,-23.416652],[-45.01259689999995,-23.416893499999958],[-45.012668599999984,-23.41714339999993],[-45.012749499999984,-23.417443],[-45.01277669999996,-23.417511499999932],[-45.012848599999984,-23.417692],[-45.01293879999997,-23.41787469999997],[-45.01315379999994,-23.417962699999975],[-45.01332449999995,-23.41814409999995],[-45.013520599999936,-23.418258799999933],[-45.01373629999995,-23.418293499999947],[-45.01393289999993,-23.41838409999997],[-45.01414449999993,-23.418395699999962],[-45.01437159999995,-23.418498599999964],[-45.01458279999997,-23.41859169999998],[-45.014795499999934,-23.41864279999993],[-45.01498,-23.418720899999983],[-45.01512319999995,-23.418737199999953],[-45.01533929999994,-23.418718599999977],[-45.015592899999945,-23.418483],[-45.015871699999934,-23.41839239999996],[-45.01606579999998,-23.41839249999998],[-45.01625889999997,-23.41843659999995],[-45.016471,-23.418453299999953],[-45.016683099999966,-23.418445599999927],[-45.01697509999997,-23.41851989999998],[-45.01736539999996,-23.418462099999942],[-45.01751459999997,-23.41837449999997],[-45.01786229999993,-23.41837279999993],[-45.01810469999998,-23.41842719999994],[-45.01846479999995,-23.418257799999935],[-45.018773099999976,-23.418206699999928],[-45.019051099999956,-23.418230199999982],[-45.01932,-23.41830649999997],[-45.019560199999944,-23.418434],[-45.01973209999994,-23.418536399999937],[-45.02008429999995,-23.418679899999972],[-45.020425899999964,-23.418727399999966],[-45.020741,-23.41874919999998],[-45.02105459999996,-23.418763699999943],[-45.021464899999955,-23.41873879999997],[-45.021803199999965,-23.418683199999975],[-45.02223929999997,-23.418717699999945],[-45.022463399999936,-23.418705899999964],[-45.02270649999997,-23.418669699999953],[-45.02290519999997,-23.418713699999955],[-45.023013799999944,-23.418748299999947],[-45.02313149999998,-23.418691499999966],[-45.02309479999997,-23.418474299999957],[-45.02292269999998,-23.418314299999963],[-45.02272419999997,-23.41817949999995],[-45.02255309999998,-23.418001599999968],[-45.02238339999997,-23.41774819999995],[-45.02246359999998,-23.417520499999966],[-45.022499299999936,-23.417234399999927],[-45.022428,-23.41684079999993],[-45.022286,-23.41648619999995],[-45.02222379999995,-23.416216899999938],[-45.022276799999986,-23.41592069999996],[-45.02223209999994,-23.41559589999997],[-45.02225859999993,-23.415246699999955],[-45.02218769999996,-23.41492459999995],[-45.02235669999993,-23.414723899999956],[-45.02257139999995,-23.414522499999975],[-45.02283129999995,-23.41435839999997],[-45.023046,-23.41422639999996],[-45.023482799999954,-23.414019499999938],[-45.02394069999997,-23.41379589999997],[-45.024108299999966,-23.413771099999963],[-45.02427019999993,-23.413828699999954],[-45.02438059999997,-23.41391969999995],[-45.02448209999994,-23.414035499999954],[-45.024608099999966,-23.414102799999966],[-45.024792599999955,-23.414280099999928],[-45.02502439999995,-23.414360899999963],[-45.02512369999994,-23.41431239999997],[-45.02527639999994,-23.414296499999978],[-45.025473199999965,-23.41435329999996],[-45.02564339999998,-23.414393899999936],[-45.02588609999998,-23.414241799999957],[-45.02607359999996,-23.41413119999993],[-45.02624249999997,-23.414123599999982],[-45.02639119999998,-23.414180099999953],[-45.026562499999955,-23.414292699999976],[-45.02681329999996,-23.414438099999927],[-45.027003699999966,-23.414518699999974],[-45.027133499999934,-23.414495199999976],[-45.02751919999997,-23.414544699999965],[-45.027919,-23.41460139999998],[-45.02825909999996,-23.414546799999982],[-45.028493899999944,-23.41455609999997],[-45.02867859999998,-23.41462869999998],[-45.02884679999994,-23.414734799999962],[-45.029014899999936,-23.41481619999996],[-45.02921939999993,-23.41487319999993],[-45.02941629999998,-23.41487319999993],[-45.029685,-23.41481589999995],[-45.029925799999944,-23.414733199999944],[-45.03007709999997,-23.414724199999966],[-45.030192599999964,-23.414764499999933],[-45.03026319999998,-23.414895299999955],[-45.030451,-23.415001699999948],[-45.03063989999998,-23.414902199999972],[-45.03079279999997,-23.41470329999993],[-45.03082909999995,-23.41449749999998],[-45.03085619999996,-23.414324699999952],[-45.03099119999996,-23.414094],[-45.03118019999994,-23.413904],[-45.03127009999997,-23.413830099999927],[-45.031414,-23.413739499999963],[-45.03155829999997,-23.41373],[-45.03173859999998,-23.413754],[-45.03193689999995,-23.413778399999956],[-45.03209039999996,-23.413819],[-45.032271,-23.41385159999993],[-45.03244259999997,-23.413909099999955],[-45.032694799999945,-23.41400029999994],[-45.032839199999955,-23.414132499999937],[-45.033046,-23.414223799999945],[-45.03319,-23.41433969999997],[-45.03336049999996,-23.414422799999954],[-45.03352209999997,-23.414522199999965],[-45.03370929999994,-23.414589],[-45.03384539999996,-23.414753899999937],[-45.03397589999997,-23.414885599999934],[-45.034147,-23.415050599999972],[-45.03436319999997,-23.415191599999957],[-45.03452519999996,-23.415323299999955],[-45.034759399999984,-23.41549669999995],[-45.034966699999984,-23.415694599999938],[-45.03512019999994,-23.415867599999956],[-45.03530989999996,-23.415999599999964],[-45.035472599999935,-23.416164899999956],[-45.03565329999998,-23.41629729999994],[-45.03582519999998,-23.416479399999957],[-45.03595189999993,-23.416620199999954],[-45.036033299999986,-23.416736299999968],[-45.036213499999974,-23.41686889999994],[-45.03633069999995,-23.41700149999997],[-45.03648439999995,-23.41721689999997],[-45.03663839999996,-23.417338299999983],[-45.03684619999996,-23.41751249999993],[-45.03708119999993,-23.417711399999973],[-45.03728879999994,-23.417918499999928],[-45.037387799999976,-23.418092299999955],[-45.037523,-23.418291099999976],[-45.03771259999996,-23.41849],[-45.03783,-23.41864739999994],[-45.03801079999994,-23.41879659999995],[-45.03813719999994,-23.41892919999998],[-45.038317699999936,-23.419144699999947],[-45.03853449999997,-23.41937669999993],[-45.03873319999997,-23.419542399999955],[-45.038877499999955,-23.419741599999952],[-45.03904909999994,-23.41994429999994],[-45.03915749999993,-23.42010149999993],[-45.039238799999964,-23.420284399999957],[-45.039293,-23.42047539999993],[-45.03934719999995,-23.420608199999947],[-45.03940119999993,-23.420774],[-45.03938939999995,-23.42095089999998],[-45.03936659999994,-23.421132599999964],[-45.03922849999998,-23.42128889999998],[-45.039111599999956,-23.421272399999964],[-45.03891889999994,-23.421206799999936],[-45.03869769999994,-23.421248499999933],[-45.038512699999956,-23.421339899999964],[-45.03842149999997,-23.421588399999962],[-45.038447599999984,-23.421853599999963],[-45.038410099999965,-23.422044399999947],[-45.03847349999995,-23.42222659999993],[-45.03860169999996,-23.422474399999942],[-45.03869309999993,-23.422680899999932],[-45.038729399999966,-23.42280489999996],[-45.03887089999995,-23.423071499999935],[-45.03903559999998,-23.423119799999938],[-45.03921989999998,-23.423042899999928],[-45.03938409999995,-23.42295059999998],[-45.03948369999995,-23.422925499999963],[-45.03965569999997,-23.422883599999977],[-45.03988969999995,-23.42287529999993],[-45.040052799999955,-23.422750599999972],[-45.04020639999993,-23.42265939999993],[-45.040405599999985,-23.42247679999997],[-45.04067679999997,-23.422294299999976],[-45.040903,-23.422152899999958],[-45.04107359999995,-23.42203749999993],[-45.04128129999998,-23.422044699999958],[-45.04151529999996,-23.422019],[-45.04180309999998,-23.421992699999976],[-45.04200049999997,-23.421991499999933],[-45.04211639999994,-23.422082],[-45.04223239999993,-23.422181],[-45.042357299999935,-23.42232219999994],[-45.04253629999994,-23.42247169999996],[-45.042706599999974,-23.422587799999974],[-45.04287729999993,-23.42275449999994],[-45.043030199999976,-23.422895899999958],[-45.043075699999974,-23.42307119999998],[-45.043165699999975,-23.423162499999933],[-45.04334359999996,-23.423296599999958],[-45.04354019999994,-23.423402099999976],[-45.04363879999994,-23.423527899999954],[-45.04368339999996,-23.423770499999932],[-45.04365649999994,-23.42391189999995],[-45.043548699999974,-23.42405949999994],[-45.04362969999994,-23.42414279999997],[-45.043629599999974,-23.424274599999933],[-45.043584299999964,-23.424454499999968],[-45.043512,-23.424626299999943],[-45.04348489999995,-23.424768099999937],[-45.04347439999998,-23.424915599999963],[-45.04350359999995,-23.425106899999946],[-45.04358089999994,-23.425276399999973],[-45.04366709999994,-23.425496599999974],[-45.043940599999985,-23.425609099999974],[-45.04414749999995,-23.425625799999978],[-45.044346,-23.425676],[-45.044537299999945,-23.425712699999963],[-45.04469179999995,-23.42578439999994],[-45.044909899999936,-23.42580389999995],[-45.045261799999935,-23.425856599999975],[-45.04545889999997,-23.42578939999993],[-45.045514899999944,-23.425669899999946],[-45.04557059999996,-23.425577],[-45.04557669999997,-23.42544239999995],[-45.04576439999994,-23.42538289999993],[-45.045952899999975,-23.425339],[-45.04622429999995,-23.425312899999938],[-45.04639149999997,-23.42532579999994],[-45.046600499999954,-23.425376899999947],[-45.04669259999997,-23.425436],[-45.046784299999956,-23.425566],[-45.04693039999995,-23.42547479999996],[-45.04718819999994,-23.42556869999993],[-45.04744419999997,-23.425607599999978],[-45.04769609999994,-23.425590599999964],[-45.04785789999994,-23.42540719999994],[-45.04795139999993,-23.425285499999973],[-45.048058,-23.425071499999945],[-45.04810319999996,-23.42484019999995],[-45.04806209999998,-23.42462789999996],[-45.04801119999996,-23.424407799999983],[-45.04799289999994,-23.42426919999997],[-45.04804309999997,-23.424094099999934],[-45.048085699999945,-23.423930299999938],[-45.04809869999997,-23.42376489999998],[-45.04802109999997,-23.423635099999956],[-45.04789729999993,-23.42353609999998],[-45.04772239999994,-23.42346239999995],[-45.04760819999996,-23.423371199999963],[-45.04743119999995,-23.423202799999956],[-45.047244,-23.42311069999994],[-45.04706729999998,-23.422949199999948],[-45.04696949999993,-23.42283189999995],[-45.046830899999975,-23.422642099999962],[-45.04689639999998,-23.42243119999995],[-45.046790199999975,-23.422333699999967],[-45.04659719999995,-23.422213399999976],[-45.046463899999935,-23.42204019999997],[-45.046343399999955,-23.421929399999954],[-45.04614159999994,-23.421945599999958],[-45.04590769999993,-23.421894599999973],[-45.045781799999986,-23.421787199999983],[-45.045620499999984,-23.421654],[-45.04552929999994,-23.421534099999974],[-45.04534609999996,-23.42144339999993],[-45.04513449999996,-23.421321599999942],[-45.044951099999935,-23.42121839999993],[-45.044942599999956,-23.42104749999993],[-45.044948,-23.420761899999945],[-45.04501179999994,-23.42056089999994],[-45.04511119999995,-23.42035919999995],[-45.045182299999965,-23.420157099999983],[-45.045225,-23.41996789999996],[-45.045281899999964,-23.41977819999994],[-45.045416899999964,-23.419596],[-45.045616,-23.41938719999996],[-45.04576559999998,-23.419224499999928],[-45.045943199999954,-23.419074099999932],[-45.04609979999998,-23.41896319999995],[-45.04635639999998,-23.418761099999983],[-45.04659189999995,-23.41857829999998],[-45.046867099999986,-23.418434599999955],[-45.047067099999936,-23.41829],[-45.04725279999997,-23.418152],[-45.04745929999996,-23.418021099999976],[-45.047679399999936,-23.41789769999997],[-45.047928,-23.41779409999998],[-45.04810579999997,-23.417683299999965],[-45.04825529999994,-23.417624599999954],[-45.04847579999995,-23.417520699999955],[-45.04870349999993,-23.41743669999994],[-45.048903,-23.417345499999954],[-45.04910979999994,-23.41729349999997],[-45.049302299999965,-23.41725459999998],[-45.04943079999998,-23.417248299999983],[-45.04969489999996,-23.417216099999962],[-45.049952099999985,-23.41715759999994],[-45.050280499999985,-23.417066],[-45.05052319999993,-23.41705939999997],[-45.050800599999945,-23.41700629999997],[-45.05117149999995,-23.416993099999956],[-45.051458,-23.41701329999995],[-45.051693,-23.41702609999993],[-45.051897699999984,-23.41697929999998],[-45.05202829999996,-23.416952],[-45.05240249999997,-23.416885],[-45.05279719999993,-23.41685719999998],[-45.05301129999998,-23.41683059999997],[-45.053229699999974,-23.416825],[-45.05331639999997,-23.416791299999943],[-45.053512,-23.41671569999994],[-45.05387449999995,-23.416710399999943],[-45.054173299999945,-23.416764599999965],[-45.05453179999995,-23.41683859999995],[-45.054817199999945,-23.416911399999947],[-45.05513419999994,-23.416985499999953],[-45.05533719999994,-23.41703789999997],[-45.055564699999934,-23.41708239999997],[-45.05573519999996,-23.417119399999933],[-45.05596239999994,-23.417171],[-45.056140899999946,-23.41721519999993],[-45.056286899999975,-23.417252299999973],[-45.05642469999998,-23.41729669999995],[-45.05661919999994,-23.417370699999935],[-45.056838,-23.417452099999934],[-45.05703219999998,-23.417511],[-45.05725069999994,-23.41757739999997],[-45.057429,-23.417651699999965],[-45.05761549999994,-23.417748399999937],[-45.05780039999996,-23.41784359999997],[-45.058056,-23.41795149999996],[-45.058279,-23.41804529999996],[-45.05847319999998,-23.418142199999977],[-45.05872569999997,-23.418263599999932],[-45.05900379999997,-23.41840819999993],[-45.059239299999945,-23.41849019999995],[-45.059458,-23.418601399999943],[-45.05970089999994,-23.418727399999966],[-45.05991119999993,-23.41888309999996],[-45.060089199999936,-23.41906119999993],[-45.06028319999996,-23.419209399999943],[-45.060436799999934,-23.419328],[-45.06056239999998,-23.419446],[-45.060747799999945,-23.419580399999973],[-45.06087679999996,-23.419707399999936],[-45.06102219999997,-23.41982719999993],[-45.06120859999993,-23.420051499999943],[-45.06139639999998,-23.420221599999934],[-45.061494599999946,-23.42036159999998],[-45.06157639999998,-23.420508799999936],[-45.06174729999998,-23.420684499999936],[-45.06189309999996,-23.42086859999995],[-45.061990099999946,-23.42100229999994],[-45.062168,-23.42119539999993],[-45.06232179999995,-23.421441699999946],[-45.062443299999984,-23.421636],[-45.062557,-23.421801399999936],[-45.06267889999998,-23.42194489999997],[-45.06275739999995,-23.422076799999957],[-45.06290339999998,-23.422241],[-45.06300889999994,-23.422426899999948],[-45.063122599999986,-23.422605399999952],[-45.06319559999997,-23.422754099999963],[-45.06327669999996,-23.422910199999933],[-45.06339019999996,-23.42305879999998],[-45.063447,-23.423207399999967],[-45.06354429999993,-23.42340059999998],[-45.063601,-23.423549299999934],[-45.06371479999996,-23.42372119999993],[-45.06377979999996,-23.423871599999927],[-45.063860699999964,-23.423983499999963],[-45.063933599999984,-23.42411029999994],[-45.06399819999996,-23.424259699999936],[-45.064111699999955,-23.424371699999938],[-45.06420869999994,-23.424528799999962],[-45.06428939999995,-23.424731299999962],[-45.064354099999946,-23.424851299999943],[-45.06445979999995,-23.42502019999995],[-45.06448409999996,-23.425154499999962],[-45.06449209999994,-23.425318799999957],[-45.06452459999997,-23.425468099999932],[-45.064540799999975,-23.425632399999927],[-45.06458969999994,-23.425774099999956],[-45.06461419999994,-23.425938199999962],[-45.06463869999993,-23.426132199999927],[-45.06463059999993,-23.42634849999996],[-45.06454149999996,-23.426556699999935],[-45.06450129999996,-23.42674969999996],[-45.064453,-23.426926399999957],[-45.06436529999996,-23.427165699999932],[-45.064318199999946,-23.42735209999995],[-45.06420119999996,-23.42760469999996],[-45.06408419999997,-23.427774399999976],[-45.06391529999996,-23.42789829999998],[-45.063750099999936,-23.42788319999994],[-45.06355179999997,-23.42785379999998],[-45.06335919999998,-23.42778069999997],[-45.063152299999956,-23.427714799999933],[-45.062954099999956,-23.427612299999964],[-45.06276339999994,-23.42761239999993],[-45.06258169999995,-23.42762709999994],[-45.06232879999993,-23.427641799999947],[-45.06208959999998,-23.427691799999934],[-45.061864699999944,-23.42769469999996],[-45.061671599999954,-23.427739299999928],[-45.06150269999995,-23.427769199999943],[-45.06135989999996,-23.427869199999975],[-45.06122449999998,-23.42798819999996],[-45.06106349999993,-23.428038699999945],[-45.06091449999997,-23.428188399999954],[-45.06076859999996,-23.42831179999996],[-45.06064889999993,-23.42840739999997],[-45.06046569999995,-23.428561899999977],[-45.060279599999944,-23.428627499999948],[-45.060155,-23.42860449999995],[-45.06006069999995,-23.42869319999994],[-45.05994789999994,-23.428869799999973],[-45.05992,-23.429046399999947],[-45.05986059999998,-23.42921569999993],[-45.059769,-23.429320299999972],[-45.05963339999994,-23.429291599999942],[-45.05952849999994,-23.429441399999973],[-45.05937819999997,-23.429561399999955],[-45.059303899999975,-23.429703399999937],[-45.059303899999975,-23.429889899999978],[-45.05938659999998,-23.430090699999937],[-45.059510399999965,-23.430276],[-45.059601499999985,-23.430461099999945],[-45.05972579999997,-23.43061549999993],[-45.059894,-23.430803399999945],[-45.06000739999996,-23.430935099999942],[-45.060194699999954,-23.431148],[-45.06035909999997,-23.431289099999958],[-45.060649799999965,-23.431348],[-45.060915199999954,-23.431344299999978],[-45.06121859999996,-23.43140139999997],[-45.06156969999995,-23.431428799999935],[-45.06194889999995,-23.431493599999953],[-45.062258199999974,-23.431527899999935],[-45.06250319999998,-23.431587399999955],[-45.06277129999995,-23.43158159999996],[-45.062978699999974,-23.431659599999932],[-45.06317119999994,-23.43174579999993],[-45.063370099999986,-23.43173269999994],[-45.06361459999994,-23.431619599999976],[-45.063841199999956,-23.43169219999993],[-45.064048499999956,-23.43173969999998],[-45.06407889999997,-23.431928099999936],[-45.06415039999996,-23.432123799999943],[-45.064320099999975,-23.43221479999994],[-45.064490699999965,-23.432065699999953],[-45.064621,-23.431916],[-45.06464609999995,-23.431772799999976],[-45.064544499999954,-23.431491199999982],[-45.06465259999993,-23.43127929999997],[-45.06491059999996,-23.431181799999933],[-45.06519949999995,-23.431159399999956],[-45.06540629999995,-23.43119329999996],[-45.06568759999993,-23.431247199999973],[-45.065795899999955,-23.43128729999995],[-45.06589919999993,-23.431453099999942],[-45.066137599999934,-23.431585299999938],[-45.066363699999954,-23.43174929999998],[-45.06665959999998,-23.43176269999998],[-45.06687729999993,-23.43188159999994],[-45.06717629999997,-23.432045399999936],[-45.06728369999996,-23.432166199999983],[-45.06737469999996,-23.432351799999935],[-45.067534499999965,-23.432492699999955],[-45.067785199999946,-23.43258919999994],[-45.06797949999998,-23.43256679999996],[-45.06823019999996,-23.43259649999993],[-45.06839659999997,-23.432558899999947],[-45.06851379999995,-23.432586699999945],[-45.06860849999998,-23.432609],[-45.06874629999993,-23.43288279999996],[-45.068872099999965,-23.43300839999995],[-45.06894229999995,-23.433164499999975],[-45.06902259999998,-23.433362699999975],[-45.069093399999986,-23.433588199999974],[-45.069142,-23.433787699999982],[-45.069196799999986,-23.43400509999998],[-45.069228099999975,-23.43426429999994],[-45.069252699999936,-23.434503099999972],[-45.06926079999994,-23.434722699999952],[-45.06929329999997,-23.434879],[-45.06928519999997,-23.435027899999966],[-45.069277099999965,-23.435162],[-45.069293399999935,-23.43528859999998],[-45.06929359999998,-23.435415399999954],[-45.069302,-23.435586899999976],[-45.069310299999984,-23.43573609999993],[-45.06929429999997,-23.435885499999983],[-45.069318899999985,-23.43602759999993],[-45.06931129999998,-23.436199899999963],[-45.06931989999998,-23.43639479999996],[-45.069344599999965,-23.436559699999975],[-45.06932849999998,-23.43679129999998],[-45.069352899999956,-23.43696289999997],[-45.069377299999985,-23.437131299999976],[-45.069361,-23.43731779999996],[-45.06932819999997,-23.437474],[-45.069327699999974,-23.437674699999945],[-45.069311099999936,-23.437882599999966],[-45.06929469999994,-23.43804609999995],[-45.069254,-23.43827669999996],[-45.06922129999998,-23.43856649999998],[-45.06922139999995,-23.438767799999937],[-45.06922969999994,-23.438935499999957],[-45.069189499999936,-23.439129099999946],[-45.06917349999998,-23.439345299999957],[-45.06915779999997,-23.439584099999934],[-45.069117699999936,-23.43983069999996],[-45.06908519999996,-23.440077],[-45.06901149999993,-23.440329899999938],[-45.06896249999994,-23.440597599999933],[-45.06893,-23.440811199999928],[-45.06886529999997,-23.441035],[-45.06881679999998,-23.441385899999943],[-45.06879249999997,-23.441654399999948],[-45.06871929999994,-23.44190029999993],[-45.06862169999994,-23.442205499999943],[-45.068581,-23.442449499999952],[-45.068516099999954,-23.44262759999998],[-45.068443,-23.44287989999998],[-45.06843079999993,-23.44296419999995],[-45.068410599999936,-23.44310269999994],[-45.068362,-23.44330309999998],[-45.06829719999996,-23.44347419999997],[-45.06824059999997,-23.443651199999977],[-45.06819249999995,-23.443867599999976],[-45.06809579999998,-23.444099299999948],[-45.06801479999996,-23.444323399999973],[-45.067934,-23.44458529999997],[-45.067877299999964,-23.44478739999994],[-45.067771499999935,-23.445033499999965],[-45.06767569999994,-23.445295899999962],[-45.067529,-23.445736],[-45.06730939999994,-23.446257899999978],[-45.067228599999964,-23.44654959999997],[-45.06716389999997,-23.44678159999995],[-45.066911699999935,-23.44720979999994],[-45.066791199999955,-23.44748919999995],[-45.066741099999945,-23.447605499999952],[-45.066577,-23.44789559999998],[-45.066513199999974,-23.448008399999935],[-45.06621229999996,-23.448575499999947],[-45.06600089999995,-23.448941299999944],[-45.06565989999996,-23.44946239999996],[-45.065358799999956,-23.450068],[-45.065033,-23.450516599999958],[-45.06465879999996,-23.450912199999948],[-45.06458679999997,-23.45100579999996],[-45.06433449999997,-23.451321399999983],[-45.064188799999954,-23.45155879999993],[-45.063834,-23.452077799999927],[-45.063463499999955,-23.452417199999957],[-45.063320799999985,-23.45259219999997],[-45.062981399999956,-23.453021499999977],[-45.06279569999998,-23.45323609999997],[-45.06236639999997,-23.453719599999943],[-45.062179699999945,-23.453878],[-45.06192139999996,-23.454184599999962],[-45.061759,-23.454349199999967],[-45.06159619999994,-23.454632599999968],[-45.06135219999993,-23.45484129999994],[-45.06118969999994,-23.455072],[-45.06102729999998,-23.455272699999966],[-45.06092169999994,-23.455376799999954],[-45.06069819999993,-23.455596399999934],[-45.060487199999955,-23.455813099999943],[-45.060243699999944,-23.456067399999938],[-45.06013109999998,-23.456187099999966],[-45.06004389999998,-23.45631119999996],[-45.05983109999994,-23.456483399999968],[-45.05962709999994,-23.456640899999968],[-45.05946519999998,-23.456700199999943],[-45.059254899999985,-23.456747699999937],[-45.059154699999965,-23.456818899999973],[-45.05901229999995,-23.456905],[-45.058892199999946,-23.45683109999993],[-45.05879809999993,-23.456899499999963],[-45.05867009999997,-23.457045599999958],[-45.058646599999975,-23.45707249999998],[-45.05847019999993,-23.45727779999993],[-45.058326199999954,-23.457461],[-45.058190199999956,-23.457622499999957],[-45.05802219999998,-23.457798799999978],[-45.05776579999997,-23.458034599999962],[-45.057566,-23.458181],[-45.05732729999994,-23.458356299999934],[-45.05713549999996,-23.458450599999935],[-45.05687169999993,-23.45867069999997],[-45.05667939999995,-23.458789599999932],[-45.05638259999995,-23.45898969999996],[-45.05598979999996,-23.45915229999997],[-45.055565799999954,-23.459261899999944],[-45.055304199999966,-23.459251199999983],[-45.05510719999995,-23.459189399999957],[-45.054944399999954,-23.459024399999976],[-45.05505489999996,-23.458826],[-45.05506929999996,-23.458591],[-45.05499789999993,-23.458423099999948],[-45.054909899999984,-23.458306],[-45.05471669999997,-23.45810739999996],[-45.05453049999994,-23.45803239999998],[-45.054353,-23.45795769999995],[-45.05417619999997,-23.457875899999976],[-45.05400119999996,-23.45781],[-45.05380349999996,-23.457708499999967],[-45.053620199999955,-23.45767109999997],[-45.05339859999998,-23.457634499999983],[-45.053233,-23.45757679999997],[-45.05294779999997,-23.457524399999954],[-45.05279029999997,-23.457438499999967],[-45.052664,-23.45738119999993],[-45.05240329999998,-23.45728409999998],[-45.05221249999994,-23.457156899999973],[-45.052204,-23.457163899999955],[-45.051925799999935,-23.45721],[-45.05160939999996,-23.457130199999938],[-45.05152119999997,-23.456974499999944],[-45.05138279999994,-23.456875099999934],[-45.05109139999996,-23.45679659999996],[-45.05084359999995,-23.456759499999976],[-45.050602,-23.456698899999935],[-45.05040189999994,-23.45663179999997],[-45.050226899999984,-23.45655119999998],[-45.05011639999998,-23.456442599999946],[-45.049982099999966,-23.456217699999968],[-45.049856699999964,-23.455988],[-45.04987829999993,-23.455849799999953],[-45.04985529999993,-23.455754699999943],[-45.04978779999993,-23.455758299999957],[-45.04972929999997,-23.455734],[-45.049608399999954,-23.45557089999994],[-45.04948079999997,-23.455439399999932],[-45.049524599999984,-23.455279099999927],[-45.04957449999995,-23.455062399999974],[-45.049418,-23.45489029999993],[-45.04931409999995,-23.454739399999937],[-45.04915859999994,-23.454509599999938],[-45.048942899999986,-23.454264499999965],[-45.048650099999975,-23.45388669999994],[-45.048396,-23.453462399999978],[-45.04816939999995,-23.45330249999995],[-45.04802239999998,-23.453151699999978],[-45.04771559999995,-23.45302179999993],[-45.047472599999935,-23.452878099999964],[-45.04727429999997,-23.452743599999962],[-45.04712859999995,-23.45254669999997],[-45.04706009999995,-23.45235679999996],[-45.046939099999975,-23.452134099999967],[-45.04677419999996,-23.45194259999994],[-45.04672229999994,-23.451815799999963],[-45.04662069999995,-23.45167349999997],[-45.04654279999994,-23.451606599999934],[-45.046479199999965,-23.451658899999927],[-45.04636279999994,-23.45161159999998],[-45.046235699999954,-23.451625199999967],[-45.046108499999946,-23.45146239999997],[-45.04584489999996,-23.451357299999927],[-45.04559969999997,-23.451260599999955],[-45.04540909999997,-23.451109799999983],[-45.04527929999995,-23.450998899999945],[-45.04515029999993,-23.450825],[-45.04503859999994,-23.45062729999995],[-45.04481369999996,-23.450445499999944],[-45.044719,-23.45029519999997],[-45.04468039999995,-23.450072499999976],[-45.044731199999944,-23.449815399999977],[-45.04469969999997,-23.449542599999972],[-45.044466299999954,-23.44935879999997],[-45.04428049999996,-23.449319699999933],[-45.04407329999998,-23.44928969999995],[-45.04387769999994,-23.449283],[-45.043702,-23.449339299999963],[-45.04354829999994,-23.44938869999993],[-45.04320119999994,-23.449431],[-45.04298709999995,-23.449293],[-45.04280909999994,-23.44922809999997],[-45.042569199999946,-23.449246199999948],[-45.042318499999965,-23.449403099999927],[-45.04211609999993,-23.44939679999993],[-45.041833,-23.449301799999944],[-45.041666599999985,-23.449279599999954],[-45.041452799999945,-23.449184499999944],[-45.04137709999998,-23.449128299999927],[-45.04112259999994,-23.44906869999994],[-45.04099869999993,-23.44893109999998],[-45.04094769999995,-23.448765099999946],[-45.04084119999993,-23.448616699999945],[-45.04075069999993,-23.44848419999994],[-45.04062179999994,-23.44839479999996],[-45.04043,-23.448315899999955],[-45.040264099999945,-23.44826939999996],[-45.04007839999997,-23.448283699999934],[-45.03995539999994,-23.448287499999935],[-45.03972029999994,-23.448252399999944],[-45.03952019999997,-23.448242299999947],[-45.03923569999995,-23.448142099999927],[-45.03893459999995,-23.44808759999995],[-45.03874089999994,-23.448005399999943],[-45.038554199999965,-23.44794029999997],[-45.03834559999996,-23.44793379999993],[-45.03815369999995,-23.44788929999993],[-45.03796109999996,-23.447868399999948],[-45.03779359999993,-23.44786359999995],[-45.037577399999975,-23.44787919999993],[-45.037325,-23.447976],[-45.03730889999997,-23.448173699999927],[-45.03727339999995,-23.448340799999983],[-45.03715569999997,-23.448354],[-45.037052399999936,-23.44842509999995],[-45.03687849999994,-23.448529599999972],[-45.03666569999996,-23.448598199999935],[-45.03647449999994,-23.44859809999997],[-45.03621,-23.44862509999996],[-45.036072099999956,-23.44868759999997],[-45.03602049999995,-23.44881419999996],[-45.03591789999996,-23.448947399999952],[-45.03583269999996,-23.448968799999932],[-45.03569619999996,-23.449108],[-45.03558359999994,-23.449226799999963],[-45.035496799999976,-23.449338],[-45.03557529999995,-23.449434199999928],[-45.035653699999955,-23.44953849999996],[-45.03585059999995,-23.44974179999997],[-45.035969,-23.44989549999997],[-45.03599479999997,-23.45013419999998],[-45.03602889999996,-23.450301399999944],[-45.036062699999945,-23.450460499999963],[-45.03609639999996,-23.45061949999996],[-45.03616329999994,-23.45075419999995],[-45.036163399999964,-23.450904899999955],[-45.036221499999954,-23.45114179999996],[-45.03629569999998,-23.451409199999944],[-45.036278799999934,-23.451614699999936],[-45.03627949999998,-23.451959099999954],[-45.036261,-23.452133599999968],[-45.03617779999996,-23.452328699999953],[-45.036076299999934,-23.452524899999958],[-45.03608929999996,-23.452661499999977],[-45.036047,-23.452834499999938],[-45.03600669999997,-23.45301479999995],[-45.03602139999998,-23.453236499999946],[-45.035964899999954,-23.453322299999968],[-45.035949,-23.45343259999993],[-45.035909199999935,-23.453598299999953],[-45.03592549999996,-23.453843699999936],[-45.03592579999997,-23.45400989999996],[-45.03589279999994,-23.454121],[-45.035802899999965,-23.454241],[-45.035761599999944,-23.45435279999998],[-45.03572819999994,-23.45448049999993],[-45.03568469999993,-23.454607799999962],[-45.03570069999995,-23.45472],[-45.03567829999997,-23.454898299999968],[-45.03570609999997,-23.455061499999942],[-45.03568819999998,-23.455228499999976],[-45.03567209999994,-23.455378399999972],[-45.03568009999998,-23.455545299999983],[-45.03568809999996,-23.455704199999957],[-45.035686699999985,-23.455903099999944],[-45.03565169999996,-23.456093599999974],[-45.03567229999993,-23.45630959999994],[-45.03563029999998,-23.45645959999996],[-45.03549529999998,-23.456601099999943],[-45.035329,-23.45669419999996],[-45.035123,-23.456889699999977],[-45.03505409999997,-23.457048699999973],[-45.03500849999995,-23.457200399999977],[-45.03494519999998,-23.457375799999966],[-45.03488249999998,-23.457559],[-45.034885799999984,-23.457781099999977],[-45.03487779999995,-23.45793409999993],[-45.03487839999997,-23.458087],[-45.03482839999998,-23.45819659999995],[-45.03487819999998,-23.45841539999998],[-45.03499229999994,-23.458578899999964],[-45.035078699999985,-23.458710099999962],[-45.03513019999997,-23.458951599999978],[-45.03515859999993,-23.459144299999934],[-45.03517039999997,-23.459304799999927],[-45.035073599999976,-23.45948119999997],[-45.034883399999956,-23.45966949999996],[-45.034693199999936,-23.459776199999965],[-45.03451449999994,-23.459820199999967],[-45.03437509999998,-23.45980409999993],[-45.03416979999997,-23.459763599999974],[-45.033982599999945,-23.45968279999994],[-45.03387049999998,-23.459707399999957],[-45.033603,-23.459821],[-45.03341519999998,-23.459821199999965],[-45.03323219999993,-23.459716499999956],[-45.03298139999998,-23.459644099999934],[-45.032771699999955,-23.459546699999976],[-45.03260119999993,-23.45948969999995],[-45.032375599999966,-23.459432799999945],[-45.03205589999993,-23.45944959999997],[-45.031763499999954,-23.459399899999937],[-45.031513099999984,-23.45934219999998],[-45.03120469999993,-23.459266599999978],[-45.03097779999996,-23.45924109999993],[-45.030677399999945,-23.45920019999994],[-45.030587399999945,-23.459257699999966],[-45.030380599999944,-23.459307899999942],[-45.03021469999993,-23.459282499999972],[-45.030083899999966,-23.459240699999953],[-45.029962,-23.45922859999996],[-45.02964,-23.45931889999997],[-45.02952719999996,-23.459446899999932],[-45.02956969999997,-23.459639399999958],[-45.029581,-23.45993139999996],[-45.02951139999993,-23.460072099999934],[-45.029466499999955,-23.46027259999994],[-45.029453,-23.46041779999996],[-45.029346199999964,-23.460651199999973],[-45.029293,-23.46083529999993],[-45.02932789999994,-23.460984399999973],[-45.02922189999998,-23.461157699999944],[-45.029022699999985,-23.461239899999953],[-45.028867599999955,-23.461293799999964],[-45.028574299999946,-23.461337499999956],[-45.028286599999944,-23.461346499999934],[-45.028098899999975,-23.46131589999993],[-45.027910299999974,-23.46126279999993],[-45.02774029999995,-23.461163],[-45.02756909999994,-23.461078199999974],[-45.02741249999997,-23.461008299999946],[-45.02716229999993,-23.460882399999946],[-45.026953599999956,-23.46078529999994],[-45.02670279999995,-23.460698499999978],[-45.02657759999994,-23.460666699999933],[-45.02626419999996,-23.46061459999993],[-45.025918399999966,-23.46049629999993],[-45.02564169999994,-23.46037979999994],[-45.02533569999997,-23.460295599999938],[-45.02501209999997,-23.460218599999962],[-45.02475889999994,-23.46013469999997],[-45.02450169999997,-23.46011509999994],[-45.024297299999944,-23.460136699999964],[-45.024109599999974,-23.460099499999956],[-45.02393959999995,-23.460091399999953],[-45.02381019999996,-23.46001279999996],[-45.023667899999964,-23.459901],[-45.023337399999946,-23.45976019999995],[-45.02309909999997,-23.45964129999993],[-45.022871899999984,-23.459517799999958],[-45.022448199999985,-23.459391],[-45.022078,-23.45932739999995],[-45.021765,-23.45938119999994],[-45.021664699999974,-23.459385599999962],[-45.02134189999998,-23.45947719999998],[-45.021034499999985,-23.45949479999996],[-45.02082649999994,-23.45947229999996],[-45.02061519999995,-23.459533],[-45.02039549999995,-23.45961239999997],[-45.02014239999994,-23.459674399999983],[-45.020042599999954,-23.459652499999947],[-45.019805099999985,-23.459576099999936],[-45.01961679999994,-23.45963749999993],[-45.01949019999995,-23.45968249999993],[-45.01931749999994,-23.459656199999984],[-45.019127899999944,-23.45966569999996],[-45.01885329999993,-23.459730499999978],[-45.018695099999945,-23.459794599999952],[-45.018668299999945,-23.459868899999947],[-45.01858759999993,-23.45984539999995],[-45.018474399999945,-23.459838499999933],[-45.01838589999994,-23.46000719999995],[-45.018418199999985,-23.460135899999955],[-45.01838379999998,-23.460353899999973],[-45.018369,-23.460363599999937],[-45.01828709999995,-23.460476399999948],[-45.018162,-23.460452199999963],[-45.01804219999997,-23.460557],[-45.017978599999935,-23.460660299999972],[-45.017945,-23.46085549999998],[-45.01800049999997,-23.460950699999955],[-45.018069399999945,-23.461003699999935],[-45.01814469999994,-23.46108419999996],[-45.01820209999994,-23.46110989999994],[-45.01828,-23.46113939999998],[-45.018385799999976,-23.46122319999995],[-45.01856349999997,-23.461336399999936],[-45.01867349999998,-23.46144759999993],[-45.01873819999997,-23.46156519999994],[-45.018835699999954,-23.46157039999997],[-45.01898219999998,-23.461675],[-45.01908109999994,-23.461660499999937],[-45.019117,-23.46157979999998],[-45.01914709999994,-23.46145389999998],[-45.019218199999955,-23.461372899999958],[-45.01932869999996,-23.461409599999968],[-45.01945529999995,-23.461472699999945],[-45.019577099999935,-23.46158209999993],[-45.01964339999995,-23.461666899999955],[-45.019740499999955,-23.46173829999998],[-45.01988929999993,-23.461859199999935],[-45.020032199999946,-23.461903199999938],[-45.020202,-23.461955299999943],[-45.02046619999993,-23.461927],[-45.020658399999945,-23.461906099999965],[-45.02083689999995,-23.46189949999996],[-45.021055299999944,-23.461891399999956],[-45.02124279999998,-23.461920799999973],[-45.02132869999997,-23.461872299999982],[-45.021272299999964,-23.46174819999993],[-45.02135459999994,-23.46162929999997],[-45.02149719999994,-23.461673099999928],[-45.02167459999998,-23.461760699999957],[-45.02182329999994,-23.46183639999998],[-45.021892899999955,-23.46169009999994],[-45.021878,-23.461575],[-45.02180929999997,-23.46149369999995],[-45.02180459999994,-23.461415],[-45.02190719999993,-23.461367699999983],[-45.022049799999934,-23.461432699999932],[-45.022243,-23.461531699999966],[-45.022339,-23.461652499999957],[-45.0225,-23.46175869999996],[-45.022636,-23.46182589999995],[-45.02290359999995,-23.461812299999963],[-45.023055099999965,-23.461775899999964],[-45.02316609999997,-23.46182589999995],[-45.02334319999994,-23.461819699999978],[-45.02350329999996,-23.461815499999943],[-45.02368469999993,-23.46187649999996],[-45.02385,-23.461951299999953],[-45.02397929999995,-23.462022899999965],[-45.02408159999993,-23.46212719999994],[-45.02421339999995,-23.462267399999973],[-45.02433149999996,-23.462390899999946],[-45.02445549999993,-23.462515],[-45.024515,-23.46259619999995],[-45.02462069999996,-23.462689599999976],[-45.02467439999998,-23.462743199999977],[-45.02478309999998,-23.462842499999965],[-45.02485169999994,-23.46288469999996],[-45.025003599999934,-23.462850299999957],[-45.02514619999994,-23.462783299999955],[-45.02530919999998,-23.46269979999994],[-45.025429,-23.46268129999993],[-45.02558369999997,-23.462762699999928],[-45.02565109999995,-23.46280379999996],[-45.02581709999998,-23.462885599999936],[-45.02591719999998,-23.46297789999994],[-45.02605129999995,-23.463026699999944],[-45.026197399999944,-23.46312279999995],[-45.02632229999995,-23.463141099999973],[-45.026512099999934,-23.463170599999955],[-45.02675089999997,-23.463202299999978],[-45.02692469999994,-23.463178599999935],[-45.027157099999954,-23.463117599999975],[-45.02725929999997,-23.46303519999998],[-45.027238,-23.462944899999968],[-45.02721239999994,-23.46287689999997],[-45.02732,-23.462885899999947],[-45.027431699999966,-23.462864699999955],[-45.02760989999996,-23.462931399999945],[-45.02779519999996,-23.46302019999996],[-45.02792569999997,-23.463067799999976],[-45.02813719999995,-23.46309759999997],[-45.02825779999995,-23.463106099999948],[-45.028430399999934,-23.463139],[-45.02863049999996,-23.463215499999933],[-45.02885519999995,-23.463309599999945],[-45.02914029999994,-23.46333469999996],[-45.02929089999998,-23.463224899999943],[-45.029423399999985,-23.46303009999997],[-45.029573899999946,-23.46290229999994],[-45.029749799999934,-23.462774699999954],[-45.02985649999994,-23.46265509999995],[-45.030008399999986,-23.462626599999965],[-45.030161,-23.46263319999997],[-45.03030659999996,-23.462677699999972],[-45.03047129999993,-23.46267039999998],[-45.030627,-23.462724099999946],[-45.03073869999997,-23.46280059999998],[-45.03090579999997,-23.46289369999994],[-45.03101149999998,-23.46293609999998],[-45.031147799999985,-23.463008699999932],[-45.03126389999994,-23.463072799999964],[-45.031371399999955,-23.463159099999928],[-45.03151329999997,-23.46332519999993],[-45.03147309999997,-23.463503799999955],[-45.031582499999956,-23.463762299999928],[-45.03169269999995,-23.464035],[-45.03172539999997,-23.46426779999996],[-45.03168279999994,-23.464544],[-45.031582499999956,-23.464679599999954],[-45.03150359999995,-23.464787599999966],[-45.03160359999998,-23.465086499999927],[-45.03169409999998,-23.46525889999998],[-45.031768,-23.46541069999995],[-45.03196429999997,-23.46551349999993],[-45.03189969999994,-23.465507599999967],[-45.03208689999997,-23.46558559999994],[-45.03226079999996,-23.465643799999953],[-45.032346099999984,-23.465661099999977],[-45.032447099999956,-23.465666399999975],[-45.03252059999994,-23.46562169999993],[-45.03250729999996,-23.465529699999934],[-45.032552599999974,-23.46544769999997],[-45.03257959999996,-23.46534859999997],[-45.03248019999995,-23.465264399999967],[-45.032353899999976,-23.465078],[-45.03229279999994,-23.464903799999945],[-45.03240219999998,-23.464631699999927],[-45.032583,-23.46447409999996],[-45.03277049999997,-23.464539],[-45.03300939999997,-23.464564],[-45.033245799999975,-23.464606599999968],[-45.03367579999997,-23.464581799999962],[-45.034146299999975,-23.464583499999947],[-45.034684599999935,-23.46459269999997],[-45.03504,-23.464536],[-45.03530089999998,-23.464425799999958],[-45.035402199999965,-23.464205799999945],[-45.035698,-23.46387379999993],[-45.03597129999997,-23.46367479999998],[-45.03610709999998,-23.463721],[-45.03622249999995,-23.46377979999994],[-45.03644809999997,-23.46379589999998],[-45.03641249999998,-23.46371339999996],[-45.03649849999994,-23.463598499999932],[-45.03675889999994,-23.463400199999967],[-45.03698689999993,-23.46317369999997],[-45.03716489999994,-23.462913899999933],[-45.03735769999997,-23.462647199999935],[-45.037477199999955,-23.46251369999993],[-45.03763029999993,-23.462443099999973],[-45.03786269999995,-23.46245879999998],[-45.03810589999995,-23.46238429999994],[-45.03838429999996,-23.462200199999927],[-45.03865419999994,-23.46215509999996],[-45.038837899999976,-23.462181099999952],[-45.03896819999994,-23.462098199999957],[-45.039206699999966,-23.462155799999948],[-45.03941979999996,-23.46226729999995],[-45.03958279999995,-23.462384699999973],[-45.03976689999996,-23.462547099999938],[-45.04005829999994,-23.46257479999997],[-45.04022939999993,-23.46247079999995],[-45.04044129999994,-23.46244889999997],[-45.04048949999998,-23.462364399999956],[-45.040688699999976,-23.462274299999933],[-45.040887,-23.462253199999964],[-45.04096619999996,-23.462187399999948],[-45.041159799999946,-23.462121499999967],[-45.04140789999997,-23.46210009999993],[-45.041899599999965,-23.462021],[-45.04217219999998,-23.461898099999928],[-45.042449799999986,-23.461907699999983],[-45.042664599999966,-23.46194259999993],[-45.04303189999996,-23.46199329999996],[-45.043123299999934,-23.462095499999975],[-45.043216,-23.462238199999945],[-45.043415299999936,-23.46230939999998],[-45.04362139999995,-23.462283299999967],[-45.04368459999995,-23.462201],[-45.04378539999993,-23.462092299999938],[-45.043887799999936,-23.462078],[-45.04390109999997,-23.461941899999943],[-45.043963599999984,-23.461806699999954],[-45.043965399999934,-23.461716299999978],[-45.04394619999994,-23.461576699999966],[-45.044025199999965,-23.461437799999942],[-45.04419879999995,-23.461338599999976],[-45.044564599999944,-23.461100899999963],[-45.044782399999974,-23.461092],[-45.04483829999998,-23.461179699999946],[-45.044969599999945,-23.461300299999948],[-45.045016199999964,-23.46138469999994],[-45.044983,-23.46145359999997],[-45.04502659999997,-23.46153369999996],[-45.045168099999955,-23.461508799999933],[-45.045216799999935,-23.46141229999995],[-45.04553889999994,-23.461365499999943],[-45.04574329999997,-23.46138929999995],[-45.04588309999997,-23.461368599999957],[-45.04602209999996,-23.461328],[-45.04620909999994,-23.461365599999965],[-45.046573199999955,-23.461355099999935],[-45.04688159999995,-23.461552599999948],[-45.04709769999994,-23.461763099999928],[-45.04723659999996,-23.461947],[-45.04743609999997,-23.462149499999953],[-45.04772509999998,-23.46241239999995],[-45.047995499999956,-23.462631],[-45.04828159999994,-23.462881799999934],[-45.048572099999944,-23.463143199999934],[-45.04889029999998,-23.463391],[-45.04927419999996,-23.463678399999935],[-45.04960109999996,-23.463945199999955],[-45.04990559999993,-23.46418959999994],[-45.050269199999946,-23.464500699999974],[-45.050603799999976,-23.464783299999965],[-45.050909099999956,-23.46507289999994],[-45.05122049999994,-23.465372],[-45.051459499999964,-23.465617299999963],[-45.05158659999995,-23.465798],[-45.051545799999985,-23.465981299999953],[-45.05147619999997,-23.466138499999943],[-45.05138389999996,-23.466214299999933],[-45.05135219999994,-23.466353399999946],[-45.051391799999976,-23.466505499999982],[-45.051516,-23.46658139999994],[-45.05157239999994,-23.46670949999998],[-45.051562099999956,-23.466801199999964],[-45.051521099999945,-23.466910799999937],[-45.05155,-23.467144899999937],[-45.05163259999995,-23.46726039999993],[-45.051793799999984,-23.467476199999965],[-45.05185449999993,-23.46754679999998],[-45.051776899999936,-23.46766249999996],[-45.05183789999995,-23.46779859999998],[-45.051938,-23.46787649999993],[-45.05215479999998,-23.467977299999973],[-45.05226469999997,-23.467911699999945],[-45.05233879999997,-23.46795019999996],[-45.05247879999996,-23.46809609999997],[-45.052595199999985,-23.468020199999955],[-45.05276139999995,-23.467862399999945],[-45.05290389999993,-23.467861099999936],[-45.05305089999996,-23.467821],[-45.05313289999998,-23.467888899999934],[-45.05328319999995,-23.467927199999963],[-45.05336109999996,-23.467853799999943],[-45.05341349999998,-23.46772459999994],[-45.05339079999993,-23.467560399999968],[-45.053298,-23.467506399999934],[-45.053308899999934,-23.467404199999976],[-45.053337,-23.467250499999977],[-45.053193,-23.467205599999943],[-45.05312279999998,-23.467131799999947],[-45.05304149999995,-23.46698239999995],[-45.05298259999995,-23.466790799999956],[-45.053106799999966,-23.46637819999995],[-45.05333269999994,-23.465941],[-45.05338919999997,-23.465713],[-45.05349659999996,-23.465569099999982],[-45.05358869999998,-23.465565699999956],[-45.05365649999993,-23.465544699999953],[-45.05372179999995,-23.465520699999956],[-45.053709599999934,-23.465411099999983],[-45.054095,-23.46529879999997],[-45.05476109999995,-23.46513129999994],[-45.05550559999995,-23.46496929999995],[-45.05626769999998,-23.464924099999962],[-45.057039,-23.465003599999932],[-45.057793199999935,-23.465184499999964],[-45.05814739999994,-23.465412799999967],[-45.05839219999996,-23.465712],[-45.058426199999985,-23.46587039999997],[-45.058240499999954,-23.46600879999994],[-45.058004299999936,-23.46607649999993],[-45.05801769999994,-23.466190799999936],[-45.057883799999956,-23.466205799999955],[-45.05776179999998,-23.46623189999997],[-45.05777509999996,-23.466313799999966],[-45.05777729999994,-23.466482799999937],[-45.05796869999995,-23.466652499999952],[-45.05823079999993,-23.46683189999993],[-45.058253,-23.46697169999993],[-45.05820829999993,-23.46713349999993],[-45.058254699999964,-23.46736859999993],[-45.05823129999993,-23.46755289999993],[-45.058361899999966,-23.467731699999945],[-45.058568099999945,-23.46780549999994],[-45.058650399999976,-23.467835],[-45.05887469999993,-23.467800199999942],[-45.059195399999965,-23.467674699999975],[-45.05938779999997,-23.467327499999953],[-45.059657,-23.4671],[-45.059937099999956,-23.467028399999947],[-45.06011939999996,-23.466856099999973],[-45.060262499999965,-23.46653],[-45.06058789999997,-23.466524599999957],[-45.06096709999997,-23.466613499999937],[-45.06126569999998,-23.466776],[-45.061549,-23.466966399999933],[-45.06182259999997,-23.46714],[-45.06208159999994,-23.46738469999997],[-45.06234129999996,-23.467647],[-45.062681199999986,-23.46794639999996],[-45.06309659999994,-23.468416599999955],[-45.06347089999997,-23.468773599999963],[-45.063825399999985,-23.469168399999944],[-45.06418819999993,-23.469577799999968],[-45.06456089999995,-23.470019799999932],[-45.064800599999955,-23.47025659999997],[-45.06524539999998,-23.47081049999997],[-45.06553809999997,-23.47115969999993],[-45.065893899999935,-23.47163859999995],[-45.06621819999998,-23.47204739999995],[-45.0664,-23.47226829999994],[-45.06673639999997,-23.472739099999956],[-45.06693279999996,-23.473058299999934],[-45.067248699999936,-23.473478799999953],[-45.06749419999994,-23.473846799999933],[-45.06773539999995,-23.474110199999927],[-45.068109799999945,-23.474570599999936],[-45.06844139999998,-23.47505149999995],[-45.06871209999997,-23.47548439999997],[-45.068920299999945,-23.47578539999995],[-45.069097399999976,-23.47607519999997],[-45.06929669999994,-23.476369399999953],[-45.06936379999996,-23.47650529999993],[-45.06948669999997,-23.476778599999932],[-45.069572499999936,-23.476913199999956],[-45.06978619999995,-23.47720329999993],[-45.06998169999997,-23.477511299999946],[-45.070188299999984,-23.477862899999934],[-45.07040809999995,-23.478145299999937],[-45.07083529999994,-23.47862589999994],[-45.070930499999974,-23.478805499999964],[-45.07091339999994,-23.47905869999994],[-45.070762299999956,-23.479353799999956],[-45.07067539999997,-23.479804799999954],[-45.07069979999994,-23.480164199999933],[-45.070807799999955,-23.480399199999965],[-45.070996,-23.48059],[-45.07131489999995,-23.480714],[-45.07168939999997,-23.480795],[-45.07196709999994,-23.48143959999993],[-45.07233839999998,-23.482381199999963],[-45.07258939999997,-23.48291649999993],[-45.072887,-23.483581699999945],[-45.07311459999994,-23.48414239999994],[-45.073409099999935,-23.48476979999998],[-45.073690099999965,-23.485451699999942],[-45.07398319999993,-23.486436599999934],[-45.074065,-23.486806399999978],[-45.07423339999997,-23.487734099999955],[-45.07429179999997,-23.488240899999937],[-45.074284499999976,-23.48876],[-45.07428219999997,-23.488926899999967],[-45.07416669999998,-23.48957249999995],[-45.07416039999998,-23.489675],[-45.07414989999995,-23.48984439999998],[-45.07401939999994,-23.490358499999957],[-45.073879499999975,-23.490872699999954],[-45.07379679999997,-23.49119059999998],[-45.07337919999998,-23.492189199999927],[-45.07302789999994,-23.492747599999973],[-45.07264309999994,-23.49329119999993],[-45.07234049999994,-23.493576099999927],[-45.072118899999964,-23.493471099999965],[-45.07177589999998,-23.49338819999997],[-45.07143629999996,-23.49329659999995],[-45.07087859999996,-23.493296099999952],[-45.070492799999954,-23.493166299999928],[-45.07031829999994,-23.493013599999983],[-45.069841199999985,-23.492769099999975],[-45.06957,-23.49268319999993],[-45.069343,-23.49272549999995],[-45.069136699999945,-23.492784299999983],[-45.068978399999935,-23.49273039999997],[-45.06885129999995,-23.492618499999935],[-45.06877119999996,-23.492621499999927],[-45.06871959999995,-23.492666399999962],[-45.06863679999998,-23.492885299999955],[-45.06834539999994,-23.492920899999945],[-45.06796449999996,-23.492927299999963],[-45.067728099999954,-23.49281209999998],[-45.06754489999997,-23.49272739999998],[-45.06730509999994,-23.492664],[-45.067060699999956,-23.492573499999935],[-45.06692889999994,-23.49258949999995],[-45.06685029999994,-23.492708799999946],[-45.06679849999995,-23.492899299999976],[-45.066884,-23.49312709999998],[-45.067082,-23.493354299999964],[-45.06728279999993,-23.493519799999945],[-45.06744159999994,-23.493771299999935],[-45.06753279999998,-23.49394],[-45.06757389999996,-23.49426959999994],[-45.06753749999996,-23.494438299999956],[-45.067533899999944,-23.494630299999983],[-45.067565499999944,-23.49486939999997],[-45.06771289999995,-23.49496659999994],[-45.067967299999964,-23.495154799999966],[-45.068186899999944,-23.495370299999934],[-45.06841309999993,-23.49556139999993],[-45.068691299999955,-23.49568449999998],[-45.069078299999944,-23.495982699999956],[-45.069377299999985,-23.496265499999936],[-45.06971669999996,-23.496514899999966],[-45.070074699999964,-23.496779599999968],[-45.07028269999995,-23.49698079999996],[-45.070430699999974,-23.49709729999995],[-45.07053279999997,-23.49706079999993],[-45.07069649999994,-23.49714689999996],[-45.07087659999996,-23.497282],[-45.070962899999984,-23.497251],[-45.071119899999985,-23.49729],[-45.07134989999997,-23.49725669999998],[-45.07148879999994,-23.49721919999996],[-45.07177989999997,-23.497512],[-45.07192289999995,-23.497617699999978],[-45.07196609999994,-23.497755499999982],[-45.071901399999945,-23.497860899999978],[-45.072091099999966,-23.498136599999953],[-45.07219119999996,-23.49817369999994],[-45.07243479999994,-23.498387799999932],[-45.07240239999993,-23.49851119999994],[-45.072517199999936,-23.49857039999995],[-45.07266379999993,-23.49847479999994],[-45.072833,-23.498474899999962],[-45.07297579999994,-23.498588599999948],[-45.073096299999975,-23.498702799999933],[-45.07346159999997,-23.49899279999994],[-45.07358339999996,-23.49917279999994],[-45.07359989999998,-23.499293299999977],[-45.073681799999974,-23.49938119999996],[-45.07370439999994,-23.499450399999944],[-45.07378029999995,-23.499519199999952],[-45.073731,-23.49969989999994],[-45.073671899999965,-23.499920499999973],[-45.073587,-23.500000399999976],[-45.07350769999994,-23.500161],[-45.073582199999976,-23.50049819999998],[-45.07371239999998,-23.500680699999975],[-45.073734,-23.50073649999996],[-45.073726299999976,-23.500818299999935],[-45.073767299999986,-23.500881099999958],[-45.07386989999998,-23.500915499999962],[-45.074045,-23.50086669999996],[-45.07441279999995,-23.50084359999994],[-45.07470729999994,-23.501017],[-45.074944399999936,-23.501186299999972],[-45.07517789999997,-23.501426699999968],[-45.07532859999998,-23.501663599999972],[-45.07535089999993,-23.50188479999997],[-45.075462899999934,-23.50200209999997],[-45.075554,-23.50210969999995],[-45.075671299999954,-23.50212829999998],[-45.075818,-23.502038099999936],[-45.075953099999936,-23.50201149999998],[-45.076298099999974,-23.50210629999998],[-45.07638749999995,-23.502278599999954],[-45.07648979999993,-23.502348299999937],[-45.07659619999998,-23.50232109999996],[-45.07674529999997,-23.502373199999965],[-45.07675329999995,-23.502390899999966],[-45.07675589999997,-23.502395299999932],[-45.07693889999996,-23.50254739999997],[-45.07701969999994,-23.502822099999946],[-45.07711379999995,-23.502931599999954],[-45.07725,-23.503211799999974],[-45.077286399999934,-23.503376299999957],[-45.077243899999985,-23.503408499999978],[-45.07728449999996,-23.50353389999998],[-45.07739049999998,-23.503803799999957],[-45.07735229999997,-23.50399569999996],[-45.07729429999995,-23.504092399999934],[-45.07718289999997,-23.504114699999946],[-45.077128399999935,-23.504239499999983],[-45.077226199999984,-23.504362499999957],[-45.07725609999994,-23.50454959999996],[-45.077219,-23.504845099999955],[-45.077176,-23.504959699999972],[-45.077080799999976,-23.50504879999994],[-45.07692529999997,-23.505028399999958],[-45.076773,-23.505107099999975],[-45.076624,-23.50508519999994],[-45.07649689999994,-23.50513559999996],[-45.076439499999935,-23.505114399999968],[-45.076373899999965,-23.505142399999954],[-45.076309,-23.50525369999997],[-45.07623149999995,-23.50529259999996],[-45.076192499999934,-23.505378599999972],[-45.076214499999935,-23.50550839999994],[-45.07635319999997,-23.505654299999946],[-45.07638439999994,-23.50582789999993],[-45.07648469999998,-23.505969],[-45.07651819999995,-23.506032],[-45.07645009999993,-23.50614859999996],[-45.07648359999996,-23.506329299999948],[-45.07655489999996,-23.506460299999958],[-45.076643299999944,-23.506555499999934],[-45.07674289999994,-23.506663299999957],[-45.076879,-23.506878399999948],[-45.07695239999998,-23.50689589999996],[-45.077039799999966,-23.506944199999964],[-45.07740669999998,-23.507166299999938],[-45.077583199999935,-23.507231299999944],[-45.07774909999995,-23.507298899999967],[-45.077909199999965,-23.50745829999994],[-45.07819879999994,-23.50765],[-45.078322,-23.507774499999982],[-45.07845569999995,-23.50797239999997],[-45.07862879999993,-23.50812019999995],[-45.078801399999975,-23.508214099999975],[-45.079134099999976,-23.508397799999955],[-45.07945959999995,-23.508502499999963],[-45.07989919999994,-23.508600299999955],[-45.08021279999997,-23.508646099999964],[-45.080502,-23.508789899999954],[-45.080867599999976,-23.508922299999938],[-45.08105379999995,-23.509034499999927],[-45.081101099999955,-23.509145],[-45.08104259999993,-23.509304],[-45.08090889999994,-23.50950229999995],[-45.08082839999997,-23.509623399999953],[-45.080767599999945,-23.509770499999945],[-45.08082029999997,-23.509900199999947],[-45.080705,-23.510175],[-45.08057,-23.51029619999997],[-45.08048709999997,-23.51036769999996],[-45.08044639999997,-23.510524799999928],[-45.080442199999936,-23.510703399999954],[-45.08049749999998,-23.51084549999996],[-45.080642599999976,-23.51100159999993],[-45.080619799999965,-23.51118639999993],[-45.08069,-23.511431],[-45.08084939999998,-23.511602599999947],[-45.08074379999994,-23.511729099999968],[-45.08082609999997,-23.511918699999967],[-45.080793,-23.512012399999946],[-45.080848799999956,-23.51211109999997],[-45.080975,-23.512181399999974],[-45.08099629999998,-23.512311599999975],[-45.081053199999985,-23.512403199999937],[-45.081285,-23.512669199999948],[-45.08139219999998,-23.512796399999957],[-45.08131469999995,-23.512915],[-45.081224,-23.512976699999967],[-45.081007399999976,-23.513015199999927],[-45.08076689999996,-23.51298259999993],[-45.08058139999997,-23.51294869999998],[-45.08048439999993,-23.512913599999933],[-45.080272899999954,-23.51278949999994],[-45.08023339999994,-23.51280639999993],[-45.08023,-23.51286609999994],[-45.080327,-23.512935],[-45.080151,-23.51293959999998],[-45.080021399999964,-23.51296059999993],[-45.07985179999997,-23.51298509999998],[-45.079773399999965,-23.513119],[-45.07981769999998,-23.513228199999958],[-45.08005179999998,-23.513291299999935],[-45.08016709999998,-23.513446899999963],[-45.08025889999993,-23.513676199999964],[-45.08042539999997,-23.51396619999997],[-45.08061079999993,-23.51418309999997],[-45.08079219999996,-23.51445],[-45.08093519999994,-23.514746299999956],[-45.081056699999976,-23.514992699999937],[-45.081010599999956,-23.51522609999995],[-45.080967699999974,-23.515562099999954],[-45.08083389999996,-23.51585],[-45.08061669999995,-23.516015],[-45.08042279999995,-23.516181399999937],[-45.08023579999997,-23.51655029999995],[-45.080386799999985,-23.51683639999993],[-45.08058809999994,-23.51715029999997],[-45.08088719999995,-23.51749559999996],[-45.081269099999986,-23.517967599999963],[-45.081436199999985,-23.518128599999955],[-45.08152209999997,-23.518316699999957],[-45.08159889999996,-23.51850109999998],[-45.08152129999996,-23.518699199999958],[-45.08155089999997,-23.519005299999947],[-45.081699199999946,-23.519586299999958],[-45.08164579999993,-23.519761],[-45.08148229999995,-23.519789899999978],[-45.08146609999994,-23.519913],[-45.081627399999945,-23.520078499999954],[-45.08184079999995,-23.520307099999968],[-45.08188979999994,-23.520521199999962],[-45.081937299999936,-23.52070589999994],[-45.08191139999997,-23.520854799999938],[-45.08185869999994,-23.520959499999947],[-45.081771,-23.520942399999967],[-45.08169659999993,-23.520852299999945],[-45.08162349999998,-23.520844299999965],[-45.081605399999944,-23.520977699999946],[-45.08162539999995,-23.521069199999943],[-45.08162219999997,-23.52117759999993],[-45.08157159999996,-23.521194],[-45.081481199999985,-23.52119629999993],[-45.08140979999996,-23.521240099999943],[-45.08142189999995,-23.52133379999998],[-45.08159039999998,-23.521432],[-45.08175429999994,-23.521542099999976],[-45.08190239999993,-23.521523],[-45.081997899999976,-23.52148479999994],[-45.08202,-23.52131909999997],[-45.08213589999997,-23.521266099999934],[-45.08222859999995,-23.521222399999942],[-45.08240159999997,-23.521311799999978],[-45.08265979999993,-23.521436799999947],[-45.083020199999964,-23.521469099999933],[-45.083282699999984,-23.52147039999994],[-45.083431099999984,-23.521367899999973],[-45.08349029999994,-23.521238099999948],[-45.08348769999998,-23.52082239999993],[-45.08341369999994,-23.52007939999993],[-45.08328769999997,-23.518672399999957],[-45.08322969999995,-23.51797339999996],[-45.08321529999995,-23.516850099999942],[-45.08316709999997,-23.515880099999947],[-45.083187,-23.515205299999934],[-45.08324349999998,-23.514934299999936],[-45.08331469999996,-23.514598399999954],[-45.08345869999994,-23.51392539999995],[-45.08357769999998,-23.513023399999952],[-45.083691699999974,-23.512116399999968],[-45.08363369999995,-23.51145139999994],[-45.08350669999993,-23.510798399999942],[-45.083387699999946,-23.510137399999962],[-45.08322969999995,-23.509501399999976],[-45.08302969999994,-23.50898639999997],[-45.08289769999993,-23.508643399999983],[-45.08257839999993,-23.50860169999993],[-45.08195639999997,-23.50850669999994],[-45.081619399999965,-23.50824369999998],[-45.081334399999946,-23.50767069999995],[-45.08115239999995,-23.507311699999946],[-45.08110039999997,-23.50702569999993],[-45.08115239999995,-23.506332699999973],[-45.081229399999984,-23.50585469999993],[-45.081255399999975,-23.50530569999995],[-45.08130639999996,-23.504899699999953],[-45.08130639999996,-23.50466069999993],[-45.08125439999998,-23.50439769999997],[-45.08117639999995,-23.504110699999956],[-45.08096939999996,-23.503800699999942],[-45.08070939999993,-23.50353769999998],[-45.08045039999996,-23.503346699999952],[-45.08003639999998,-23.50310769999993],[-45.07910339999995,-23.502535699999953],[-45.07858539999995,-23.50229669999993],[-45.07832539999998,-23.502201699999944],[-45.07801439999997,-23.502057699999966],[-45.07780739999998,-23.501890699999933],[-45.07760039999994,-23.501675699999964],[-45.077263399999936,-23.50155669999998],[-45.07687439999995,-23.501293699999962],[-45.076693399999954,-23.501078699999937],[-45.07658939999993,-23.500744699999927],[-45.07661439999998,-23.499836699999946],[-45.07661439999998,-23.499573699999928],[-45.076692399999956,-23.499239699999976],[-45.07803839999997,-23.498163699999964],[-45.07829739999994,-23.498068699999976],[-45.07868539999998,-23.497709699999973],[-45.07886739999998,-23.497518699999944],[-45.079022399999985,-23.497303699999975],[-45.07930739999995,-23.49708869999995],[-45.07957049999993,-23.497088],[-45.07988149999994,-23.497136],[-45.08014609999998,-23.49729549999995],[-45.08037489999998,-23.497402699999952],[-45.08038189999996,-23.497402699999952],[-45.08067989999995,-23.49740259999993],[-45.08084069999995,-23.49738549999995],[-45.080960699999935,-23.497379499999965],[-45.081124699999975,-23.497380499999963],[-45.08185179999998,-23.497167899999965],[-45.08224649999994,-23.497061499999973],[-45.082606099999964,-23.49703939999995],[-45.08279319999997,-23.49711259999998],[-45.08279479999993,-23.49711259999998],[-45.083315899999945,-23.49708049999998],[-45.083336799999984,-23.496700799999928],[-45.083407199999954,-23.496408199999962],[-45.083330599999954,-23.49625439999994],[-45.08335079999995,-23.49611749999997],[-45.08344759999994,-23.496085],[-45.083519,-23.49588239999997],[-45.083883,-23.495491699999945],[-45.08418419999998,-23.49521],[-45.084617399999956,-23.494881499999963],[-45.08583569999996,-23.494218599999954],[-45.08764329999997,-23.49353],[-45.08893759999995,-23.49324729999995],[-45.090174099999956,-23.49297729999995],[-45.09218439999995,-23.492739299999982],[-45.094764699999985,-23.492542899999933],[-45.09509879999996,-23.49253639999995],[-45.09726409999996,-23.49249409999993],[-45.09858619999994,-23.492721399999937],[-45.09857159999996,-23.492853799999978],[-45.098583,-23.49294029999993],[-45.09869869999994,-23.493056699999954],[-45.098738,-23.493212299999982],[-45.098725599999966,-23.49332919999995],[-45.098928899999976,-23.493619299999978],[-45.09902479999994,-23.493716499999948],[-45.09913789999996,-23.49391769999994],[-45.09908859999996,-23.49399989999995],[-45.09912869999994,-23.49402269999996],[-45.09922319999998,-23.49405409999997],[-45.09930319999995,-23.494112899999948],[-45.099436899999944,-23.494326],[-45.09957859999997,-23.49446709999995],[-45.099864199999956,-23.49458459999994],[-45.09997549999997,-23.494598099999962],[-45.10007409999997,-23.494552899999974],[-45.100252599999976,-23.494474899999943],[-45.10040349999997,-23.49440949999996],[-45.100572099999965,-23.494389599999977],[-45.10069489999995,-23.49443089999994],[-45.100785299999984,-23.494532499999934],[-45.100925,-23.49464839999996],[-45.101139699999976,-23.49474639999994],[-45.101190299999985,-23.494911799999954],[-45.10137119999996,-23.495052899999962],[-45.101453799999945,-23.49505879999998],[-45.10149609999996,-23.494997099999978],[-45.101617199999964,-23.495009299999936],[-45.10166009999995,-23.495077099999946],[-45.10174359999996,-23.49519719999995],[-45.101788699999986,-23.495297599999958],[-45.10178939999997,-23.49538229999996],[-45.101825599999984,-23.495415199999968],[-45.10189279999997,-23.495401899999933],[-45.101962699999945,-23.495478899999966],[-45.10205129999997,-23.495572899999956],[-45.10220579999998,-23.495668099999932],[-45.10233669999997,-23.49578],[-45.102467599999954,-23.495904],[-45.10251619999997,-23.49598969999994],[-45.10246589999997,-23.496056499999952],[-45.10247449999997,-23.496134799999936],[-45.102498,-23.496217099999967],[-45.10257,-23.496287799999948],[-45.10257859999996,-23.49634919999994],[-45.102616599999976,-23.49636049999998],[-45.102679499999965,-23.496321699999953],[-45.10266669999993,-23.496285399999977],[-45.102712699999984,-23.496277499999962],[-45.10295329999997,-23.496518299999934],[-45.103142599999956,-23.49668859999997],[-45.10329569999993,-23.496829699999978],[-45.10340329999997,-23.496943199999976],[-45.10332889999995,-23.497100199999977],[-45.103224599999976,-23.497415399999966],[-45.10323029999995,-23.49752979999994],[-45.10324959999997,-23.497575299999937],[-45.10331419999994,-23.49759279999995],[-45.10344489999994,-23.497536399999944],[-45.10356679999995,-23.49763729999995],[-45.10389079999993,-23.49787079999993],[-45.104252,-23.49796],[-45.104317,-23.497969499999954],[-45.104349199999945,-23.498041399999977],[-45.10442619999998,-23.498097899999948],[-45.104515,-23.49807389999995],[-45.104467099999965,-23.497965699999952],[-45.10457219999995,-23.497969099999978],[-45.10468309999993,-23.497855799999968],[-45.10465059999996,-23.49779079999996],[-45.10462089999993,-23.497693099999935],[-45.10455589999998,-23.497591499999942],[-45.10453809999996,-23.49748969999996],[-45.104530799999964,-23.49733189999995],[-45.10458019999993,-23.49722509999998],[-45.10466459999998,-23.497184499999946],[-45.10472239999996,-23.49705709999995],[-45.10468869999994,-23.496991099999946],[-45.10470539999994,-23.496845699999938],[-45.10463759999993,-23.496772199999953],[-45.10457269999995,-23.496739499999933],[-45.104536,-23.496663199999944],[-45.104476699999964,-23.496587199999965],[-45.104414599999984,-23.496472899999958],[-45.10417589999997,-23.496299799999974],[-45.103931699999976,-23.496171799999956],[-45.10369779999996,-23.49602749999997],[-45.103580299999976,-23.49592439999998],[-45.10336259999997,-23.49564239999995],[-45.103115499999944,-23.495377899999937],[-45.102949699999954,-23.495272099999966],[-45.10282369999993,-23.495172099999934],[-45.10281219999996,-23.495051599999954],[-45.102786599999945,-23.494843],[-45.10275189999993,-23.494514899999956],[-45.10273979999994,-23.494100599999967],[-45.10277309999998,-23.493580899999927],[-45.10286589999998,-23.493033099999934],[-45.10297939999998,-23.492695699999956],[-45.103066299999966,-23.492516699999953],[-45.10319959999998,-23.492563099999927],[-45.103291499999955,-23.49254609999997],[-45.10335379999998,-23.49232989999996],[-45.103324,-23.492122499999937],[-45.103389799999945,-23.492047799999966],[-45.10351779999996,-23.491788],[-45.10366669999996,-23.49176019999993],[-45.10373929999997,-23.49166189999994],[-45.10356449999995,-23.491467099999966],[-45.103467,-23.491239099999973],[-45.10338529999996,-23.49095509999995],[-45.103142299999945,-23.49058119999995],[-45.103034599999944,-23.49034089999998],[-45.10292139999996,-23.490061199999957],[-45.10296809999994,-23.489964399999963],[-45.10332209999996,-23.48973189999998],[-45.10373079999994,-23.48949259999995],[-45.10413459999995,-23.48925349999996],[-45.10456449999998,-23.489072499999963],[-45.10494139999997,-23.488931599999944],[-45.105423,-23.488823899999943],[-45.105961399999956,-23.48879489999996],[-45.10610819999994,-23.488742499999944],[-45.106240799999966,-23.48878609999997],[-45.106449699999985,-23.488782499999957],[-45.10662149999996,-23.48874239999998],[-45.10679349999998,-23.488693699999942],[-45.106850099999974,-23.488758],[-45.106831399999976,-23.488841899999954],[-45.106911,-23.48899319999998],[-45.106916799999965,-23.48917],[-45.10687849999994,-23.489436599999976],[-45.10691779999996,-23.489736599999958],[-45.10702939999993,-23.49010409999994],[-45.10707529999996,-23.49036019999994],[-45.10712629999995,-23.49053639999994],[-45.10709339999994,-23.49071619999995],[-45.107002499999965,-23.490872599999932],[-45.106778599999984,-23.491040899999973],[-45.106778099999985,-23.491413],[-45.106872399999986,-23.491782299999954],[-45.10707279999997,-23.492009699999983],[-45.10721929999994,-23.49238689999993],[-45.10726839999995,-23.492700199999945],[-45.10759879999995,-23.49310349999996],[-45.107885899999985,-23.493321799999933],[-45.10810269999996,-23.493650599999967],[-45.10839029999994,-23.49381989999995],[-45.10872,-23.493908099999942],[-45.10875079999994,-23.49396889999997],[-45.10875839999994,-23.494018799999935],[-45.108703899999966,-23.494104599999957],[-45.108731399999954,-23.494119499999954],[-45.10880839999993,-23.494117],[-45.10886889999995,-23.49418469999995],[-45.109003,-23.494234499999948],[-45.10914919999993,-23.49423079999997],[-45.10940769999996,-23.49429759999998],[-45.10949,-23.494404499999973],[-45.10951369999998,-23.49449979999997],[-45.10965229999994,-23.49461],[-45.109892799999955,-23.494888299999957],[-45.10998269999993,-23.49504719999993],[-45.11006889999993,-23.49512429999993],[-45.110078699999974,-23.495127899999943],[-45.11009009999998,-23.495136299999956],[-45.11013239999994,-23.495181099999968],[-45.110136,-23.495186],[-45.11010989999994,-23.495235699999967],[-45.11014639999996,-23.495308799999975],[-45.11015009999994,-23.49531369999994],[-45.110220399999946,-23.49539859999993],[-45.11026359999994,-23.495412],[-45.110280099999954,-23.495438599999943],[-45.11027359999997,-23.495488399999942],[-45.110284399999955,-23.495521699999983],[-45.110481499999935,-23.495638699999972],[-45.11056359999998,-23.495633599999962],[-45.11061719999998,-23.495598799999982],[-45.11068369999998,-23.49559849999997],[-45.110806699999955,-23.495655099999965],[-45.110989899999936,-23.495756399999948],[-45.111106,-23.495831799999962],[-45.111362199999974,-23.49592389999998],[-45.11144379999996,-23.495978699999966],[-45.11153209999998,-23.49600849999996],[-45.111641599999984,-23.496089599999948],[-45.11178359999997,-23.496241399999974],[-45.111977,-23.496310299999948],[-45.11212389999997,-23.496481899999935],[-45.11243979999995,-23.496698299999935],[-45.11258879999997,-23.496757],[-45.11311459999996,-23.496843599999977],[-45.11360579999996,-23.496888699999943],[-45.11402089999996,-23.49696339999997],[-45.11433989999995,-23.497050299999955],[-45.11456169999997,-23.497215899999958],[-45.11482549999994,-23.497261899999955],[-45.11514989999995,-23.497369799999944],[-45.115412,-23.49740559999998],[-45.11562369999996,-23.497485299999937],[-45.11576189999994,-23.497581699999955],[-45.11585329999997,-23.49766519999997],[-45.115967,-23.497764699999948],[-45.116092299999934,-23.49794259999993],[-45.116174,-23.498051],[-45.11614039999995,-23.498088399999972],[-45.11614009999994,-23.498134499999935],[-45.116209399999946,-23.498148799999967],[-45.11630379999997,-23.498120099999937],[-45.116471299999944,-23.498104599999976],[-45.116535,-23.498157],[-45.11671,-23.498208],[-45.11695169999996,-23.498322],[-45.11712389999997,-23.498455299999932],[-45.11722709999998,-23.49853889999997],[-45.117325,-23.49864409999998],[-45.117341599999975,-23.49866179999998],[-45.11737339999996,-23.498698299999944],[-45.11738239999994,-23.49870859999993],[-45.117399399999954,-23.498728099999937],[-45.117544899999984,-23.49894089999998],[-45.11773509999995,-23.499157099999934],[-45.117921699999954,-23.49930379999995],[-45.11811769999997,-23.499556499999983],[-45.11827989999995,-23.499783199999968],[-45.11832769999995,-23.49987529999993],[-45.11836039999997,-23.500059499999963],[-45.11844189999994,-23.500178799999958],[-45.11858749999993,-23.500283799999977],[-45.118669,-23.500382499999944],[-45.11875589999994,-23.500509199999954],[-45.118816299999935,-23.500684599999943],[-45.118907,-23.500906499999928],[-45.11902259999994,-23.501111299999934],[-45.11917,-23.501238399999977],[-45.11939,-23.501271299999928],[-45.11963039999995,-23.50125719999994],[-45.11981989999998,-23.50116259999993],[-45.119898699999965,-23.501102299999957],[-45.119991899999945,-23.500947],[-45.12005469999997,-23.50078129999997],[-45.120226499999944,-23.50062159999993],[-45.12055609999993,-23.500497399999972],[-45.12085739999998,-23.50049649999994],[-45.12119789999997,-23.500603099999978],[-45.12156479999993,-23.500722199999927],[-45.12185619999997,-23.50082489999994],[-45.12187069999993,-23.50083],[-45.12204769999994,-23.50088539999996],[-45.12224239999995,-23.500946299999953],[-45.12228419999997,-23.50096259999998],[-45.122599399999956,-23.501085299999943],[-45.12271309999994,-23.50121],[-45.122807,-23.501331299999947],[-45.12287709999998,-23.501482],[-45.122946199999944,-23.501597],[-45.122982399999955,-23.501710599999967],[-45.123035699999946,-23.50179509999998],[-45.12313429999995,-23.501858],[-45.12325359999994,-23.502034399999957],[-45.12326329999996,-23.50219119999997],[-45.12327229999994,-23.502260599999943],[-45.123320699999965,-23.502334899999937],[-45.123446299999955,-23.50242129999998],[-45.12406679999998,-23.50287949999995],[-45.12411249999997,-23.503002299999935],[-45.124160899999936,-23.503138699999965],[-45.12424439999995,-23.50330459999998],[-45.124344399999984,-23.50336539999995],[-45.124334799999986,-23.503415699999948],[-45.12424489999995,-23.503363899999954],[-45.12416969999998,-23.503291399999966],[-45.12412859999995,-23.503218],[-45.12406649999997,-23.50321759999997],[-45.124159599999984,-23.50342729999994],[-45.12415059999995,-23.503529199999946],[-45.123906499999975,-23.503840799999978],[-45.123757599999976,-23.503731],[-45.12325329999993,-23.503607899999963],[-45.12317049999996,-23.503592499999968],[-45.12263109999998,-23.50345459999994],[-45.12259969999997,-23.50353949999993],[-45.12243059999997,-23.503498299999933],[-45.12240319999995,-23.503574],[-45.12305519999995,-23.50373159999998],[-45.123014499999954,-23.503906899999947],[-45.122973599999966,-23.50406739999994],[-45.123284799999965,-23.504166599999962],[-45.12322169999993,-23.504311],[-45.123150899999985,-23.50444159999995],[-45.12306959999995,-23.504526899999973],[-45.12289249999998,-23.504441799999938],[-45.12280169999997,-23.504390899999976],[-45.12271889999994,-23.504338],[-45.122634199999936,-23.50428889999995],[-45.122568599999965,-23.504245099999935],[-45.12250749999998,-23.504268499999966],[-45.122474799999964,-23.504329],[-45.122419399999956,-23.50438769999994],[-45.122258199999976,-23.50424959999998],[-45.122198899999944,-23.504302699999982],[-45.122069299999964,-23.50422839999993],[-45.12197919999994,-23.504404699999952],[-45.122164699999985,-23.50451759999993],[-45.122373599999946,-23.50465689999993],[-45.122473,-23.504818499999942],[-45.12256679999996,-23.504979899999967],[-45.12260839999993,-23.505065299999956],[-45.122432499999945,-23.505199699999935],[-45.12233269999996,-23.505240499999957],[-45.122239399999955,-23.505196199999943],[-45.122091499999954,-23.50514759999993],[-45.121921199999974,-23.50509809999994],[-45.12177209999993,-23.505021399999976],[-45.121606,-23.504867499999932],[-45.12149029999995,-23.504856],[-45.12141189999994,-23.504797699999983],[-45.12129209999995,-23.50482729999993],[-45.12112509999997,-23.50477019999994],[-45.120880099999965,-23.50469759999993],[-45.120784199999946,-23.504709399999967],[-45.12054529999995,-23.504784599999937],[-45.12016479999994,-23.504830399999946],[-45.119901,-23.50488169999994],[-45.119685,-23.50500009999996],[-45.11961009999993,-23.50499579999996],[-45.11954439999994,-23.504992],[-45.11933049999993,-23.505050299999937],[-45.11915849999997,-23.50502419999998],[-45.11903429999995,-23.505078099999935],[-45.118843399999946,-23.505063399999983],[-45.118693,-23.505106499999954],[-45.118457399999954,-23.504983299999935],[-45.11824379999996,-23.50494989999993],[-45.11791079999995,-23.505080499999963],[-45.11769839999994,-23.505254499999978],[-45.117632699999945,-23.505203199999983],[-45.117539,-23.505200799999955],[-45.11739039999998,-23.505100099999936],[-45.117277299999955,-23.50505019999997],[-45.117045099999984,-23.505027299999938],[-45.11696559999996,-23.504980199999977],[-45.11674659999994,-23.50500329999994],[-45.11662529999995,-23.505026399999963],[-45.11659559999998,-23.505093299999942],[-45.11658279999995,-23.505269599999963],[-45.116519,-23.50532929999997],[-45.11644359999997,-23.50528309999993],[-45.11636359999994,-23.505334199999936],[-45.116318399999955,-23.505415699999958],[-45.11636469999996,-23.50548459999993],[-45.116347,-23.505520199999978],[-45.11627039999996,-23.50551919999998],[-45.11623629999997,-23.505575199999953],[-45.116237,-23.50565649999993],[-45.11611129999994,-23.505817599999943],[-45.11597709999995,-23.50592709999995],[-45.11582309999994,-23.506119499999954],[-45.115483,-23.506473],[-45.115277,-23.506648499999983],[-45.115040299999976,-23.506853],[-45.11470719999994,-23.507037099999934],[-45.11430539999998,-23.507185899999968],[-45.114142,-23.50731719999993],[-45.113957899999946,-23.50747769999998],[-45.11375019999997,-23.507599599999935],[-45.11354619999997,-23.507753199999968],[-45.11338539999997,-23.507775299999935],[-45.113082,-23.50783739999997],[-45.11274009999994,-23.50794929999995],[-45.11239409999996,-23.50799479999995],[-45.11205219999994,-23.50802989999994],[-45.111892299999965,-23.50795789999995],[-45.11184749999995,-23.507794399999966],[-45.11190639999995,-23.507546399999967],[-45.11190389999996,-23.507202699999937],[-45.111782199999936,-23.50696629999993],[-45.11155349999996,-23.50686639999998],[-45.11127589999995,-23.50692449999997],[-45.111030599999935,-23.50726629999997],[-45.11074089999994,-23.50720869999998],[-45.11048909999994,-23.507239],[-45.110337699999945,-23.50739489999995],[-45.10942279999995,-23.507429],[-45.108789299999955,-23.50739859999993],[-45.108352699999955,-23.507349399999953],[-45.107863,-23.507472],[-45.107807099999945,-23.507738699999948],[-45.107663799999955,-23.50784049999993],[-45.10753219999998,-23.507906399999968],[-45.10757849999993,-23.508169099999975],[-45.107587799999976,-23.508433699999955],[-45.10744809999994,-23.50870219999996],[-45.107259399999975,-23.508933299999967],[-45.1071,-23.50920689999998],[-45.107083399999965,-23.50948],[-45.107204,-23.509870399999954],[-45.107460499999945,-23.510172299999965],[-45.10782489999997,-23.510382499999935],[-45.108180499999946,-23.510378699999933],[-45.108489099999986,-23.510532299999966],[-45.10874739999997,-23.510733],[-45.10889449999996,-23.51087259999997],[-45.10902949999996,-23.51103779999994],[-45.10924829999993,-23.51117739999995],[-45.10938839999994,-23.51115049999993],[-45.109634,-23.511143299999958],[-45.10987319999998,-23.51111979999996],[-45.11001959999993,-23.511180099999933],[-45.110144299999945,-23.51128289999997],[-45.11028229999994,-23.511478199999942],[-45.11032419999998,-23.51166059999997],[-45.11044369999996,-23.512003799999945],[-45.11051719999995,-23.512281299999927],[-45.110551699999974,-23.512531099999933],[-45.110546099999965,-23.512835699999982],[-45.11047479999996,-23.513149],[-45.11035059999995,-23.513516899999956],[-45.11021039999997,-23.5139],[-45.11009779999995,-23.514170199999967],[-45.109975,-23.51436179999996],[-45.109752,-23.514579899999944],[-45.10959379999997,-23.51471559999993],[-45.10927559999993,-23.514613],[-45.10904459999995,-23.514473299999963],[-45.10893539999995,-23.514353099999937],[-45.10869569999994,-23.51429319999994],[-45.10833089999994,-23.51410119999997],[-45.10793869999998,-23.51387059999996],[-45.10773309999996,-23.513747299999977],[-45.107598199999984,-23.51379369999995],[-45.10751609999994,-23.513908799999967],[-45.107500899999934,-23.514107699999954],[-45.107272799999976,-23.51426129999993],[-45.107102399999974,-23.51433559999998],[-45.106996,-23.51434759999995],[-45.10692179999995,-23.51434329999995],[-45.10689549999995,-23.51445259999997],[-45.10690939999995,-23.51456589999998],[-45.10686849999996,-23.514743499999952],[-45.10681779999993,-23.514833099999976],[-45.10674379999995,-23.514845699999967],[-45.106723199999976,-23.514878],[-45.10674149999994,-23.514926599999967],[-45.106964699999935,-23.514985699999954],[-45.10702259999994,-23.515001799999936],[-45.10702719999995,-23.515098399999943],[-45.10709819999994,-23.51514169999996],[-45.10717329999994,-23.51537979999995],[-45.107304099999965,-23.51546869999993],[-45.107474399999944,-23.515532399999927],[-45.10768429999996,-23.515686699999947],[-45.108172399999944,-23.51592089999997],[-45.108436799999936,-23.516163399999982],[-45.10877179999994,-23.516538],[-45.10885629999996,-23.51678469999996],[-45.10886169999998,-23.517018],[-45.10882509999993,-23.517169799999976],[-45.10874669999998,-23.517268599999966],[-45.10866059999995,-23.51729819999997],[-45.108450199999936,-23.517252499999927],[-45.10821359999994,-23.517175099999974],[-45.10787749999997,-23.517248],[-45.10746689999996,-23.517468899999983],[-45.10743439999993,-23.517674099999965],[-45.10736449999996,-23.518033899999978],[-45.10731739999994,-23.51839149999995],[-45.107319,-23.51872119999996],[-45.10736179999998,-23.519104699999957],[-45.107500399999935,-23.51942889999998],[-45.10757109999997,-23.519736],[-45.10755649999993,-23.520037199999933],[-45.107434799999965,-23.52028679999995],[-45.10725929999995,-23.52061729999997],[-45.10709259999993,-23.520958399999927],[-45.10709519999995,-23.521384299999966],[-45.10705869999998,-23.52142139999995],[-45.106919699999935,-23.52171759999993],[-45.10668549999997,-23.522194599999978],[-45.10655979999996,-23.52268179999993],[-45.106215299999974,-23.522923899999967],[-45.10591619999997,-23.522971299999938],[-45.105869,-23.523176499999977],[-45.10584479999994,-23.523398399999962],[-45.10580209999995,-23.523531699999978],[-45.105717399999946,-23.523646],[-45.105768599999976,-23.523757399999965],[-45.10591449999998,-23.523828099999946],[-45.10595009999997,-23.524025],[-45.106101699999954,-23.524254199999973],[-45.10633709999996,-23.524353299999973],[-45.10652249999998,-23.52439839999994],[-45.106695599999966,-23.524523],[-45.106921899999975,-23.524530699999957],[-45.10712619999998,-23.524492],[-45.10729059999994,-23.524484799999982],[-45.107466699999975,-23.524603599999978],[-45.107731599999966,-23.52479009999996],[-45.107962499999985,-23.524915299999975],[-45.108064199999944,-23.524949099999958],[-45.10819209999994,-23.52492],[-45.108214,-23.52485749999994],[-45.108257,-23.524792899999966],[-45.108365499999934,-23.52480209999993],[-45.10841819999996,-23.52486659999994],[-45.10850659999994,-23.524931799999933],[-45.108546099999955,-23.524985199999946],[-45.10861229999995,-23.524951099999953],[-45.10860669999994,-23.524842899999953],[-45.108648,-23.524828],[-45.10871259999993,-23.52491139999995],[-45.108801,-23.52496139999994],[-45.10882469999996,-23.525039599999957],[-45.10890509999996,-23.52512829999995],[-45.10901209999997,-23.52510929999994],[-45.10905009999993,-23.52504339999996],[-45.109021,-23.52495339999996],[-45.109042199999976,-23.524846899999943],[-45.109158899999954,-23.52485919999998],[-45.10930929999995,-23.525060199999928],[-45.10955409999997,-23.525185699999952],[-45.10961919999994,-23.525274],[-45.109735599999965,-23.525378099999955],[-45.11007969999997,-23.52557969999998],[-45.11040819999994,-23.525634599999933],[-45.11069089999995,-23.52561419999995],[-45.111006299999985,-23.525764099999947],[-45.11118829999998,-23.525890199999935],[-45.11133289999998,-23.526009199999976],[-45.11156659999995,-23.526143],[-45.11180719999993,-23.526208699999927],[-45.11200979999995,-23.526286699999957],[-45.112314599999934,-23.52639],[-45.11266309999996,-23.526443299999983],[-45.11300189999997,-23.52637109999995],[-45.11328709999998,-23.52622709999997],[-45.11348829999997,-23.525958299999957],[-45.113586699999985,-23.525491199999976],[-45.11352149999993,-23.524998799999935],[-45.11341219999997,-23.52475039999996],[-45.113464499999964,-23.524607799999956],[-45.11342589999998,-23.524441099999933],[-45.113284299999975,-23.52420669999998],[-45.113278099999945,-23.523929899999928],[-45.113151399999936,-23.52371779999993],[-45.11320619999998,-23.52343869999993],[-45.113189499999976,-23.523149],[-45.113274,-23.523071399999935],[-45.113280799999984,-23.522986599999967],[-45.11319089999995,-23.52289049999996],[-45.11308879999996,-23.522536799999955],[-45.112968799999976,-23.522239399999933],[-45.11286469999993,-23.522070699999972],[-45.112788499999965,-23.521815299999957],[-45.11274069999996,-23.521474699999942],[-45.112346499999944,-23.52088709999998],[-45.112280399999975,-23.52064009999998],[-45.11232729999995,-23.520460399999934],[-45.112442,-23.520223699999974],[-45.11272479999997,-23.51994579999996],[-45.11292479999997,-23.51977409999995],[-45.113169,-23.51962069999996],[-45.113280299999985,-23.519598799999983],[-45.11340889999997,-23.519560299999966],[-45.113580799999966,-23.519469],[-45.113792699999976,-23.519385799999952],[-45.11389389999994,-23.519306099999937],[-45.11399809999995,-23.51925769999997],[-45.11411359999994,-23.519155599999976],[-45.114228899999944,-23.51909319999993],[-45.114536699999974,-23.51910659999993],[-45.11464309999997,-23.51906029999998],[-45.114711899999975,-23.51904589999998],[-45.114865099999975,-23.519034099999942],[-45.11501739999994,-23.519033599999943],[-45.115270899999985,-23.518967199999963],[-45.115485099999944,-23.51902569999993],[-45.11559719999997,-23.51909729999994],[-45.11583759999996,-23.519041699999946],[-45.11609839999994,-23.51901129999993],[-45.11642779999994,-23.519112],[-45.116790099999946,-23.519246299999963],[-45.11717679999998,-23.51945079999996],[-45.11759489999997,-23.519738399999937],[-45.11789379999993,-23.51990859999995],[-45.11820489999997,-23.520077799999967],[-45.118573899999944,-23.520242199999927],[-45.11878619999993,-23.52047589999995],[-45.119092199999955,-23.520750199999952],[-45.119349099999965,-23.520952499999964],[-45.11950539999998,-23.52103029999995],[-45.11965019999997,-23.52126119999997],[-45.119892799999946,-23.521375499999976],[-45.12002929999994,-23.521313],[-45.12023749999997,-23.521349199999975],[-45.120410499999934,-23.521378699999957],[-45.120473199999935,-23.521275],[-45.12067069999995,-23.521089099999983],[-45.120950499999935,-23.52099759999993],[-45.12111179999994,-23.52106239999995],[-45.12122279999994,-23.52097779999997],[-45.12118959999998,-23.520825199999933],[-45.121297899999945,-23.520520499999975],[-45.12137149999995,-23.520285199999933],[-45.12161839999993,-23.52003579999996],[-45.12178549999993,-23.519767299999955],[-45.12178319999998,-23.519598599999938],[-45.12165539999995,-23.519353499999966],[-45.121579199999985,-23.519128399999943],[-45.12153189999998,-23.51887849999997],[-45.12139789999998,-23.518547599999977],[-45.12127559999993,-23.518236599999966],[-45.12120669999996,-23.517867499999966],[-45.12108429999995,-23.51767549999994],[-45.121166,-23.51741809999993],[-45.121301,-23.517244699999935],[-45.12140329999994,-23.517013299999974],[-45.12138719999996,-23.51701259999993],[-45.12158779999993,-23.516788],[-45.12167539999996,-23.51663489999993],[-45.121748399999944,-23.516514299999983],[-45.121706,-23.51632669999998],[-45.121967,-23.51617989999994],[-45.12214979999993,-23.516105799999934],[-45.12239969999996,-23.516029],[-45.122829199999956,-23.51582339999993],[-45.12298629999998,-23.515653199999974],[-45.123126799999966,-23.515427],[-45.12336529999993,-23.51517339999998],[-45.12381289999996,-23.515028],[-45.12401989999995,-23.51508649999994],[-45.12434559999997,-23.515169799999967],[-45.124635299999966,-23.51522479999994],[-45.124882199999945,-23.51518],[-45.12502049999995,-23.515184699999963],[-45.12514649999997,-23.515215599999976],[-45.125364599999955,-23.51513609999995],[-45.125658699999974,-23.51511469999997],[-45.12592959999995,-23.515060199999937],[-45.12626489999997,-23.51512219999995],[-45.12653729999994,-23.51521209999993],[-45.12708729999997,-23.515128699999934],[-45.127230699999984,-23.515011799999968],[-45.127178199999946,-23.51480349999997],[-45.12735219999996,-23.514601399999947],[-45.12756959999996,-23.51446969999995],[-45.12810369999994,-23.51423929999993],[-45.12849929999993,-23.514047699999935],[-45.12878939999996,-23.51373719999998],[-45.12897529999998,-23.513474299999928],[-45.12913139999995,-23.51311579999998],[-45.12938909999997,-23.512911299999928],[-45.129505,-23.512581199999943],[-45.12965339999994,-23.512164799999937],[-45.129762899999946,-23.511867699999982],[-45.12993209999996,-23.51183229999998],[-45.130164099999945,-23.51180869999996],[-45.13045049999994,-23.51162379999994],[-45.130734899999936,-23.511550099999965],[-45.13096319999994,-23.511522399999933],[-45.13115609999994,-23.511556799999937],[-45.131303199999934,-23.511461399999973],[-45.13140329999993,-23.511291599999936],[-45.13155849999998,-23.511216],[-45.13168879999995,-23.511109099999942],[-45.13180459999995,-23.510918799999956],[-45.131807599999945,-23.51064649999995],[-45.131789099999935,-23.510382899999968],[-45.131847799999946,-23.510000499999933],[-45.13204909999996,-23.509680699999933],[-45.13244059999994,-23.509419299999934],[-45.13292489999998,-23.509181199999944],[-45.133397299999956,-23.50901959999993],[-45.13361439999994,-23.509039599999937],[-45.13386589999993,-23.50918809999996],[-45.134067399999935,-23.509329],[-45.13443,-23.509588699999938],[-45.13469029999993,-23.509742899999935],[-45.134900399999935,-23.509831899999938],[-45.13508719999993,-23.510017799999957],[-45.135253499999976,-23.510010299999976],[-45.135467699999936,-23.51016489999995],[-45.13559369999996,-23.51031949999998],[-45.13589409999997,-23.510781099999974],[-45.13619369999998,-23.510845899999936],[-45.13641789999997,-23.510930599999938],[-45.13661659999997,-23.510923099999957],[-45.13681079999998,-23.510948],[-45.136743699999954,-23.511129899999958],[-45.136764899999946,-23.511263199999973],[-45.13694469999996,-23.511358],[-45.13724179999997,-23.51135449999998],[-45.137516199999936,-23.511540099999934],[-45.13758859999996,-23.51174359999993],[-45.137816,-23.511803699999973],[-45.13789879999996,-23.511670699999968],[-45.13821889999997,-23.511269599999935],[-45.138409499999966,-23.51074669999997],[-45.13852209999993,-23.51090839999995],[-45.13872569999995,-23.51093149999997],[-45.138749099999984,-23.510683399999948],[-45.13845489999994,-23.510168499999963],[-45.13847309999994,-23.50984989999995],[-45.13853119999993,-23.509453599999972],[-45.138626199999976,-23.509407099999976],[-45.138675399999954,-23.509253399999977],[-45.13868709999997,-23.509099799999944],[-45.13858469999997,-23.50909059999998],[-45.13839919999998,-23.509149],[-45.13814419999994,-23.508912099999975],[-45.13804529999993,-23.508739],[-45.13775609999993,-23.50858969999996],[-45.137247799999955,-23.508535499999937],[-45.13692919999994,-23.508627399999966],[-45.13648639999997,-23.508695099999954],[-45.13615169999997,-23.508622899999978],[-45.13593759999998,-23.508533499999942],[-45.13573319999995,-23.508365399999946],[-45.13540189999998,-23.50826049999995],[-45.13508889999997,-23.508268099999952],[-45.134928499999944,-23.50823809999997],[-45.134846599999946,-23.50809769999995],[-45.134747199999936,-23.507766799999956],[-45.134639799999945,-23.507216099999937],[-45.13457719999997,-23.506746],[-45.13456209999998,-23.506632399999944],[-45.13457759999994,-23.50583329999995],[-45.13470509999996,-23.505110699999932],[-45.13482769999996,-23.504854699999953],[-45.13494859999997,-23.504602199999965],[-45.135303499999964,-23.503976799999975],[-45.13588509999994,-23.503124499999956],[-45.13667719999995,-23.502327899999955],[-45.13726339999994,-23.501881],[-45.13779839999995,-23.501516],[-45.13845489999994,-23.50118989999993],[-45.13920469999994,-23.500884499999927],[-45.13946979999997,-23.500790199999983],[-45.139769599999966,-23.500683599999945],[-45.14020679999993,-23.500585199999932],[-45.14068619999995,-23.500472499999944],[-45.14125689999997,-23.500355399999933],[-45.14185249999997,-23.500272499999937],[-45.14220549999993,-23.500242899999932],[-45.142633,-23.500307199999952],[-45.14274649999993,-23.50047319999993],[-45.142749299999934,-23.50072579999994],[-45.14290909999994,-23.501134],[-45.14322279999993,-23.501407599999936],[-45.14380029999995,-23.501668699999982],[-45.14421779999998,-23.501858699999957],[-45.144606899999985,-23.501970099999937],[-45.14501139999993,-23.502031099999954],[-45.145239499999946,-23.50209129999996],[-45.14548179999997,-23.50204569999994],[-45.14574269999997,-23.50192119999997],[-45.145834099999945,-23.501739399999963],[-45.145942899999966,-23.50161819999994],[-45.14588149999997,-23.501535699999977],[-45.14578489999997,-23.50139139999993],[-45.145853699999975,-23.501276299999972],[-45.14577829999996,-23.501212799999962],[-45.14562449999994,-23.50124859999994],[-45.145503599999984,-23.501201899999955],[-45.14537869999998,-23.50101029999996],[-45.145024199999966,-23.500791299999946],[-45.14503039999994,-23.500671799999964],[-45.144912199999965,-23.50066479999998],[-45.14484209999995,-23.500762399999928],[-45.14460319999995,-23.50061549999998],[-45.144273099999964,-23.50040709999996],[-45.144045,-23.500206299999945],[-45.14374989999993,-23.49992229999998],[-45.143781299999944,-23.499756799999943],[-45.14384769999998,-23.499427699999956],[-45.14396889999995,-23.49903749999993],[-45.144154,-23.498553199999947],[-45.144487399999946,-23.498070799999937],[-45.14486549999998,-23.497623399999952],[-45.145218,-23.497362599999974],[-45.14558529999994,-23.49711929999995],[-45.145892199999935,-23.49689539999997],[-45.146163299999955,-23.49674609999994],[-45.14634429999995,-23.496646299999952],[-45.14662139999996,-23.49659209999993],[-45.146896899999945,-23.49670249999997],[-45.14704729999994,-23.496875],[-45.147307799999965,-23.49716079999996],[-45.14777959999998,-23.497558],[-45.14820769999994,-23.497622899999953],[-45.148428499999966,-23.497580599999935],[-45.14863459999998,-23.497576],[-45.148794599999974,-23.497451299999966],[-45.14902619999998,-23.497318899999982],[-45.149304,-23.497401199999956],[-45.14949619999993,-23.497561299999973],[-45.149746799999946,-23.497667499999977],[-45.150031799999965,-23.497775399999966],[-45.150234299999966,-23.497971],[-45.150414799999965,-23.49808939999997],[-45.15059239999994,-23.498157799999944],[-45.150757699999986,-23.498139099999946],[-45.15091819999998,-23.498224],[-45.15115339999994,-23.498437499999966],[-45.151427799999965,-23.498668599999974],[-45.151857,-23.49901129999995],[-45.152179399999966,-23.49906219999997],[-45.15239769999994,-23.498892599999976],[-45.152562899999964,-23.498958499999958],[-45.15289179999996,-23.49920129999998],[-45.15326779999998,-23.49936329999997],[-45.15340829999997,-23.499393399999974],[-45.15368139999998,-23.49932249999995],[-45.153831,-23.499342699999943],[-45.15413859999995,-23.49940739999994],[-45.154191,-23.499418399999968],[-45.15441569999996,-23.499391599999967],[-45.154535099999976,-23.499180099999933],[-45.15441789999994,-23.498941099999968],[-45.154456,-23.49877369999996],[-45.15461269999997,-23.498744699999975],[-45.154651299999955,-23.498602199999937],[-45.154494599999964,-23.498347399999943],[-45.15451209999998,-23.49805589999994],[-45.154510899999934,-23.497828399999946],[-45.154534299999966,-23.497728199999983],[-45.15474429999995,-23.497611399999982],[-45.15494989999996,-23.497569099999964],[-45.15512979999994,-23.49761179999996],[-45.15540939999994,-23.497735099999943],[-45.155538899999954,-23.497573099999954],[-45.155616399999985,-23.497383599999978],[-45.155806,-23.49727319999994],[-45.15611139999993,-23.497261],[-45.15665839999997,-23.49732149999994],[-45.15709409999994,-23.497419499999978],[-45.157327,-23.49737529999993],[-45.15750219999995,-23.49747039999994],[-45.15763969999995,-23.497778299999936],[-45.15775119999995,-23.498198699999932],[-45.157721599999945,-23.498519899999962],[-45.157842899999935,-23.49878819999998],[-45.158212499999934,-23.499190099999964],[-45.15859679999994,-23.49945],[-45.15889989999994,-23.499623499999927],[-45.15925039999996,-23.499683],[-45.159538699999985,-23.49983489999994],[-45.159847199999945,-23.50001469999995],[-45.160007,-23.500064099999975],[-45.16021589999997,-23.500027199999977],[-45.160374899999965,-23.49988479999996],[-45.16059039999993,-23.499722599999927],[-45.16097869999993,-23.49957809999995],[-45.161393499999974,-23.49958209999994],[-45.161715399999935,-23.499382399999945],[-45.162027799999976,-23.499274899999932],[-45.162214699999936,-23.499076499999944],[-45.162454,-23.498964299999955],[-45.162616699999944,-23.49867569999998],[-45.16276759999994,-23.49838929999993],[-45.16286469999994,-23.498177899999973],[-45.16309689999997,-23.498155699999927],[-45.16325569999998,-23.498031499999968],[-45.16349709999997,-23.497734099999946],[-45.16371509999993,-23.497605199999953],[-45.16398039999996,-23.497655299999963],[-45.164247099999955,-23.497499699999935],[-45.16435279999996,-23.497243199999957],[-45.164332,-23.49693659999997],[-45.16449079999995,-23.49673729999995],[-45.16459929999996,-23.496438],[-45.164628499999935,-23.49606579999994],[-45.16467979999993,-23.495634499999937],[-45.164685099999986,-23.495362499999942],[-45.164963299999954,-23.495114299999955],[-45.16508559999994,-23.49490659999998],[-45.16508179999994,-23.494676099999936],[-45.164966299999946,-23.49448949999993],[-45.164788,-23.494328699999983],[-45.164606,-23.49413919999995],[-45.16460979999994,-23.493934299999978],[-45.16482509999997,-23.493750699999964],[-45.16498829999995,-23.493551199999956],[-45.16502069999996,-23.493399599999975],[-45.165151599999945,-23.493203499999936],[-45.165503,-23.492898699999955],[-45.16597789999997,-23.49266549999993],[-45.166650199999935,-23.492568],[-45.16708819999997,-23.492534099999943],[-45.167557,-23.49254119999995],[-45.168101099999944,-23.49257709999995],[-45.168610299999955,-23.492668899999956],[-45.169081699999936,-23.492789199999947],[-45.16963839999994,-23.49299489999993],[-45.169933399999934,-23.49315219999994],[-45.170394699999974,-23.493384799999944],[-45.17094819999994,-23.49373989999998],[-45.17138659999995,-23.49408989999995],[-45.17172439999996,-23.49438559999993],[-45.17221859999995,-23.49482249999994],[-45.172526199999936,-23.495100099999945],[-45.172913,-23.495412399999964],[-45.17318749999998,-23.495667899999944],[-45.17351789999998,-23.49596],[-45.17388519999997,-23.49632319999995],[-45.174213399999985,-23.496784],[-45.17458279999994,-23.497545899999977],[-45.17477169999995,-23.498162299999933],[-45.174836899999946,-23.498458399999947],[-45.17494979999998,-23.499239199999977],[-45.174974299999974,-23.500034099999937],[-45.174899799999935,-23.50065929999994],[-45.17470959999997,-23.501163799999972],[-45.174473,-23.501508],[-45.17436169999996,-23.501618399999927],[-45.174234299999966,-23.501712599999962],[-45.17400259999994,-23.501624],[-45.173968499999944,-23.50157429999996],[-45.17385569999993,-23.50153759999995],[-45.173797699999966,-23.501571199999944],[-45.17371979999996,-23.50154809999998],[-45.17363649999993,-23.501467799999944],[-45.17352189999997,-23.50143049999997],[-45.173428299999955,-23.501431199999956],[-45.17337709999998,-23.501517399999955],[-45.17330959999998,-23.501517899999953],[-45.173269,-23.50160859999994],[-45.17305709999994,-23.50160919999996],[-45.17280029999995,-23.501539099999945],[-45.17267259999994,-23.501513299999942],[-45.17259949999993,-23.501585699999964],[-45.172680499999956,-23.501742599999943],[-45.17269229999994,-23.501944399999957],[-45.172637,-23.502116199999932],[-45.17250569999993,-23.50235559999993],[-45.172389399999986,-23.50241989999995],[-45.17226339999996,-23.502421599999934],[-45.17215009999995,-23.502381],[-45.17205139999993,-23.502275899999972],[-45.17196329999996,-23.502259599999945],[-45.17189659999997,-23.50229079999997],[-45.171845099999985,-23.50224019999996],[-45.17175309999993,-23.502216199999964],[-45.17164709999997,-23.50221709999994],[-45.17159289999995,-23.50223239999997],[-45.17160179999996,-23.502302499999928],[-45.17159979999997,-23.502377499999966],[-45.17159229999993,-23.502442499999972],[-45.171560399999976,-23.502504899999963],[-45.17147079999995,-23.502520199999935],[-45.17139479999997,-23.502542799999958],[-45.171294099999955,-23.50255809999993],[-45.171217799999965,-23.50256589999998],[-45.17115519999993,-23.50259109999996],[-45.171133699999984,-23.50263609999996],[-45.171158599999956,-23.502665899999954],[-45.171229799999935,-23.502688],[-45.171279,-23.50270269999993],[-45.17132049999998,-23.502762299999972],[-45.17129389999997,-23.502834699999937],[-45.171212399999945,-23.50286019999993],[-45.171131199999934,-23.50290569999993],[-45.17107979999997,-23.502935899999954],[-45.17106439999998,-23.503015799999957],[-45.17111109999996,-23.50305039999995],[-45.171222899999975,-23.503066899999965],[-45.171350899999936,-23.503085899999974],[-45.17141129999993,-23.503145099999983],[-45.171466,-23.50317949999993],[-45.171582599999965,-23.503178499999933],[-45.17170729999998,-23.503167599999983],[-45.17178519999993,-23.503097399999945],[-45.17186839999994,-23.503012399999932],[-45.17194109999997,-23.50298209999994],[-45.17211969999994,-23.503005599999938],[-45.17222019999997,-23.503018099999963],[-45.17243829999995,-23.50298859999998],[-45.17254779999996,-23.502963399999942],[-45.172634699999946,-23.502987299999972],[-45.17271069999998,-23.50308549999994],[-45.17287859999993,-23.50330669999994],[-45.17310719999995,-23.503641699999946],[-45.17328409999993,-23.50399649999997],[-45.17334719999997,-23.504278399999976],[-45.17336369999998,-23.504588499999954],[-45.173287399999936,-23.50480579999993],[-45.17318409999996,-23.504896],[-45.173078499999974,-23.504894899999954],[-45.172931699999936,-23.50483829999996],[-45.172862099999975,-23.50490629999996],[-45.17271949999997,-23.504847],[-45.172669499999984,-23.504882599999974],[-45.17262559999995,-23.505069299999946],[-45.172548699999936,-23.505135],[-45.172478199999944,-23.505107299999963],[-45.172413,-23.505130399999928],[-45.172366599999975,-23.505212299999982],[-45.17230159999997,-23.505200699999932],[-45.17222,-23.50529819999997],[-45.17229659999998,-23.505446199999938],[-45.172294499999964,-23.50558239999998],[-45.17227409999998,-23.505664199999956],[-45.172310299999936,-23.505749399999956],[-45.17226759999994,-23.505800199999953],[-45.17220189999995,-23.50577759999993],[-45.17212189999998,-23.505696599999965],[-45.172002299999974,-23.505666299999973],[-45.17193159999994,-23.50570209999995],[-45.17197689999995,-23.505795499999977],[-45.171924399999966,-23.50588609999994],[-45.17202169999996,-23.506033699999932],[-45.172118,-23.50616539999993],[-45.17234539999998,-23.50641559999997],[-45.172498,-23.506533299999944],[-45.17265869999994,-23.506618799999956],[-45.17283059999994,-23.50668879999995],[-45.17296769999996,-23.50672],[-45.17303409999994,-23.50690069999996],[-45.17311629999995,-23.507294599999966],[-45.173213799999985,-23.50768119999998],[-45.173292799999956,-23.50810759999996],[-45.173359,-23.508605699999976],[-45.173384399999975,-23.509113199999945],[-45.17337409999993,-23.50954439999998],[-45.173328,-23.51000769999996],[-45.173258799999985,-23.510489399999983],[-45.17313009999998,-23.511123599999962],[-45.172906599999976,-23.51152879999995],[-45.172672199999965,-23.511861599999975],[-45.17241729999995,-23.51214719999996],[-45.17226069999998,-23.512209299999938],[-45.172071399999936,-23.512274599999955],[-45.171853,-23.512234],[-45.17158059999997,-23.51218689999996],[-45.17137759999997,-23.512195599999927],[-45.17128349999996,-23.512129899999934],[-45.17113039999998,-23.512094399999967],[-45.17102219999998,-23.512007899999958],[-45.17085039999995,-23.512057099999936],[-45.17066479999994,-23.51215019999995],[-45.170457399999975,-23.512148599999932],[-45.17033169999996,-23.512244599999974],[-45.17014359999996,-23.512281899999948],[-45.16999539999995,-23.512264699999946],[-45.16978439999997,-23.51249669999993],[-45.16964009999998,-23.512563499999942],[-45.16933039999998,-23.512761599999976],[-45.16908669999998,-23.512872199999947],[-45.16894979999995,-23.512918299999967],[-45.16882319999996,-23.51294219999994],[-45.16875989999994,-23.512907199999972],[-45.16873369999996,-23.51282219999996],[-45.16873819999995,-23.512727499999983],[-45.16856819999998,-23.512703199999976],[-45.168512,-23.51262689999993],[-45.168406,-23.51258139999993],[-45.16832989999995,-23.512502299999937],[-45.168298499999935,-23.512435099999948],[-45.168240899999944,-23.51238509999996],[-45.16815709999997,-23.512396699999954],[-45.16806449999996,-23.512392899999952],[-45.167961899999966,-23.51237059999994],[-45.16788309999998,-23.512377899999933],[-45.16784439999998,-23.512417899999946],[-45.167878299999984,-23.512474699999927],[-45.16783149999998,-23.512537899999927],[-45.167674,-23.512587699999983],[-45.16742519999997,-23.51261649999998],[-45.16727169999996,-23.51252869999996],[-45.167119199999945,-23.512544099999957],[-45.16698829999996,-23.51252779999993],[-45.16682419999995,-23.51258],[-45.16668159999995,-23.51263979999993],[-45.16654989999995,-23.512673699999937],[-45.16635839999998,-23.512657699999977],[-45.16626249999996,-23.512604799999963],[-45.16613629999995,-23.51266229999993],[-45.166057,-23.512789399999974],[-45.16598549999998,-23.512841599999945],[-45.165905899999984,-23.51291809999998],[-45.16588249999995,-23.513048699999956],[-45.16599,-23.513070599999935],[-45.16615169999994,-23.513202599999943],[-45.16613769999998,-23.51343449999996],[-45.166047299999946,-23.513631499999974],[-45.165989199999956,-23.513804499999935],[-45.16591529999994,-23.514039799999978],[-45.16589039999997,-23.51424469999995],[-45.16596849999996,-23.51436259999997],[-45.166137299999946,-23.51453349999997],[-45.16632889999994,-23.51478489999994],[-45.16649589999997,-23.514918199999954],[-45.16660189999993,-23.515057299999967],[-45.16670879999998,-23.515144199999952],[-45.166720099999964,-23.515253899999948],[-45.16666279999998,-23.51547389999996],[-45.16644189999994,-23.515801],[-45.166187899999954,-23.516088099999934],[-45.16584719999997,-23.516402599999935],[-45.16544239999996,-23.51671079999994],[-45.165258499999936,-23.516782399999954],[-45.16511189999994,-23.516726499999947],[-45.165007,-23.51669529999998],[-45.164863399999945,-23.516677],[-45.164725799999985,-23.516604899999948],[-45.16460979999994,-23.516524799999956],[-45.164213099999984,-23.516310499999975],[-45.16403059999993,-23.51618689999998],[-45.16392039999994,-23.516199399999948],[-45.16388389999997,-23.516377099999943],[-45.16352059999997,-23.51623189999998],[-45.16330449999998,-23.516186],[-45.16314539999996,-23.51627069999995],[-45.16324,-23.51646009999996],[-45.163185699999985,-23.51657789999996],[-45.16292489999995,-23.516684599999962],[-45.16269229999995,-23.516868899999963],[-45.162662,-23.51713849999993],[-45.162747199999956,-23.517303099999936],[-45.16278689999996,-23.517588099999955],[-45.16291189999998,-23.51789739999998],[-45.16301219999997,-23.51823049999996],[-45.163231,-23.51874669999995],[-45.16368029999995,-23.519235699999967],[-45.16410989999997,-23.519487099999935],[-45.16468859999998,-23.519473499999947],[-45.16499589999995,-23.519411799999943],[-45.16522179999998,-23.519253799999944],[-45.165402,-23.519219],[-45.16564069999998,-23.519267199999945],[-45.16576059999994,-23.519368199999974],[-45.16589469999997,-23.519389899999965],[-45.166076799999985,-23.519630699999936],[-45.16618119999998,-23.519901299999958],[-45.166400599999974,-23.520499599999937],[-45.16650529999998,-23.520765299999937],[-45.16666329999998,-23.521285699999964],[-45.16666139999995,-23.521591399999977],[-45.16658169999994,-23.52177389999997],[-45.16630719999995,-23.521938499999976],[-45.16632679999998,-23.522222799999952],[-45.166567499999985,-23.522699099999954],[-45.166699499999936,-23.52342219999997],[-45.16666219999996,-23.523886799999957],[-45.166591,-23.524143699999968],[-45.16689919999993,-23.524441],[-45.167139099999986,-23.524803499999962],[-45.167133,-23.525309599999957],[-45.167095,-23.52595589999993],[-45.167043,-23.526473599999974],[-45.16689029999998,-23.52718029999994],[-45.166634399999964,-23.52813679999997],[-45.16634369999997,-23.52878529999998],[-45.16602439999997,-23.529330899999934],[-45.16551579999998,-23.530033499999945],[-45.16522689999994,-23.530270499999972],[-45.16427079999994,-23.53112989999994],[-45.16353079999993,-23.53165309999997],[-45.162918599999955,-23.53173289999995],[-45.16234449999996,-23.531988499999954],[-45.16201549999994,-23.532046599999944],[-45.16180589999993,-23.531929499999933],[-45.16150829999998,-23.53158949999994],[-45.161069199999986,-23.531182199999932],[-45.16050029999997,-23.53085729999998],[-45.15990069999998,-23.530626299999938],[-45.159496,-23.530610699999954],[-45.15915639999997,-23.530299499999956],[-45.15892069999995,-23.530076299999962],[-45.15836989999997,-23.529519],[-45.158046199999944,-23.529254299999934],[-45.15788329999998,-23.529292299999952],[-45.15765589999995,-23.529435499999977],[-45.15762969999997,-23.529626399999927],[-45.15780349999994,-23.529833399999973],[-45.158121499999936,-23.530193399999973],[-45.158487599999944,-23.53048039999993],[-45.15885929999996,-23.530790699999955],[-45.15922279999995,-23.53115589999993],[-45.15949439999997,-23.531427399999927],[-45.15953719999993,-23.531749399999967],[-45.15953119999995,-23.532236099999977],[-45.15958859999995,-23.532696],[-45.15975659999998,-23.53313469999995],[-45.159740899999974,-23.533603099999937],[-45.15957759999998,-23.53413219999993],[-45.159185099999945,-23.53434089999996],[-45.158907699999986,-23.53430039999995],[-45.15857149999994,-23.53407569999996],[-45.15832649999993,-23.533968199999947],[-45.15817959999998,-23.53411319999998],[-45.15793609999997,-23.53448949999995],[-45.157799299999965,-23.534916899999928],[-45.157881,-23.535236899999973],[-45.15808819999995,-23.535674899999947],[-45.158289,-23.536174199999948],[-45.15851159999994,-23.53658],[-45.15867179999998,-23.53692559999996],[-45.15876719999994,-23.53717009999997],[-45.15879579999995,-23.53742],[-45.15887639999994,-23.537796499999956],[-45.15899429999996,-23.53815919999994],[-45.159163399999954,-23.53852319999993],[-45.15943939999994,-23.538748299999952],[-45.15977479999998,-23.538962399999946],[-45.159879099999955,-23.53899709999996],[-45.15988269999997,-23.53883879999995],[-45.16000109999993,-23.53875739999995],[-45.16004,-23.53887059999994],[-45.16022469999996,-23.53892639999998],[-45.16032719999998,-23.538849599999935],[-45.16061609999997,-23.53885029999998],[-45.16087049999993,-23.53885669999994],[-45.16107959999994,-23.539080299999966],[-45.16123169999997,-23.539235599999927],[-45.16128239999995,-23.539318799999933],[-45.16120559999996,-23.539375399999983],[-45.161091399999975,-23.53946209999998],[-45.16111969999997,-23.53966989999998],[-45.16128459999993,-23.539884599999937],[-45.161519399999975,-23.540054399999974],[-45.16171119999996,-23.54026959999993],[-45.16190169999993,-23.540341599999977],[-45.162034,-23.540546699999936],[-45.16203189999993,-23.54069309999994],[-45.16201929999994,-23.540973299999962],[-45.16202309999994,-23.54131849999993],[-45.16201389999998,-23.54151059999998],[-45.16187229999997,-23.541666],[-45.16201319999993,-23.541894499999955],[-45.16232259999998,-23.542088399999955],[-45.16286319999995,-23.54203789999997],[-45.16327929999994,-23.541931],[-45.16350639999996,-23.541890799999976],[-45.163803,-23.54181529999994],[-45.16419609999997,-23.541687299999978],[-45.16457029999998,-23.541698399999973],[-45.16503809999995,-23.541764399999977],[-45.16531839999993,-23.541822499999967],[-45.16561909999996,-23.54172189999997],[-45.165856099999985,-23.541463299999975],[-45.16588869999998,-23.541261799999972],[-45.16582059999996,-23.541008399999953],[-45.165695,-23.54077149999995],[-45.165786099999934,-23.54060119999997],[-45.16602339999997,-23.54037779999993],[-45.16652929999998,-23.540185699999938],[-45.166849199999945,-23.540030099999967],[-45.16723049999996,-23.539718799999946],[-45.167599199999984,-23.539553499999954],[-45.16781049999997,-23.539620299999967],[-45.168062599999985,-23.539603899999975],[-45.168299099999956,-23.53955559999997],[-45.16857059999995,-23.539603299999953],[-45.168789499999946,-23.539521699999966],[-45.168929899999966,-23.53923889999993],[-45.16921139999994,-23.53920379999994],[-45.169483,-23.53926119999994],[-45.16972819999995,-23.53942879999994],[-45.16990449999997,-23.53941729999997],[-45.170158,-23.539498399999957],[-45.17050309999996,-23.539624299999957],[-45.170925,-23.539820599999928],[-45.171120299999984,-23.53997339999995],[-45.17123909999998,-23.54011349999996],[-45.171237099999985,-23.540382299999976],[-45.17119759999997,-23.54062849999997],[-45.17130659999998,-23.54077479999995],[-45.17158,-23.54089369999997],[-45.17175249999997,-23.54107259999995],[-45.17213179999993,-23.54143259999995],[-45.172585899999945,-23.541868499999964],[-45.17300779999994,-23.54207589999993],[-45.173239199999955,-23.542345],[-45.173649,-23.542657899999938],[-45.17413279999994,-23.542929499999957],[-45.17442669999997,-23.54301849999996],[-45.174776099999974,-23.542800599999964],[-45.17489989999996,-23.542538699999966],[-45.175316599999974,-23.542376399999966],[-45.17569929999996,-23.54207359999998],[-45.175960799999984,-23.541673599999967],[-45.17612059999993,-23.541424699999936],[-45.176186,-23.54100479999994],[-45.176295799999934,-23.540496299999973],[-45.176504799999975,-23.540411399999982],[-45.17697119999997,-23.54025669999993],[-45.17739,-23.54002369999995],[-45.177495599999986,-23.53978879999994],[-45.17725329999996,-23.53946049999996],[-45.17703889999996,-23.53908],[-45.17685119999993,-23.53872439999998],[-45.17686569999995,-23.53851979999996],[-45.177170099999955,-23.538296099999968],[-45.17757409999996,-23.538062],[-45.17783479999997,-23.53795269999995],[-45.17833849999994,-23.537792099999933],[-45.17893349999997,-23.537796],[-45.17959079999997,-23.53785709999994],[-45.180393899999956,-23.537975],[-45.180962499999964,-23.53808639999994],[-45.18157579999996,-23.538255],[-45.182133599999986,-23.538407199999938],[-45.18277109999997,-23.538607699999943],[-45.18346409999998,-23.538907],[-45.18396969999998,-23.539149899999927],[-45.184459799999956,-23.539394399999935],[-45.184776599999964,-23.539540699999975],[-45.185022199999935,-23.539745299999936],[-45.18516539999996,-23.540015],[-45.185399099999984,-23.540356799999927],[-45.18547389999998,-23.540584099999933],[-45.18539569999996,-23.54102519999998],[-45.185646099999985,-23.54107],[-45.18588959999994,-23.540845699999977],[-45.186239099999966,-23.540757799999938],[-45.18652259999993,-23.540574499999934],[-45.186647499999935,-23.54017349999998],[-45.18674129999994,-23.539814399999955],[-45.18670709999998,-23.53937849999994],[-45.18664169999994,-23.538911799999937],[-45.186667399999976,-23.538616099999956],[-45.18663689999994,-23.53828939999994],[-45.186416399999985,-23.53787669999997],[-45.186371,-23.537593899999933],[-45.18629969999995,-23.537272299999927],[-45.18609769999995,-23.53705009999993],[-45.18598469999995,-23.536796],[-45.18622659999994,-23.53643089999997],[-45.186729199999945,-23.535925499999962],[-45.187318699999935,-23.535576899999967],[-45.187724499999945,-23.53566189999998],[-45.18803879999996,-23.535709099999963],[-45.18832089999995,-23.535330099999953],[-45.18861839999994,-23.534946299999945],[-45.18913709999998,-23.534586099999956],[-45.18957179999995,-23.534031899999945],[-45.18960469999996,-23.533293199999946],[-45.18907819999998,-23.532634799999983],[-45.18858379999995,-23.532300799999973],[-45.187987,-23.53169589999993],[-45.18761839999996,-23.531074],[-45.187213199999974,-23.530257],[-45.18679139999995,-23.529377199999942],[-45.18662049999995,-23.52887279999993],[-45.18685489999996,-23.52831279999998],[-45.18719089999996,-23.527633299999934],[-45.187548299999946,-23.527038499999946],[-45.18809089999996,-23.52658239999994],[-45.18836029999994,-23.526125],[-45.18902859999997,-23.525576199999932],[-45.18972549999995,-23.52522739999995],[-45.19017969999993,-23.52477159999995],[-45.190561799999955,-23.524238],[-45.190731599999935,-23.52355209999996],[-45.19077169999997,-23.52314309999997],[-45.190656299999944,-23.522548599999936],[-45.190537,-23.522206],[-45.19030969999994,-23.521790799999962],[-45.190329599999984,-23.52170669999998],[-45.19041329999993,-23.521619199999975],[-45.190712099999985,-23.521449899999936],[-45.19135149999994,-23.52113319999995],[-45.19234129999995,-23.520800599999973],[-45.193727199999955,-23.520452099999943],[-45.19487469999996,-23.52031119999998],[-45.196573099999966,-23.520215],[-45.19816129999998,-23.520288299999947],[-45.20082249999996,-23.520612599999936],[-45.202225399999975,-23.520827899999972],[-45.203395299999954,-23.521141499999942],[-45.205250099999944,-23.521733499999982],[-45.206958199999974,-23.522412299999928],[-45.20831869999995,-23.523054599999966],[-45.209666899999945,-23.52363269999995],[-45.210812499999975,-23.52423639999995],[-45.21219279999997,-23.524990099999968],[-45.21297419999996,-23.525587899999948],[-45.21379,-23.52641239999997],[-45.21408369999995,-23.52674389999993],[-45.21456429999995,-23.527329],[-45.21490239999997,-23.527828099999965],[-45.21525849999995,-23.52824549999997],[-45.215512399999966,-23.52840939999993],[-45.215895699999976,-23.52848339999997],[-45.216341399999976,-23.528520699999945],[-45.216836299999954,-23.52849679999997],[-45.217371199999945,-23.528485199999977],[-45.21835729999998,-23.528584399999943],[-45.21935209999998,-23.528915599999948],[-45.220088799999985,-23.529335899999978],[-45.22071609999995,-23.52976],[-45.22128339999995,-23.530179699999962],[-45.221759,-23.53049629999998],[-45.22195089999997,-23.530624099999955],[-45.222414699999945,-23.531024499999944],[-45.22294739999995,-23.531435099999953],[-45.22361139999998,-23.531998399999964],[-45.224292299999945,-23.532624599999963],[-45.224887,-23.533284399999957],[-45.22539849999998,-23.533861299999955],[-45.22568609999996,-23.534258299999976],[-45.226007799999934,-23.534642],[-45.22630989999993,-23.535110799999927],[-45.226681,-23.535716499999978],[-45.22721769999998,-23.536630499999944],[-45.22749349999998,-23.537126299999954],[-45.227756599999964,-23.53786539999993],[-45.228011899999956,-23.53855509999994],[-45.22814949999997,-23.539167599999928],[-45.22833519999995,-23.53991579999996],[-45.22848579999993,-23.540481],[-45.22871909999998,-23.541370899999947],[-45.228862799999945,-23.54179789999995],[-45.22898529999998,-23.54237519999998],[-45.229190399999936,-23.543443799999977],[-45.22936029999994,-23.54421229999997],[-45.229553599999974,-23.544732799999963],[-45.22977039999995,-23.545167599999957],[-45.22990889999994,-23.545446099999936],[-45.23007789999997,-23.545871699999964],[-45.23045929999995,-23.546721299999945],[-45.230614799999955,-23.547582099999943],[-45.23063509999997,-23.548087599999974],[-45.230584799999974,-23.548653599999966],[-45.230462699999975,-23.549194299999954],[-45.230337299999974,-23.549706399999934],[-45.23026,-23.550145699999973],[-45.23020309999998,-23.550337499999955],[-45.22998039999993,-23.55069469999995],[-45.22982629999996,-23.550934],[-45.22965459999995,-23.55106879999994],[-45.22955549999995,-23.55113819999997],[-45.229467399999976,-23.55114169999996],[-45.22926129999996,-23.551112299999943],[-45.229004799999984,-23.551224699999977],[-45.22884359999995,-23.551381299999946],[-45.228713,-23.551510699999938],[-45.228555599999936,-23.551612499999976],[-45.22840519999994,-23.551653599999952],[-45.22816949999998,-23.551773599999933],[-45.22792329999993,-23.551797],[-45.22770779999996,-23.551661399999944],[-45.22751909999994,-23.55153729999995],[-45.22738659999993,-23.551571399999943],[-45.22717129999995,-23.55150619999995],[-45.22701689999997,-23.551360699999975],[-45.226792099999955,-23.551271799999938],[-45.22656489999997,-23.551148699999942],[-45.226271199999985,-23.551125299999967],[-45.22586259999997,-23.551154099999962],[-45.225599399999965,-23.55120379999994],[-45.225393699999984,-23.551237899999933],[-45.22521549999993,-23.551297699999964],[-45.22487159999997,-23.551398199999937],[-45.22455569999994,-23.55148859999997],[-45.22450049999998,-23.55156429999994],[-45.22444169999994,-23.55157879999996],[-45.22430179999998,-23.55151939999996],[-45.22417589999998,-23.551460799999973],[-45.223902899999985,-23.551431899999955],[-45.22379479999995,-23.55144759999996],[-45.223716399999944,-23.551505499999962],[-45.22372379999996,-23.551609799999937],[-45.22366279999994,-23.551741899999968],[-45.22360119999996,-23.55176249999994],[-45.22344679999998,-23.551742899999965],[-45.22334369999993,-23.551675099999954],[-45.22319229999994,-23.551712599999973],[-45.22314739999996,-23.551640599999928],[-45.223087599999985,-23.55152529999998],[-45.222829,-23.551470499999937],[-45.22262879999994,-23.551620199999945],[-45.222661899999935,-23.551855399999965],[-45.22268479999997,-23.551966299999947],[-45.22251419999998,-23.55229449999996],[-45.22232269999995,-23.552533799999935],[-45.22219359999997,-23.55265509999998],[-45.222177399999964,-23.55278809999993],[-45.22206719999997,-23.55301789999993],[-45.22189839999993,-23.553125299999977],[-45.22166429999993,-23.553200699999934],[-45.22151759999997,-23.55332379999993],[-45.221378399999935,-23.55340529999995],[-45.22114119999998,-23.553669],[-45.22098289999997,-23.553822399999945],[-45.22079809999997,-23.554007799999965],[-45.220622599999956,-23.554192599999965],[-45.220424399999956,-23.554399799999942],[-45.22032429999996,-23.554426499999977],[-45.22022259999994,-23.55458239999996],[-45.22020889999993,-23.554858199999956],[-45.22032879999995,-23.555017799999973],[-45.220515399999954,-23.555111099999976],[-45.22070689999998,-23.555263],[-45.220821899999976,-23.555414799999937],[-45.22080219999998,-23.55560049999997],[-45.22060419999997,-23.55598489999994],[-45.220390899999984,-23.55630069999995],[-45.220097899999985,-23.55665719999996],[-45.21970059999995,-23.55703269999998],[-45.219337,-23.55731069999996],[-45.21911289999997,-23.557497099999978],[-45.21888629999995,-23.557613299999957],[-45.21873059999996,-23.557603399999948],[-45.21857,-23.557509799999934],[-45.21836109999998,-23.557372],[-45.218222399999945,-23.557244099999934],[-45.218053699999984,-23.557185],[-45.217923,-23.55715859999998],[-45.217660799999976,-23.556997099999933],[-45.217366599999934,-23.55686989999998],[-45.21701939999997,-23.556822099999977],[-45.216751399999964,-23.55667159999996],[-45.216477199999986,-23.556467699999928],[-45.21609449999994,-23.556244899999967],[-45.215850399999965,-23.556172199999935],[-45.21563979999996,-23.556128199999932],[-45.215202199999965,-23.556061],[-45.214896,-23.55603659999997],[-45.214575,-23.556015],[-45.21437849999995,-23.55605209999993],[-45.21434259999995,-23.556133099999954],[-45.21437869999994,-23.556222499999933],[-45.21451059999998,-23.55633679999994],[-45.214626399999986,-23.556377599999962],[-45.21471859999997,-23.556435699999952],[-45.214765,-23.556494],[-45.21478429999996,-23.556565199999966],[-45.21483559999996,-23.556648699999982],[-45.21495129999994,-23.55677769999994],[-45.215164,-23.556775499999958],[-45.21523829999995,-23.556747299999927],[-45.21534669999994,-23.556852],[-45.21550559999997,-23.556848799999955],[-45.21560919999996,-23.556954599999983],[-45.215764899999954,-23.55702279999997],[-45.215903099999935,-23.55704479999997],[-45.215975699999944,-23.557166199999983],[-45.21615409999998,-23.557299299999954],[-45.21633,-23.557350499999927],[-45.21657389999996,-23.55741649999993],[-45.216660599999955,-23.557487099999946],[-45.21669849999995,-23.557581],[-45.21685149999996,-23.557720399999937],[-45.21706939999996,-23.557807899999943],[-45.21724,-23.557845099999952],[-45.21737559999997,-23.55793479999994],[-45.21749109999996,-23.557993099999976],[-45.21762719999998,-23.558113299999945],[-45.217733099999975,-23.558218499999953],[-45.21789839999997,-23.558321199999966],[-45.218013499999984,-23.55843139999996],[-45.218157599999984,-23.55847959999994],[-45.218271399999935,-23.558573],[-45.21835559999994,-23.55870959999993],[-45.21837789999995,-23.558804099999975],[-45.21843389999998,-23.558919],[-45.21845209999998,-23.559066299999927],[-45.21853549999997,-23.559232299999962],[-45.218669499999976,-23.559309],[-45.21877449999994,-23.559344899999928],[-45.218902,-23.559340299999974],[-45.21899089999994,-23.559365799999966],[-45.219043399999975,-23.55954559999998],[-45.21904519999998,-23.559911599999964],[-45.21899339999993,-23.560119399999962],[-45.218927,-23.560496099999966],[-45.21883709999997,-23.560837799999945],[-45.21873089999997,-23.56114519999994],[-45.21858739999993,-23.561464599999965],[-45.21836609999997,-23.561935799999958],[-45.21801609999994,-23.562590299999954],[-45.21779139999995,-23.56296889999993],[-45.21747709999994,-23.563352599999973],[-45.21713259999996,-23.563855099999955],[-45.21699869999998,-23.56408529999993],[-45.21681479999995,-23.56434839999997],[-45.216747399999974,-23.56446029999995],[-45.216578399999946,-23.56455129999995],[-45.21622579999996,-23.56453849999997],[-45.215894599999956,-23.564693899999952],[-45.21585279999994,-23.564831099999935],[-45.21586279999997,-23.56495769999998],[-45.215720499999975,-23.565021199999933],[-45.21561809999997,-23.56510869999994],[-45.21547879999997,-23.565262599999983],[-45.21510609999996,-23.565414399999952],[-45.21481879999993,-23.56549629999995],[-45.21459269999997,-23.565552399999945],[-45.214409699999976,-23.565483299999983],[-45.214215,-23.56546069999996],[-45.214021299999956,-23.565485499999966],[-45.21382459999995,-23.56550679999998],[-45.213734399999964,-23.565453299999945],[-45.21354039999994,-23.565279699999962],[-45.21332,-23.56511459999996],[-45.213206,-23.565096899999958],[-45.213070399999935,-23.565094599999952],[-45.21301889999995,-23.56502059999997],[-45.21291689999998,-23.564929699999936],[-45.21279929999997,-23.56485319999996],[-45.21280789999997,-23.564789],[-45.21276819999997,-23.564721499999962],[-45.21263689999995,-23.564659699999936],[-45.21247209999996,-23.56468289999998],[-45.21234149999998,-23.564717799999983],[-45.21223029999993,-23.56466819999997],[-45.212026899999955,-23.564543899999933],[-45.21188269999993,-23.56442409999994],[-45.21193089999997,-23.56439329999995],[-45.21193409999995,-23.564323599999966],[-45.21185939999998,-23.56428829999993],[-45.21170529999995,-23.564313099999936],[-45.21130279999994,-23.564186099999972],[-45.21101859999993,-23.564084199999968],[-45.21097189999995,-23.564012699999978],[-45.210888,-23.563960299999962],[-45.21076469999997,-23.563943499999937],[-45.21064469999993,-23.56403249999994],[-45.21044949999998,-23.564029499999947],[-45.21023809999997,-23.564084299999934],[-45.21013,-23.564147099999957],[-45.21007059999994,-23.56423],[-45.21013949999997,-23.564362199999948],[-45.21023939999998,-23.564438499999937],[-45.21021349999995,-23.564473199999952],[-45.210164099999986,-23.564464],[-45.21006709999995,-23.564454],[-45.21001069999994,-23.56445919999993],[-45.209979799999985,-23.564579799999933],[-45.20989919999994,-23.564625],[-45.209780799999976,-23.564679],[-45.20965249999995,-23.56469519999996],[-45.209571799999935,-23.56475779999994],[-45.20958959999996,-23.56483869999994],[-45.20971259999993,-23.565005699999972],[-45.20991219999996,-23.565148199999953],[-45.21009389999995,-23.565176],[-45.21020059999995,-23.565127],[-45.210198899999966,-23.565075899999954],[-45.210165,-23.564981699999976],[-45.210238,-23.56487009999995],[-45.2104,-23.564837199999943],[-45.210492699999975,-23.564809899999943],[-45.21063659999993,-23.56488349999995],[-45.21081359999994,-23.564928099999975],[-45.21102019999995,-23.564899],[-45.211167099999955,-23.564941099999942],[-45.21124469999995,-23.565028499999983],[-45.211339599999974,-23.565007399999956],[-45.211382399999934,-23.564932],[-45.21144789999994,-23.564935099999957],[-45.211514199999954,-23.56496379999993],[-45.21158689999993,-23.565011899999945],[-45.21172279999996,-23.565132],[-45.21179509999996,-23.56520779999994],[-45.21189179999993,-23.565253],[-45.211964799999976,-23.56537629999997],[-45.21199169999994,-23.565479599999946],[-45.21210309999998,-23.565650799999958],[-45.212314799999945,-23.566000499999973],[-45.212460599999986,-23.566201199999966],[-45.21267569999998,-23.56639219999994],[-45.212819699999955,-23.56657519999993],[-45.212995699999965,-23.566733399999976],[-45.21319859999994,-23.566917599999954],[-45.21344819999996,-23.56708329999998],[-45.21375709999995,-23.56716339999997],[-45.21392629999997,-23.567281099999946],[-45.213994799999966,-23.56733879999996],[-45.21403159999994,-23.56742429999997],[-45.214122,-23.56745529999995],[-45.21419649999996,-23.56753589999994],[-45.21429249999994,-23.567615599999954],[-45.21435509999998,-23.567741099999978],[-45.21461249999993,-23.56802259999995],[-45.21475439999995,-23.568106099999966],[-45.21488869999996,-23.568117299999983],[-45.21518039999995,-23.56834269999996],[-45.215297599999985,-23.568452599999944],[-45.21540679999998,-23.568620899999928],[-45.215368499999954,-23.56873879999995],[-45.21526979999993,-23.568887899999936],[-45.21518929999996,-23.56888619999995],[-45.215066399999955,-23.568920399999968],[-45.21494289999998,-23.568911799999967],[-45.21487419999994,-23.568943699999977],[-45.21484979999997,-23.569030399999974],[-45.21476609999996,-23.569111299999975],[-45.21462769999994,-23.569249399999933],[-45.214297199999976,-23.56942879999997],[-45.21385209999994,-23.56967819999994],[-45.21362549999998,-23.569740199999956],[-45.21351119999997,-23.56966719999997],[-45.21337859999994,-23.569685499999935],[-45.21328119999998,-23.569794799999954],[-45.21336809999997,-23.569943399999943],[-45.21329009999994,-23.569997399999977],[-45.21315339999995,-23.57004489999997],[-45.21298909999996,-23.570006199999966],[-45.21287289999998,-23.570102899999938],[-45.212675599999955,-23.57024169999994],[-45.21252,-23.57024659999996],[-45.21233109999997,-23.57020369999998],[-45.212060399999984,-23.570176299999957],[-45.21177159999996,-23.570190199999956],[-45.21155509999994,-23.570108499999947],[-45.21140279999997,-23.570137599999953],[-45.21113789999998,-23.57033629999995],[-45.210929299999975,-23.570449399999973],[-45.21072359999994,-23.570511599999975],[-45.210572499999955,-23.570556],[-45.21038669999996,-23.57056069999993],[-45.21024059999996,-23.57060189999993],[-45.21022979999998,-23.57060219999994],[-45.21015419999998,-23.57069619999993],[-45.210198299999945,-23.570896199999936],[-45.21028129999996,-23.571226499999966],[-45.21036479999998,-23.571349099999964],[-45.21053679999994,-23.571512],[-45.21055609999996,-23.57163309999993],[-45.210662799999966,-23.57172129999998],[-45.210910299999966,-23.571824899999967],[-45.21116379999995,-23.571982799999944],[-45.211346799999944,-23.572094799999945],[-45.21132679999994,-23.572271899999976],[-45.211158799999964,-23.57237329999998],[-45.210986,-23.57250419999997],[-45.21079249999997,-23.572734799999978],[-45.21081289999995,-23.57291159999994],[-45.210882,-23.573038199999928],[-45.21098459999996,-23.573167099999978],[-45.21104339999994,-23.573281899999927],[-45.21104269999995,-23.573437199999944],[-45.21100169999994,-23.573595099999977],[-45.21100719999998,-23.573730199999943],[-45.21089829999994,-23.57385309999995],[-45.210700299999985,-23.573951299999976],[-45.21048419999994,-23.574053099999958],[-45.21027219999996,-23.574153199999955],[-45.21030629999996,-23.57423689999996],[-45.210220299999946,-23.57433649999996],[-45.210094599999934,-23.574403],[-45.209972,-23.574549099999956],[-45.20988539999996,-23.574722],[-45.20987839999998,-23.574725799999953],[-45.209971,-23.574995099999967],[-45.21008059999997,-23.575206699999967],[-45.21023249999996,-23.57539509999998],[-45.21026389999997,-23.575556699999936],[-45.210206599999935,-23.57576389999997],[-45.21025659999998,-23.57595859999998],[-45.21028669999998,-23.57610829999993],[-45.21023519999994,-23.57623339999998],[-45.21012269999994,-23.57614959999995],[-45.20991419999996,-23.576264799999933],[-45.2097,-23.576373799999942],[-45.20959289999996,-23.576553599999954],[-45.20959769999996,-23.576794699999937],[-45.20969549999995,-23.577104299999974],[-45.20970849999998,-23.577308899999935],[-45.209843699999965,-23.57751369999994],[-45.20980979999996,-23.577676699999927],[-45.209664499999974,-23.57785649999994],[-45.209536399999934,-23.57806979999998],[-45.209263299999975,-23.57822239999996],[-45.20893169999994,-23.578194],[-45.20870019999995,-23.578160199999957],[-45.208491599999945,-23.57812089999993],[-45.20832489999998,-23.578120599999977],[-45.208054,-23.57812789999997],[-45.207824899999935,-23.578242099999954],[-45.20768979999997,-23.578298399999937],[-45.20771,-23.578498599999932],[-45.20786749999996,-23.57869349999993],[-45.208028499999955,-23.578803299999947],[-45.208263399999964,-23.578903199999957],[-45.20849789999994,-23.579078],[-45.208769099999984,-23.579177799999968],[-45.20892719999995,-23.57911249999995],[-45.20911609999996,-23.579247299999963],[-45.20934769999997,-23.57937339999995],[-45.209511299999974,-23.579578399999946],[-45.209650299999964,-23.579639199999974],[-45.209807,-23.579798799999935],[-45.20981969999997,-23.58000629999998],[-45.209835399999974,-23.580198199999927],[-45.20981229999995,-23.580514299999948],[-45.20984169999997,-23.580626799999948],[-45.20993029999994,-23.58077119999996],[-45.21000239999995,-23.580902699999967],[-45.21008949999998,-23.58103669999997],[-45.21005329999997,-23.581180399999937],[-45.209963899999934,-23.581317499999955],[-45.20994239999993,-23.581427899999937],[-45.21001719999998,-23.581522699999937],[-45.21010279999996,-23.581712099999947],[-45.21023109999993,-23.58187959999998],[-45.21032379999997,-23.582021399999974],[-45.210360299999934,-23.582094],[-45.210456799999974,-23.582183099999952],[-45.21054639999994,-23.58228909999997],[-45.210578,-23.58238709999995],[-45.21069019999993,-23.58249589999997],[-45.21080239999998,-23.582624799999962],[-45.21096279999995,-23.582735],[-45.211166799999944,-23.582831599999963],[-45.21132729999994,-23.582876599999963],[-45.21151359999993,-23.582920599999966],[-45.21163939999997,-23.58295959999998],[-45.211743,-23.582933499999967],[-45.21182249999998,-23.582890599999928],[-45.211823,-23.582830099999967],[-45.21187229999998,-23.582805],[-45.211931499999935,-23.582834099999957],[-45.212009499999965,-23.58276909999995],[-45.21201229999997,-23.582717699999932],[-45.21205859999998,-23.58265319999998],[-45.212174,-23.582673099999965],[-45.21233879999994,-23.582658299999935],[-45.21247539999996,-23.58262659999997],[-45.21258839999996,-23.58258049999995],[-45.21270249999998,-23.582469299999957],[-45.212816799999985,-23.582357899999977],[-45.21291219999995,-23.582283399999938],[-45.21295349999997,-23.582183699999973],[-45.212957,-23.582132099999967],[-45.212985199999935,-23.581997299999955],[-45.213021,-23.581876299999976],[-45.21301919999996,-23.581815],[-45.21312469999998,-23.581716399999948],[-45.21321759999995,-23.58169929999997],[-45.213316599999985,-23.581736299999932],[-45.21345219999995,-23.58177429999995],[-45.21357879999994,-23.581765599999983],[-45.213699099999985,-23.581753299999946],[-45.213778099999956,-23.581723],[-45.21386649999994,-23.581652599999927],[-45.21395129999996,-23.581659699999932],[-45.21411619999998,-23.581626299999982],[-45.214205299999946,-23.581630899999936],[-45.21425659999994,-23.581569399999978],[-45.21421909999998,-23.58148],[-45.21431759999996,-23.58139239999997],[-45.214429,-23.581296899999927],[-45.214380699999936,-23.581160299999965],[-45.21443279999994,-23.581106499999976],[-45.21454279999995,-23.58109769999993],[-45.21465639999997,-23.581004699999937],[-45.21481979999993,-23.580879899999957],[-45.214968099999965,-23.580737399999975],[-45.21504629999998,-23.58066219999995],[-45.21513169999997,-23.58066839999998],[-45.215270799999985,-23.58067749999998],[-45.21533059999996,-23.580601199999933],[-45.21545149999997,-23.58059179999998],[-45.215565399999946,-23.580616],[-45.21572239999995,-23.58064159999998],[-45.215854899999954,-23.580599399999983],[-45.21599349999997,-23.58054839999994],[-45.21617119999996,-23.580619799999965],[-45.216332199999954,-23.580686899999932],[-45.21685949999994,-23.58099459999994],[-45.217448,-23.58126219999997],[-45.218002499999955,-23.581564799999967],[-45.21852459999997,-23.58183639999993],[-45.21901429999997,-23.582142699999963],[-45.21952029999994,-23.582416],[-45.22017169999998,-23.582642299999975],[-45.22076219999997,-23.582686],[-45.22136229999995,-23.582502699999964],[-45.22160789999998,-23.582155899999975],[-45.22159549999998,-23.58176409999993],[-45.22171949999995,-23.58138969999993],[-45.22195829999998,-23.581195399999956],[-45.222199699999976,-23.58131659999998],[-45.222446299999945,-23.581557699999962],[-45.222685,-23.581799299999943],[-45.22293639999998,-23.58206139999993],[-45.222956099999976,-23.582268],[-45.22316129999996,-23.582302599999935],[-45.22338259999998,-23.58247929999993],[-45.223402299999975,-23.58268709999993],[-45.223776199999975,-23.583076799999958],[-45.22425049999998,-23.583309399999962],[-45.22461969999995,-23.58308459999995],[-45.224976099999935,-23.582892799999968],[-45.225133,-23.58297749999997],[-45.22554379999997,-23.583212],[-45.22614139999996,-23.583384199999955],[-45.226651699999934,-23.58355],[-45.22675669999995,-23.583711],[-45.226957899999945,-23.583780299999944],[-45.22733969999996,-23.58384189999998],[-45.228010799999936,-23.58400649999993],[-45.22865079999997,-23.58408339999994],[-45.22867869999993,-23.58389649999998],[-45.228596,-23.58361549999995],[-45.22889419999996,-23.58340869999995],[-45.22874869999998,-23.583031799999958],[-45.22850649999998,-23.582833],[-45.228135399999985,-23.58254139999997],[-45.22797019999996,-23.58217879999995],[-45.22814619999997,-23.58189029999994],[-45.22845549999994,-23.581651199999953],[-45.22872659999996,-23.581716099999937],[-45.22897429999995,-23.581760499999973],[-45.22913689999996,-23.58167839999993],[-45.22961929999997,-23.58164869999996],[-45.229893699999934,-23.581724899999983],[-45.23055789999995,-23.58168919999997],[-45.23093259999996,-23.581838199999936],[-45.231178399999976,-23.582035299999973],[-45.231376599999976,-23.582223599999963],[-45.231875199999934,-23.582487699999945],[-45.23219579999994,-23.582588099999953],[-45.23246089999998,-23.582546699999966],[-45.232614,-23.582503],[-45.23283619999995,-23.58248619999995],[-45.233119199999976,-23.582645699999944],[-45.233467099999984,-23.582791499999928],[-45.233736499999964,-23.582980499999962],[-45.234005199999956,-23.58294959999995],[-45.23413,-23.58285829999994],[-45.23429369999997,-23.58285959999995],[-45.23445409999994,-23.582935799999973],[-45.234996,-23.58324579999993],[-45.23568729999994,-23.583677699999953],[-45.236639099999934,-23.584343299999944],[-45.238027099999954,-23.585394899999983],[-45.23979609999998,-23.586668499999973],[-45.240265,-23.587063799999953],[-45.240829,-23.587486],[-45.241331,-23.58786759999998],[-45.24145589999995,-23.58825059999998],[-45.24158709999995,-23.588748299999963],[-45.241801599999974,-23.58926219999995],[-45.24215289999995,-23.58962619999994],[-45.24245529999996,-23.59001749999993],[-45.24271159999995,-23.590521299999978],[-45.24289059999995,-23.591085],[-45.243227599999955,-23.591600099999937],[-45.243420699999945,-23.59206249999994],[-45.243527,-23.59232789999993],[-45.243412399999954,-23.592637099999934],[-45.24368439999995,-23.593158199999948],[-45.24396,-23.59246859999996],[-45.24411829999997,-23.59206949999998],[-45.24434069999995,-23.591596599999946],[-45.24429679999997,-23.591408899999976],[-45.24415979999998,-23.59119009999995],[-45.244020499999976,-23.59101629999998],[-45.24396079999997,-23.590718899999956],[-45.24392439999997,-23.59040189999996],[-45.24399029999995,-23.58990229999995],[-45.243891099999985,-23.589357],[-45.24384669999995,-23.58899779999996],[-45.24383369999998,-23.588631499999963],[-45.24383739999996,-23.58822779999997],[-45.24396749999994,-23.587795299999982],[-45.244026099999985,-23.58744719999993],[-45.24401789999996,-23.587159399999962],[-45.24372729999993,-23.586566],[-45.24355149999997,-23.586083199999962],[-45.243537,-23.585626099999956],[-45.24349069999994,-23.585207099999934],[-45.243282799999974,-23.58473779999997],[-45.24273359999995,-23.583958799999948],[-45.242504699999984,-23.583283499999936],[-45.242335099999934,-23.582683499999973],[-45.242087,-23.582626199999936],[-45.24181549999997,-23.582714],[-45.241471599999954,-23.582744699999978],[-45.241106299999956,-23.58276449999994],[-45.240614799999946,-23.582703699999968],[-45.24024349999996,-23.58256319999998],[-45.23988889999998,-23.582298],[-45.23953659999995,-23.581892099999948],[-45.23923839999998,-23.581581099999937],[-45.23895619999996,-23.581394299999943],[-45.238632,-23.581389599999966],[-45.23816369999997,-23.58149929999996],[-45.23774929999996,-23.581596399999967],[-45.23723479999995,-23.58158149999997],[-45.23697119999997,-23.581293],[-45.23677529999998,-23.580911499999957],[-45.23651759999996,-23.580657199999962],[-45.23619629999996,-23.580441],[-45.23584539999996,-23.580166],[-45.23555,-23.57974669999993],[-45.23530959999994,-23.579893],[-45.23497069999996,-23.58008719999998],[-45.23462909999995,-23.580258899999933],[-45.234351499999946,-23.58042919999997],[-45.233970899999974,-23.580657499999973],[-45.23369519999994,-23.580909],[-45.233379499999955,-23.58105729999994],[-45.23301419999996,-23.58101149999993],[-45.232827199999974,-23.580818499999964],[-45.23273709999995,-23.58047389999996],[-45.232563599999935,-23.58021569999994],[-45.23233269999997,-23.580034599999976],[-45.232115299999975,-23.57989749999996],[-45.231921399999976,-23.579675099999974],[-45.23177969999995,-23.57932569999997],[-45.231703599999946,-23.579128499999968],[-45.231313099999966,-23.579155399999934],[-45.230881,-23.579085],[-45.23038749999995,-23.578947699999958],[-45.23012109999996,-23.578939299999945],[-45.229787,-23.579049599999962],[-45.229368799999975,-23.579021499999953],[-45.22893119999998,-23.578927499999963],[-45.228651499999955,-23.57891849999993],[-45.228275,-23.578934299999958],[-45.22796089999997,-23.579061399999944],[-45.22766759999996,-23.579212199999972],[-45.227504099999976,-23.579485],[-45.227299699999946,-23.579728099999954],[-45.22701489999997,-23.57979819999997],[-45.22679819999996,-23.579927899999973],[-45.226481,-23.580183],[-45.2263,-23.58047289999996],[-45.22575619999998,-23.580754699999943],[-45.225411099999974,-23.580826299999956],[-45.225168,-23.580763399999967],[-45.224991399999965,-23.58050419999995],[-45.22494809999995,-23.580271599999946],[-45.224977199999955,-23.579651],[-45.224996,-23.57932949999997],[-45.224953899999946,-23.578728699999942],[-45.22488529999998,-23.578315799999928],[-45.22474439999996,-23.578018199999974],[-45.224174699999935,-23.57802689999994],[-45.22340809999997,-23.578143099999977],[-45.222945,-23.578125799999953],[-45.222559,-23.57796929999995],[-45.22228569999993,-23.577818199999967],[-45.221952199999976,-23.577704799999935],[-45.22162929999996,-23.57763149999994],[-45.221360199999936,-23.57761249999993],[-45.221085,-23.57764919999994],[-45.220721699999956,-23.57782869999994],[-45.220555299999944,-23.577988699999935],[-45.220335,-23.578218599999957],[-45.21991729999996,-23.578428299999928],[-45.21952569999996,-23.578515299999935],[-45.219435,-23.578782099999955],[-45.21956519999998,-23.579259199999967],[-45.21950629999998,-23.57949069999995],[-45.21945709999994,-23.579722],[-45.21940949999998,-23.579916699999956],[-45.21935109999998,-23.580089699999974],[-45.21926539999998,-23.580226299999936],[-45.21865269999995,-23.580217],[-45.218337,-23.580087],[-45.21798809999996,-23.580067],[-45.21739239999994,-23.57977429999994],[-45.216886199999976,-23.57969719999994],[-45.216576,-23.579545],[-45.21626639999994,-23.579321499999935],[-45.21613659999997,-23.579083099999934],[-45.215922399999954,-23.578904399999942],[-45.215598299999954,-23.57886639999998],[-45.21547239999995,-23.57906429999997],[-45.21538689999994,-23.579208299999948],[-45.215038799999945,-23.579237499999977]],[[-45.18679929999996,-23.532952199999954],[-45.18696529999994,-23.533136199999944],[-45.18707529999995,-23.533366299999955],[-45.18696529999994,-23.53349929999996],[-45.18665559999994,-23.53357159999996],[-45.18610529999995,-23.53357429999994],[-45.185645299999976,-23.53361129999996],[-45.18525529999994,-23.53353519999996],[-45.18472829999996,-23.53348429999994],[-45.18423429999996,-23.53340019999996],[-45.18358129999996,-23.533245199999953],[-45.18307329999993,-23.533173199999965],[-45.18245329999996,-23.533131199999957],[-45.18208029999994,-23.53311119999995],[-45.18169429999995,-23.533136199999944],[-45.18137429999996,-23.53321429999994],[-45.181282299999964,-23.533347299999946],[-45.181304299999965,-23.53353029999994],[-45.181398299999955,-23.533681299999955],[-45.18164329999996,-23.533917199999962],[-45.18194729999993,-23.534172299999966],[-45.18217329999993,-23.534412199999963],[-45.18236029999997,-23.534626299999957],[-45.182448299999976,-23.53477819999995],[-45.18242929999997,-23.535045199999956],[-45.18233729999997,-23.535197299999936],[-45.18216529999995,-23.535329299999944],[-45.18185829999993,-23.535254299999963],[-45.18163629999998,-23.53504419999996],[-45.18133629999994,-23.534847199999945],[-45.181046299999934,-23.534759299999962],[-45.18057829999998,-23.534758299999964],[-45.18018729999994,-23.534754199999952],[-45.17987729999993,-23.53467729999994],[-45.179605299999935,-23.534659199999965],[-45.17939929999994,-23.534446299999956],[-45.17926929999993,-23.534199299999955],[-45.17911429999998,-23.533970299999964],[-45.178854299999955,-23.533798299999944],[-45.17859029999994,-23.533930299999952],[-45.17831129999996,-23.53408429999996],[-45.17803429999998,-23.534082299999966],[-45.17787329999993,-23.533952299999953],[-45.177679299999966,-23.533932299999947],[-45.17754629999996,-23.533978299999944],[-45.17734029999997,-23.53408929999995],[-45.17715629999998,-23.53421019999996],[-45.176903299999935,-23.534373199999948],[-45.17669829999994,-23.534434199999964],[-45.17651029999996,-23.534470299999953],[-45.17609229999994,-23.534523199999967],[-45.17568529999994,-23.534495299999946],[-45.17543329999995,-23.53450719999995],[-45.17511029999997,-23.53457119999996],[-45.17484029999997,-23.53468419999996],[-45.17448529999996,-23.534766299999944],[-45.17404929999998,-23.534942299999955],[-45.173784299999966,-23.535037299999942],[-45.17359829999998,-23.535148299999946],[-45.173459299999934,-23.535288299999934],[-45.17337329999998,-23.535454199999947],[-45.17329629999995,-23.53569719999996],[-45.17328729999997,-23.535846899999967],[-45.173284499999966,-23.535892199999978],[-45.17328079999993,-23.535936899999967],[-45.173263299999974,-23.536139299999945],[-45.173315299999956,-23.53649429999996],[-45.173342299999945,-23.53676429999996],[-45.17333729999996,-23.537001199999963],[-45.173326299999985,-23.53736219999996],[-45.173278299999936,-23.537708299999963],[-45.17316529999994,-23.537959299999955],[-45.17300229999995,-23.538048299999957],[-45.172712299999944,-23.538027299999953],[-45.172302299999956,-23.53774519999996],[-45.17203029999996,-23.53756519999996],[-45.17180629999996,-23.537396299999955],[-45.171402299999954,-23.53725419999995],[-45.17098129999994,-23.537084299999947],[-45.17064129999994,-23.53701929999994],[-45.17016529999995,-23.536988299999962],[-45.16978429999995,-23.53700619999995],[-45.16939529999996,-23.537081299999954],[-45.16895329999994,-23.537242299999946],[-45.16868729999993,-23.537359299999935],[-45.16834929999993,-23.53761019999996],[-45.16805229999994,-23.537793199999953],[-45.167683299999965,-23.537960299999952],[-45.16736929999996,-23.538076299999943],[-45.16704329999993,-23.538224199999945],[-45.166535299999964,-23.538440299999934],[-45.166160299999945,-23.53862819999995],[-45.16586529999995,-23.538832199999945],[-45.165669299999934,-23.53897429999995],[-45.16548229999995,-23.539097199999958],[-45.16527629999996,-23.539147199999945],[-45.16510429999994,-23.539148199999943],[-45.16490229999994,-23.53914919999994],[-45.164639299999976,-23.539091199999973],[-45.164284,-23.538974699999983],[-45.163712299999986,-23.53865019999995],[-45.16340329999997,-23.53833919999994],[-45.163221299999975,-23.538076199999978],[-45.16312229999994,-23.537959199999932],[-45.16294329999994,-23.537583199999972],[-45.16285229999994,-23.53720119999997],[-45.16287129999995,-23.536941199999944],[-45.162970299999984,-23.536694199999943],[-45.16315529999997,-23.53651919999993],[-45.16356429999996,-23.536379199999942],[-45.16395529999994,-23.536328199999957],[-45.16433129999996,-23.53626319999995],[-45.16459729999997,-23.53625519999997],[-45.16494629999994,-23.536258199999963],[-45.16530729999994,-23.536281199999962],[-45.165653299999974,-23.53629719999998],[-45.16597929999995,-23.53617719999994],[-45.16634829999998,-23.535983199999976],[-45.16689429999997,-23.535739199999966],[-45.16738429999998,-23.53543419999994],[-45.167836299999976,-23.535124199999927],[-45.16822829999995,-23.53471419999994],[-45.16846429999998,-23.534336199999927],[-45.16846829999997,-23.53399719999993],[-45.16835229999998,-23.533654199999944],[-45.16847429999996,-23.533444199999963],[-45.16877429999994,-23.533226199999945],[-45.16898189999995,-23.53305739999996],[-45.16901219999994,-23.533032799999944],[-45.16904459999995,-23.533006499999942],[-45.16916429999998,-23.53290919999995],[-45.16937329999996,-23.53262019999994],[-45.16945629999998,-23.532456199999956],[-45.16945329999993,-23.532185199999958],[-45.16944029999996,-23.531740199999945],[-45.16936029999994,-23.53126519999995],[-45.169271299999934,-23.530900199999962],[-45.16913029999995,-23.530479199999945],[-45.16898829999997,-23.53012819999998],[-45.16897729999994,-23.529796199999964],[-45.16994479999994,-23.53009919999994],[-45.17073349999998,-23.530709199999933],[-45.171900799999946,-23.53055139999998],[-45.173047,-23.529520899999966],[-45.17344659999998,-23.527869899999928],[-45.17349919999998,-23.527144299999975],[-45.17280519999997,-23.526492299999973],[-45.17198129999997,-23.525804199999982],[-45.171942299999955,-23.52553919999997],[-45.17186929999997,-23.525297199999955],[-45.17192529999994,-23.52511119999997],[-45.17193269999996,-23.52508759999995],[-45.172265299999935,-23.52498719999994],[-45.17247329999998,-23.524966199999938],[-45.17274029999993,-23.524793199999976],[-45.173072299999944,-23.524610199999927],[-45.17345229999995,-23.52452519999997],[-45.173915299999976,-23.524545199999977],[-45.17435229999995,-23.524617199999966],[-45.174694099999954,-23.52483909999995],[-45.17507889999996,-23.52496709999997],[-45.17553929999997,-23.52496119999995],[-45.17595629999994,-23.52489719999994],[-45.176287299999956,-23.52476219999994],[-45.17651129999996,-23.524617199999966],[-45.17669429999995,-23.524366199999974],[-45.17676529999994,-23.52394819999995],[-45.17685729999994,-23.523650199999963],[-45.17698329999996,-23.523319199999946],[-45.17707429999996,-23.522978199999955],[-45.17716629999995,-23.522715199999936],[-45.17736129999997,-23.522504199999958],[-45.177544299999965,-23.522422199999937],[-45.17768429999995,-23.52221519999995],[-45.177679299999966,-23.521721199999945],[-45.17760629999998,-23.52144119999997],[-45.17745329999997,-23.520970199999965],[-45.177368299999955,-23.52067919999996],[-45.17728429999994,-23.52042819999997],[-45.17721729999994,-23.52011219999997],[-45.17717029999994,-23.51980119999996],[-45.17718329999997,-23.519534199999953],[-45.17718129999997,-23.51928419999996],[-45.17710129999995,-23.519012199999963],[-45.17689729999995,-23.518484199999932],[-45.17662729999995,-23.51785519999993],[-45.17645609999994,-23.517331799999965],[-45.17631009999997,-23.51689179999994],[-45.17590709999996,-23.51587779999994],[-45.175744099999974,-23.51540979999993],[-45.17568209999996,-23.515047799999934],[-45.17597609999996,-23.51482479999993],[-45.176401099999964,-23.514828799999975],[-45.17667409999996,-23.514881799999955],[-45.17705569999998,-23.51488029999996],[-45.177377099999944,-23.514813799999956],[-45.177571099999966,-23.51472579999995],[-45.17759709999996,-23.514490799999976],[-45.17755509999995,-23.51413679999996],[-45.17745549999995,-23.513568799999973],[-45.17765529999997,-23.513341399999945],[-45.17821349999997,-23.51345859999998],[-45.17886129999994,-23.51383069999997],[-45.17975709999996,-23.51389269999993],[-45.18072879999994,-23.51385829999998],[-45.18106409999996,-23.513785799999937],[-45.181341,-23.513942399999962],[-45.181539,-23.51405539999996],[-45.181891,-23.51436039999993],[-45.182151,-23.514669399999946],[-45.182453,-23.515088399999968],[-45.182579,-23.515393399999937],[-45.182868,-23.51598139999993],[-45.183113,-23.51640139999995],[-45.183418,-23.51688239999993],[-45.183849,-23.51727539999996],[-45.184258,-23.517601399999933],[-45.184898,-23.518061399999965],[-45.1855,-23.518511399999966],[-45.186024799999984,-23.51914979999998],[-45.18610709999996,-23.519395199999963],[-45.18607629999997,-23.51963559999996],[-45.18601849999993,-23.519883899999968],[-45.185985,-23.52011159999995],[-45.18610709999996,-23.520352299999956],[-45.18644779999994,-23.520410899999945],[-45.18675889999997,-23.520500399999946],[-45.187126099999944,-23.520722499999977],[-45.18736639999997,-23.520892499999945],[-45.187650099999985,-23.521150899999952],[-45.18794029999998,-23.52140559999998],[-45.188156299999946,-23.52166909999994],[-45.18843459999994,-23.521927699999935],[-45.18862939999997,-23.522125399999936],[-45.18890179999994,-23.52226539999998],[-45.189099399999975,-23.52236979999998],[-45.18928049999994,-23.522499099999948],[-45.18943829999995,-23.522766099999956],[-45.189595,-23.522933399999943],[-45.18954009999993,-23.523383899999942],[-45.189173,-23.52357939999996],[-45.188821,-23.52384939999996],[-45.188513,-23.524040399999933],[-45.188266,-23.52417939999998],[-45.18785,-23.52429939999996],[-45.187369,-23.524407399999973],[-45.186348,-23.524624399999936],[-45.185937,-23.524718399999983],[-45.185573,-23.524774399999956],[-45.185246,-23.524841399999957],[-45.184828,-23.524835399999972],[-45.184488,-23.524771399999963],[-45.1842,-23.524707399999954],[-45.183837,-23.524748399999964],[-45.18345,-23.524879399999975],[-45.183069,-23.524950399999966],[-45.182886,-23.52500139999995],[-45.182626,-23.52513739999995],[-45.182406,-23.52530239999993],[-45.182271,-23.525502399999937],[-45.182187,-23.525674399999957],[-45.182183,-23.525893399999973],[-45.182254,-23.52610539999995],[-45.182391,-23.52639439999996],[-45.182448,-23.52663339999998],[-45.18244,-23.526838399999974],[-45.182358,-23.52696839999993],[-45.181939,-23.526972399999977],[-45.181591,-23.52712939999998],[-45.181478,-23.527438399999937],[-45.181493,-23.527597399999934],[-45.181645,-23.527900399999965],[-45.181886,-23.528143399999976],[-45.182258,-23.52849939999993],[-45.182609,-23.528723399999933],[-45.182971,-23.52903639999994],[-45.183359,-23.529374399999938],[-45.183717,-23.52977139999996],[-45.184043,-23.530076399999928],[-45.184383,-23.53037439999997],[-45.184714,-23.53072439999994],[-45.185091,-23.531053399999962],[-45.185576,-23.53149639999998],[-45.185922,-23.531870399999946],[-45.186218,-23.53218739999994],[-45.18639079999997,-23.532485099999974],[-45.18654029999993,-23.532662199999947],[-45.18679929999996,-23.532952199999954]]],[[[-45.15410909999997,-23.53367069999996],[-45.154020199999934,-23.533596599999953],[-45.15398559999994,-23.533562],[-45.15391159999996,-23.53350279999995],[-45.15382759999994,-23.53351269999996],[-45.153862199999935,-23.533586699999944],[-45.15391159999996,-23.533700299999964],[-45.15401029999998,-23.53382369999997],[-45.15405969999995,-23.53392249999996],[-45.15408439999993,-23.534046],[-45.154198,-23.534164499999974],[-45.154296699999975,-23.534129899999982],[-45.15439059999994,-23.534055799999976],[-45.15439059999994,-23.533957099999952],[-45.15436589999996,-23.533868199999972],[-45.154222699999934,-23.533734899999956],[-45.15410909999997,-23.53367069999996]]],[[[-45.10257509999997,-23.499051899999927],[-45.10253809999995,-23.498958399999935],[-45.102659899999935,-23.498872699999936],[-45.102637699999946,-23.49873679999996],[-45.10250869999993,-23.498653599999955],[-45.102391,-23.49865959999994],[-45.102289,-23.498688799999968],[-45.102167,-23.49875579999997],[-45.10213259999995,-23.498864099999935],[-45.10209789999993,-23.49895369999996],[-45.10201129999996,-23.49898749999994],[-45.10195029999994,-23.499021],[-45.10202289999995,-23.499095299999965],[-45.102121,-23.499164699999938],[-45.10220909999998,-23.49925289999993],[-45.10220039999996,-23.49937979999993],[-45.10222219999997,-23.499482799999953],[-45.10223439999993,-23.49963759999997],[-45.10232689999998,-23.499664799999948],[-45.10239749999994,-23.49958419999996],[-45.10246239999998,-23.499452099999928],[-45.10250769999993,-23.49939059999997],[-45.102619,-23.499286199999972],[-45.10262759999995,-23.49915459999994],[-45.10257509999997,-23.499051899999927]]],[[[-45.052729399999976,-23.46843769999998],[-45.052755,-23.468396],[-45.05275339999997,-23.46837519999997],[-45.05269739999994,-23.468336799999975],[-45.052667,-23.46831439999994],[-45.052657299999964,-23.468285599999945],[-45.052657299999964,-23.46824879999997],[-45.05262689999995,-23.468218399999955],[-45.05257249999994,-23.468204],[-45.052527699999985,-23.46819759999994],[-45.05245729999996,-23.46816549999994],[-45.05236439999993,-23.468138299999964],[-45.052286,-23.46811749999995],[-45.05224759999993,-23.468087099999934],[-45.052214,-23.468067899999937],[-45.05217719999996,-23.468082299999935],[-45.05216759999996,-23.468147899999963],[-45.05215469999996,-23.46825519999993],[-45.05217559999994,-23.468320799999958],[-45.05218519999994,-23.468356],[-45.05219959999994,-23.468388],[-45.05222679999997,-23.46842639999994],[-45.05228439999996,-23.468501699999933],[-45.05240759999998,-23.468592899999976],[-45.052481299999954,-23.468620099999953],[-45.052473299999974,-23.46863929999995],[-45.05255969999996,-23.46864889999995],[-45.05260929999997,-23.46863129999997],[-45.05265889999998,-23.468600899999956],[-45.05266539999997,-23.468557699999963],[-45.052671799999985,-23.468503299999952],[-45.05269419999996,-23.46846329999994],[-45.052729399999976,-23.46843769999998]]],[[[-45.058346,-23.468316],[-45.05840839999996,-23.468346399999973],[-45.058438799999976,-23.468330399999957],[-45.05846759999997,-23.4683],[-45.05849479999995,-23.468288799999982],[-45.058512399999984,-23.468325599999957],[-45.05853319999994,-23.468348],[-45.05857009999994,-23.468343199999936],[-45.058658099999946,-23.468296799999962],[-45.05873649999995,-23.468232799999953],[-45.05877009999995,-23.46819279999994],[-45.058797399999946,-23.468136699999945],[-45.05875729999997,-23.46812549999993],[-45.058730099999934,-23.46810469999997],[-45.05874769999997,-23.468077499999936],[-45.05872849999997,-23.468056699999977],[-45.05874129999995,-23.468007099999966],[-45.05873329999997,-23.467941499999938],[-45.05870129999994,-23.46788859999998],[-45.05860209999997,-23.467861399999947],[-45.05853319999994,-23.46788379999998],[-45.058442,-23.46788859999998],[-45.05838279999995,-23.467879],[-45.058317199999976,-23.467866199999946],[-45.05827069999998,-23.46784379999997],[-45.05818429999994,-23.46784379999997],[-45.05815869999998,-23.467856599999948],[-45.05813789999996,-23.467866199999946],[-45.058121899999946,-23.46790939999994],[-45.05811229999995,-23.467955899999936],[-45.058110699999986,-23.46797829999997],[-45.05814909999998,-23.46799909999993],[-45.05816509999994,-23.468023099999982],[-45.05816029999994,-23.468082299999935],[-45.05816829999998,-23.468127099999947],[-45.05830119999996,-23.468274399999927],[-45.058346,-23.468316]]],[[[-45.00861169999996,-23.413112],[-45.00852889999993,-23.41304679999996],[-45.00845789999994,-23.413014199999964],[-45.008315799999934,-23.41307949999998],[-45.008138299999985,-23.41316649999993],[-45.008031899999935,-23.41328589999995],[-45.00805559999998,-23.413416299999938],[-45.00806749999998,-23.413427199999944],[-45.00806749999998,-23.413448899999935],[-45.008126699999934,-23.413611599999967],[-45.00828039999993,-23.413676599999974],[-45.00838669999996,-23.41370909999995],[-45.008398599999964,-23.413719899999933],[-45.00851669999997,-23.413752399999964],[-45.008623099999966,-23.413687299999935],[-45.00861139999995,-23.413535499999966],[-45.008576,-23.413372799999934],[-45.00864709999996,-23.41328589999995],[-45.00863529999998,-23.413188099999957],[-45.00861169999996,-23.413112]]]]}}]}