{"type":"FeatureCollection","features":[{"type":"Feature","properties":{"id":"3520400","cd_mun":"3520400","municipio":"Ilhabela","fonte_origem":"bairros IBGE/GeoPixel dissolvidos"},"geometry":{"type":"MultiPolygon","coordinates":[[[[-45.449145499999986,-23.927109499999972],[-45.44938289999993,-23.927093399999933],[-45.449538899999936,-23.926976199999956],[-45.44969529999997,-23.926877],[-45.449772199999984,-23.92677329999998],[-45.44998349999997,-23.92676359999996],[-45.45020779999993,-23.926741499999935],[-45.450328199999944,-23.92679959999998],[-45.45055209999998,-23.926747399999954],[-45.450628,-23.926589299999932],[-45.450584499999934,-23.92641519999995],[-45.450501299999985,-23.92624189999998],[-45.45050649999996,-23.926091799999938],[-45.450372899999934,-23.926015699999937],[-45.45035629999995,-23.925847199999964],[-45.45035319999994,-23.92569659999998],[-45.45054739999995,-23.925506199999973],[-45.450549699999954,-23.925301399999967],[-45.45059889999993,-23.925126],[-45.450720899999965,-23.924961099999962],[-45.450931899999944,-23.924932599999977],[-45.45120309999993,-23.924927199999956],[-45.451313599999935,-23.924834699999963],[-45.45138229999998,-23.924640499999953],[-45.451300799999956,-23.92453949999998],[-45.451107699999966,-23.924476899999945],[-45.45099989999994,-23.92438919999995],[-45.45092249999993,-23.92415079999995],[-45.45079979999997,-23.92391189999995],[-45.45088679999998,-23.923669399999937],[-45.45108549999998,-23.92343059999996],[-45.45127209999998,-23.92321019999997],[-45.45132609999996,-23.92293209999997],[-45.45127629999996,-23.922734299999945],[-45.45140909999998,-23.92244889999995],[-45.45166969999997,-23.922310899999957],[-45.45182609999995,-23.922223199999962],[-45.45194859999998,-23.922078599999963],[-45.452089899999976,-23.921883],[-45.45220439999997,-23.921663799999976],[-45.45236609999995,-23.92150429999998],[-45.452589899999964,-23.921476499999983],[-45.452847599999984,-23.92149029999996],[-45.45303439999998,-23.921276],[-45.45319019999994,-23.921158799999944],[-45.45345789999993,-23.921033799999975],[-45.45359369999994,-23.920911],[-45.453769,-23.920775399999968],[-45.45387709999994,-23.920605],[-45.45405389999996,-23.920541799999967],[-45.45421559999994,-23.92041279999995],[-45.454387199999985,-23.92039159999996],[-45.45450809999994,-23.92044939999994],[-45.45471349999997,-23.92045779999995],[-45.454868,-23.92053939999994],[-45.45505889999998,-23.92049989999998],[-45.455160699999965,-23.92032329999995],[-45.455298,-23.920248499999957],[-45.45550229999998,-23.920226899999932],[-45.45571719999998,-23.920066299999974],[-45.45574359999995,-23.920059799999933],[-45.455872599999964,-23.919925],[-45.456022,-23.919756],[-45.456171,-23.919614699999954],[-45.456281599999954,-23.919534399999975],[-45.456363899999985,-23.919358],[-45.45644,-23.919199799999944],[-45.45629169999995,-23.919051499999966],[-45.45614279999995,-23.918867199999966],[-45.45595489999994,-23.91870769999997],[-45.455961299999956,-23.918701599999963],[-45.45589209999997,-23.91853409999993],[-45.45579729999997,-23.91840949999994],[-45.45579459999993,-23.91825149999994],[-45.45581749999997,-23.918076499999927],[-45.45585169999998,-23.917804799999942],[-45.45590119999997,-23.917641199999935],[-45.45600379999996,-23.91749479999993],[-45.45619839999995,-23.917328699999928],[-45.456485499999985,-23.917167099999972],[-45.45681289999993,-23.91704089999996],[-45.45710729999996,-23.916915399999937],[-45.45727759999994,-23.91684],[-45.457466899999986,-23.91674039999998],[-45.45766539999994,-23.916614099999947],[-45.45804579999998,-23.916499199999976],[-45.45828739999996,-23.916368399999953],[-45.45854269999995,-23.916261499999962],[-45.45867909999998,-23.91615059999998],[-45.45899459999998,-23.916078899999945],[-45.45921649999997,-23.915948499999956],[-45.45940779999995,-23.915927099999976],[-45.45963659999995,-23.915802499999927],[-45.45975089999996,-23.91558329999998],[-45.45982569999995,-23.915358599999934],[-45.45983559999996,-23.91519549999998],[-45.459741399999984,-23.915124799999944],[-45.45974419999993,-23.914949899999954],[-45.459834,-23.91481559999994],[-45.459991499999944,-23.914746199999968],[-45.46016739999993,-23.91462249999995],[-45.460307,-23.914436499999965],[-45.460388,-23.914199699999983],[-45.460378599999956,-23.914061],[-45.46034789999993,-23.91385029999998],[-45.460250299999984,-23.913767699999937],[-45.460166399999935,-23.913696499999958],[-45.46008989999996,-23.913510799999983],[-45.46000819999995,-23.913391599999954],[-45.45994539999998,-23.913223899999934],[-45.45999509999996,-23.91307219999993],[-45.46001179999996,-23.91291519999993],[-45.46020869999995,-23.912851899999964],[-45.46031789999995,-23.91269929999993],[-45.460306799999955,-23.912482199999943],[-45.46035329999995,-23.912173699999983],[-45.46030319999994,-23.911993699999982],[-45.460166,-23.911742799999956],[-45.460144,-23.911628599999972],[-45.46002729999998,-23.91140139999993],[-45.459950799999945,-23.91120369999993],[-45.45986209999995,-23.911060499999962],[-45.45961489999996,-23.91090859999997],[-45.45950829999998,-23.91085049999998],[-45.45940809999996,-23.910786299999927],[-45.45936519999998,-23.910618399999976],[-45.45937529999998,-23.91046739999996],[-45.459538099999975,-23.91044249999993],[-45.45954819999997,-23.910285599999952],[-45.45955939999993,-23.910183],[-45.459648399999935,-23.910024799999974],[-45.45984439999995,-23.909973099999945],[-45.460041399999966,-23.90995769999995],[-45.46028489999998,-23.909935399999938],[-45.46044169999993,-23.909866299999976],[-45.46056539999995,-23.90978569999993],[-45.46049649999998,-23.909636],[-45.46042749999998,-23.90948039999995],[-45.46034609999998,-23.909361299999944],[-45.46033739999996,-23.909252899999956],[-45.460395,-23.90916729999998],[-45.46052649999996,-23.90915279999996],[-45.46067809999994,-23.909149799999966],[-45.460702399999946,-23.909046699999976],[-45.46060049999994,-23.908897799999977],[-45.46051149999994,-23.908736499999975],[-45.46042269999998,-23.908581399999946],[-45.46034909999997,-23.908528599999954],[-45.46028379999996,-23.908554],[-45.46021159999998,-23.90856759999997],[-45.46013829999998,-23.908520899999928],[-45.45994,-23.908482599999957],[-45.459812599999964,-23.908364399999982],[-45.459673399999986,-23.908312799999976],[-45.45950669999996,-23.908213399999966],[-45.45943769999997,-23.908069599999976],[-45.459371199999964,-23.907912],[-45.459314699999936,-23.907726],[-45.45925809999994,-23.907534099999964],[-45.459221499999956,-23.907353799999953],[-45.45914479999993,-23.907144],[-45.45908919999994,-23.907006299999978],[-45.45898729999993,-23.906857499999944],[-45.45893189999998,-23.90672589999997],[-45.45887049999993,-23.90661849999998],[-45.45887449999998,-23.90649179999997],[-45.458897899999954,-23.90634659999995],[-45.45906169999995,-23.906295],[-45.459185299999945,-23.906208],[-45.45924239999994,-23.906092299999955],[-45.45916129999995,-23.905997499999955],[-45.45908739999993,-23.90593279999996],[-45.45897529999996,-23.90593519999993],[-45.45888609999997,-23.90582459999996],[-45.458844,-23.905698599999937],[-45.458926599999984,-23.905540599999938],[-45.45894849999996,-23.90532319999994],[-45.45899739999993,-23.905129599999952],[-45.45909,-23.90481449999993],[-45.45925059999996,-23.90459469999996],[-45.459365899999966,-23.90441169999997],[-45.45937889999993,-23.90439939999993],[-45.459307499999966,-23.90414759999993],[-45.459236199999964,-23.903889799999945],[-45.459179,-23.903674],[-45.459148599999935,-23.903475799999967],[-45.459105299999976,-23.903289899999947],[-45.459125,-23.90328329999994],[-45.459173799999974,-23.903083299999935],[-45.45922369999994,-23.902937299999962],[-45.45931539999998,-23.90289279999996],[-45.459474599999965,-23.90291949999994],[-45.45974189999998,-23.903058899999962],[-45.45994189999993,-23.903133499999967],[-45.460032499999954,-23.903035199999977],[-45.460009699999944,-23.902890799999966],[-45.45999649999993,-23.902891],[-45.45991449999997,-23.902765899999963],[-45.45981349999994,-23.90267749999998],[-45.459517,-23.902665199999944],[-45.45942209999998,-23.902558299999953],[-45.45933839999998,-23.902354699999933],[-45.45926259999993,-23.902223499999934],[-45.45920759999996,-23.901995099999965],[-45.45931649999994,-23.901830699999948],[-45.45952489999996,-23.901766299999963],[-45.45967409999997,-23.901618799999937],[-45.45976219999994,-23.901347],[-45.45985669999993,-23.901116199999933],[-45.45979089999997,-23.90079739999993],[-45.45976969999998,-23.900743899999952],[-45.459700399999974,-23.90056969999995],[-45.459631,-23.900401899999963],[-45.459516,-23.90026519999998],[-45.459478399999966,-23.900036599999964],[-45.45954759999995,-23.89986639999995],[-45.45956909999995,-23.899618499999974],[-45.45953129999998,-23.899383899999975],[-45.45951009999993,-23.899062],[-45.45950629999993,-23.898875],[-45.45948109999995,-23.898588699999948],[-45.459556599999985,-23.898406399999942],[-45.459731799999986,-23.898270899999943],[-45.45994529999996,-23.898074299999962],[-45.46012509999997,-23.897823899999935],[-45.460357699999975,-23.897572599999933],[-45.460623699999985,-23.89734489999995],[-45.46064329999996,-23.897332499999948],[-45.460796,-23.89705829999997],[-45.46094849999997,-23.896771899999976],[-45.46099519999996,-23.896469499999967],[-45.460884299999975,-23.896205599999973],[-45.46073439999998,-23.895972599999936],[-45.46068339999994,-23.895732],[-45.46069819999997,-23.895484299999964],[-45.46068709999997,-23.89526109999997],[-45.46065039999996,-23.89507459999993],[-45.460654199999965,-23.894935799999928],[-45.46069539999996,-23.894693599999982],[-45.460709,-23.894385599999964],[-45.46074429999993,-23.894173699999953],[-45.460759,-23.893919899999958],[-45.46075449999995,-23.89369659999994],[-45.46072209999994,-23.893396799999948],[-45.46065239999996,-23.893210799999963],[-45.46060819999997,-23.89298219999995],[-45.46059679999996,-23.892741],[-45.46076579999993,-23.89261739999995],[-45.46095879999996,-23.892366699999968],[-45.46107269999993,-23.89211729999994],[-45.46112069999998,-23.891881099999978],[-45.461286,-23.89156429999997],[-45.46149809999997,-23.89127689999998],[-45.461379799999975,-23.890977199999952],[-45.46122959999997,-23.890732399999933],[-45.46107589999997,-23.890638699999954],[-45.46079929999996,-23.89047249999993],[-45.460559099999955,-23.890343799999982],[-45.46039209999998,-23.890238099999976],[-45.46044759999995,-23.890044199999977],[-45.460668399999975,-23.88987129999998],[-45.46078149999994,-23.88959179999995],[-45.46084909999996,-23.88934349999994],[-45.46108229999993,-23.88912829999998],[-45.461303699999974,-23.888973499999963],[-45.46145569999993,-23.888976699999944],[-45.46171149999998,-23.88888769999994],[-45.46206459999996,-23.88870019999996],[-45.46213389999997,-23.88853],[-45.462113,-23.88848429999996],[-45.46203019999996,-23.88830239999993],[-45.46193459999995,-23.888147],[-45.461740299999974,-23.888011499999948],[-45.46157549999998,-23.887898399999983],[-45.461362099999974,-23.88779329999994],[-45.461141399999974,-23.88765209999997],[-45.460863,-23.887590299999943],[-45.460558,-23.887511],[-45.460234199999945,-23.887468099999978],[-45.45994259999998,-23.887382499999944],[-45.459662599999945,-23.887236499999972],[-45.459374099999934,-23.887283599999932],[-45.45913679999995,-23.887251499999934],[-45.458943799999986,-23.88715229999997],[-45.45896339999996,-23.88714589999995],[-45.458933,-23.886885],[-45.458843,-23.886719],[-45.458573299999955,-23.88650729999995],[-45.45861249999996,-23.88623469999993],[-45.45862219999998,-23.886083499999927],[-45.45860529999993,-23.885920599999963],[-45.458433499999956,-23.885875599999963],[-45.45818869999994,-23.88578979999994],[-45.45803449999994,-23.885648199999935],[-45.457957799999974,-23.885456499999975],[-45.457933399999945,-23.885251899999957],[-45.45801209999996,-23.884961],[-45.45792129999995,-23.884751299999948],[-45.45766189999995,-23.884659],[-45.45738389999997,-23.88459739999996],[-45.457041699999934,-23.884621299999935],[-45.45676139999995,-23.88474679999996],[-45.45638919999993,-23.884879799999965],[-45.45609079999997,-23.884780599999942],[-45.45580729999995,-23.884791399999983],[-45.45559009999994,-23.88481319999994],[-45.45533969999997,-23.884823499999982],[-45.455183199999965,-23.88461469999993],[-45.45510669999993,-23.884446599999933],[-45.454932,-23.884316399999932],[-45.454772899999966,-23.88429489999993],[-45.45454969999997,-23.884353],[-45.454429,-23.88454859999996],[-45.45433469999995,-23.88474359999998],[-45.45424039999995,-23.884938499999976],[-45.454124699999966,-23.885049099999947],[-45.45385079999994,-23.88515039999993],[-45.453582,-23.88519109999993],[-45.453333199999975,-23.885237599999982],[-45.453155599999945,-23.88524659999996],[-45.452959299999975,-23.885086899999976],[-45.45279089999997,-23.884975],[-45.452551899999946,-23.88491259999995],[-45.45227929999993,-23.884879499999954],[-45.45198439999996,-23.88492],[-45.451688299999944,-23.884900499999958],[-45.451540499999965,-23.884776599999952],[-45.45130419999998,-23.884545899999978],[-45.45112069999993,-23.884332299999983],[-45.45091069999995,-23.884088599999927],[-45.45066269999995,-23.883887699999946],[-45.45063769999996,-23.88377509999998],[-45.45061069999997,-23.883653299999935],[-45.45044139999993,-23.883445],[-45.45024909999995,-23.883357799999942],[-45.45008619999993,-23.883131299999945],[-45.44987269999996,-23.882978199999968],[-45.44974629999996,-23.882825699999955],[-45.44965519999994,-23.88258],[-45.449485599999946,-23.88234749999998],[-45.44927859999996,-23.882200299999965],[-45.44900689999997,-23.882102499999974],[-45.448964399999966,-23.881982499999935],[-45.44891389999998,-23.881808099999944],[-45.44881239999995,-23.881695099999945],[-45.44865489999995,-23.881692],[-45.44844039999998,-23.881768499999964],[-45.44832569999994,-23.88189129999995],[-45.44822329999994,-23.881724299999973],[-45.448191,-23.88148339999998],[-45.44812779999995,-23.881285599999956],[-45.448104599999965,-23.881123199999934],[-45.44805029999998,-23.88094019999994],[-45.44813089999997,-23.88073389999994],[-45.44817079999996,-23.880461799999978],[-45.44796829999996,-23.88021189999995],[-45.44787119999995,-23.879990299999974],[-45.44789829999996,-23.879748099999972],[-45.447753699999964,-23.879447699999957],[-45.447568399999966,-23.87942069999997],[-45.44729239999998,-23.879461499999934],[-45.44706809999997,-23.879453199999944],[-45.44694109999995,-23.87937089999997],[-45.44677909999996,-23.879192599999953],[-45.44667879999997,-23.879127899999958],[-45.446405099999936,-23.879235199999982],[-45.44622,-23.879250299999967],[-45.446105899999964,-23.879101599999956],[-45.44597,-23.878922899999964],[-45.44578779999995,-23.878738899999973],[-45.445606,-23.878572899999938],[-45.44542679999995,-23.878503699999953],[-45.445156,-23.878442099999972],[-45.44496529999998,-23.878355899999974],[-45.444780099999946,-23.878304499999956],[-45.444592599999964,-23.87815089999998],[-45.44433139999995,-23.877932199999975],[-45.444196699999964,-23.877789899999982],[-45.444087699999955,-23.877623],[-45.444082899999955,-23.877424099999928],[-45.44408929999997,-23.877418],[-45.444123599999955,-23.877170099999944],[-45.444164,-23.876885899999934],[-45.444290499999966,-23.876636299999973],[-45.44445579999996,-23.876367399999936],[-45.444510599999944,-23.876193499999943],[-45.444551599999954,-23.87602039999996],[-45.444647799999984,-23.875884499999927],[-45.444607099999985,-23.875797499999976],[-45.44448419999998,-23.87572279999995],[-45.44433419999996,-23.875710199999958],[-45.44418489999998,-23.875673],[-45.44407119999994,-23.875662099999943],[-45.44380309999997,-23.875580199999945],[-45.44352619999995,-23.87547879999994],[-45.44328839999997,-23.875388699999974],[-45.44314869999994,-23.87526939999998],[-45.44308539999997,-23.875113399999975],[-45.44309389999995,-23.874954],[-45.44302109999995,-23.874751],[-45.44286719999997,-23.874569],[-45.442609199999936,-23.874326],[-45.442417199999966,-23.874160599999982],[-45.44236719999998,-23.874024],[-45.44241479999994,-23.87385],[-45.442337899999984,-23.873666499999956],[-45.44221509999994,-23.87353509999997],[-45.44204419999994,-23.873320599999943],[-45.44192419999996,-23.873118399999953],[-45.44178789999995,-23.87296349999997],[-45.441707399999984,-23.87280759999993],[-45.44162629999994,-23.87262419999996],[-45.44154529999997,-23.872444799999982],[-45.44146879999994,-23.87226919999995],[-45.44149189999996,-23.872139],[-45.44140629999998,-23.871943899999962],[-45.441296299999976,-23.871812099999943],[-45.441221,-23.87170329999998],[-45.44104219999997,-23.87152969999994],[-45.440855899999974,-23.87145419999996],[-45.440584599999966,-23.871427299999937],[-45.44044429999997,-23.871500399999945],[-45.440291299999956,-23.871589399999948],[-45.44016919999996,-23.87171319999993],[-45.440054799999984,-23.87178979999993],[-45.43981089999994,-23.871837099999937],[-45.43958649999996,-23.87178979999993],[-45.439392099999964,-23.87174189999996],[-45.439228399999934,-23.871709299999964],[-45.43913319999996,-23.871671599999956],[-45.439055,-23.87162569999998],[-45.43893349999996,-23.871561],[-45.43875879999996,-23.87141859999997],[-45.438603099999966,-23.87135049999995],[-45.43841679999997,-23.87125539999994],[-45.43828169999995,-23.871151699999928],[-45.43810369999994,-23.87104469999997],[-45.43796869999994,-23.87095279999994],[-45.43788079999996,-23.87085989999997],[-45.437761499999965,-23.870712599999933],[-45.437730399999964,-23.870604299999968],[-45.437611199999935,-23.87044519999995],[-45.437432599999966,-23.87032249999993],[-45.43728039999996,-23.870230799999945],[-45.43708049999998,-23.87012009999995],[-45.436958699999934,-23.87004749999994],[-45.43677839999998,-23.870050499999934],[-45.43657749999994,-23.870101],[-45.436416,-23.870190199999968],[-45.436202899999955,-23.870272299999954],[-45.43604609999994,-23.87036919999997],[-45.435898399999985,-23.870473799999957],[-45.43577609999994,-23.870546499999932],[-45.43567419999994,-23.870583599999975],[-45.43556209999997,-23.87057219999997],[-45.43539409999994,-23.870539599999972],[-45.43525549999998,-23.87047519999993],[-45.43512959999998,-23.870398799999975],[-45.43499459999998,-23.870299],[-45.43487259999995,-23.870203],[-45.434780699999976,-23.870114199999932],[-45.43471819999996,-23.87000919999997],[-45.434622299999944,-23.869928399999935],[-45.43453489999996,-23.869843599999967],[-45.43448119999994,-23.869746299999974],[-45.43443229999997,-23.869664599999965],[-45.43432779999995,-23.86958009999995],[-45.43425689999998,-23.869475299999976],[-45.43419009999997,-23.869354699999974],[-45.43416649999995,-23.86926019999993],[-45.43418109999993,-23.869150099999956],[-45.434100599999965,-23.869006299999967],[-45.43405569999993,-23.868920599999967],[-45.43405789999997,-23.86883419999998],[-45.43406429999993,-23.86874769999997],[-45.43399769999996,-23.868650499999944],[-45.433944699999984,-23.868584599999963],[-45.43387029999997,-23.868523],[-45.43378289999998,-23.868453699999975],[-45.43367539999997,-23.868439799999976],[-45.43363409999995,-23.868503399999952],[-45.43352379999993,-23.868551199999956],[-45.433420799999965,-23.86855689999993],[-45.433299199999965,-23.868534099999977],[-45.43321529999997,-23.868498599999953],[-45.433135499999935,-23.868446499999948],[-45.43307579999998,-23.868383799999947],[-45.43300039999997,-23.86832549999997],[-45.43293959999994,-23.86821759999998],[-45.43288679999995,-23.868165099999942],[-45.432831599999986,-23.868092599999954],[-45.432773399999974,-23.867999099999963],[-45.432718,-23.867928099999972],[-45.43266849999998,-23.86782409999995],[-45.432584099999985,-23.867660799999953],[-45.43254129999997,-23.867548399999976],[-45.43248059999996,-23.86744249999998],[-45.432419599999946,-23.867318],[-45.43236529999996,-23.867190199999982],[-45.43232439999997,-23.867061299999932],[-45.43227269999994,-23.866951099999937],[-45.43222119999996,-23.866851099999963],[-45.43219069999998,-23.86678779999994],[-45.43214859999995,-23.86670829999997],[-45.43211319999995,-23.86662659999996],[-45.43206,-23.86648409999998],[-45.43199619999996,-23.86633089999998],[-45.43187709999995,-23.866083699999933],[-45.43181409999994,-23.865973699999927],[-45.431749099999934,-23.865869799999928],[-45.43170989999993,-23.86573889999994],[-45.43165289999996,-23.86558969999993],[-45.43161519999995,-23.86550189999997],[-45.431586299999935,-23.865407699999935],[-45.43153769999998,-23.865285099999937],[-45.43149989999995,-23.86519519999996],[-45.43147769999996,-23.865096799999947],[-45.431451299999935,-23.86501489999995],[-45.431413299999974,-23.864912699999934],[-45.431398299999955,-23.864836799999978],[-45.43137869999998,-23.864756899999975],[-45.431352499999946,-23.864681299999972],[-45.431338,-23.864630099999943],[-45.43132929999996,-23.864535699999976],[-45.431327299999964,-23.86443289999994],[-45.43133719999997,-23.864364799999976],[-45.43135429999995,-23.864199],[-45.43136539999995,-23.864149099999963],[-45.43144769999998,-23.86401939999996],[-45.43150859999997,-23.863923899999975],[-45.43155639999998,-23.863853199999937],[-45.431605,-23.863700199999982],[-45.43168529999997,-23.86356509999996],[-45.431745,-23.863409799999943],[-45.43178829999994,-23.863328799999977],[-45.43184869999993,-23.863204199999927],[-45.43186,-23.863094899999965],[-45.43187059999997,-23.862917899999957],[-45.431877199999974,-23.86291159999996],[-45.43191009999998,-23.862756699999977],[-45.43191189999993,-23.862620799999945],[-45.43191779999995,-23.862464199999977],[-45.43190489999995,-23.862272899999937],[-45.43188809999998,-23.862112499999967],[-45.43182129999997,-23.861959299999967],[-45.43171019999994,-23.86185759999995],[-45.43163569999996,-23.861796199999958],[-45.43151679999994,-23.86170859999993],[-45.431408,-23.861634299999935],[-45.43126979999994,-23.86156049999994],[-45.43115519999998,-23.861499599999945],[-45.43104039999997,-23.86138509999995],[-45.43099019999994,-23.86132329999998],[-45.43093449999998,-23.86123029999993],[-45.430884,-23.861155099999962],[-45.43082879999997,-23.86108889999997],[-45.43080229999998,-23.860990799999968],[-45.430766,-23.860893],[-45.43074,-23.86081729999995],[-45.43067009999993,-23.86074679999996],[-45.43058659999997,-23.86069109999994],[-45.43053209999994,-23.860640699999976],[-45.43043809999995,-23.860535099999936],[-45.43037309999994,-23.86047089999994],[-45.43031019999995,-23.860388],[-45.43022049999996,-23.860298899999975],[-45.43014869999996,-23.860246699999948],[-45.430072199999984,-23.860175599999934],[-45.429979499999945,-23.86012379999994],[-45.42989579999994,-23.860102299999937],[-45.429782,-23.86003939999995],[-45.429677599999934,-23.860022],[-45.429543699999954,-23.85999],[-45.42943029999998,-23.859942299999943],[-45.429341499999964,-23.859879],[-45.42922639999995,-23.859809799999937],[-45.429132599999946,-23.859712399999978],[-45.429026799999974,-23.859638],[-45.42888069999998,-23.85962509999996],[-45.42869419999994,-23.859666299999958],[-45.42850619999996,-23.859635799999978],[-45.42831329999996,-23.85957419999994],[-45.42815759999996,-23.859500599999933],[-45.42804,-23.859456799999975],[-45.427913699999976,-23.859390299999973],[-45.427711,-23.859330299999954],[-45.42756549999996,-23.85931309999995],[-45.427368,-23.859245099999953],[-45.427157,-23.859172399999977],[-45.42701529999994,-23.85908619999998],[-45.42690249999998,-23.859028099999932],[-45.42675619999994,-23.858961699999952],[-45.42659669999995,-23.858912699999962],[-45.42642189999998,-23.858915599999932],[-45.42632789999993,-23.85891959999998],[-45.42619989999997,-23.858980799999983],[-45.426013299999966,-23.859072399999945],[-45.42585369999995,-23.859158599999944],[-45.425706899999966,-23.859215199999937],[-45.425584699999945,-23.859290899999962],[-45.42546519999996,-23.85935919999997],[-45.42536469999993,-23.85944189999998],[-45.42527389999998,-23.859470399999964],[-45.42515069999996,-23.859487199999933],[-45.424954,-23.859461099999976],[-45.424832899999956,-23.859455699999955],[-45.42467709999994,-23.859460799999965],[-45.424513,-23.85946119999994],[-45.42440929999998,-23.859521899999947],[-45.42433009999996,-23.859592],[-45.424276099999986,-23.85969849999998],[-45.42421329999996,-23.859775599999978],[-45.42411959999998,-23.85990469999996],[-45.423958,-23.860005399999977],[-45.423838899999964,-23.860024599999974],[-45.42367569999993,-23.86005179999995],[-45.42353079999998,-23.860059099999944],[-45.423337799999956,-23.86007929999994],[-45.42319,-23.860076799999945],[-45.42291849999998,-23.86005659999995],[-45.422851599999944,-23.860065],[-45.42273839999996,-23.860039899999947],[-45.422640599999966,-23.859982699999932],[-45.422542299999975,-23.859903499999973],[-45.42245969999993,-23.859806799999944],[-45.42245969999993,-23.859804399999973],[-45.42241269999994,-23.85974139999996],[-45.42235439999996,-23.859654099999943],[-45.422311699999966,-23.859546799999976],[-45.42224539999995,-23.859398399999975],[-45.42219319999998,-23.85934519999995],[-45.42210019999993,-23.85926809999995],[-45.42211359999993,-23.85914329999997],[-45.42201909999994,-23.859125199999937],[-45.42189039999994,-23.85914209999993],[-45.421752,-23.859200899999962],[-45.421619,-23.859259599999973],[-45.42147229999995,-23.85931119999998],[-45.421363499999984,-23.85937439999998],[-45.42126969999998,-23.859356699999978],[-45.42119309999998,-23.859421899999973],[-45.42111129999995,-23.859492],[-45.420999,-23.859518399999956],[-45.42094019999996,-23.859534199999928],[-45.42082349999998,-23.859607299999936],[-45.420609799999966,-23.859667299999956],[-45.42045379999996,-23.859665099999972],[-45.420294499999954,-23.859638299999972],[-45.42010929999998,-23.85964629999995],[-45.41994839999995,-23.859658699999954],[-45.41982729999995,-23.85969239999997],[-45.41971789999997,-23.85973839999997],[-45.419533,-23.859761099999957],[-45.41937169999994,-23.85975639999998],[-45.41919969999998,-23.85974939999994],[-45.41899539999997,-23.859743],[-45.41883889999997,-23.859703799999977],[-45.418703799999946,-23.859661899999935],[-45.41857339999996,-23.85959029999998],[-45.418419,-23.859529],[-45.418313,-23.859469299999944],[-45.418234,-23.859421399999974],[-45.41814229999994,-23.85940089999997],[-45.41802979999994,-23.859410199999957],[-45.41797289999994,-23.859391399999936],[-45.41776459999994,-23.859445599999958],[-45.41772089999995,-23.859412],[-45.41768449999995,-23.859402399999965],[-45.417621699999984,-23.859356799999944],[-45.417547799999966,-23.859289199999978],[-45.417481899999984,-23.859221499999933],[-45.41741989999997,-23.859142],[-45.41736759999998,-23.859081499999945],[-45.417298899999935,-23.859008899999935],[-45.41724929999998,-23.858953199999974],[-45.41721329999996,-23.858902199999932],[-45.41715839999995,-23.858846599999936],[-45.41713039999996,-23.85879049999994],[-45.41709419999995,-23.858727199999976],[-45.41704779999998,-23.858686199999966],[-45.417006699999945,-23.858645],[-45.41696529999996,-23.858594099999948],[-45.416918599999974,-23.858538299999964],[-45.41688519999997,-23.858479899999963],[-45.416846299999975,-23.85841419999997],[-45.416799699999956,-23.858365799999945],[-45.416761,-23.85831239999993],[-45.416706,-23.858212099999946],[-45.41667259999997,-23.858153699999946],[-45.41661159999995,-23.858061299999974],[-45.41656459999996,-23.857995699999947],[-45.41653069999995,-23.85791269999993],[-45.41647539999997,-23.857837399999937],[-45.41643069999998,-23.857754499999942],[-45.41637639999993,-23.857654199999956],[-45.41633189999993,-23.857578699999976],[-45.41629819999997,-23.857505499999945],[-45.416265,-23.857459399999982],[-45.41623169999997,-23.85740329999993],[-45.41620659999995,-23.857357],[-45.416173399999934,-23.857308399999965],[-45.41614849999996,-23.857269499999973],[-45.41612079999993,-23.857225699999958],[-45.41609319999998,-23.857186799999965],[-45.416068,-23.857138],[-45.41604029999996,-23.85709429999997],[-45.416015,-23.857035699999983],[-45.41598749999997,-23.857001699999955],[-45.41596479999998,-23.856938199999945],[-45.41592879999996,-23.856879799999945],[-45.41589,-23.85681909999994],[-45.41584859999995,-23.856758299999967],[-45.41583429999997,-23.85671439999993],[-45.41581979999995,-23.85666059999994],[-45.415800099999956,-23.85661179999994],[-45.41576519999995,-23.856551099999933],[-45.415758,-23.856525],[-45.41574209999993,-23.856467899999927],[-45.41571079999994,-23.85637509999998],[-45.41567379999998,-23.85627009999996],[-45.41563189999994,-23.856187199999965],[-45.415611,-23.856079499999964],[-45.41562749999997,-23.855971099999977],[-45.415606399999945,-23.855856],[-45.415583099999935,-23.85576549999996],[-45.41554579999996,-23.85573169999998],[-45.41545559999997,-23.855649599999936],[-45.41540249999997,-23.855547299999955],[-45.41530929999993,-23.855450599999983],[-45.41519479999994,-23.855364099999974],[-45.41511829999996,-23.85529409999998],[-45.41505269999993,-23.855236299999945],[-45.41493319999995,-23.855174099999942],[-45.41481739999995,-23.855156299999976],[-45.41476959999994,-23.855169399999966],[-45.41472129999994,-23.855132499999968],[-45.41465279999994,-23.85506239999995],[-45.41460329999995,-23.855004399999928],[-45.414574899999934,-23.854928799999982],[-45.41452529999998,-23.854865699999948],[-45.41448889999998,-23.854795199999955],[-45.414463299999966,-23.85472679999998],[-45.41442129999996,-23.85464159999998],[-45.41439349999996,-23.854592899999943],[-45.41436,-23.85452719999995],[-45.41433989999996,-23.854463599999974],[-45.41431419999998,-23.854390399999943],[-45.41428859999996,-23.854322],[-45.41426809999996,-23.854238799999962],[-45.41424959999995,-23.85412629999996],[-45.41421279999997,-23.854033499999957],[-45.41418669999996,-23.85394309999998],[-45.41421359999998,-23.85381209999997],[-45.414174799999955,-23.853753799999936],[-45.414130599999964,-23.853693],[-45.41408329999996,-23.853610299999957],[-45.414076,-23.853519499999948],[-45.414084799999955,-23.853425899999934],[-45.41410739999998,-23.85334679999994],[-45.414145099999985,-23.85321829999998],[-45.41416479999998,-23.853131899999937],[-45.41415019999994,-23.85307309999996],[-45.414101,-23.85302969999998],[-45.414089099999956,-23.852970899999946],[-45.414106799999956,-23.852918899999963],[-45.41413819999997,-23.852876599999945],[-45.41414089999995,-23.85287649999998],[-45.41411,-23.85281059999994],[-45.41407639999994,-23.852742399999954],[-45.414014099999974,-23.85270909999997],[-45.41395359999996,-23.852678399999945],[-45.41391489999995,-23.85262249999994],[-45.41391609999994,-23.852546299999972],[-45.414053699999954,-23.852444599999956],[-45.414063099999964,-23.852375699999982],[-45.41404319999998,-23.852317099999937],[-45.414037,-23.852277899999933],[-45.413940099999934,-23.85225509999998],[-45.41393539999996,-23.852152099999955],[-45.41401509999997,-23.852113799999927],[-45.414083699999935,-23.852053599999977],[-45.41416659999993,-23.852039799999943],[-45.41421359999998,-23.851970199999982],[-45.41421779999996,-23.85191119999996],[-45.41416359999994,-23.85174859999995],[-45.41429079999995,-23.851655599999958],[-45.41440979999993,-23.851557699999944],[-45.414445099999966,-23.851436699999965],[-45.41442429999995,-23.851341099999956],[-45.41437949999994,-23.851248399999974],[-45.414337,-23.85114089999996],[-45.414217399999984,-23.851071599999955],[-45.41420229999994,-23.851056899999946],[-45.41414339999994,-23.850999099999967],[-45.414115,-23.85092579999997],[-45.41402009999996,-23.85088079999997],[-45.41399389999998,-23.850775599999963],[-45.41391189999996,-23.85070109999998],[-45.41384979999998,-23.85062419999997],[-45.41378149999997,-23.850564],[-45.41368139999997,-23.850516599999935],[-45.413613199999986,-23.850451499999963],[-45.413594699999976,-23.850326699999982],[-45.41360339999994,-23.850228499999957],[-45.413647399999945,-23.850151599999947],[-45.413757199999964,-23.85014949999993],[-45.413788,-23.850080099999957],[-45.413724799999954,-23.850000299999977],[-45.41364069999997,-23.849948],[-45.41359619999997,-23.84987019999994],[-45.41353239999995,-23.84976809999995],[-45.413512399999945,-23.849706899999944],[-45.41346059999995,-23.84966359999993],[-45.41341649999998,-23.849607899999967],[-45.413378199999954,-23.849569299999928],[-45.41335829999997,-23.849517899999967],[-45.41332019999993,-23.849489199999937],[-45.413319,-23.849384199999974],[-45.413291,-23.849320699999964],[-45.41324689999993,-23.84926489999998],[-45.413194799999985,-23.84921429999997],[-45.41314259999996,-23.849153799999954],[-45.413096,-23.84910549999995],[-45.41306249999997,-23.84904219999993],[-45.41300769999998,-23.848984299999927],[-45.412931199999946,-23.848914499999978],[-45.41287809999994,-23.848871],[-45.412818,-23.848818],[-45.412789799999985,-23.84874489999993],[-45.412801799999954,-23.848671],[-45.412813599999936,-23.848587299999963],[-45.412854799999934,-23.84848829999993],[-45.41289919999997,-23.848416199999974],[-45.412914,-23.848342199999934],[-45.41294779999998,-23.84827759999996],[-45.413043899999934,-23.848206799999957],[-45.41316739999996,-23.84820019999995],[-45.413268,-23.848228499999948],[-45.413399599999934,-23.84827089999993],[-45.41359209999996,-23.848334199999954],[-45.41360759999998,-23.848334199999954],[-45.41370039999998,-23.84827809999996],[-45.413716,-23.84821489999996],[-45.41373139999996,-23.848102299999937],[-45.41373129999994,-23.848017899999945],[-45.41376969999993,-23.847919399999967],[-45.41375429999994,-23.847835],[-45.41367739999998,-23.84779979999996],[-45.41360819999994,-23.847778799999958],[-45.41350819999997,-23.84770839999993],[-45.41344669999995,-23.847736599999962],[-45.41338519999994,-23.84783509999994],[-45.41330759999994,-23.847912599999972],[-45.413214299999936,-23.847961899999973],[-45.413136899999984,-23.847976],[-45.413097499999935,-23.847956099999976],[-45.413000299999965,-23.847938],[-45.41283589999995,-23.84791359999997],[-45.41269779999993,-23.847859299999982],[-45.4126,-23.847804399999973],[-45.41251059999996,-23.84776409999995],[-45.412417699999935,-23.847684499999957],[-45.41236589999994,-23.847646],[-45.41227619999995,-23.847591],[-45.41216769999994,-23.84753379999995],[-45.41211589999995,-23.847492899999963],[-45.412042499999984,-23.84744749999993],[-45.41197189999997,-23.84740439999996],[-45.41187689999998,-23.847352],[-45.411825,-23.847306199999935],[-45.41176169999994,-23.84723589999993],[-45.411693,-23.847187899999938],[-45.41162749999995,-23.847132399999964],[-45.411578,-23.847076699999946],[-45.411517499999945,-23.847008899999935],[-45.41146079999993,-23.84687219999995],[-45.41141879999998,-23.846789299999955],[-45.41138179999996,-23.84669649999995],[-45.411347699999965,-23.846608499999945],[-45.41135379999997,-23.84651729999996],[-45.41136549999993,-23.84643589999996],[-45.41132649999997,-23.846365099999957],[-45.411274299999945,-23.846311899999932],[-45.41122919999998,-23.846264899999937],[-45.41118259999996,-23.846221299999968],[-45.41113329999996,-23.846180299999958],[-45.41105509999994,-23.84616929999993],[-45.41093639999997,-23.846149199999957],[-45.410817899999984,-23.846136399999978],[-45.410716599999944,-23.846175],[-45.41063169999995,-23.846220699999947],[-45.410587,-23.84626819999994],[-45.410558099999946,-23.84630059999995],[-45.41049049999998,-23.846279599999946],[-45.41044919999996,-23.846236],[-45.41037389999997,-23.846237299999927],[-45.41032059999998,-23.846257799999933],[-45.410272599999985,-23.84627089999998],[-45.41021009999997,-23.84624],[-45.410113199999955,-23.846229299999948],[-45.41007069999995,-23.846247199999937],[-45.41002009999994,-23.84626529999997],[-45.409968299999946,-23.846231699999976],[-45.40991089999994,-23.846190899999954],[-45.40983769999997,-23.84615759999997],[-45.409793399999955,-23.846152099999983],[-45.40975709999998,-23.84615679999996],[-45.40970749999997,-23.846163299999944],[-45.409633,-23.846198899999933],[-45.40947349999993,-23.84611259999997],[-45.40942709999996,-23.84606919999993],[-45.409366,-23.846002599999963],[-45.40929639999996,-23.845938699999977],[-45.40924669999998,-23.845869299999947],[-45.40917979999995,-23.845797499999946],[-45.409121599999935,-23.845730699999933],[-45.40907779999998,-23.84567679999998],[-45.40902229999995,-23.845602199999973],[-45.40897549999994,-23.84553269999998],[-45.40892579999996,-23.84546329999995],[-45.40889329999993,-23.84540389999995],[-45.408861,-23.845352399999967],[-45.40882879999998,-23.845303499999943],[-45.408788,-23.84524959999993],[-45.408749899999975,-23.845193],[-45.40871759999993,-23.845138899999938],[-45.408691,-23.845087299999932],[-45.408652899999936,-23.84503069999994],[-45.40862379999993,-23.844997399999954],[-45.408597199999974,-23.844943299999954],[-45.40855319999997,-23.844871199999943],[-45.40852649999994,-23.844817],[-45.40848349999993,-23.84476079999996],[-45.40844919999995,-23.84471179999997],[-45.40839329999994,-23.84463059999996],[-45.408367399999975,-23.84458529999995],[-45.40832859999995,-23.844517199999927],[-45.40830429999994,-23.844450799999947],[-45.40832229999995,-23.844416199999955],[-45.40839889999995,-23.84439189999995],[-45.40845359999997,-23.844310699999937],[-45.408448599999986,-23.844268799999952],[-45.408404,-23.84422939999996],[-45.408359099999984,-23.844180499999936],[-45.40825069999994,-23.844153499999948],[-45.40823149999994,-23.84414879999997],[-45.40815969999994,-23.844109799999956],[-45.40806509999993,-23.844077],[-45.407995599999936,-23.84404569999998],[-45.40794469999997,-23.84400459999995],[-45.407902099999944,-23.843961399999955],[-45.40786129999998,-23.843902799999967],[-45.40781419999996,-23.843844399999966],[-45.40778179999995,-23.843787599999928],[-45.40776379999994,-23.843726699999934],[-45.40771669999998,-23.84366629999994],[-45.407675799999936,-23.84360769999995],[-45.40762489999997,-23.84356839999998],[-45.407546199999956,-23.843379899999945],[-45.40749549999998,-23.843355799999983],[-45.40744149999995,-23.84336819999993],[-45.40738709999994,-23.843367199999932],[-45.40734159999994,-23.843385199999943],[-45.40731779999993,-23.84344489999995],[-45.407298,-23.843496899999934],[-45.40729509999994,-23.84355809999994],[-45.40728989999997,-23.843607899999938],[-45.40731619999997,-23.84366289999997],[-45.407325399999934,-23.84370279999996],[-45.40729289999996,-23.84374159999993],[-45.40725949999995,-23.843736399999955],[-45.40720289999996,-23.84372589999998],[-45.40715039999998,-23.843713399999956],[-45.40711989999994,-23.84374639999993],[-45.40714159999993,-23.84378419999996],[-45.40716779999997,-23.843831499999965],[-45.40712469999994,-23.84386269999993],[-45.40708139999998,-23.84388629999995],[-45.407032,-23.843915699999968],[-45.406988499999954,-23.843931699999928],[-45.40691609999993,-23.843957699999976],[-45.40686909999994,-23.84399849999994],[-45.406858099999965,-23.84406729999995],[-45.406813099999965,-23.84410809999997],[-45.40680619999995,-23.84416529999993],[-45.406769199999985,-23.84419259999993],[-45.40673849999996,-23.844217899999933],[-45.40667849999994,-23.84419859999997],[-45.406599,-23.844197],[-45.406539099999975,-23.844219799999962],[-45.40651969999993,-23.844276699999966],[-45.40649029999997,-23.844314899999972],[-45.40648959999993,-23.844354099999975],[-45.40644069999996,-23.844369399999948],[-45.40633889999998,-23.844366799999932],[-45.40624459999998,-23.84434079999994],[-45.40618939999996,-23.844296699999973],[-45.40615059999993,-23.844268299999953],[-45.40608969999994,-23.84425189999996],[-45.40604779999995,-23.844226399999968],[-45.40602009999998,-23.844199199999935],[-45.405985,-23.844198399999982],[-45.405939099999955,-23.844202499999938],[-45.40589449999993,-23.844194499999958],[-45.40585129999994,-23.844182099999955],[-45.40579219999995,-23.84417],[-45.405744399999946,-23.844165],[-45.40567059999995,-23.844132699999932],[-45.405616,-23.844106],[-45.40556259999994,-23.844061799999963],[-45.40552859999997,-23.844031799999982],[-45.40545969999994,-23.843993199999943],[-45.40540169999997,-23.84395189999998],[-45.40533849999997,-23.84389479999993],[-45.40527539999994,-23.843844899999965],[-45.405209199999945,-23.843795],[-45.40515149999993,-23.843774099999962],[-45.405086,-23.843757799999935],[-45.40502369999996,-23.843739899999946],[-45.40497579999993,-23.843726199999935],[-45.40492649999993,-23.843722699999944],[-45.40488289999996,-23.843761299999983],[-45.40484619999995,-23.84382439999996],[-45.40479369999997,-23.84381659999997],[-45.40472959999994,-23.843781399999955],[-45.40470579999993,-23.843776],[-45.40465,-23.84376089999995],[-45.40459729999998,-23.843737199999964],[-45.404535099999976,-23.84371349999998],[-45.40446629999997,-23.843677],[-45.40445649999998,-23.84365829999996],[-45.40446179999998,-23.843616099999963],[-45.404464,-23.84357529999994],[-45.40445689999996,-23.84353909999993],[-45.40447779999994,-23.84348929999993],[-45.40444789999998,-23.843448699999954],[-45.40438389999997,-23.843420699999967],[-45.40434259999995,-23.843417099999954],[-45.40428579999997,-23.84342529999998],[-45.40424269999994,-23.84340569999995],[-45.404256,-23.84336479999996],[-45.40423439999995,-23.843315899999936],[-45.404229,-23.843284],[-45.40418909999994,-23.843265799999983],[-45.404146099999934,-23.84326779999998],[-45.404137,-23.843268199999955],[-45.40409109999996,-23.843263299999933],[-45.40400549999998,-23.843421],[-45.40398079999994,-23.843376499999977],[-45.403929699999935,-23.843345599999964],[-45.403898099999935,-23.843338899999935],[-45.403850699999964,-23.84332829999994],[-45.40378449999997,-23.843316499999958],[-45.403708,-23.84327019999995],[-45.403655399999934,-23.843231599999967],[-45.40361079999997,-23.843210599999964],[-45.40357,-23.843159699999944],[-45.403522099999975,-23.843066499999964],[-45.40348009999997,-23.84302669999994],[-45.40341529999995,-23.84296269999993],[-45.40334909999996,-23.842901499999982],[-45.403282,-23.84286929999996],[-45.403233,-23.842822599999977],[-45.403139899999985,-23.84275759999997],[-45.40308169999997,-23.842704899999944],[-45.40300339999993,-23.842664199999945],[-45.40292509999995,-23.842623499999945],[-45.402839,-23.84258879999993],[-45.40273739999998,-23.842555799999957],[-45.40268469999995,-23.84252769999995],[-45.40264589999998,-23.84249209999996],[-45.402561,-23.84243859999998],[-45.40251439999997,-23.842390799999976],[-45.40243119999997,-23.842340099999944],[-45.40237469999994,-23.842283099999975],[-45.40232169999996,-23.84223769999994],[-45.402269899999965,-23.842182099999945],[-45.40224639999997,-23.842126],[-45.402209099999936,-23.842083199999934],[-45.40216609999993,-23.842022399999962],[-45.40211089999997,-23.84195529999994],[-45.402048099999945,-23.841896899999938],[-45.402007899999944,-23.84186569999997],[-45.40198019999997,-23.841827099999932],[-45.40195669999997,-23.84176949999994],[-45.40191459999994,-23.841723899999977],[-45.401858499999946,-23.84168429999994],[-45.40180869999995,-23.841644499999973],[-45.40171069999997,-23.84154],[-45.40167659999997,-23.841500099999962],[-45.40162959999998,-23.841445799999974],[-45.40156429999996,-23.841419299999927],[-45.40155639999995,-23.84134709999995],[-45.40156969999998,-23.841304899999955],[-45.40154119999994,-23.841232899999966],[-45.40151249999997,-23.84115349999996],[-45.40147349999995,-23.84110629999998],[-45.40142369999995,-23.841068],[-45.401364299999955,-23.841062699999952],[-45.40128949999996,-23.84104659999997],[-45.401275699999985,-23.84099029999993],[-45.40130679999993,-23.840960799999948],[-45.40131229999997,-23.840912799999955],[-45.40129969999998,-23.84083739999994],[-45.40127659999996,-23.840792799999974],[-45.401238199999966,-23.840777499999945],[-45.40117609999993,-23.84076559999994],[-45.401122,-23.840752099999975],[-45.40108329999998,-23.840719399999955],[-45.40106989999998,-23.84068469999994],[-45.401018799999974,-23.840661],[-45.400986699999976,-23.84063989999993],[-45.40091669999998,-23.840612199999953],[-45.40085949999997,-23.840593099999978],[-45.400833399999954,-23.840543399999945],[-45.40076309999995,-23.840428299999928],[-45.40073909999995,-23.84035179999995],[-45.40071039999998,-23.840265],[-45.400682,-23.840201],[-45.40064829999994,-23.840093299999978],[-45.40059839999998,-23.839979599999936],[-45.400528399999985,-23.839891199999954],[-45.400475,-23.83984],[-45.400431,-23.839805399999932],[-45.40036909999998,-23.839794],[-45.40030959999996,-23.839780599999983],[-45.40028629999995,-23.83974029999996],[-45.400224299999934,-23.839707699999963],[-45.40010349999994,-23.839584699999932],[-45.40005149999996,-23.83952949999997],[-45.39990389999997,-23.839397599999927],[-45.39989979999996,-23.839279699999963],[-45.399847,-23.839187099999947],[-45.39985379999996,-23.839113899999973],[-45.39981319999998,-23.839022899999975],[-45.39976919999998,-23.838971199999946],[-45.399693,-23.83896409999994],[-45.399631099999965,-23.83893329999995],[-45.39957549999997,-23.83891179999995],[-45.399530399999946,-23.83890329999997],[-45.399451399999975,-23.838946],[-45.39940249999995,-23.838952499999948],[-45.39930629999998,-23.838939299999936],[-45.39921859999998,-23.838939],[-45.399149299999976,-23.83893649999993],[-45.39906639999998,-23.838968],[-45.39901379999998,-23.838982],[-45.39898629999993,-23.838930199999936],[-45.39888209999998,-23.838909599999965],[-45.398828299999934,-23.83886949999993],[-45.39881189999994,-23.838805699999966],[-45.398776399999974,-23.838758199999972],[-45.39875539999997,-23.83873019999993],[-45.39868919999998,-23.838677099999927],[-45.398622399999965,-23.838597899999968],[-45.398568,-23.83852959999996],[-45.39842519999996,-23.838526599999966],[-45.39832889999997,-23.83850579999995],[-45.398275499999954,-23.838486199999977],[-45.398202,-23.838472699999954],[-45.398158699999954,-23.838441699999976],[-45.39815149999998,-23.838393199999928],[-45.39812,-23.83834889999997],[-45.39808009999996,-23.83829359999993],[-45.39805259999997,-23.838247399999943],[-45.39802929999996,-23.838203],[-45.397999099999936,-23.838113299999975],[-45.397956799999974,-23.838035599999955],[-45.39794139999998,-23.83797789999994],[-45.39792169999998,-23.837911],[-45.39787979999994,-23.837855699999977],[-45.39784989999998,-23.837789],[-45.397824499999956,-23.83774459999995],[-45.39776019999994,-23.837687899999935],[-45.39773679999996,-23.83763609999994],[-45.39769309999997,-23.837592099999938],[-45.397623099999976,-23.837556099999972],[-45.397587499999986,-23.83749279999995],[-45.397549699999956,-23.837435],[-45.397512,-23.83735429999996],[-45.39744809999996,-23.837319099999945],[-45.397397499999954,-23.837249699999973],[-45.397343099999944,-23.837220199999933],[-45.397321699999964,-23.83717009999998],[-45.39731869999997,-23.83712719999994],[-45.397307499999954,-23.837076899999943],[-45.397275699999966,-23.837017699999933],[-45.39720969999996,-23.836972299999957],[-45.39715389999998,-23.836930499999937],[-45.397126699999944,-23.836855799999967],[-45.397031899999945,-23.83680329999993],[-45.396921,-23.83675469999997],[-45.39682189999996,-23.83668369999998],[-45.39676769999994,-23.836617599999954],[-45.39673769999996,-23.83654729999995],[-45.39674669999994,-23.836491099999932],[-45.39664739999995,-23.836409],[-45.396599899999956,-23.836372599999947],[-45.396560499999964,-23.836334199999953],[-45.39653509999994,-23.83625909999995],[-45.396459799999946,-23.83617879999997],[-45.39635939999994,-23.836075499999936],[-45.396258899999964,-23.83593769999993],[-45.39618319999994,-23.83578769999997],[-45.39610789999995,-23.835730599999977],[-45.39604529999997,-23.835673399999962],[-45.395970199999965,-23.835604799999942],[-45.395896,-23.835592],[-45.395842399999935,-23.835550199999943],[-45.39580609999996,-23.835472399999958],[-45.395782199999985,-23.835411199999953],[-45.39573879999995,-23.83537659999996],[-45.39572039999996,-23.835323],[-45.39572889999994,-23.835248299999932],[-45.39569679999994,-23.835174199999983],[-45.39563359999994,-23.83507819999994],[-45.395532199999934,-23.834995899999967],[-45.395451899999955,-23.834945199999936],[-45.39538689999995,-23.834876099999974],[-45.39531119999998,-23.834795499999927],[-45.395247799999936,-23.83476109999998],[-45.39518929999997,-23.834746399999972],[-45.395129199999985,-23.834691499999963],[-45.39508089999998,-23.83462149999997],[-45.39505559999998,-23.834579],[-45.39500119999997,-23.83451089999994],[-45.394944899999985,-23.83444469999995],[-45.39492339999998,-23.83439649999997],[-45.39489969999994,-23.834338899999977],[-45.39484779999998,-23.834289399999932],[-45.394813599999964,-23.83422079999997],[-45.39479739999996,-23.83414229999994],[-45.394778,-23.83408909999997],[-45.394742399999984,-23.83404489999998],[-45.39468029999995,-23.83400679999994],[-45.394636599999956,-23.833964599999945],[-45.394637399999965,-23.833895499999983],[-45.39459879999998,-23.833797299999958],[-45.394534,-23.833720099999937],[-45.39449989999997,-23.83364419999998],[-45.39449419999994,-23.83355839999996],[-45.394458199999974,-23.833493699999963],[-45.39443449999993,-23.833407699999952],[-45.394425,-23.833325699999932],[-45.39438069999994,-23.83324989999994],[-45.39432249999993,-23.833200399999953],[-45.39424849999995,-23.83317939999995],[-45.394172399999945,-23.833154599999943],[-45.394120499999985,-23.833108899999957],[-45.394070399999976,-23.83305],[-45.39399579999997,-23.83298979999995],[-45.39394159999995,-23.832929199999967],[-45.39388789999998,-23.832891099999983],[-45.393824,-23.83285129999996],[-45.393777599999964,-23.832777],[-45.393729399999984,-23.83270509999994],[-45.39366679999995,-23.832633399999963],[-45.393594399999984,-23.832582499999944],[-45.393499599999984,-23.83253389999993],[-45.39338939999993,-23.832361799999944],[-45.393287,-23.832328099999927],[-45.39322709999993,-23.832286199999942],[-45.39316709999997,-23.832238699999948],[-45.392985099999976,-23.832084099999975],[-45.39293719999995,-23.832028899999955],[-45.39287829999995,-23.831930799999952],[-45.39283419999998,-23.831864199999927],[-45.392792199999974,-23.831803099999945],[-45.392740199999935,-23.83175159999996],[-45.39270419999997,-23.831688499999927],[-45.39265409999996,-23.831631199999947],[-45.39259579999998,-23.831576],[-45.39249169999994,-23.83152659999996],[-45.392348099999936,-23.831499099999974],[-45.392210699999964,-23.831467799999928],[-45.39209609999995,-23.831449299999974],[-45.39196249999998,-23.83139],[-45.39187139999996,-23.831318799999963],[-45.39178039999996,-23.83125679999995],[-45.39172419999994,-23.831199899999945],[-45.39168049999995,-23.831155799999976],[-45.39161839999997,-23.831110099999933],[-45.39157519999998,-23.831051299999956],[-45.39152079999997,-23.83098309999997],[-45.391468799999984,-23.83092979999998],[-45.39142459999994,-23.830863299999976],[-45.39138049999997,-23.830804199999932],[-45.391320399999984,-23.83076219999998],[-45.39123609999996,-23.83073369999994],[-45.39105919999997,-23.830663799999968],[-45.39095839999993,-23.83062069999994],[-45.39078069999994,-23.830524799999978],[-45.390696,-23.830472],[-45.39065,-23.830422299999952],[-45.39061359999994,-23.830342499999972],[-45.39058369999998,-23.830279399999938],[-45.390553799999964,-23.830223699999976],[-45.39050559999998,-23.830166299999973],[-45.39046969999998,-23.83011629999993],[-45.39043609999993,-23.830077399999936],[-45.390390399999944,-23.830048099999942],[-45.39033039999998,-23.830020899999965],[-45.39027059999995,-23.830005],[-45.39018859999993,-23.82999879999994],[-45.390096599999936,-23.83000409999994],[-45.390034,-23.830020499999932],[-45.389973699999985,-23.830035],[-45.389922199999944,-23.83000969999995],[-45.38980859999998,-23.82994249999996],[-45.38971909999998,-23.82990209999997],[-45.389649099999986,-23.829867699999966],[-45.38955639999995,-23.829813199999933],[-45.38947989999997,-23.82975659999994],[-45.38942369999995,-23.829699699999935],[-45.389215399999955,-23.82958179999997],[-45.38915909999997,-23.82953219999996],[-45.38905619999997,-23.82949469999994],[-45.38891159999997,-23.829427799999962],[-45.388798399999985,-23.829390399999966],[-45.388739,-23.829372699999965],[-45.38868929999995,-23.829362],[-45.38862979999993,-23.82934419999998],[-45.38856819999995,-23.829324699999972],[-45.38850229999997,-23.829296],[-45.38843419999995,-23.829263499999968],[-45.38836829999997,-23.829234699999972],[-45.38827549999996,-23.829183899999975],[-45.388162199999954,-23.829127899999946],[-45.38807179999998,-23.829088299999967],[-45.38793229999993,-23.829028299999948],[-45.38783179999996,-23.829000099999973],[-45.38766819999995,-23.82897849999995],[-45.387548,-23.828975],[-45.38742979999995,-23.828962099999956],[-45.387248099999965,-23.828913099999966],[-45.387112799999954,-23.82885579999993],[-45.38699529999997,-23.82877949999994],[-45.386942199999964,-23.828692699999976],[-45.386887799999954,-23.82862339999997],[-45.38683159999994,-23.82856479999998],[-45.386722099999986,-23.82848089999993],[-45.38664129999995,-23.828413299999966],[-45.386590799999965,-23.828335899999956],[-45.386505399999976,-23.82824409999995],[-45.38644869999996,-23.82816109999993],[-45.38639189999998,-23.828076299999964],[-45.386329099999955,-23.827995199999975],[-45.38627709999997,-23.82794389999998],[-45.38618329999997,-23.82785949999993],[-45.38611879999996,-23.827793399999962],[-45.38602709999998,-23.82768859999993],[-45.385975,-23.827628],[-45.38591289999994,-23.827575],[-45.38584819999994,-23.827494],[-45.38577559999993,-23.82742449999995],[-45.385716799999955,-23.827332299999966],[-45.385654399999964,-23.827262599999983],[-45.38562259999998,-23.827201599999967],[-45.385578099999975,-23.827113399999973],[-45.38553749999994,-23.827017199999943],[-45.385457,-23.826968199999953],[-45.385374799999965,-23.826926699999945],[-45.38528269999995,-23.82689659999994],[-45.38521029999998,-23.826832599999932],[-45.38517849999994,-23.826773499999945],[-45.385209499999974,-23.8268],[-45.385186199999964,-23.82675009999997],[-45.38513009999997,-23.826693199999966],[-45.385080699999946,-23.826673399999947],[-45.385019,-23.826650099999938],[-45.384947,-23.826614],[-45.38488639999997,-23.826533],[-45.384790099999975,-23.826400499999977],[-45.38471879999997,-23.826297299999965],[-45.38465129999997,-23.826196099999947],[-45.38457109999996,-23.826101],[-45.38450579999994,-23.82599449999998],[-45.384480199999985,-23.825912199999948],[-45.38444219999997,-23.825819],[-45.38437069999998,-23.825730799999974],[-45.384288099999935,-23.825671399999976],[-45.38423569999998,-23.82561709999993],[-45.384171099999946,-23.825549199999955],[-45.384091499999954,-23.825489799999957],[-45.38402079999997,-23.825422],[-45.38394109999996,-23.825359799999944],[-45.38385509999995,-23.825278399999945],[-45.38378709999995,-23.825194],[-45.383734699999934,-23.82513689999996],[-45.38370379999998,-23.825098799999978],[-45.38365729999998,-23.825033299999973],[-45.383605099999954,-23.824987299999975],[-45.38354349999997,-23.824919299999976],[-45.383484899999985,-23.824851299999978],[-45.38342609999995,-23.824777799999936],[-45.38335549999994,-23.82471],[-45.38329669999996,-23.82463379999996],[-45.38322879999998,-23.82455209999995],[-45.383104499999945,-23.824504699999977],[-45.38303339999993,-23.824414899999965],[-45.382998,-23.82430779999993],[-45.38293,-23.824220699999955],[-45.38285339999993,-23.824153099999933],[-45.38281349999994,-23.824059199999965],[-45.382745299999954,-23.823963799999945],[-45.38270469999998,-23.82389],[-45.38263729999994,-23.823833199999967],[-45.382555099999934,-23.82378769999997],[-45.38246619999995,-23.823711899999978],[-45.38234709999995,-23.823639399999934],[-45.382258,-23.82356079999994],[-45.382163,-23.82348769999993],[-45.382052199999976,-23.82339],[-45.381843199999935,-23.823257799999965],[-45.38172419999995,-23.823190799999963],[-45.381583399999954,-23.823090899999954],[-45.38140059999995,-23.823],[-45.381324,-23.822943299999963],[-45.38125029999998,-23.822881],[-45.381155099999944,-23.822799699999962],[-45.38102319999996,-23.82269139999994],[-45.380907,-23.822613199999978],[-45.380844699999955,-23.82264749999996],[-45.38066349999997,-23.822555699999953],[-45.380607399999974,-23.822504299999935],[-45.380544499999985,-23.822447499999953],[-45.380393899999945,-23.822306499999968],[-45.380240699999945,-23.822184799999945],[-45.380133,-23.822081699999956],[-45.380001,-23.821967899999947],[-45.37991479999994,-23.821883699999944],[-45.37983989999998,-23.821766099999934],[-45.37974349999996,-23.821621299999947],[-45.37967969999994,-23.821526199999937],[-45.37961809999996,-23.82146369999998],[-45.37955549999998,-23.82134869999993],[-45.37946329999994,-23.821261899999968],[-45.379407199999946,-23.821169],[-45.37936259999998,-23.82104819999995],[-45.379324699999984,-23.820966],[-45.37930769999997,-23.82086959999998],[-45.379245399999945,-23.82077389999995],[-45.37919249999993,-23.820694699999933],[-45.37907379999996,-23.82063329999994],[-45.37893709999997,-23.820577699999944],[-45.378859699999964,-23.82049569999998],[-45.378779899999984,-23.82042519999993],[-45.378704899999946,-23.82029669999997],[-45.37862129999996,-23.82019029999998],[-45.37848919999993,-23.820073699999966],[-45.37837259999998,-23.819978899999967],[-45.37827459999994,-23.81991419999997],[-45.37815519999998,-23.819833199999948],[-45.378045499999985,-23.819785199999956],[-45.37789609999993,-23.819713099999944],[-45.37780159999994,-23.819664899999964],[-45.377710399999955,-23.819625],[-45.37762029999993,-23.81950759999995],[-45.377548299999944,-23.819434899999976],[-45.37748609999994,-23.81934739999997],[-45.37740619999994,-23.81927959999996],[-45.37728379999993,-23.819204199999945],[-45.37723459999995,-23.819160799999963],[-45.377179199999944,-23.819114599999978],[-45.37710579999998,-23.819068799999968],[-45.37705039999997,-23.819022699999948],[-45.37697909999997,-23.81893809999997],[-45.37689,-23.818870299999958],[-45.376822499999946,-23.81882159999998],[-45.37675479999996,-23.818767299999934],[-45.37668359999998,-23.81869089999998],[-45.376630699999964,-23.818619699999942],[-45.37654139999995,-23.81857249999996],[-45.37646819999998,-23.818546],[-45.37645489999994,-23.81848539999993],[-45.37642869999996,-23.818429599999945],[-45.376376,-23.81839009999993],[-45.37634429999997,-23.818359699999974],[-45.37622259999995,-23.818375899999978],[-45.37611949999996,-23.818413299999975],[-45.37614209999998,-23.81850789999993],[-45.37618889999993,-23.81864969999998],[-45.37620069999997,-23.81872069999997],[-45.376212599999974,-23.818803599999967],[-45.37621739999997,-23.81891749999994],[-45.376198099999954,-23.81899139999996],[-45.37613959999993,-23.81905169999993],[-45.37610979999994,-23.819121],[-45.376085699999976,-23.819214],[-45.37609279999998,-23.81931359999993],[-45.37607909999997,-23.819406399999934],[-45.37605759999997,-23.81950409999996],[-45.376035599999966,-23.819575699999973],[-45.375989699999934,-23.81961679999995],[-45.37594619999993,-23.819646],[-45.37589269999995,-23.819696799999974],[-45.37591969999994,-23.819753299999945],[-45.375977199999966,-23.819773699999928],[-45.375952,-23.819815499999947],[-45.375885299999936,-23.819857],[-45.375808,-23.81987959999998],[-45.375707,-23.81989079999994],[-45.375593299999935,-23.81991869999996],[-45.37546359999993,-23.819920799999977],[-45.37533389999993,-23.819930099999965],[-45.37519649999996,-23.819934699999976],[-45.37508729999996,-23.819927],[-45.374946799999975,-23.819907899999976],[-45.374814,-23.81988629999995],[-45.37469639999995,-23.819847899999957],[-45.37456069999996,-23.81981209999998],[-45.37444039999997,-23.819766499999957],[-45.374325399999975,-23.819725699999935],[-45.37423019999994,-23.81968059999997],[-45.37415679999998,-23.81964849999997],[-45.37404939999993,-23.819595599999957],[-45.37394219999993,-23.819557],[-45.37384529999997,-23.81951349999997],[-45.373761599999966,-23.819470299999978],[-45.373641599999985,-23.819433299999957],[-45.37352959999998,-23.81937019999998],[-45.373443399999985,-23.81932219999993],[-45.373356899999976,-23.819253499999945],[-45.37331309999996,-23.819189199999983],[-45.37326929999995,-23.81913019999996],[-45.373212499999966,-23.819128499999977],[-45.37316189999996,-23.819155299999977],[-45.37309909999993,-23.819138099999975],[-45.37305649999996,-23.819138799999962],[-45.372955899999965,-23.819226199999946],[-45.37286919999997,-23.819292599999983],[-45.37276849999995,-23.819372199999975],[-45.372681599999964,-23.819433299999957],[-45.37270119999994,-23.81937729999993],[-45.372659099999964,-23.819253299999957],[-45.37266939999995,-23.819186099999968],[-45.372733299999936,-23.819089799999972],[-45.372738,-23.818985599999962],[-45.372685899999965,-23.818866699999944],[-45.372612799999956,-23.818758299999956],[-45.37257429999994,-23.818675799999937],[-45.372516,-23.81859879999996],[-45.37245439999998,-23.818496599999946],[-45.37239889999995,-23.818419499999948],[-45.37233189999995,-23.818329699999936],[-45.37227629999995,-23.81825],[-45.37220929999995,-23.818162799999982],[-45.37214789999996,-23.818072899999947],[-45.372069099999976,-23.817962399999942],[-45.37200519999993,-23.817890699999964],[-45.37195249999996,-23.817809299999965],[-45.371894399999974,-23.81774269999994],[-45.37178559999995,-23.817643699999962],[-45.37168789999998,-23.817553199999963],[-45.37155709999996,-23.817424199999948],[-45.37150969999993,-23.817354],[-45.37145639999994,-23.81731439999993],[-45.37145839999994,-23.817272799999955],[-45.371477099999936,-23.817210199999977],[-45.37150169999995,-23.817163],[-45.37150029999998,-23.817087699999945],[-45.371482,-23.817025599999965],[-45.371446599999956,-23.816958599999964],[-45.37139689999998,-23.81688409999998],[-45.37137029999997,-23.81683],[-45.371346399999936,-23.816755899999976],[-45.371307799999954,-23.816699299999982],[-45.37133419999998,-23.816646299999945],[-45.371393499999954,-23.81660869999996],[-45.37141019999996,-23.816565],[-45.37137089999993,-23.816476399999942],[-45.371355499999936,-23.816453799999977],[-45.37130829999995,-23.816470599999946],[-45.37126829999994,-23.816469],[-45.37123709999997,-23.81640539999995],[-45.37119859999996,-23.816358],[-45.37116959999997,-23.816278499999953],[-45.37113549999998,-23.816194399999972],[-45.37111939999994,-23.816139799999974],[-45.371082899999976,-23.816060299999947],[-45.371014,-23.81590979999993],[-45.37095369999997,-23.815764399999978],[-45.37089569999995,-23.815607499999942],[-45.37076,-23.815698899999973],[-45.370713799999976,-23.815637899999956],[-45.37066029999994,-23.81558389999998],[-45.37059859999994,-23.81549339999998],[-45.37057249999998,-23.815436699999964],[-45.37054349999994,-23.815357199999937],[-45.37051729999996,-23.81529809999995],[-45.37052709999995,-23.815223599999968],[-45.370420399999944,-23.815084399999932],[-45.370285,-23.815039],[-45.37019639999994,-23.814853],[-45.37017909999997,-23.81474769999994],[-45.37018779999994,-23.814683499999944],[-45.370247,-23.814643699999976],[-45.37027329999995,-23.81458379999998],[-45.37026569999995,-23.81457839999996],[-45.37024539999993,-23.81456369999995],[-45.370151299999975,-23.81460409999994],[-45.37007719999997,-23.814648699999964],[-45.37000809999995,-23.814695599999936],[-45.36995539999998,-23.814685],[-45.36987209999995,-23.814642899999967],[-45.36981569999995,-23.81457649999993],[-45.36975629999995,-23.814500099999975],[-45.36970549999995,-23.81440719999995],[-45.36965049999998,-23.81433279999993],[-45.36961349999996,-23.81426209999995],[-45.36956319999996,-23.814171599999952],[-45.369512499999985,-23.81410349999993],[-45.369429699999955,-23.813986],[-45.36938939999993,-23.813915399999928],[-45.36931949999996,-23.813797699999952],[-45.36926139999997,-23.813746299999934],[-45.36920269999996,-23.813666499999954],[-45.36914249999995,-23.81356509999995],[-45.369065,-23.813457],[-45.36902769999995,-23.813405399999965],[-45.368966099999966,-23.813311299999953],[-45.36892549999993,-23.813228799999933],[-45.36886869999995,-23.813115599999946],[-45.36877569999996,-23.81300779999998],[-45.368717,-23.812930299999948],[-45.368679199999974,-23.81285719999994],[-45.368652,-23.812795799999947],[-45.36861209999995,-23.812748899999974],[-45.368569,-23.812666399999955],[-45.36854439999996,-23.812605],[-45.36851859999996,-23.812544699999933],[-45.36850169999997,-23.812476],[-45.36847949999998,-23.81240749999995],[-45.36844159999998,-23.812327299999936],[-45.368425299999956,-23.812291899999934],[-45.36836329999994,-23.81230709999994],[-45.36829369999998,-23.81233919999994],[-45.36823719999995,-23.812373399999956],[-45.36813689999997,-23.812420199999963],[-45.36809329999994,-23.812449399999934],[-45.36801109999993,-23.81249589999993],[-45.367956499999934,-23.812489599999935],[-45.367888499999935,-23.812469299999975],[-45.36780209999995,-23.81243029999996],[-45.36772049999996,-23.812377],[-45.36766269999998,-23.812339899999984],[-45.36762269999997,-23.81229069999995],[-45.36757209999996,-23.812224899999933],[-45.36751049999998,-23.812130899999943],[-45.36745479999996,-23.81205589999996],[-45.36738749999995,-23.81193109999998],[-45.367335899999944,-23.811828799999944],[-45.367263399999956,-23.81172049999998],[-45.36721209999996,-23.811612],[-45.367153299999984,-23.81148419999994],[-45.367074,-23.81139959999996],[-45.36703309999996,-23.811359899999957],[-45.366921599999955,-23.81139109999998],[-45.36683759999994,-23.811396199999933],[-45.36671209999997,-23.81132489999993],[-45.36657189999994,-23.811121899999932],[-45.366493599999956,-23.811009499999955],[-45.366458799999975,-23.810874399999932],[-45.36638979999998,-23.810730899999953],[-45.366349,-23.810571799999934],[-45.36624059999997,-23.810275199999978],[-45.366144299999974,-23.810076299999935],[-45.36604169999998,-23.80987749999997],[-45.36597509999996,-23.809705],[-45.36594739999998,-23.809531799999945],[-45.365934,-23.80934949999994],[-45.36587289999994,-23.809208],[-45.36580819999995,-23.80913339999995],[-45.36573109999995,-23.809006],[-45.36569,-23.808890899999938],[-45.365687399999956,-23.80876189999998],[-45.365654699999936,-23.808579899999927],[-45.365638,-23.80846889999998],[-45.36562559999993,-23.808331099999975],[-45.36560879999996,-23.80822009999997],[-45.36559749999998,-23.808140099999946],[-45.36558609999997,-23.80805129999993],[-45.36558439999993,-23.807963899999947],[-45.36559729999993,-23.807874699999957],[-45.36557549999998,-23.80775479999994],[-45.365553699999964,-23.807635],[-45.365551799999935,-23.807537099999934],[-45.36553569999995,-23.80745719999993],[-45.36552379999995,-23.80734609999996],[-45.36552229999995,-23.80727049999996],[-45.365491299999974,-23.807177499999966],[-45.36547589999998,-23.807115799999963],[-45.36547019999995,-23.807093299999963],[-45.365458099999955,-23.806968799999936],[-45.36545149999995,-23.806879899999956],[-45.36545449999994,-23.806782],[-45.36545239999998,-23.80664809999996],[-45.36547429999996,-23.806523099999936],[-45.36547679999995,-23.806402899999966],[-45.36549409999998,-23.806291399999964],[-45.36550689999996,-23.806197699999927],[-45.365509799999984,-23.80609529999998],[-45.36553239999995,-23.80601029999997],[-45.36554509999996,-23.805912199999966],[-45.365558299999975,-23.80584079999994],[-45.365566299999955,-23.80575159999995],[-45.36556479999996,-23.80567149999996],[-45.36557259999995,-23.80557349999998],[-45.365570899999966,-23.805484499999977],[-45.36558379999997,-23.805399699999953],[-45.36559219999998,-23.805332799999974],[-45.36557629999993,-23.805261799999982],[-45.36556029999997,-23.805190799999934],[-45.36554579999995,-23.80514329999994],[-45.365484599999945,-23.80513119999995],[-45.365391099999954,-23.805113],[-45.36536469999993,-23.805047799999954],[-45.36537649999997,-23.804916499999933],[-45.36539179999994,-23.804781799999944],[-45.36538509999997,-23.80470319999995],[-45.36540809999997,-23.80458749999997],[-45.36540089999994,-23.804476799999975],[-45.36538859999996,-23.804361599999936],[-45.36535589999994,-23.804237499999942],[-45.36531349999996,-23.804132099999947],[-45.36523589999996,-23.80403179999996],[-45.36518429999995,-23.80389969999993],[-45.36509169999994,-23.80380889999998],[-45.36499369999996,-23.80369969999998],[-45.36492619999996,-23.803599299999973],[-45.364939299999946,-23.803497499999935],[-45.36494739999995,-23.803396499999963],[-45.36495549999995,-23.803294799999946],[-45.36497349999996,-23.803179299999954],[-45.36500169999994,-23.80307279999994],[-45.36501439999995,-23.802943399999947],[-45.365052,-23.802799799999946],[-45.36507419999998,-23.80263789999998],[-45.36508169999996,-23.802503899999977],[-45.36509419999993,-23.802369899999974],[-45.365132399999936,-23.80225379999996],[-45.36515049999997,-23.802147399999967],[-45.36518879999994,-23.80204059999994],[-45.365206599999965,-23.801920199999927],[-45.36524469999995,-23.80179959999998],[-45.36526779999997,-23.801693],[-45.365291,-23.80158259999996],[-45.36531279999997,-23.801408399999957],[-45.365286,-23.80132569999995],[-45.36522249999996,-23.80117439999998],[-45.36514829999993,-23.800995599999965],[-45.364995299999975,-23.80091029999994],[-45.36495279999997,-23.80080019999997],[-45.36492039999996,-23.80069],[-45.36492359999994,-23.800593099999958],[-45.36494669999996,-23.800486499999977],[-45.364974899999936,-23.80037989999994],[-45.36498809999995,-23.800278099999957],[-45.365016,-23.800157599999977],[-45.365039,-23.800041799999974],[-45.365057699999966,-23.799967699999968],[-45.365096,-23.799860899999942],[-45.36511409999997,-23.799749799999972],[-45.365132399999936,-23.79965249999998],[-45.36517029999993,-23.799527299999966],[-45.36522309999998,-23.799387899999942],[-45.36527559999996,-23.799234799999965],[-45.36531349999996,-23.79910949999993],[-45.365371599999946,-23.79898389999994],[-45.36540979999995,-23.79887249999996],[-45.365458099999955,-23.79875629999998],[-45.365484,-23.798699099999965],[-45.36550639999996,-23.798649299999965],[-45.36552629999994,-23.798573199999964],[-45.36555419999996,-23.79850369999997],[-45.36549489999993,-23.79846],[-45.365491,-23.798384299999952],[-45.36548829999998,-23.798248399999977],[-45.36550839999995,-23.798156699999936],[-45.36555029999994,-23.798055699999964],[-45.365606799999966,-23.797955599999966],[-45.365669699999955,-23.79780969999996],[-45.36572129999996,-23.797704099999976],[-45.365736,-23.797588],[-45.365752,-23.79747229999998],[-45.365813,-23.79735329999994],[-45.36582709999993,-23.797197],[-45.36581419999993,-23.797025899999937],[-45.36581689999997,-23.79691],[-45.36580419999996,-23.796758599999976],[-45.36577529999994,-23.796649499999944],[-45.36576829999996,-23.79654039999997],[-45.36577319999998,-23.796415499999966],[-45.365761099999986,-23.796295399999963],[-45.36575419999997,-23.796190799999977],[-45.36573279999993,-23.79609309999995],[-45.36568269999998,-23.796022499999935],[-45.36560579999997,-23.79590909999996],[-45.36551069999996,-23.79577469999998],[-45.365427899999986,-23.795649],[-45.365390599999955,-23.79551179999993],[-45.36533709999998,-23.79536239999993],[-45.365296899999976,-23.795244499999967],[-45.36525889999996,-23.79507739999997],[-45.365224599999976,-23.79493919999993],[-45.365174,-23.794775199999947],[-45.36515659999998,-23.794688699999938],[-45.365138499999944,-23.794573299999968],[-45.365105,-23.794471699999974],[-45.365086099999985,-23.794312899999966],[-45.365045399999985,-23.794172],[-45.365039699999954,-23.794150399999978],[-45.36502489999998,-23.79409419999996],[-45.365004,-23.793993399999977],[-45.36499269999996,-23.793903899999975],[-45.36496239999997,-23.793806099999983],[-45.364953699999944,-23.793687699999964],[-45.36494239999996,-23.793595299999936],[-45.36489579999994,-23.793474599999968],[-45.364811799999984,-23.793218599999932],[-45.36477179999997,-23.79311219999994],[-45.364705199999946,-23.792968599999938],[-45.36465539999995,-23.792856899999947],[-45.364584899999954,-23.79269819999996],[-45.364483,-23.792558199999974],[-45.36440879999998,-23.792410599999982],[-45.36436139999995,-23.792341499999964],[-45.364265399999965,-23.792208],[-45.364174299999945,-23.792070099999933],[-45.36413779999998,-23.79196719999993],[-45.364101699999935,-23.79188229999994],[-45.36405549999995,-23.79177949999996],[-45.36402909999998,-23.79169],[-45.36396659999997,-23.79156389999997],[-45.36393009999995,-23.79145649999998],[-45.363873299999966,-23.79131339999998],[-45.363851299999965,-23.791192299999977],[-45.36381389999997,-23.79104],[-45.36379169999998,-23.79090539999993],[-45.36374839999996,-23.790703599999972],[-45.363726199999974,-23.790573499999937],[-45.36371929999996,-23.79047019999996],[-45.363692699999945,-23.790367299999957],[-45.36367579999995,-23.790255099999968],[-45.363663299999985,-23.790120399999978],[-45.363651,-23.789994699999966],[-45.36363929999993,-23.78990049999993],[-45.363602399999934,-23.78977059999994],[-45.36358709999996,-23.789717399999972],[-45.36355489999994,-23.789604899999972],[-45.363508,-23.78947069999998],[-45.36348009999995,-23.789352099999974],[-45.36344249999996,-23.78918619999996],[-45.36342049999996,-23.78906509999996],[-45.36342309999998,-23.788943599999982],[-45.363386299999945,-23.78882269999997],[-45.36337359999993,-23.788674399999934],[-45.363361199999986,-23.788544099999967],[-45.363373699999954,-23.78843139999998],[-45.36338639999997,-23.788323299999945],[-45.36339409999994,-23.788215099999945],[-45.36341539999995,-23.78804839999998],[-45.36343229999994,-23.787908699999946],[-45.36345709999995,-23.787797599999976],[-45.363479,-23.787662299999965],[-45.363506,-23.787531399999978],[-45.36351309999998,-23.787391899999932],[-45.36346679999997,-23.78728469999993],[-45.36339549999997,-23.78716],[-45.36333959999996,-23.787062],[-45.363288,-23.786937],[-45.36318739999996,-23.786817199999973],[-45.36305219999997,-23.786688899999945],[-45.362769,-23.786535899999933],[-45.36254079999998,-23.786435899999958],[-45.362239099999954,-23.78634619999997],[-45.362005099999976,-23.786262799999975],[-45.36177349999997,-23.786235099999942],[-45.36146239999994,-23.78616809999994],[-45.36110689999998,-23.786088399999983],[-45.36084029999995,-23.786029699999972],[-45.360618099999954,-23.78597929999995],[-45.36046509999994,-23.78594579999998],[-45.36033659999998,-23.785911899999974],[-45.36007489999997,-23.785853199999963],[-45.359902,-23.78580649999998],[-45.35971929999994,-23.78576449999997],[-45.359595499999955,-23.785721499999966],[-45.359462,-23.785683199999937],[-45.35932859999997,-23.785653799999977],[-45.35915539999996,-23.785602599999947],[-45.359011599999974,-23.78554189999994],[-45.358862199999976,-23.785445399999958],[-45.358718,-23.785362199999952],[-45.35861639999996,-23.785297],[-45.35851619999994,-23.785199699999964],[-45.358441099999936,-23.78512889999996],[-45.358365499999934,-23.78503109999997],[-45.358324599999946,-23.78494619999998],[-45.358293,-23.784834199999977],[-45.35822589999998,-23.784664299999974],[-45.358189599999946,-23.784561399999973],[-45.35815739999998,-23.78441349999997],[-45.358139499999936,-23.78424739999997],[-45.35811239999998,-23.78411289999997],[-45.35810959999998,-23.783969],[-45.35810639999994,-23.783807199999956],[-45.35810849999996,-23.783667699999967],[-45.358101199999965,-23.78353869999995],[-45.35811759999996,-23.783372],[-45.35813349999995,-23.78317839999994],[-45.35812989999994,-23.782994],[-45.358160399999974,-23.78279109999994],[-45.35819649999996,-23.782624099999964],[-45.35822349999995,-23.782497699999965],[-45.358230799999944,-23.782362599999942],[-45.358232699999974,-23.782209699999953],[-45.35825969999996,-23.782083299999954],[-45.35822209999998,-23.78191739999994],[-45.358215,-23.78180059999994],[-45.35830079999994,-23.78141729999993],[-45.35846639999994,-23.78083429999998],[-45.35853069999996,-23.78059929999995],[-45.35863889999996,-23.78010729999994],[-45.35872059999997,-23.779755199999954],[-45.358851699999946,-23.779245199999934],[-45.35893609999994,-23.779023499999937],[-45.35899109999997,-23.77880669999996],[-45.35911029999994,-23.778597799999943],[-45.35920749999997,-23.778362],[-45.35921539999998,-23.778015299999936],[-45.359225899999956,-23.777794599999936],[-45.35916549999996,-23.777728099999933],[-45.359055499999954,-23.77738789999995],[-45.358977599999946,-23.77717769999998],[-45.35881949999998,-23.77687889999993],[-45.35874229999996,-23.776700199999937],[-45.35862549999996,-23.776508699999965],[-45.35850489999996,-23.776366699999983],[-45.35843849999998,-23.776237299999934],[-45.35838249999995,-23.776134699999943],[-45.35826429999997,-23.77612309999995],[-45.35816139999997,-23.77614269999998],[-45.35806489999993,-23.77623879999993],[-45.358046799999954,-23.77622279999997],[-45.35797489999993,-23.77615929999996],[-45.358191,-23.775890199999935],[-45.35817949999995,-23.775804799999946],[-45.358045,-23.77571249999994],[-45.35779469999994,-23.775592099999983],[-45.35764569999998,-23.77551349999993],[-45.357402399999955,-23.775391499999955],[-45.35722839999994,-23.775290799999937],[-45.357054,-23.775176599999952],[-45.35687369999994,-23.775130599999954],[-45.35672029999995,-23.775036899999975],[-45.35663139999997,-23.77493149999998],[-45.35650229999993,-23.77487059999993],[-45.35632009999995,-23.774855499999944],[-45.356184,-23.77493869999995],[-45.35608179999997,-23.77498989999998],[-45.356012,-23.774941499999954],[-45.35602479999994,-23.774842299999932],[-45.35596979999997,-23.774793699999975],[-45.35586069999994,-23.774746],[-45.35573249999993,-23.774725599999954],[-45.35560559999993,-23.77477259999995],[-45.355136399999935,-23.77465879999994],[-45.35449829999993,-23.77445759999995],[-45.354473,-23.774447099999975],[-45.35429009999996,-23.774371],[-45.354068799999936,-23.774272699999983],[-45.35387559999998,-23.77419939999993],[-45.353751399999965,-23.77413389999998],[-45.35356269999994,-23.77403789999994],[-45.35344259999994,-23.773927399999934],[-45.353332799999976,-23.77383919999994],[-45.353173099999935,-23.773711299999945],[-45.35302319999994,-23.773583299999927],[-45.35288289999994,-23.773437199999933],[-45.352732,-23.77325079999997],[-45.352616599999976,-23.773122299999955],[-45.352516399999956,-23.77301159999996],[-45.352401499999985,-23.772905699999967],[-45.35231339999996,-23.772752499999967],[-45.352192299999956,-23.772579],[-45.35209639999994,-23.772441199999946],[-45.35204859999993,-23.77225329999993],[-45.35207319999995,-23.772010199999954],[-45.35213669999996,-23.771748299999956],[-45.352155599999946,-23.771464599999945],[-45.352132799999936,-23.771298499999943],[-45.35206139999997,-23.77116479999995],[-45.35202419999996,-23.77101559999994],[-45.351917699999944,-23.770846399999982],[-45.351874,-23.770617799999968],[-45.35181679999994,-23.770452399999954],[-45.351781,-23.770129099999963],[-45.35177269999997,-23.76994929999995],[-45.351724,-23.76972079999996],[-45.351779299999976,-23.769531099999938],[-45.35179519999997,-23.76933759999997],[-45.35188079999995,-23.76919239999995],[-45.351972899999964,-23.769128],[-45.35214289999993,-23.76902169999994],[-45.352374199999986,-23.76903569999996],[-45.35245219999996,-23.769002899999975],[-45.35246989999996,-23.768899199999964],[-45.35240909999993,-23.76880579999994],[-45.35229339999995,-23.768672899999956],[-45.35222559999994,-23.76847179999993],[-45.35225689999993,-23.768309399999964],[-45.352249,-23.76815659999994],[-45.35212839999997,-23.76801039999998],[-45.352003199999956,-23.767891],[-45.35184909999998,-23.76779449999998],[-45.35165509999996,-23.767676199999983],[-45.35143659999994,-23.76755389999994],[-45.351261799999975,-23.767403899999977],[-45.35100829999993,-23.767237299999977],[-45.35081,-23.767128299999968],[-45.350675699999954,-23.76702419999998],[-45.35054539999993,-23.766887099999963],[-45.350449899999944,-23.766771799999958],[-45.35027619999994,-23.766671199999962],[-45.35009269999995,-23.766570799999954],[-45.349963799999955,-23.766501],[-45.34981449999998,-23.766395599999953],[-45.34966509999998,-23.76628119999998],[-45.34954529999993,-23.766175399999952],[-45.34939039999995,-23.766029699999933],[-45.34930469999995,-23.765914299999963],[-45.34917009999998,-23.765799699999945],[-45.34904009999997,-23.765671599999962],[-45.348947399999986,-23.76546179999997],[-45.34887169999996,-23.765350799999965],[-45.34885449999996,-23.765229699999963],[-45.348880099999974,-23.765053699999953],[-45.34891,-23.76486979999993],[-45.348946,-23.76470749999993],[-45.348992399999986,-23.76457659999994],[-45.34908649999994,-23.764377399999944],[-45.34914709999998,-23.764219199999957],[-45.349279699999954,-23.76397879999996],[-45.34932429999998,-23.76375779999995],[-45.349324499999966,-23.763524],[-45.349342099999944,-23.763420199999928],[-45.34933909999995,-23.763226799999927],[-45.34933109999997,-23.76305169999995],[-45.349348099999986,-23.76290309999996],[-45.34934729999998,-23.762799799999982],[-45.349361199999976,-23.762649799999963],[-45.34939159999993,-23.762514499999952],[-45.349442,-23.76236369999998],[-45.34948,-23.762206099999958],[-45.349522699999966,-23.76207789999995],[-45.349589599999945,-23.76193449999994],[-45.34962869999998,-23.761828899999955],[-45.349724,-23.761670099999947],[-45.34977969999994,-23.761590499999954],[-45.34992459999995,-23.761475599999983],[-45.35010049999994,-23.76131749999996],[-45.350289499999974,-23.761145899999974],[-45.35053149999993,-23.760950899999955],[-45.35061559999997,-23.760852099999966],[-45.35078539999995,-23.760736899999984],[-45.35087159999995,-23.760529],[-45.35095489999998,-23.760377499999947],[-45.35100459999995,-23.76019279999997],[-45.35118849999998,-23.75994129999998],[-45.35102639999997,-23.759845199999972],[-45.35101729999997,-23.75957879999993],[-45.351077499999974,-23.759469099999933],[-45.351330099999984,-23.759476199999938],[-45.351377,-23.759311],[-45.351241,-23.759053],[-45.351155,-23.758914],[-45.351195,-23.758697],[-45.35119879999996,-23.758679099999938],[-45.351225899999974,-23.758553399999983],[-45.35124049999996,-23.758401899999967],[-45.351262,-23.758240099999966],[-45.35128009999994,-23.75811589999995],[-45.35129049999995,-23.75802189999996],[-45.35123919999995,-23.757842599999947],[-45.35118619999997,-23.75764829999997],[-45.35115,-23.75747249999995],[-45.35110539999994,-23.757285499999966],[-45.350996,-23.757140899999968],[-45.350951899999984,-23.756987699999968],[-45.35084749999993,-23.756888],[-45.35073659999995,-23.75686369999994],[-45.35061369999994,-23.756858299999976],[-45.350563499999964,-23.75680639999996],[-45.350511,-23.75663839999993],[-45.350482899999975,-23.75646329999995],[-45.350449899999944,-23.756242499999928],[-45.35041369999993,-23.756066699999963],[-45.350374,-23.755921],[-45.35032129999996,-23.755745399999967],[-45.35027259999998,-23.755569799999932],[-45.350204099999985,-23.755424499999947],[-45.35017439999996,-23.755373899999938],[-45.350132,-23.755301799999927],[-45.350061,-23.755239099999983],[-45.34997649999997,-23.75510529999997],[-45.349883199999965,-23.75494539999994],[-45.349802299999965,-23.75478769999995],[-45.34976339999997,-23.754679499999952],[-45.34969549999994,-23.75454659999997],[-45.34966519999995,-23.754460799999947],[-45.34959349999997,-23.754353099999946],[-45.34958759999995,-23.754343399999982],[-45.349471,-23.754152399999953],[-45.34943169999997,-23.75401789999995],[-45.34938429999994,-23.753887499999962],[-45.34937039999994,-23.75380139999993],[-45.349347499999965,-23.753670599999964],[-45.34935669999993,-23.75350919999994],[-45.349370799999974,-23.753389],[-45.349377499999946,-23.753268399999968],[-45.349386899999956,-23.753122],[-45.349429,-23.752975099999958],[-45.349454899999955,-23.752832199999943],[-45.34948909999997,-23.752696699999944],[-45.34952809999993,-23.75259479999994],[-45.349715799999956,-23.752458299999944],[-45.34990209999995,-23.75235379999998],[-45.350040899999954,-23.752332699999954],[-45.350154299999986,-23.752267],[-45.35027109999993,-23.752152399999943],[-45.350203299999976,-23.75203719999996],[-45.35002119999996,-23.751935199999934],[-45.349863599999935,-23.751829199999975],[-45.34972659999994,-23.751722799999982],[-45.34963879999998,-23.751634199999955],[-45.34963469999997,-23.751634199999955],[-45.34953569999993,-23.75156149999998],[-45.34935319999994,-23.751444299999946],[-45.34930589999993,-23.751328799999953],[-45.349195399999985,-23.751128],[-45.34910559999997,-23.75093439999995],[-45.34907069999997,-23.750822399999947],[-45.34905239999995,-23.750728899999956],[-45.349009499999966,-23.75062829999996],[-45.34893359999995,-23.750513299999966],[-45.348837799999956,-23.750424899999928],[-45.34881119999994,-23.75032029999994],[-45.348797299999944,-23.750238],[-45.348758799999985,-23.750148699999954],[-45.34872809999996,-23.750036699999953],[-45.34866439999996,-23.749910399999976],[-45.348622399999954,-23.74984749999993],[-45.34862489999995,-23.749768699999947],[-45.34863919999998,-23.749667099999954],[-45.34862919999995,-23.749577099999954],[-45.348575299999936,-23.749536899999953],[-45.348559,-23.749541],[-45.348506199999974,-23.74943319999994],[-45.34846729999998,-23.749328799999944],[-45.34840019999996,-23.749243699999965],[-45.34826409999994,-23.749186],[-45.34812019999998,-23.749143599999968],[-45.348032099999955,-23.749026499999957],[-45.347975099999985,-23.748829],[-45.34793819999993,-23.748608499999932],[-45.347919299999944,-23.74853429999996],[-45.347885,-23.74839929999996],[-45.34782819999998,-23.74822],[-45.34780429999995,-23.74804039999998],[-45.34780069999994,-23.747833299999968],[-45.34783089999996,-23.74770149999995],[-45.34786509999998,-23.747562099999982],[-45.347915299999954,-23.74740369999995],[-45.34794879999998,-23.747234399999968],[-45.34800729999995,-23.74708339999995],[-45.34804569999994,-23.746951499999966],[-45.34808859999998,-23.74684209999998],[-45.34821079999995,-23.74686719999994],[-45.34834929999994,-23.74683129999994],[-45.34851669999995,-23.74680989999996],[-45.34863319999994,-23.746688],[-45.348742,-23.74659239999994],[-45.34878919999994,-23.746490299999948],[-45.34887249999997,-23.746346399999936],[-45.34892739999998,-23.746214099999975],[-45.34900609999994,-23.74604389999996],[-45.34903129999998,-23.74585959999996],[-45.34900289999996,-23.74566489999995],[-45.348942799999975,-23.745519599999966],[-45.34885,-23.745385899999974],[-45.34868309999996,-23.745231],[-45.348558399999945,-23.74513539999998],[-45.34843669999998,-23.744979799999953],[-45.34835149999998,-23.744808699999965],[-45.34828769999996,-23.744682199999943],[-45.34824839999993,-23.744559],[-45.34821109999996,-23.744322799999964],[-45.348213699999974,-23.744247799999982],[-45.34824039999995,-23.74413859999993],[-45.348287599999935,-23.744032799999957],[-45.34832729999994,-23.743960799999968],[-45.34838679999996,-23.743858599999953],[-45.34846209999995,-23.743726099999947],[-45.34852919999997,-23.74359379999993],[-45.34863659999996,-23.743430699999976],[-45.348728499999936,-23.743313],[-45.34879559999996,-23.74317689999998],[-45.348876,-23.743093099999953],[-45.348964499999965,-23.74300919999996],[-45.34907019999997,-23.742966199999955],[-45.349222,-23.742978499999936],[-45.349291499999936,-23.742969199999948],[-45.34937259999998,-23.74292669999994],[-45.34944189999993,-23.742692899999952],[-45.34938979999998,-23.74253989999994],[-45.34931709999995,-23.74238349999996],[-45.34924139999998,-23.742276],[-45.34913279999995,-23.742165299999954],[-45.34904009999997,-23.74202809999997],[-45.348948,-23.74192089999997],[-45.34887269999996,-23.741836],[-45.348784499999965,-23.741721199999972],[-45.34872539999998,-23.741632099999947],[-45.34864169999997,-23.741543399999955],[-45.34852029999996,-23.74140959999994],[-45.34842389999994,-23.741294899999957],[-45.34833179999998,-23.741198899999972],[-45.34825589999997,-23.741087599999958],[-45.34814339999997,-23.740995599999962],[-45.34803489999996,-23.74088859999995],[-45.34794279999994,-23.740781399999946],[-45.347854799999936,-23.740677799999958],[-45.347799899999984,-23.740592499999934],[-45.347756499999946,-23.740469399999938],[-45.34777079999998,-23.74036769999998],[-45.34781289999995,-23.740224299999966],[-45.347786,-23.74010469999996],[-45.347711,-23.740038399999946],[-45.34764839999997,-23.73997939999998],[-45.34756549999997,-23.739924599999938],[-45.34749809999994,-23.739831899999956],[-45.34742309999996,-23.73976559999994],[-45.34735589999997,-23.739684099999977],[-45.34726459999996,-23.739625599999954],[-45.347189499999956,-23.739553899999976],[-45.34703629999996,-23.739466299999947],[-45.34693219999997,-23.739381699999967],[-45.34682769999995,-23.739278299999967],[-45.34672309999996,-23.73917119999993],[-45.34664769999995,-23.739097399999935],[-45.34654789999996,-23.739031499999953],[-45.346456099999955,-23.738957899999946],[-45.34638479999995,-23.738884],[-45.34627649999993,-23.738806799999963],[-45.34616829999993,-23.738733499999967],[-45.34609629999994,-23.73868939999994],[-45.345996799999966,-23.738630899999976],[-45.34588889999998,-23.738561299999958],[-45.34577269999994,-23.73849189999993],[-45.345636,-23.738419],[-45.34551589999995,-23.73835329999997],[-45.345371,-23.73828059999994],[-45.345226199999956,-23.738211599999943],[-45.34507729999996,-23.73814269999997],[-45.344965799999954,-23.738099499999976],[-45.34483739999996,-23.738026499999933],[-45.34469269999994,-23.737961299999938],[-45.34453549999995,-23.73787379999993],[-45.344399,-23.737801],[-45.344278799999984,-23.737720499999966],[-45.344221,-23.73769139999996],[-45.34424749999994,-23.73759339999998],[-45.344241299999965,-23.73748839999996],[-45.34412529999997,-23.737415299999952],[-45.344097799999986,-23.737346899999977],[-45.34406739999997,-23.737245899999948],[-45.344028,-23.737206399999934],[-45.34394649999996,-23.73712269999993],[-45.343863099999965,-23.737069799999972],[-45.343861,-23.736945],[-45.343668399999956,-23.73690289999996],[-45.34359669999998,-23.736866599999928],[-45.34349469999995,-23.736778699999945],[-45.343408599999975,-23.73670949999996],[-45.343366,-23.736634699999968],[-45.343312699999956,-23.73653429999996],[-45.343283,-23.736446899999976],[-45.34335829999998,-23.73639079999998],[-45.34343279999996,-23.73628229999997],[-45.3434,-23.736171399999932],[-45.34339589999996,-23.736096],[-45.34337709999994,-23.736002199999973],[-45.34332129999996,-23.73586789999996],[-45.34320879999996,-23.735707799999943],[-45.34313839999993,-23.735635799999955],[-45.34311939999998,-23.735553],[-45.343073499999946,-23.735403299999973],[-45.34298149999995,-23.735321099999965],[-45.34289249999995,-23.735232399999973],[-45.34284679999996,-23.73512249999993],[-45.343022,-23.734992899999952],[-45.343000899999936,-23.73487279999995],[-45.342947299999935,-23.734752699999945],[-45.342859199999964,-23.734621299999958],[-45.342824399999984,-23.734540299999935],[-45.342722099999946,-23.734440099999972],[-45.34265239999996,-23.734337799999935],[-45.34252219999996,-23.73425889999993],[-45.34249749999998,-23.73417459999996],[-45.342467599999964,-23.73411169999997],[-45.34243719999995,-23.734001499999977],[-45.34244849999993,-23.733916699999952],[-45.34249509999995,-23.733786599999974],[-45.34244909999995,-23.733672],[-45.34238769999996,-23.733557599999983],[-45.34240659999995,-23.733465399999943],[-45.342332699999986,-23.733370199999968],[-45.34226189999998,-23.733306099999936],[-45.34227759999993,-23.733171899999945],[-45.342257899999936,-23.733082799999977],[-45.342268399999966,-23.73294149999998],[-45.342237299999965,-23.732786499999975],[-45.342162,-23.732618099999968],[-45.342113799999936,-23.73252229999997],[-45.34209629999998,-23.73248019999994],[-45.342062,-23.732397599999956],[-45.34206769999997,-23.732284599999957],[-45.342165,-23.732208],[-45.342178,-23.732071],[-45.342136,-23.731945],[-45.341998399999966,-23.731885099999943],[-45.341966199999945,-23.73182429999997],[-45.34190049999995,-23.731757],[-45.341867899999954,-23.731668],[-45.34190529999995,-23.731599099999983],[-45.34189089999995,-23.73151679999995],[-45.34182959999998,-23.731414099999938],[-45.34177939999995,-23.731351399999937],[-45.34171379999998,-23.731289],[-45.34164539999995,-23.73121249999997],[-45.341646,-23.731108699999936],[-45.341601,-23.731041199999936],[-45.34157759999994,-23.73089269999997],[-45.34155489999995,-23.73078],[-45.34165879999995,-23.73058279999998],[-45.34160009999994,-23.730447],[-45.34163109999997,-23.73031439999994],[-45.341632,-23.73022949999995],[-45.341548899999964,-23.729924299999936],[-45.34151989999998,-23.729800799999964],[-45.341502599999956,-23.729704399999946],[-45.34151049999997,-23.729579299999955],[-45.34158389999993,-23.729502599999932],[-45.34159159999996,-23.72950009999994],[-45.34161329999995,-23.72941959999997],[-45.34167039999994,-23.729227299999934],[-45.341714499999966,-23.72910859999996],[-45.341783299999975,-23.729058],[-45.34182769999995,-23.72894409999998],[-45.34184359999995,-23.72882569999996],[-45.34182619999996,-23.728726799999947],[-45.341834699999936,-23.72862509999993],[-45.341804,-23.728507499999978],[-45.34175509999994,-23.728376099999934],[-45.34168909999994,-23.728296799999953],[-45.34165389999998,-23.72820749999994],[-45.34164229999993,-23.728136699999936],[-45.34160859999997,-23.727993],[-45.341560399999935,-23.72790159999994],[-45.34147359999997,-23.72778949999997],[-45.34140039999994,-23.727741],[-45.341319399999975,-23.72769029999995],[-45.34124889999998,-23.727648899999963],[-45.341112,-23.727648899999963],[-45.34103239999996,-23.727676299999928],[-45.34094239999996,-23.727696799999933],[-45.34086039999994,-23.727724299999977],[-45.340783199999976,-23.727732699999933],[-45.340700099999935,-23.727698699999962],[-45.34060419999997,-23.72766729999995],[-45.34053759999995,-23.72768739999998],[-45.340444599999955,-23.72766779999995],[-45.340338299999985,-23.727624799999944],[-45.34026559999995,-23.72759069999995],[-45.34015469999997,-23.727571499999954],[-45.340093199999956,-23.72757269999994],[-45.340025899999944,-23.727548],[-45.339968899999974,-23.727520699999957],[-45.33980649999995,-23.72737939999996],[-45.339723,-23.727326499999947],[-45.33958569999993,-23.727279299999964],[-45.33952,-23.727250199999958],[-45.33937959999997,-23.727179399999955],[-45.33923949999996,-23.727135],[-45.33911989999996,-23.727071799999976],[-45.33899519999994,-23.72699579999994],[-45.33886079999996,-23.726902499999937],[-45.33876939999993,-23.72683029999996],[-45.33863459999998,-23.726719699999933],[-45.338509699999975,-23.726626299999964],[-45.338464199999976,-23.726501199999973],[-45.338414,-23.72637609999998],[-45.33832229999996,-23.72629079999996],[-45.33824489999995,-23.726209599999947],[-45.33826959999993,-23.72602859999995],[-45.33828189999997,-23.725919699999963],[-45.338185,-23.72580839999995],[-45.337998099999936,-23.725715899999955],[-45.33788729999998,-23.725630799999976],[-45.33773059999993,-23.72562929999998],[-45.33760279999996,-23.72565789999993],[-45.337436099999934,-23.725622],[-45.33726559999997,-23.725625299999933],[-45.337141,-23.725549399999977],[-45.33716659999993,-23.725401099999942],[-45.337130499999944,-23.72524509999994],[-45.337019399999974,-23.725134],[-45.33687749999996,-23.724904899999956],[-45.33671739999994,-23.724712199999942],[-45.336563,-23.724571499999968],[-45.33638479999996,-23.724426799999947],[-45.33618749999994,-23.724278],[-45.336,-23.72414219999996],[-45.33580079999996,-23.723977099999956],[-45.33548069999995,-23.723847699999965],[-45.33518819999995,-23.723683199999982],[-45.33491189999995,-23.72360509999993],[-45.33467009999998,-23.723578499999974],[-45.33454409999996,-23.723446099999933],[-45.33440029999997,-23.723361599999976],[-45.334190699999965,-23.72331289999994],[-45.33403809999993,-23.72326759999993],[-45.33380559999995,-23.723228],[-45.33362829999993,-23.723139699999933],[-45.333456199999944,-23.723073],[-45.33353409999995,-23.72287319999998],[-45.33359349999995,-23.72272909999998],[-45.33357189999998,-23.722577499999943],[-45.33348619999998,-23.722561499999983],[-45.33335809999994,-23.72256349999998],[-45.33321059999997,-23.72255279999996],[-45.33307929999995,-23.722663299999965],[-45.33302969999994,-23.722824499999945],[-45.33295489999995,-23.722895],[-45.33270669999996,-23.722812099999942],[-45.33257789999993,-23.722770699999955],[-45.33241639999994,-23.722760199999982],[-45.33222649999993,-23.722741499999927],[-45.33202689999996,-23.722714199999928],[-45.33188819999998,-23.722642699999938],[-45.33173429999994,-23.722523899999942],[-45.33154849999994,-23.72247049999993],[-45.33128889999995,-23.722522199999958],[-45.331116099999974,-23.72263319999996],[-45.331012199999975,-23.722643499999947],[-45.33080359999997,-23.722629499999982],[-45.33060439999997,-23.722611],[-45.33036219999997,-23.722571499999958],[-45.330096,-23.722519499999976],[-45.32990169999994,-23.722505199999944],[-45.32974369999994,-23.722480599999983],[-45.32950429999994,-23.722495599999945],[-45.32932439999996,-23.722425399999963],[-45.32924819999994,-23.722319699999957],[-45.32897839999998,-23.722352099999966],[-45.32862209999996,-23.722374699999932],[-45.32838779999997,-23.722355899999968],[-45.32813559999994,-23.722371299999963],[-45.32796469999994,-23.722435899999937],[-45.327703499999984,-23.722586499999977],[-45.32741029999994,-23.722698199999968],[-45.327001,-23.722834199999966],[-45.32677929999994,-23.722915],[-45.32650309999997,-23.722851799999944],[-45.326226099999985,-23.722867599999972],[-45.32603889999996,-23.722816099999932],[-45.325769099999945,-23.722881],[-45.325463199999945,-23.722970199999963],[-45.32528119999995,-23.723096699999928],[-45.32515529999995,-23.72325569999998],[-45.324922,-23.72327649999994],[-45.32471879999997,-23.72326869999995],[-45.32443069999994,-23.723318499999948],[-45.324109599999986,-23.72329039999994],[-45.32383569999996,-23.72343539999997],[-45.32358359999995,-23.723479399999974],[-45.32332059999993,-23.723585199999945],[-45.32307849999995,-23.72373479999993],[-45.32285269999994,-23.723805699999957],[-45.32266329999993,-23.723853599999927],[-45.32246319999996,-23.723744799999963],[-45.322283599999935,-23.723702799999955],[-45.32208529999997,-23.723655399999927],[-45.32183629999997,-23.72375459999995],[-45.32162589999996,-23.72371869999995],[-45.321466199999975,-23.723726899999974],[-45.32134259999998,-23.72374259999998],[-45.32118749999995,-23.723655099999974],[-45.321088,-23.72358909999997],[-45.32090389999996,-23.72362019999997],[-45.32072619999997,-23.72366809999994],[-45.32060519999993,-23.723782599999936],[-45.320619,-23.723866699999974],[-45.32047739999996,-23.72385769999994],[-45.32018039999997,-23.72377249999994],[-45.319939,-23.723703299999954],[-45.319740199999956,-23.72361639999997],[-45.319577599999946,-23.723489299999983],[-45.319485499999985,-23.72350769999997],[-45.319257,-23.723477499999944],[-45.31897209999994,-23.72340319999995],[-45.318818,-23.7234],[-45.31859769999994,-23.723482499999932],[-45.31841509999998,-23.72359819999997],[-45.318233599999985,-23.72375889999995],[-45.318168,-23.723861399999976],[-45.318109,-23.723997699999927],[-45.318205699999965,-23.72421029999998],[-45.318276399999945,-23.724349899999936],[-45.31833419999998,-23.724455899999953],[-45.318195,-23.724576499999955],[-45.318065899999965,-23.72460689999997],[-45.31792319999994,-23.72457559999998],[-45.31773529999998,-23.72443789999994],[-45.317665499999976,-23.724343199999964],[-45.31751619999994,-23.724283699999944],[-45.31733889999998,-23.724359899999968],[-45.31723079999995,-23.724513899999977],[-45.31716629999994,-23.724678499999982],[-45.31721849999997,-23.724824199999944],[-45.31731329999997,-23.72492969999996],[-45.317372,-23.725086499999975],[-45.31743749999998,-23.725277],[-45.31745889999996,-23.725401099999942],[-45.31743789999996,-23.725598799999943],[-45.31749049999996,-23.72575009999997],[-45.31745689999997,-23.725914],[-45.31742889999998,-23.726055299999928],[-45.31731579999996,-23.726265799999965],[-45.31726579999997,-23.726414499999976],[-45.31712679999998,-23.72654639999996],[-45.31694489999995,-23.72669019999995],[-45.316793,-23.726794],[-45.316566499999965,-23.72686529999993],[-45.316376899999966,-23.72692459999996],[-45.31614339999993,-23.72693959999998],[-45.315939399999934,-23.72689779999996],[-45.315594499999975,-23.726886399999955],[-45.31540769999998,-23.72679919999996],[-45.31522629999995,-23.726683799999932],[-45.31507469999997,-23.726528299999927],[-45.31495979999994,-23.72636659999995],[-45.31484629999994,-23.726238699999953],[-45.314751,-23.726093499999934],[-45.31463949999994,-23.726061399999935],[-45.31459389999998,-23.726248299999952],[-45.31461109999998,-23.72646359999993],[-45.31459679999995,-23.726683799999932],[-45.314593799999955,-23.726853],[-45.314547699999935,-23.727017299999943],[-45.31444589999995,-23.727171099999964],[-45.31438769999994,-23.72734669999994],[-45.314275099999975,-23.72757379999996],[-45.31416829999995,-23.727783899999963],[-45.31405449999994,-23.727943299999936],[-45.31397069999997,-23.728068599999972],[-45.31394819999997,-23.72818159999997],[-45.31380079999997,-23.728206899999975],[-45.313665699999945,-23.728226],[-45.313580599999966,-23.72828949999996],[-45.313491099999965,-23.72844319999996],[-45.313500199999964,-23.728583499999957],[-45.313429,-23.728714],[-45.31338709999994,-23.72877669999997],[-45.31323969999994,-23.728819099999953],[-45.313090399999965,-23.728765799999962],[-45.31294189999994,-23.72873439999995],[-45.31288189999998,-23.72881419999993],[-45.312798199999975,-23.728950899999973],[-45.312869,-23.729101899999932],[-45.312953,-23.729262799999958],[-45.31304679999994,-23.72931929999993],[-45.31311649999998,-23.729402599999958],[-45.313144199999954,-23.729531399999928],[-45.31304769999997,-23.729623],[-45.31287129999998,-23.729727099999934],[-45.312697499999956,-23.729679499999975],[-45.31254819999998,-23.72963139999996],[-45.31234619999998,-23.729696699999977],[-45.312094599999966,-23.729768499999977],[-45.31186249999996,-23.729868],[-45.31159259999998,-23.729917399999977],[-45.31137289999998,-23.72998259999997],[-45.31103619999993,-23.730078099999957],[-45.310928899999965,-23.73016759999996],[-45.310797,-23.730254799999955],[-45.310629,-23.73028409999995],[-45.310465799999974,-23.73026539999995],[-45.310330499999964,-23.730193],[-45.31018759999995,-23.73031229999998],[-45.30986219999994,-23.730349399999966],[-45.30969659999994,-23.730511699999965],[-45.30962429999994,-23.73066179999995],[-45.30964639999996,-23.73086879999994],[-45.309671599999945,-23.730953299999953],[-45.30959369999994,-23.73111389999997],[-45.309468599999946,-23.731248799999946],[-45.309313,-23.73132039999996],[-45.30911629999997,-23.731387599999948],[-45.30888209999995,-23.731588],[-45.30862819999993,-23.73168789999994],[-45.30840729999994,-23.731723599999953],[-45.30803649999996,-23.73178269999994],[-45.307811699999945,-23.731844499999966],[-45.30762679999998,-23.73191029999998],[-45.30751589999994,-23.73186979999997],[-45.30735779999998,-23.731798],[-45.307141599999966,-23.731732299999976],[-45.307053,-23.731654],[-45.3069,-23.731555399999934],[-45.30674309999995,-23.731552499999964],[-45.30654049999998,-23.731587499999932],[-45.306384099999946,-23.731600499999956],[-45.30625629999997,-23.731591899999955],[-45.306095,-23.731642199999953],[-45.306011299999966,-23.73152669999996],[-45.30596809999997,-23.73141049999998],[-45.30584529999993,-23.731369899999947],[-45.30563009999997,-23.731341399999963],[-45.30547659999996,-23.731354099999976],[-45.305337,-23.731410599999947],[-45.30515459999998,-23.731435099999942],[-45.304932399999984,-23.73140449999994],[-45.30467879999998,-23.731441899999936],[-45.304524399999934,-23.731448499999942],[-45.30436,-23.731426],[-45.30417879999993,-23.73146209999993],[-45.303983399999936,-23.731469299999958],[-45.303737799999965,-23.73148139999995],[-45.30356459999996,-23.731484],[-45.30336209999996,-23.731564],[-45.30322129999996,-23.731570399999953],[-45.30306759999996,-23.731618699999956],[-45.30287329999993,-23.73167589999997],[-45.30267409999993,-23.731712399999935],[-45.30250509999996,-23.731677599999955],[-45.30239489999997,-23.73162919999993],[-45.30228469999997,-23.731580899999983],[-45.302148399999965,-23.731583099999966],[-45.30198919999998,-23.73157729999997],[-45.30185739999996,-23.73157939999993],[-45.30171169999994,-23.731573399999945],[-45.30157479999997,-23.73155459999998],[-45.301415299999974,-23.73154459999995],[-45.301329,-23.731565099999955],[-45.30119739999998,-23.73157969999994],[-45.30108359999997,-23.731569],[-45.30093819999996,-23.73157539999994],[-45.30080239999995,-23.73161079999994],[-45.300652499999956,-23.73162149999996],[-45.300552,-23.73159809999993],[-45.30036639999997,-23.731650899999977],[-45.30028519999996,-23.73169379999996],[-45.30016389999997,-23.731779],[-45.30011189999993,-23.731909],[-45.30011429999996,-23.732029799999964],[-45.300125899999955,-23.732158599999934],[-45.30013739999998,-23.732275],[-45.300075499999934,-23.732375899999965],[-45.29997259999993,-23.73246919999997],[-45.29988739999993,-23.732541399999945],[-45.299743199999966,-23.732627099999945],[-45.29957539999998,-23.73267579999998],[-45.29942479999994,-23.732686799999954],[-45.29931659999994,-23.73275529999995],[-45.29927249999997,-23.732826899999964],[-45.29920119999997,-23.732907199999943],[-45.29925849999995,-23.733035299999983],[-45.299284,-23.733172399999944],[-45.29927739999994,-23.733301599999947],[-45.29934369999995,-23.733429599999965],[-45.29935539999997,-23.733562699999936],[-45.29929579999998,-23.733695],[-45.29923869999993,-23.73380839999993],[-45.299217899999974,-23.73391289999995],[-45.299261299999955,-23.73403289999993],[-45.299276299999974,-23.734099199999946],[-45.29918219999996,-23.734175599999958],[-45.29906009999996,-23.73421929999995],[-45.29889659999998,-23.734242799999947],[-45.29883,-23.734110899999962],[-45.298834399999976,-23.73410249999995],[-45.29878209999998,-23.73400349999997],[-45.29864059999994,-23.733993299999952],[-45.298517799999956,-23.73399939999996],[-45.29844849999995,-23.734158599999944],[-45.298502499999984,-23.73434069999996],[-45.29844049999997,-23.73441639999993],[-45.29831319999994,-23.734414199999947],[-45.29813079999997,-23.734392],[-45.29799769999994,-23.734335899999962],[-45.29784969999997,-23.734226],[-45.297766199999955,-23.73415659999995],[-45.297709399999974,-23.734066],[-45.29771189999997,-23.73398279999998],[-45.29766919999997,-23.733908499999927],[-45.29753739999995,-23.73391049999998],[-45.29741259999997,-23.734003899999948],[-45.297384799999975,-23.734141299999976],[-45.297330699999975,-23.734307899999976],[-45.29724919999995,-23.734304899999927],[-45.297085,-23.734244899999965],[-45.296991,-23.734101099999975],[-45.29692869999997,-23.733960799999977],[-45.29689429999996,-23.733849199999952],[-45.29677749999996,-23.733705399999963],[-45.296622199999945,-23.733662],[-45.296443899999986,-23.733610599999963],[-45.29618819999996,-23.73354379999995],[-45.29601549999995,-23.733513099999982],[-45.29578789999994,-23.73349589999998],[-45.295623399999954,-23.73348189999996],[-45.29550509999996,-23.73341309999995],[-45.295399299999985,-23.733364799999947],[-45.295263199999965,-23.733379399999933],[-45.29507419999993,-23.73346129999993],[-45.294934499999954,-23.733509199999958],[-45.29478039999998,-23.733524],[-45.294647399999974,-23.73347629999995],[-45.29454149999998,-23.733423899999934],[-45.29446169999994,-23.733325399999956],[-45.29435909999995,-23.733227099999965],[-45.29428509999997,-23.73316989999995],[-45.29419279999996,-23.733108899999934],[-45.29408229999996,-23.733044],[-45.29395429999994,-23.733012599999938],[-45.29381379999995,-23.73302739999997],[-45.293673199999944,-23.733054599999946],[-45.29350489999996,-23.733078099999943],[-45.29334179999995,-23.73313479999996],[-45.29322829999995,-23.733165799999938],[-45.29310209999994,-23.73324279999997],[-45.293021599999975,-23.733323299999938],[-45.292954399999985,-23.733391],[-45.29298359999996,-23.733469699999944],[-45.29300379999995,-23.733561],[-45.293024199999934,-23.733660699999973],[-45.29304469999994,-23.73376449999995],[-45.293082899999945,-23.733847099999934],[-45.293071199999986,-23.733959899999945],[-45.29308249999997,-23.734084699999983],[-45.29313849999994,-23.734146299999964],[-45.29315819999994,-23.734225099999946],[-45.29319639999994,-23.734316099999944],[-45.29324209999993,-23.734383799999932],[-45.293275499999936,-23.734462399999927],[-45.29331369999994,-23.734557499999937],[-45.29334209999996,-23.73461949999995],[-45.29336189999998,-23.73470249999997],[-45.29339959999993,-23.73477259999993],[-45.29335109999994,-23.734857],[-45.293262,-23.734967299999937],[-45.293259399999954,-23.735071699999935],[-45.293284,-23.735171399999956],[-45.29334929999993,-23.735249299999964],[-45.29344619999995,-23.735318199999938],[-45.293456799999944,-23.73539729999993],[-45.29343589999996,-23.735496099999978],[-45.29328349999997,-23.735632099999975],[-45.29318509999996,-23.735733899999957],[-45.293054799999936,-23.735832],[-45.29292929999997,-23.735942399999942],[-45.29285039999996,-23.736018899999976],[-45.29275659999996,-23.73612049999997],[-45.29268529999996,-23.736209199999962],[-45.29261349999996,-23.736264499999947],[-45.292510499999935,-23.736362],[-45.292412199999944,-23.73646359999998],[-45.29232259999998,-23.73654419999997],[-45.292255599999976,-23.736611899999957],[-45.292174899999964,-23.736679799999933],[-45.292107499999986,-23.736726699999963],[-45.29201789999996,-23.736807299999953],[-45.291919,-23.736871399999927],[-45.29182939999998,-23.73695209999994],[-45.29174409999996,-23.737016],[-45.29164489999994,-23.737071799999967],[-45.29153279999997,-23.737161],[-45.29136559999995,-23.73722179999993],[-45.29122589999997,-23.737286299999937],[-45.29106789999997,-23.737342599999977],[-45.29088219999994,-23.73735329999994],[-45.290790899999934,-23.737325399999975],[-45.29074369999995,-23.737238799999943],[-45.29074879999996,-23.737060199999974],[-45.29070589999998,-23.73696929999994],[-45.29060879999997,-23.73688329999993],[-45.290470599999935,-23.73678549999994],[-45.29031829999997,-23.736675399999967],[-45.290216499999985,-23.73659379999998],[-45.29009819999993,-23.736578899999927],[-45.28998359999997,-23.736530699999946],[-45.289845699999944,-23.736457899999948],[-45.28974029999995,-23.736418],[-45.28955549999995,-23.736474899999962],[-45.28941109999994,-23.73649789999996],[-45.28929629999993,-23.736445599999968],[-45.289208,-23.736398099999974],[-45.28905309999993,-23.736383899999964],[-45.28891629999998,-23.736365199999966],[-45.288769799999955,-23.73631759999995],[-45.28858879999996,-23.73636209999995],[-45.288416799999936,-23.736398099999974],[-45.28824139999995,-23.73647989999995],[-45.28800179999996,-23.736546],[-45.28781189999995,-23.736598899999933],[-45.28762189999998,-23.736635199999967],[-45.287396299999955,-23.736680199999967],[-45.287179299999934,-23.73670009999995],[-45.286994,-23.736711199999945],[-45.28682209999994,-23.73670549999997],[-45.28672489999997,-23.736640699999953],[-45.28651979999995,-23.736569],[-45.28641969999995,-23.73654149999993],[-45.28624679999996,-23.736490199999935],[-45.28612819999995,-23.736442199999942],[-45.28604459999997,-23.736360399999967],[-45.285994899999935,-23.736191599999927],[-45.285968,-23.73602619999997],[-45.28586039999993,-23.73588669999998],[-45.28575369999993,-23.735784499999966],[-45.28569059999995,-23.73561929999994],[-45.285650199999964,-23.73546189999996],[-45.285605499999974,-23.73530859999994],[-45.28553439999996,-23.735184799999956],[-45.28552479999996,-23.735064],[-45.285441,-23.734969599999943],[-45.28525349999995,-23.734909899999934],[-45.28511339999994,-23.734924299999932],[-45.284978699999954,-23.734963599999958],[-45.28481579999993,-23.73497839999993],[-45.284646,-23.734897899999964],[-45.28448989999998,-23.734821299999965],[-45.284392699999955,-23.734743799999933],[-45.28423219999996,-23.734671499999934],[-45.28411139999997,-23.734581899999966],[-45.284019899999976,-23.73455839999997],[-45.283878,-23.734519],[-45.28376419999995,-23.73450409999998],[-45.283689799999934,-23.73459669999994],[-45.28361649999994,-23.734618499999954],[-45.28343739999997,-23.734554499999945],[-45.283298499999944,-23.734460699999943],[-45.28315969999994,-23.73437519999993],[-45.28303979999998,-23.734318499999972],[-45.28294119999998,-23.734378499999934],[-45.282908099999986,-23.73450839999998],[-45.282795,-23.73453939999996],[-45.28267209999996,-23.734557799999948],[-45.28253549999994,-23.73458069999998],[-45.28240379999994,-23.734611799999982],[-45.28233579999994,-23.73476729999993],[-45.282330299999956,-23.734884199999954],[-45.282338,-23.734979899999928],[-45.28219269999994,-23.735015399999952],[-45.28206629999994,-23.735059],[-45.28194909999996,-23.735114899999928],[-45.28181269999993,-23.735139199999935],[-45.28167289999993,-23.73519959999993],[-45.28152789999996,-23.735222799999974],[-45.28138229999996,-23.735216699999967],[-45.28122229999997,-23.735173499999974],[-45.28105819999996,-23.73515109999994],[-45.28094519999996,-23.73518619999993],[-45.28083639999994,-23.735204499999952],[-45.28068669999993,-23.73522349999996],[-45.28049969999995,-23.73519729999998],[-45.28033119999998,-23.73518329999996],[-45.28017209999996,-23.73519],[-45.279999299999986,-23.735188499999936],[-45.27978019999995,-23.73515029999993],[-45.27958019999994,-23.735153499999967],[-45.279438899999946,-23.735139],[-45.27921509999993,-23.735100899999964],[-45.27904989999996,-23.735045299999967],[-45.27886239999998,-23.735006599999963],[-45.27870349999995,-23.73501319999997],[-45.27853619999996,-23.73504079999998],[-45.278341799999964,-23.73506459999993],[-45.27817849999997,-23.735067199999946],[-45.27805719999998,-23.73510239999996],[-45.277908099999934,-23.73502389999993],[-45.277784699999984,-23.734992499999976],[-45.27764529999996,-23.735040699999956],[-45.277433299999984,-23.735081699999967],[-45.277236399999936,-23.73502639999998],[-45.27708359999997,-23.734932799999967],[-45.27695,-23.73488059999994],[-45.276788099999976,-23.73497059999994],[-45.27664329999993,-23.735010299999942],[-45.27654359999997,-23.73502849999994],[-45.27637549999997,-23.735072699999932],[-45.276202799999965,-23.73513769999994],[-45.27606169999996,-23.735185599999966],[-45.27590779999997,-23.73525049999995],[-45.275828,-23.735343499999942],[-45.27579469999995,-23.735494],[-45.27579829999996,-23.735631799999965],[-45.27580539999997,-23.73572359999997],[-45.27577119999995,-23.73584059999996],[-45.275757,-23.73602],[-45.275648599999954,-23.73607979999997],[-45.27559209999998,-23.736189],[-45.275469199999975,-23.736265599999967],[-45.275388599999985,-23.736383299999943],[-45.275289,-23.736447299999952],[-45.27531439999996,-23.736559399999976],[-45.275318,-23.73671339999993],[-45.275297799999976,-23.73681769999996],[-45.275352699999985,-23.736983099999975],[-45.275302299999964,-23.737158499999964],[-45.27526029999996,-23.73731289999995],[-45.27512279999996,-23.737332],[-45.275022399999955,-23.73735879999998],[-45.27491539999994,-23.73732339999998],[-45.274827699999946,-23.73732089999993],[-45.27470859999994,-23.737352199999975],[-45.27455329999998,-23.737414799999954],[-45.27443969999996,-23.73744149999993],[-45.274434499999984,-23.737595899999974],[-45.27439689999994,-23.737738099999945],[-45.27439959999998,-23.737871299999938],[-45.27436529999994,-23.73799269999995],[-45.274341299999946,-23.738122],[-45.27432639999995,-23.73823859999993],[-45.27434379999994,-23.738358699999935],[-45.27433389999993,-23.738495799999953],[-45.274269,-23.738638],[-45.27416409999995,-23.73866909999998],[-45.27402719999998,-23.738709099999937],[-45.27389889999995,-23.738711399999943],[-45.27380079999995,-23.738771],[-45.273716699999966,-23.738834399999973],[-45.27354889999998,-23.738899699999934],[-45.27344069999998,-23.73893879999997],[-45.27331829999997,-23.73896149999996],[-45.273182,-23.738967799999955],[-45.27303969999997,-23.73892029999996],[-45.27285359999996,-23.738927299999943],[-45.27266629999997,-23.738905399999965],[-45.27250339999995,-23.738937],[-45.27235909999996,-23.73898079999998],[-45.272230399999955,-23.738945499999943],[-45.272068299999944,-23.73887339999993],[-45.27197179999996,-23.738866599999938],[-45.271847399999956,-23.738839499999983],[-45.27168759999995,-23.738837899999965],[-45.27157269999998,-23.738910499999974],[-45.27161659999996,-23.739034499999946],[-45.27160939999993,-23.739117799999974],[-45.271565599999974,-23.73921],[-45.271536,-23.739318699999956],[-45.27147889999998,-23.739419399999974],[-45.27142569999995,-23.739478299999973],[-45.27135919999995,-23.739558199999976],[-45.271315899999934,-23.739662799999962],[-45.27119909999993,-23.739760599999954],[-45.27115689999994,-23.739902299999983],[-45.27105059999997,-23.74004949999994],[-45.27097009999994,-23.740125699999965],[-45.27089969999997,-23.740226399999983],[-45.27080129999996,-23.740333],[-45.270658,-23.740443399999947],[-45.27061,-23.74046379999993],[-45.27053619999998,-23.740495299999964],[-45.27040379999994,-23.74046839999994],[-45.270212199999946,-23.740446499999962],[-45.27002369999997,-23.74035809999998],[-45.26983939999997,-23.74026539999994],[-45.269682899999964,-23.740197199999955],[-45.26947269999994,-23.740167199999973],[-45.26931719999993,-23.74014049999994],[-45.26910189999995,-23.740089699999942],[-45.26902249999995,-23.739995],[-45.268816699999945,-23.739931599999977],[-45.26866949999993,-23.739846299999954],[-45.268559,-23.73978139999997],[-45.26840789999994,-23.73973369999993],[-45.26823759999996,-23.739661299999966],[-45.26809069999996,-23.73961769999994],[-45.26786189999996,-23.73965039999996],[-45.26765309999996,-23.73970369999995],[-45.26762259999998,-23.739775099999974],[-45.26771069999995,-23.739848699999982],[-45.267803,-23.73990989999993],[-45.26785929999994,-23.73998819999997],[-45.26781179999995,-23.74012239999996],[-45.267759199999944,-23.74023159999996],[-45.26780739999998,-23.74036],[-45.26786039999996,-23.740492399999937],[-45.26794049999995,-23.740607599999976],[-45.26801909999995,-23.740652],[-45.26800349999996,-23.74078549999996],[-45.26798389999993,-23.740939699999956],[-45.267904499999986,-23.74108259999997],[-45.267782599999975,-23.74116829999997],[-45.26769809999996,-23.741273699999965],[-45.267631,-23.741341499999976],[-45.267591299999935,-23.741485799999964],[-45.26751669999993,-23.741632799999934],[-45.26752339999996,-23.741745],[-45.26752709999994,-23.741932299999974],[-45.267597,-23.74200589999998],[-45.267612499999984,-23.742101399999967],[-45.26759589999995,-23.742189],[-45.26758469999993,-23.74231409999993],[-45.26755959999997,-23.742431],[-45.267558,-23.74258489999994],[-45.26761579999993,-23.742741799999976],[-45.26766289999995,-23.742821099999958],[-45.267786299999955,-23.74290419999994],[-45.26775829999997,-23.74296389999995],[-45.26772649999998,-23.742998399999976],[-45.267666,-23.743051299999934],[-45.267597499999965,-23.743117599999948],[-45.26755429999997,-23.743146499999966],[-45.26748709999998,-23.743199499999946],[-45.26740509999996,-23.74324389999998],[-45.26734069999998,-23.743274699999972],[-45.26725559999994,-23.743328],[-45.26717959999996,-23.74335309999998],[-45.26710689999993,-23.743385599999954],[-45.267042699999934,-23.743420699999945],[-45.266948499999955,-23.743434699999966],[-45.266848299999936,-23.743449599999963],[-45.26675769999997,-23.743464399999937],[-45.26667159999994,-23.743459799999982],[-45.266577799999936,-23.743474599999956],[-45.26646419999997,-23.74347339999997],[-45.26636989999997,-23.743508899999938],[-45.26630149999994,-23.743501299999934],[-45.26623189999998,-23.743494899999973],[-45.266138299999966,-23.74349179999996],[-45.266057099999955,-23.743464899999935],[-45.265955099999985,-23.743441299999972],[-45.26589979999994,-23.74341549999997],[-45.265860799999984,-23.743382399999973],[-45.26588439999995,-23.743295099999955],[-45.265903299999934,-23.743209],[-45.26593019999996,-23.74311819999997],[-45.26594929999993,-23.74303919999994],[-45.265933,-23.74296359999994],[-45.265905499999974,-23.742894099999944],[-45.265888,-23.74283479999997],[-45.26592409999995,-23.742782],[-45.265963099999965,-23.74270819999998],[-45.265895599999965,-23.742661599999963],[-45.265801,-23.742639399999973],[-45.265703299999984,-23.74261729999995],[-45.26563349999998,-23.742599299999938],[-45.26550709999998,-23.74256909999997],[-45.26541329999998,-23.74254119999995],[-45.26530159999993,-23.742490699999962],[-45.265261399999986,-23.742424599999936],[-45.26522079999995,-23.742336199999954],[-45.26517689999997,-23.742246299999977],[-45.26510929999995,-23.742177699999957],[-45.26505009999994,-23.742128199999968],[-45.26496879999996,-23.742063599999938],[-45.264927,-23.741997399999946],[-45.264813799999956,-23.74192789999995],[-45.26473979999997,-23.74188],[-45.264629199999945,-23.741853599999956],[-45.26455619999996,-23.741808799999944],[-45.26446329999993,-23.741773699999953],[-45.26437569999996,-23.741707299999973],[-45.264229899999975,-23.741669899999977],[-45.264079299999935,-23.741689099999974],[-45.263928,-23.741688499999952],[-45.263798,-23.741676299999938],[-45.26365759999993,-23.74168179999998],[-45.26352419999995,-23.741652699999975],[-45.263380799999936,-23.741595599999982],[-45.263273899999945,-23.741523599999937],[-45.26317859999995,-23.74154489999995],[-45.26308309999996,-23.741560499999935],[-45.26300679999997,-23.741615299999978],[-45.26294389999998,-23.741703899999948],[-45.26288359999995,-23.741767099999947],[-45.26283,-23.741849799999954],[-45.26281369999998,-23.741940399999976],[-45.26283149999995,-23.742053],[-45.262842699999965,-23.74214879999994],[-45.26277279999994,-23.742200699999955],[-45.26276859999996,-23.742274],[-45.26274939999996,-23.742367199999933],[-45.26277709999994,-23.742476299999964],[-45.262735299999974,-23.742533299999934],[-45.26264659999998,-23.742591199999936],[-45.262576,-23.742640499999936],[-45.262505199999964,-23.74268139999998],[-45.262396499999966,-23.742838499999948],[-45.262325,-23.742806],[-45.26223059999995,-23.74287529999998],[-45.26213339999998,-23.74295589999997],[-45.26208839999998,-23.74302149999994],[-45.262099699999965,-23.743128399999932],[-45.26206479999996,-23.743238899999938],[-45.26201409999993,-23.743332899999928],[-45.26199649999995,-23.743506899999943],[-45.26197149999996,-23.743577399999936],[-45.26201039999995,-23.743671399999982],[-45.262036799999976,-23.74376179999996],[-45.26195249999995,-23.74389569999994],[-45.26196719999996,-23.744020399999954],[-45.26196939999994,-23.744137699999953],[-45.26199649999995,-23.744262099999958],[-45.26196139999996,-23.744376399999965],[-45.26195039999993,-23.744448499999976],[-45.26198879999998,-23.744519599999933],[-45.26189839999995,-23.744544299999973],[-45.26179609999997,-23.74460339999996],[-45.261830299999986,-23.744659499999955],[-45.261909499999945,-23.744695599999943],[-45.261956,-23.744755099999963],[-45.26195169999994,-23.744817099999977],[-45.26190759999997,-23.744886],[-45.26190539999993,-23.745010899999954],[-45.261824399999966,-23.745099299999936],[-45.26175129999996,-23.74518359999996],[-45.26162789999995,-23.745212],[-45.261467,-23.74523339999996],[-45.261338,-23.745186299999943],[-45.261177,-23.745200199999942],[-45.26102119999996,-23.74527459999996],[-45.26092649999998,-23.745298799999944],[-45.260840299999984,-23.745338],[-45.26075019999996,-23.745384799999954],[-45.260685,-23.745435],[-45.26066939999998,-23.745488299999977],[-45.260659,-23.745590499999935],[-45.260606199999984,-23.74564419999996],[-45.260612299999934,-23.745742099999973],[-45.26058969999997,-23.74585179999997],[-45.26049679999994,-23.745962799999973],[-45.26042609999996,-23.746040299999947],[-45.260357399999975,-23.746124599999973],[-45.26028009999993,-23.74618259999994],[-45.26016169999997,-23.746256399999936],[-45.260072399999956,-23.746344699999952],[-45.259979,-23.746436899999935],[-45.259882,-23.746555499999943],[-45.259771099999966,-23.74658779999993],[-45.25964389999996,-23.74664309999997],[-45.259558099999936,-23.746701499999972],[-45.259464099999946,-23.746759699999927],[-45.25937829999998,-23.74681789999994],[-45.25930059999996,-23.74686859999997],[-45.259236499999986,-23.74698319999993],[-45.259221199999956,-23.74705149999994],[-45.259187,-23.747203],[-45.259211,-23.74727489999998],[-45.259236199999975,-23.74733509999993],[-45.259252499999945,-23.747400899999946],[-45.25927759999996,-23.747461],[-45.25928789999995,-23.747526799999946],[-45.259295099999974,-23.747595399999966],[-45.25929339999993,-23.74766409999995],[-45.25926839999994,-23.74777709999995],[-45.25920689999998,-23.74786329999995],[-45.25914519999998,-23.74793859999994],[-45.25904109999993,-23.74800129999994],[-45.25893519999994,-23.74798169999997],[-45.258829299999945,-23.74796729999997],[-45.25872719999995,-23.747985599999936],[-45.25861779999997,-23.748086399999977],[-45.25854639999994,-23.748148399999934],[-45.25845239999995,-23.74823109999994],[-45.258381199999974,-23.74829029999995],[-45.258446499999934,-23.74839359999993],[-45.258433099999934,-23.748484299999973],[-45.25838679999998,-23.74857819999994],[-45.25833389999997,-23.748644799999965],[-45.258317199999965,-23.748713299999963],[-45.25825809999998,-23.74876349999994],[-45.258174199999985,-23.74877609999993],[-45.258072599999934,-23.748805],[-45.25798849999995,-23.74881179999994],[-45.25788389999997,-23.748838099999944],[-45.257766,-23.74881279999994],[-45.25770749999998,-23.748759199999938],[-45.257660699999974,-23.748694399999977],[-45.257615199999975,-23.748681499999975],[-45.257542899999976,-23.74868269999996],[-45.257467599999984,-23.748683899999946],[-45.25733429999997,-23.74864759999997],[-45.25728509999993,-23.748612799999933],[-45.25718889999996,-23.748614199999963],[-45.257109199999945,-23.748670199999935],[-45.25701559999993,-23.748671899999977],[-45.256906399999934,-23.748660099999938],[-45.25680909999994,-23.748639799999978],[-45.25672529999997,-23.74865749999998],[-45.25664489999997,-23.748708499999964],[-45.25655339999997,-23.74880369999994],[-45.256485699999985,-23.748890099999983],[-45.25641809999996,-23.74897939999994],[-45.256427,-23.749128],[-45.25623809999996,-23.749337699999955],[-45.256152,-23.749416399999973],[-45.25607459999998,-23.74947929999996],[-45.25602749999996,-23.749538],[-45.255972199999974,-23.74964639999996],[-45.255923,-23.749754699999983],[-45.25590949999997,-23.74979159999998],[-45.25587419999994,-23.749887899999976],[-45.25587059999998,-23.75001759999998],[-45.25594369999993,-23.75005779999998],[-45.25600009999994,-23.75017269999995],[-45.256065699999965,-23.750301099999945],[-45.256116599999984,-23.750443599999983],[-45.256124299999954,-23.750537299999962],[-45.256132099999945,-23.75063369999998],[-45.256063799999936,-23.750684699999965],[-45.25604069999997,-23.75073759999998],[-45.256048299999975,-23.750824499999965],[-45.25604069999997,-23.750904699999978],[-45.25607259999998,-23.750998],[-45.25610709999995,-23.751071899999943],[-45.25613539999995,-23.75113209999995],[-45.25615749999997,-23.751187],[-45.25616759999997,-23.751247499999977],[-45.25616889999998,-23.751316499999973],[-45.256164199999944,-23.751385599999935],[-45.25616519999994,-23.751440799999955],[-45.256208,-23.75147039999996],[-45.25625969999993,-23.751499899999942],[-45.25630869999998,-23.751540399999953],[-45.25633359999995,-23.751584099999945],[-45.25637969999997,-23.75163569999995],[-45.256395699999985,-23.751682399999936],[-45.256535499999984,-23.751757],[-45.256612,-23.751822],[-45.25654019999996,-23.75184],[-45.256437699999935,-23.75183089999996],[-45.25641209999998,-23.751909099999978],[-45.25637329999995,-23.751984799999946],[-45.25637769999997,-23.752062099999932],[-45.256433399999935,-23.75214129999995],[-45.256497699999954,-23.75219],[-45.256583199999966,-23.752244],[-45.25670489999993,-23.7523],[-45.25682589999997,-23.752314499999954],[-45.25690149999997,-23.752327099999945],[-45.256980899999974,-23.752378299999975],[-45.25710859999998,-23.752434299999948],[-45.25719179999993,-23.752377499999966],[-45.257267799999966,-23.752409399999976],[-45.25733459999998,-23.75243869999997],[-45.25734179999995,-23.752496599999972],[-45.257408699999985,-23.752534099999934],[-45.25748239999996,-23.752452699999935],[-45.257502199999976,-23.752399799999978],[-45.25760329999997,-23.752353699999958],[-45.25769409999998,-23.752382599999976],[-45.25771589999994,-23.752473099999975],[-45.25787589999993,-23.752545699999928],[-45.25803529999996,-23.75261809999995],[-45.25811489999995,-23.75261779999994],[-45.258173099999965,-23.752653599999974],[-45.25819859999996,-23.75273029999994],[-45.25823939999998,-23.75283159999998],[-45.258262499999944,-23.752938599999936],[-45.25825859999998,-23.75304049999994],[-45.25826069999994,-23.75314789999993],[-45.258257,-23.753266399999973],[-45.25822,-23.753363499999978],[-45.25821869999993,-23.75345169999997],[-45.258199,-23.75351269999993],[-45.25816149999997,-23.753587799999934],[-45.258148,-23.75366809999997],[-45.25810139999993,-23.753746099999944],[-45.258064,-23.75382959999996],[-45.258032399999934,-23.75390479999993],[-45.25797689999996,-23.753985899999975],[-45.25799349999994,-23.75406419999996],[-45.258016399999974,-23.754157799999973],[-45.25806249999994,-23.75420939999998],[-45.258049,-23.754284299999938],[-45.258011099999976,-23.754348599999958],[-45.258028,-23.754447699999957],[-45.25807759999998,-23.754521499999953],[-45.258138299999985,-23.75454529999996],[-45.258202,-23.75456909999997],[-45.25826589999997,-23.754601099999945],[-45.25834159999994,-23.754619099999957],[-45.258405299999936,-23.754642799999942],[-45.258466099999964,-23.75467489999994],[-45.25850329999997,-23.75472949999994],[-45.25852269999996,-23.754792899999927],[-45.25857559999997,-23.754877699999952],[-45.258628699999974,-23.754970899999932],[-45.25864839999997,-23.755053499999974],[-45.25869729999994,-23.75509139999997],[-45.258776,-23.75510939999998],[-45.258848899999975,-23.75514389999995],[-45.25892249999998,-23.75521169999996],[-45.258961,-23.755256299999928],[-45.25903429999994,-23.755304699999954],[-45.259149099999945,-23.755310899999927],[-45.25923709999995,-23.755345199999965],[-45.259280099999955,-23.75538849999998],[-45.25933259999994,-23.755456599999945],[-45.259367,-23.755525],[-45.259389,-23.755577099999982],[-45.259441299999935,-23.755636899999956],[-45.259451499999955,-23.755694699999935],[-45.25951379999998,-23.755806899999982],[-45.259541799999965,-23.755902499999934],[-45.25956759999997,-23.755993099999955],[-45.25959629999994,-23.756069799999977],[-45.25961619999998,-23.75617139999997],[-45.259650499999964,-23.756225899999947],[-45.25972479999996,-23.756323599999973],[-45.25972639999998,-23.75641459999997],[-45.25974249999996,-23.756536799999935],[-45.259769,-23.75666309999997],[-45.259780399999954,-23.75680079999995],[-45.25983379999997,-23.756904499999962],[-45.259887,-23.75700269999993],[-45.25992219999995,-23.75710669999995],[-45.259950799999956,-23.757197099999928],[-45.25994019999996,-23.75728259999994],[-45.25992679999996,-23.757376499999964],[-45.25992579999996,-23.757492199999945],[-45.25996159999994,-23.757621],[-45.25999959999996,-23.757713899999942],[-45.26005339999995,-23.75783679999995],[-45.26002839999995,-23.757966499999952],[-45.26002169999998,-23.75808779999994],[-45.25997769999998,-23.758157299999937],[-45.259937,-23.758246],[-45.259902299999965,-23.758331899999973],[-45.25992179999997,-23.758403199999975],[-45.259908199999984,-23.758483299999966],[-45.25988529999995,-23.75855249999995],[-45.25988419999993,-23.758651699999973],[-45.25989359999994,-23.758808399999964],[-45.25982779999998,-23.758853599999952],[-45.25972529999996,-23.758894099999964],[-45.25964789999995,-23.758981],[-45.259595,-23.75907579999995],[-45.25951829999997,-23.75918759999996],[-45.25949009999994,-23.759296],[-45.25949939999998,-23.75947249999996],[-45.25948039999997,-23.759588599999972],[-45.25944029999994,-23.759696899999938],[-45.25933659999998,-23.75963509999997],[-45.25927409999997,-23.759520099999975],[-45.25919989999994,-23.75943019999994],[-45.25914229999995,-23.759414499999934],[-45.259054499999934,-23.759407499999952],[-45.25885669999997,-23.759499],[-45.25874479999993,-23.759649899999943],[-45.25868769999994,-23.759824899999956],[-45.25863009999995,-23.759975],[-45.258542499999976,-23.760122699999954],[-45.25846759999996,-23.76020129999995],[-45.25838189999996,-23.76026889999997],[-45.258253199999956,-23.760333899999978],[-45.258122,-23.76030359999993],[-45.25802479999993,-23.76034249999998],[-45.25788479999994,-23.76042179999996],[-45.25776719999993,-23.76053319999994],[-45.257763799999964,-23.760645299999965],[-45.25786919999996,-23.760750799999983],[-45.257753099999945,-23.760797399999944],[-45.25752559999995,-23.76085569999998],[-45.25736129999996,-23.760950399999956],[-45.257334,-23.761090299999978],[-45.257320799999945,-23.761252299999967],[-45.25740719999993,-23.761360499999967],[-45.257542899999976,-23.761472399999946],[-45.25766139999996,-23.76148459999996],[-45.25769029999998,-23.761495799999977],[-45.25771489999994,-23.761531799999943],[-45.25773159999994,-23.76157369999993],[-45.257748499999934,-23.761625699999968],[-45.25775909999993,-23.761683699999935],[-45.257781199999954,-23.761761699999965],[-45.25778449999996,-23.76184859999995],[-45.25775009999995,-23.761954],[-45.257721199999935,-23.762028399999963],[-45.25765609999996,-23.762123199999962],[-45.25759859999994,-23.762184599999955],[-45.25748649999997,-23.76220059999997],[-45.25744189999995,-23.76218549999993],[-45.25738709999996,-23.76215689999998],[-45.25733319999995,-23.762143299999934],[-45.25723169999998,-23.762130399999933],[-45.25718269999993,-23.762134],[-45.25708329999998,-23.762157299999956],[-45.25702639999997,-23.76216249999993],[-45.25695509999997,-23.762157799999954],[-45.256852299999935,-23.762162299999943],[-45.25673919999997,-23.762198699999942],[-45.256692,-23.762208],[-45.25662139999997,-23.76222779999995],[-45.256534699999975,-23.762232],[-45.25647679999997,-23.762251599999956],[-45.25641929999995,-23.76227979999993],[-45.25635509999995,-23.76229369999993],[-45.25626459999995,-23.762262799999974],[-45.25618039999995,-23.762235399999952],[-45.256124599999964,-23.762208899999962],[-45.25607059999993,-23.762198299999966],[-45.255984499999954,-23.762165099999947],[-45.255895599999974,-23.76214779999998],[-45.25582549999996,-23.762127299999975],[-45.255758699999944,-23.762112499999944],[-45.255664,-23.762116799999944],[-45.255580899999984,-23.762089299999957],[-45.25547209999996,-23.76207729999993],[-45.25538259999996,-23.76210759999998],[-45.25531939999996,-23.76211],[-45.255244699999935,-23.762163],[-45.255149,-23.76219329999998],[-45.25504689999997,-23.762216499999965],[-45.254923,-23.762192599999935],[-45.254823199999976,-23.76218849999998],[-45.254751,-23.76216089999997],[-45.25470429999996,-23.762134299999957],[-45.254637799999955,-23.76213819999998],[-45.254567899999984,-23.762179699999933],[-45.25451069999997,-23.762198199999943],[-45.254425399999946,-23.762203899999975],[-45.254373199999975,-23.762204699999927],[-45.254296099999976,-23.762224699999933],[-45.25421559999995,-23.762231699999973],[-45.254124099999956,-23.762314],[-45.254037299999936,-23.762388899999962],[-45.25394449999993,-23.762468],[-45.253877899999964,-23.762517899999978],[-45.25378859999995,-23.762553899999943],[-45.25368979999996,-23.762534199999948],[-45.25364469999994,-23.76251209999998],[-45.253580899999974,-23.762501699999973],[-45.253514199999984,-23.76250579999993],[-45.253471299999944,-23.76254259999996],[-45.253426599999955,-23.762598199999957],[-45.253381299999944,-23.76262349999996],[-45.25328969999998,-23.762629299999958],[-45.25321909999997,-23.762654899999973],[-45.253119899999945,-23.762679599999956],[-45.25304509999995,-23.76272849999998],[-45.25295059999996,-23.76279619999997],[-45.252864699999975,-23.762832],[-45.25280589999994,-23.76282729999997],[-45.252717099999984,-23.762824499999965],[-45.25263179999996,-23.762828799999966],[-45.25256589999998,-23.762842699999965],[-45.25249689999998,-23.762859],[-45.25242819999994,-23.762883099999954],[-45.252347499999985,-23.76292179999996],[-45.25228029999994,-23.762941499999954],[-45.252203399999985,-23.76295129999994],[-45.25211559999997,-23.762978699999962],[-45.25200369999993,-23.76299339999997],[-45.25191239999998,-23.762999199999967],[-45.25185219999997,-23.762994399999968],[-45.25178759999994,-23.762982799999975],[-45.251670299999944,-23.762987599999974],[-45.25157309999997,-23.76301589999997],[-45.251494599999944,-23.763008199999945],[-45.251415899999984,-23.762994499999934],[-45.251363599999934,-23.76298939999998],[-45.25130449999995,-23.76297539999996],[-45.25116209999993,-23.763028299999974],[-45.25103189999993,-23.763042299999938],[-45.25088919999996,-23.763080299999956],[-45.25078469999994,-23.763085],[-45.25060129999997,-23.763078899999982],[-45.250504,-23.763110299999937],[-45.25039929999997,-23.763115],[-45.250320699999975,-23.763113199999964],[-45.250219699999946,-23.76313879999998],[-45.250145299999986,-23.76315829999993],[-45.25006709999997,-23.763171599999964],[-45.24999189999994,-23.763178799999935],[-45.24990759999997,-23.763213],[-45.24974179999998,-23.76325739999993],[-45.24963109999993,-23.76328909999995],[-45.24954669999994,-23.763329399999975],[-45.249446199999966,-23.763381899999956],[-45.249382899999944,-23.76346639999997],[-45.24925859999996,-23.763471299999935],[-45.24917719999996,-23.763481499999955],[-45.249093699999946,-23.763524299999972],[-45.24898079999997,-23.763561599999946],[-45.248887399999944,-23.76359569999994],[-45.248788099999956,-23.763644599999964],[-45.24863759999994,-23.76363809999998],[-45.24852979999997,-23.76363079999993],[-45.24840389999997,-23.763608399999953],[-45.24830229999998,-23.763574],[-45.24820119999998,-23.763563399999953],[-45.24808969999998,-23.763523299999974],[-45.247986899999944,-23.763438599999972],[-45.24793719999997,-23.763400699999977],[-45.24788719999998,-23.76334789999993],[-45.247821399999964,-23.763307],[-45.24772959999996,-23.763257499999952],[-45.247702,-23.763183399999946],[-45.24766189999997,-23.763127399999973],[-45.247637399999974,-23.763044299999933],[-45.24761589999997,-23.762952199999972],[-45.247615,-23.76288329999994],[-45.24757129999995,-23.76280939999998],[-45.24755939999994,-23.762717],[-45.24752549999994,-23.762654699999928],[-45.24750089999998,-23.762571399999956],[-45.247479,-23.76247],[-45.247469699999954,-23.762356299999965],[-45.24745809999996,-23.76227259999996],[-45.247412199999985,-23.76211939999996],[-45.24749769999994,-23.761995399999932],[-45.24747579999996,-23.761881899999935],[-45.24747689999998,-23.761777],[-45.247451799999965,-23.761672399999952],[-45.247424199999955,-23.76159789999997],[-45.24738679999996,-23.761523599999975],[-45.24734,-23.761473299999977],[-45.24728969999995,-23.76141119999994],[-45.24722,-23.761355399999957],[-45.247145899999964,-23.761410599999977],[-45.247081899999955,-23.76147169999996],[-45.247067,-23.76153489999996],[-45.246969899999954,-23.761578499999928],[-45.246884499999965,-23.761558899999955],[-45.24678339999997,-23.761563499999966],[-45.24668409999998,-23.76163109999993],[-45.24656829999998,-23.761666099999957],[-45.24641839999998,-23.761677499999962],[-45.24628859999996,-23.76161639999998],[-45.246221899999966,-23.76158429999998],[-45.246154399999966,-23.76153119999998],[-45.246031,-23.761518199999955],[-45.245921899999985,-23.761487],[-45.245836699999984,-23.761491299999932],[-45.245772699999975,-23.761540199999956],[-45.24570659999995,-23.761624799999936],[-45.24566719999996,-23.76172689999993],[-45.245653199999936,-23.761804599999948],[-45.245622899999944,-23.761885399999983],[-45.245561,-23.762017399999934],[-45.24548379999993,-23.762060299999973],[-45.24540229999997,-23.76208479999997],[-45.24528939999993,-23.76214049999993],[-45.245176399999934,-23.76219009999994],[-45.245073,-23.762233399999957],[-45.24496949999997,-23.762270799999953],[-45.24485989999994,-23.76232619999996],[-45.24477009999998,-23.762387299999943],[-45.244685699999934,-23.76241529999993],[-45.244551599999966,-23.762420299999974],[-45.244439399999976,-23.762395099999935],[-45.24432879999995,-23.762417699999958],[-45.244232299999965,-23.762472899999977],[-45.24412169999994,-23.76251039999994],[-45.24400159999993,-23.762572],[-45.24393409999993,-23.762635699999976],[-45.243869899999936,-23.76269639999998],[-45.24383249999994,-23.76276269999994],[-45.24374059999997,-23.76277609999994],[-45.24363209999996,-23.762777899999946],[-45.24353989999997,-23.762779399999943],[-45.243589199999974,-23.762859],[-45.24353529999996,-23.762910499999975],[-45.24346589999993,-23.76298309999993],[-45.24339269999996,-23.763082699999927],[-45.243339499999934,-23.763193799999954],[-45.24328609999998,-23.763296099999934],[-45.24324869999998,-23.76337719999998],[-45.24314289999995,-23.763483099999974],[-45.24303139999995,-23.76350869999993],[-45.24296579999998,-23.76351569999997],[-45.242915299999936,-23.76358209999995],[-45.24279629999995,-23.763670499999932],[-45.24266179999995,-23.763693599999954],[-45.242570599999965,-23.763751799999966],[-45.24250089999998,-23.763863399999934],[-45.24243969999998,-23.763927099999933],[-45.24237279999994,-23.764254499999936],[-45.242333,-23.764380399999936],[-45.24224389999995,-23.764477],[-45.24214129999996,-23.764553],[-45.24206719999995,-23.764610799999957],[-45.24194109999996,-23.764693499999964],[-45.241913899999986,-23.764798199999973],[-45.24189,-23.76489669999995],[-45.241809099999955,-23.76494889999998],[-45.24174709999994,-23.764968],[-45.24166309999998,-23.765023199999973],[-45.241586,-23.765074699999957],[-45.24149079999995,-23.765201499999932],[-45.241417199999944,-23.765274199999965],[-45.24133669999998,-23.76535309999997],[-45.241266,-23.76542589999997],[-45.24115309999996,-23.765529399999934],[-45.241063199999985,-23.765629599999954],[-45.24097679999994,-23.76573559999997],[-45.24094249999996,-23.765810699999975],[-45.24089249999997,-23.76590989999994],[-45.24084829999998,-23.765976099999932],[-45.24077479999994,-23.766073],[-45.240728099999956,-23.766193099999953],[-45.240727499999934,-23.766289899999947],[-45.24067979999995,-23.76634729999995],[-45.24060459999998,-23.766363499999954],[-45.240557699999954,-23.766456699999935],[-45.24050029999995,-23.76654129999997],[-45.240425399999936,-23.766593399999977],[-45.24036849999993,-23.76670189999993],[-45.240360599999974,-23.76678549999997],[-45.240301,-23.766908799999953],[-45.24023749999998,-23.766993399999933],[-45.24017889999993,-23.767073599999947],[-45.24004959999996,-23.767141399999957],[-45.239988,-23.767166199999963],[-45.239911,-23.767236199999957],[-45.239823,-23.76725259999995],[-45.239682399999936,-23.767261],[-45.239535399999966,-23.767269399999975],[-45.239387499999964,-23.767238799999973],[-45.23922309999995,-23.767205499999932],[-45.239084799999944,-23.76718379999994],[-45.238930299999936,-23.76717139999994],[-45.23881,-23.76721809999998],[-45.238732099999936,-23.76725229999994],[-45.23866159999994,-23.76733429999996],[-45.238581899999986,-23.767458399999953],[-45.23850719999996,-23.767498599999954],[-45.23844359999998,-23.767601399999933],[-45.23840679999995,-23.767721799999947],[-45.23839529999998,-23.767814899999962],[-45.238446299999964,-23.767897799999957],[-45.23839849999996,-23.76798249999996],[-45.238346699999965,-23.768028499999957],[-45.238338699999986,-23.768127499999935],[-45.23836069999993,-23.768240499999933],[-45.238401099999976,-23.768272799999977],[-45.238503,-23.76826509999995],[-45.23849259999997,-23.76836979999996],[-45.23850249999998,-23.768504],[-45.23850169999997,-23.768623499999933],[-45.238494199999934,-23.768734199999983],[-45.238459399999954,-23.76880959999994],[-45.238517799999954,-23.768912799999953],[-45.238474,-23.768996799999968],[-45.23837189999995,-23.76900809999995],[-45.238307099999986,-23.769063199999948],[-45.23819709999998,-23.76916129999995],[-45.23813279999996,-23.769213099999945],[-45.238183499999934,-23.76928369999996],[-45.23821159999994,-23.76936939999996],[-45.23816409999995,-23.769438599999944],[-45.23807059999996,-23.769512],[-45.23802409999996,-23.769595099999947],[-45.23795019999994,-23.769653],[-45.23789659999994,-23.76977329999994],[-45.23788849999994,-23.769892699999957],[-45.23788719999993,-23.770014799999956],[-45.23792479999997,-23.770145],[-45.23783849999995,-23.770218099999965],[-45.23771579999993,-23.770262299999956],[-45.237593,-23.77030949999994],[-45.23745709999997,-23.77037409999997],[-45.23736759999997,-23.770473299999935],[-45.23728749999998,-23.770545599999934],[-45.23713859999998,-23.770598699999937],[-45.237012,-23.77063389999995],[-45.236878399999966,-23.770654499999978],[-45.236764799999946,-23.770743099999947],[-45.23668709999998,-23.770774099999983],[-45.23658359999996,-23.770817699999952],[-45.236508399999934,-23.77080419999993],[-45.23641649999996,-23.770776],[-45.23634489999995,-23.770789199999967],[-45.23624119999994,-23.770841899999937],[-45.23615109999997,-23.770918],[-45.236064,-23.770982299999957],[-45.236045899999965,-23.771051],[-45.23606369999993,-23.771119],[-45.23601689999998,-23.771217699999966],[-45.235959599999944,-23.77128689999995],[-45.235801599999945,-23.771394099999952],[-45.235743799999966,-23.77145489999998],[-45.23571,-23.771559799999977],[-45.23562889999994,-23.771685299999945],[-45.23559469999998,-23.771778499999982],[-45.23554759999996,-23.771878],[-45.235510499999975,-23.771989299999973],[-45.23549559999998,-23.77206719999998],[-45.23542549999996,-23.772164199999963],[-45.23535489999995,-23.772234399999945],[-45.23537309999995,-23.772338599999955],[-45.23544919999995,-23.77238749999998],[-45.235439,-23.772479799999928],[-45.235402,-23.772587699999974],[-45.23542709999998,-23.772685499999966],[-45.23543909999995,-23.77278339999998],[-45.23532179999995,-23.772809499999937],[-45.235184199999935,-23.772815199999968],[-45.23509779999995,-23.772772199999963],[-45.23502979999995,-23.772681099999943],[-45.23489669999998,-23.77275519999995],[-45.23474719999996,-23.77281439999996],[-45.23460389999997,-23.772840499999973],[-45.234503899999936,-23.772938],[-45.23441329999997,-23.773017399999958],[-45.234279699999945,-23.77307369999994],[-45.23417639999997,-23.773183399999937],[-45.234081799999956,-23.773318899999936],[-45.233982899999944,-23.773458199999936],[-45.23397879999993,-23.773584],[-45.23398059999994,-23.77368279999996],[-45.23390389999997,-23.773795],[-45.23390559999996,-23.773887899999977],[-45.23398259999993,-23.773976499999947],[-45.23401919999998,-23.77400579999994],[-45.23403739999998,-23.774107399999934],[-45.234082099999966,-23.774220499999956],[-45.23412029999997,-23.774342799999943],[-45.234103,-23.774473499999942],[-45.23417049999995,-23.774580199999946],[-45.23419489999998,-23.774657699999977],[-45.23426969999997,-23.774785],[-45.234324199999946,-23.774888699999963],[-45.23435859999995,-23.774971799999946],[-45.23438609999994,-23.775040099999956],[-45.23439819999993,-23.775171599999965],[-45.23439309999998,-23.775255799999968],[-45.23445979999997,-23.775310899999965],[-45.234474499999976,-23.775399899999968],[-45.234482699999944,-23.775489499999935],[-45.23449459999995,-23.775599899999975],[-45.23453619999998,-23.775718799999936],[-45.23454519999996,-23.775850099999957],[-45.23455709999996,-23.775951299999974],[-45.23453929999994,-23.776047199999937],[-45.234613,-23.776129],[-45.23458169999998,-23.77620719999993],[-45.23450449999996,-23.776277499999935],[-45.234426,-23.776392099999953],[-45.234333499999934,-23.77651019999996],[-45.23422679999993,-23.776574799999935],[-45.23408559999996,-23.77670219999993],[-45.233898099999976,-23.776791299999957],[-45.23370689999996,-23.77685379999997],[-45.23352769999997,-23.776874499999963],[-45.233376599999986,-23.776844299999937],[-45.23329529999995,-23.776741699999945],[-45.23319189999995,-23.77667189999994],[-45.23304539999998,-23.776689],[-45.23283939999993,-23.776784199999952],[-45.232708299999956,-23.776860299999953],[-45.232616,-23.776826],[-45.232519699999955,-23.776797699999975],[-45.232412,-23.77679619999998],[-45.232255099999975,-23.77678069999996],[-45.23212969999997,-23.77672309999997],[-45.231974099999945,-23.776630299999965],[-45.23184079999993,-23.776525],[-45.23175009999994,-23.776421899999946],[-45.231683,-23.77634519999998],[-45.231681599999945,-23.776219399999945],[-45.23162949999994,-23.77615929999996],[-45.23154979999998,-23.776134399999933],[-45.231457,-23.776092199999937],[-45.23137759999997,-23.77608189999995],[-45.23128289999994,-23.776097799999945],[-45.23122559999996,-23.77609],[-45.231171,-23.77618659999996],[-45.231096899999955,-23.776238599999942],[-45.23097059999998,-23.776265699999954],[-45.23087629999998,-23.77623189999997],[-45.230768299999966,-23.77620589999998],[-45.23071009999995,-23.77619169999997],[-45.230566,-23.77615359999993],[-45.23049849999995,-23.776096699999982],[-45.23047779999996,-23.776031599999953],[-45.230424599999935,-23.775994599999933],[-45.23033669999995,-23.776013599999942],[-45.230137799999966,-23.776183599999968],[-45.23003389999997,-23.776271399999928],[-45.229940099999965,-23.776280499999928],[-45.22987129999996,-23.77629929999995],[-45.22983319999997,-23.776332699999955],[-45.22983769999996,-23.776426199999946],[-45.229819299999974,-23.776471899999933],[-45.22981209999995,-23.77653269999996],[-45.22981679999998,-23.776602599999933],[-45.22986569999995,-23.776705499999935],[-45.229917899999975,-23.776843699999972],[-45.23000529999996,-23.776941],[-45.23001259999995,-23.777036899999928],[-45.230049099999974,-23.777223299999946],[-45.23005349999994,-23.777309099999968],[-45.230094399999984,-23.777388799999983],[-45.23013139999995,-23.777458899999942],[-45.23016229999996,-23.777498799999933],[-45.23014519999998,-23.777569099999937],[-45.23015469999996,-23.77762],[-45.23019469999997,-23.777705699999956],[-45.23025209999997,-23.777810699999975],[-45.23031409999993,-23.77791579999996],[-45.230328499999985,-23.777986399999975],[-45.230367799999954,-23.778028399999982],[-45.23043709999996,-23.778074499999946],[-45.23046389999996,-23.778129],[-45.230499399999985,-23.77818739999998],[-45.230569,-23.778249199999948],[-45.23059109999997,-23.778287],[-45.23063449999995,-23.778313799999978],[-45.230673699999954,-23.77834459999997],[-45.230700199999944,-23.77838739999993],[-45.23073939999995,-23.778418199999976],[-45.230774199999985,-23.778445099999942],[-45.23082679999993,-23.778503199999932],[-45.230879,-23.77854169999995],[-45.23091869999996,-23.77859609999996],[-45.230984099999944,-23.778654099999983],[-45.23104939999996,-23.77870409999997],[-45.231152899999984,-23.77873379999994],[-45.231256299999984,-23.778763499999968],[-45.231393899999944,-23.778792599999974],[-45.23153929999995,-23.778782199999966],[-45.231573699999956,-23.77878949999996],[-45.23161279999994,-23.778816399999982],[-45.23161849999997,-23.77887549999997],[-45.231718299999955,-23.778932899999973],[-45.231676499999935,-23.778977],[-45.23172489999996,-23.779035299999975],[-45.23181959999994,-23.779053399999952],[-45.23190939999995,-23.779051799999934],[-45.23199869999996,-23.77904209999997],[-45.23202159999994,-23.77907349999998],[-45.23212959999995,-23.779118899999958],[-45.23225169999995,-23.779223],[-45.23239429999995,-23.779291399999977],[-45.23238769999995,-23.779381899999976],[-45.23244509999995,-23.77946359999993],[-45.23253689999996,-23.779552499999966],[-45.23262879999993,-23.779645399999936],[-45.23278369999997,-23.77968979999997],[-45.23291659999995,-23.779703299999937],[-45.233019199999944,-23.779701599999953],[-45.23309379999995,-23.779779],[-45.233159,-23.779825199999948],[-45.233241599999985,-23.77987889999997],[-45.233311,-23.779917099999977],[-45.233398,-23.780021699999963],[-45.23347629999995,-23.780083299999944],[-45.23360569999994,-23.780128399999967],[-45.23370539999996,-23.780185699999947],[-45.23374219999994,-23.780307],[-45.233833699999934,-23.780380199999968],[-45.233921099999975,-23.780461299999956],[-45.23401629999995,-23.780510899999967],[-45.23411169999997,-23.78056829999997],[-45.234204,-23.780688599999962],[-45.23429949999996,-23.780769299999974],[-45.23439629999996,-23.780867099999966],[-45.234475,-23.780948299999977],[-45.23450029999998,-23.780992199999957],[-45.23455089999993,-23.78104529999996],[-45.23460759999995,-23.78109269999993],[-45.234586899999954,-23.78114419999997],[-45.23464539999998,-23.78128819999995],[-45.23469309999996,-23.781352699999957],[-45.234723,-23.781454699999983],[-45.234745799999985,-23.781514],[-45.23478439999997,-23.78158449999995],[-45.234826099999964,-23.781657699999982],[-45.23485189999997,-23.78170849999998],[-45.23489009999997,-23.78176179999997],[-45.23492209999995,-23.781814099999963],[-45.23499409999994,-23.781858399999976],[-45.23506679999997,-23.781939499999964],[-45.23513029999998,-23.78202639999995],[-45.235159599999974,-23.782108199999982],[-45.23517089999996,-23.782215899999983],[-45.235200599999985,-23.78232029999998],[-45.235190699999976,-23.782396],[-45.235176499999966,-23.782455899999945],[-45.235104099999944,-23.78251119999993],[-45.235059699999965,-23.782594399999937],[-45.23504559999998,-23.782662899999934],[-45.235012799999936,-23.78274289999996],[-45.23498609999996,-23.78281709999993],[-45.234996699999954,-23.78292749999997],[-45.23497649999996,-23.78302149999996],[-45.234944,-23.783112899999935],[-45.23488379999998,-23.783190499999932],[-45.234810799999934,-23.78325129999996],[-45.234747099999936,-23.78332329999995],[-45.23469509999995,-23.783358299999975],[-45.23464919999998,-23.783407199999942],[-45.234569299999976,-23.783445399999948],[-45.23448019999995,-23.783492199999955],[-45.23441589999993,-23.783558399999947],[-45.23436769999995,-23.78364419999997],[-45.23439949999994,-23.783717099999933],[-45.23440979999998,-23.783798899999965],[-45.234383399999956,-23.783884399999977],[-45.234387399999946,-23.78394929999996],[-45.23431439999996,-23.783987899999943],[-45.23422569999997,-23.784018499999945],[-45.23414939999998,-23.784068399999967],[-45.234069799999986,-23.784140299999933],[-45.234005699999955,-23.784206299999937],[-45.23393219999997,-23.78426159999998],[-45.233874,-23.784310699999935],[-45.23380959999997,-23.784357],[-45.233745899999974,-23.784426199999928],[-45.23369779999996,-23.784509199999945],[-45.23362139999995,-23.78455889999998],[-45.23354189999998,-23.78460869999998],[-45.233446,-23.78461619999996],[-45.23337449999997,-23.784608799999944],[-45.233297,-23.784613],[-45.23329849999993,-23.78469819999998],[-45.233299699999975,-23.78476349999994],[-45.23325569999997,-23.78473589999993],[-45.23319739999994,-23.784771],[-45.23311169999994,-23.78484069999996],[-45.23299429999997,-23.784879799999942],[-45.23285969999995,-23.784917699999937],[-45.232689,-23.784971199999973],[-45.23259439999998,-23.78501149999994],[-45.232532,-23.785068199999955],[-45.23259909999996,-23.785125299999947],[-45.23265539999994,-23.785163099999977],[-45.23272979999996,-23.785183699999948],[-45.23280589999996,-23.785153399999956],[-45.232842199999936,-23.785261699999978],[-45.23286919999998,-23.785297499999956],[-45.23289639999996,-23.785340599999927],[-45.23290079999998,-23.785437399999978],[-45.23294949999996,-23.78550189999993],[-45.23294819999995,-23.785585599999933],[-45.232991899999945,-23.785659899999928],[-45.23302839999997,-23.78577309999997],[-45.23306029999998,-23.785784699999965],[-45.23313959999996,-23.785783299999935],[-45.23319689999994,-23.785743599999932],[-45.233267299999966,-23.785698699999955],[-45.23331479999996,-23.78570519999994],[-45.23338159999997,-23.78575239999998],[-45.233424699999944,-23.7858],[-45.233402299999966,-23.785865799999954],[-45.23336629999994,-23.785912399999972],[-45.233360199999936,-23.786004499999933],[-45.23335649999996,-23.786091599999963],[-45.23334539999996,-23.786193499999968],[-45.23335279999998,-23.78630469999996],[-45.23339649999997,-23.786374299999977],[-45.23344,-23.786439],[-45.233478599999955,-23.786520699999983],[-45.233550399999956,-23.78656049999995],[-45.23354649999993,-23.78667729999995],[-45.23356579999995,-23.78680559999998],[-45.23366619999996,-23.786934299999928],[-45.23378729999996,-23.78698929999996],[-45.233828899999935,-23.787173799999948],[-45.233861299999944,-23.78735],[-45.233901,-23.78749709999994],[-45.23395259999995,-23.787567199999955],[-45.23398519999995,-23.78763619999995],[-45.23400879999997,-23.78770549999996],[-45.234032799999966,-23.787791099999936],[-45.23402179999994,-23.78792649999997],[-45.23406369999998,-23.788016],[-45.234105599999964,-23.78810139999996],[-45.23415539999996,-23.788137399999982],[-45.23419639999997,-23.78817749999996],[-45.234224,-23.788222],[-45.23423859999997,-23.788287199999957],[-45.23427559999993,-23.788356],[-45.234303599999976,-23.78842089999995],[-45.23435839999996,-23.78848519999997],[-45.23438109999995,-23.788508499999978],[-45.23443969999994,-23.788540199999943],[-45.23446739999997,-23.78859289999997],[-45.23450489999993,-23.78869039999995],[-45.234573,-23.788754599999947],[-45.234614499999964,-23.78883559999997],[-45.23464789999997,-23.788945499999954],[-45.234680699999956,-23.789030799999978],[-45.23469579999994,-23.789120599999933],[-45.234684399999935,-23.78921909999997],[-45.234677,-23.789297],[-45.234750099999985,-23.78938979999998],[-45.23473379999996,-23.789471899999967],[-45.23473119999994,-23.78957689999993],[-45.23475529999996,-23.789666499999953],[-45.234774699999946,-23.789743899999962],[-45.234794799999975,-23.78985819999997],[-45.23482759999996,-23.789935399999933],[-45.234874099999956,-23.79003689999996],[-45.23492909999993,-23.79012179999995],[-45.234966499999985,-23.790215299999943],[-45.23499919999995,-23.790288499999974],[-45.23508979999997,-23.79036869999993],[-45.23516979999994,-23.790379299999927],[-45.23523369999998,-23.790402599999936],[-45.235337399999935,-23.790449699999954],[-45.23537929999998,-23.79054309999998],[-45.23543479999995,-23.79065259999993],[-45.23552159999997,-23.79075729999994],[-45.235537299999976,-23.790884199999937],[-45.235618699999975,-23.790939799999933],[-45.235677,-23.791060699999946],[-45.23570589999997,-23.791170699999952],[-45.23576549999996,-23.791259599999933],[-45.235822,-23.79141409999994],[-45.23592659999997,-23.791526699999963],[-45.23600019999998,-23.79164389999994],[-45.23609529999993,-23.791732],[-45.23618149999993,-23.791817399999957],[-45.23619659999997,-23.791907],[-45.236208199999965,-23.79204169999997],[-45.23619739999998,-23.79216459999998],[-45.23621689999993,-23.792250099999933],[-45.23624669999998,-23.79241719999993],[-45.236177399999974,-23.792512599999952],[-45.236095399999954,-23.79265319999996],[-45.23608109999998,-23.792837599999928],[-45.23611119999998,-23.79301709999993],[-45.236091699999974,-23.793160899999975],[-45.236301899999944,-23.793272],[-45.23641049999998,-23.79334769999997],[-45.236505299999976,-23.793403099999978],[-45.236595499999964,-23.79345449999994],[-45.23664669999994,-23.79357209999995],[-45.23666789999993,-23.79374789999997],[-45.236689,-23.79391579999998],[-45.23674919999996,-23.79403179999997],[-45.23689879999995,-23.794143799999972],[-45.23691139999994,-23.794360799999936],[-45.23698609999997,-23.79453129999996],[-45.23716829999995,-23.79471209999997],[-45.237215299999946,-23.794838],[-45.23726709999994,-23.794984399999976],[-45.23735719999996,-23.79517069999997],[-45.237378399999955,-23.79535009999995],[-45.23746609999995,-23.795487599999944],[-45.237512799999934,-23.795588899999927],[-45.23746349999993,-23.79558979999996],[-45.23730539999997,-23.795531299999936],[-45.23712519999998,-23.795493499999964],[-45.236895699999934,-23.795472899999936],[-45.23677289999995,-23.795380799999975],[-45.23668239999995,-23.79557049999994],[-45.23662249999995,-23.795714699999962],[-45.236557,-23.795789199999945],[-45.236537399999975,-23.795907899999975],[-45.23649539999997,-23.79602689999996],[-45.23640219999993,-23.796073399999955],[-45.23629839999995,-23.796046599999954],[-45.236181699999975,-23.796044499999937],[-45.236100299999976,-23.796009099999935],[-45.23599219999994,-23.795978099999957],[-45.23588479999995,-23.79597979999994],[-45.235832899999934,-23.79604009999997],[-45.235762299999976,-23.79609439999996],[-45.23564789999995,-23.796206599999948],[-45.23555539999995,-23.796285799999964],[-45.23549469999995,-23.796393199999955],[-45.23542069999996,-23.79650479999998],[-45.23540069999996,-23.796632],[-45.235429299999964,-23.796721599999955],[-45.23545349999995,-23.796819399999947],[-45.235411,-23.79693869999994],[-45.23538229999997,-23.797082399999965],[-45.235403099999985,-23.79725],[-45.235414799999944,-23.797405399999946],[-45.23546189999996,-23.79753979999998],[-45.235497,-23.79762779999993],[-45.23556979999995,-23.797684],[-45.235647,-23.797731899999974],[-45.235715899999946,-23.797824899999966],[-45.23577569999998,-23.797914],[-45.235845,-23.798035699999957],[-45.235873599999934,-23.79813349999995],[-45.235888699999975,-23.79822329999996],[-45.23590029999997,-23.79837459999993],[-45.235903,-23.79852189999997],[-45.235905199999934,-23.798640499999976],[-45.23592089999994,-23.798758799999973],[-45.235933099999954,-23.798930499999983],[-45.235994,-23.79907259999993],[-45.23596539999994,-23.799229899999943],[-45.235972199999935,-23.799364799999978],[-45.236001199999976,-23.79948719999993],[-45.23606719999998,-23.799670299999946],[-45.23614989999993,-23.799787699999968],[-45.23627689999995,-23.79987559999995],[-45.23638689999996,-23.800017099999934],[-45.23645179999994,-23.800143],[-45.23652929999997,-23.80022359999998],[-45.23660369999993,-23.80037779999998],[-45.23675389999994,-23.800514499999963],[-45.236863599999936,-23.800643699999966],[-45.23700409999998,-23.80073959999993],[-45.23713589999994,-23.80085189999994],[-45.23725049999996,-23.80100539999995],[-45.23732389999998,-23.80110639999998],[-45.23735719999996,-23.801220399999977],[-45.23731019999997,-23.801340099999948],[-45.23722969999994,-23.801341599999944],[-45.237113299999976,-23.80133539999997],[-45.23700189999994,-23.80136189999996],[-45.236993,-23.80136209999995],[-45.23690349999998,-23.801359399999967],[-45.236795,-23.801303899999937],[-45.236688,-23.801322],[-45.236649,-23.801396299999965],[-45.23673119999995,-23.801480899999945],[-45.23672389999996,-23.801574899999935],[-45.236708299999975,-23.801697899999965],[-45.23673329999997,-23.801836699999967],[-45.236815899999954,-23.801954099999932],[-45.23695019999997,-23.80196019999994],[-45.237077,-23.802044199999955],[-45.23726089999997,-23.80207409999997],[-45.23733429999993,-23.80217129999994],[-45.23744349999998,-23.802272],[-45.23766749999993,-23.802289],[-45.237796499999945,-23.80225],[-45.23787119999997,-23.802179199999955],[-45.23799539999993,-23.802136],[-45.23810659999998,-23.802117599999974],[-45.23822789999997,-23.802156399999944],[-45.238336199999935,-23.802220099999943],[-45.23840179999996,-23.802370699999983],[-45.23842609999997,-23.80246459999995],[-45.238477399999965,-23.802570499999945],[-45.238608899999974,-23.802674699999955],[-45.238685299999986,-23.802762],[-45.23877569999996,-23.802809699999955],[-45.238952799999936,-23.802958299999943],[-45.23895729999998,-23.802958199999978],[-45.239079,-23.80301359999993],[-45.239175,-23.803126599999928],[-45.239213,-23.80325279999994],[-45.239295599999934,-23.80337009999994],[-45.239417,-23.803413099999943],[-45.239494399999955,-23.803489499999955],[-45.23952729999996,-23.803579],[-45.23963709999998,-23.80371619999994],[-45.23974279999993,-23.803878099999963],[-45.23988739999993,-23.80397769999996],[-45.23993889999997,-23.804099699999938],[-45.24000689999997,-23.804219299999943],[-45.24011169999994,-23.804328],[-45.24020779999995,-23.804453199999955],[-45.240308899999945,-23.804607],[-45.240449,-23.804694499999982],[-45.24061679999994,-23.80483479999998],[-45.240719799999965,-23.804853199999968],[-45.240788,-23.804921599999943],[-45.24091869999995,-23.80499279999998],[-45.240889599999946,-23.805172],[-45.24106869999997,-23.80539079999994],[-45.241266199999984,-23.805419599999937],[-45.241268299999945,-23.805550299999936],[-45.24132819999994,-23.80564739999994],[-45.24143359999994,-23.80578859999997],[-45.24148459999998,-23.805889899999954],[-45.24153549999994,-23.805983],[-45.24155969999998,-23.806092899999953],[-45.241575,-23.806199],[-45.24159469999995,-23.80630489999993],[-45.24157839999998,-23.806399399999975],[-45.241580099999965,-23.80649349999993],[-45.24155939999997,-23.806592199999955],[-45.24154919999995,-23.806668899999977],[-45.24156489999996,-23.80682],[-45.241593199999954,-23.80691369999994],[-45.241670399999975,-23.80697379999998],[-45.24178329999995,-23.80702089999994],[-45.241882499999974,-23.80704369999995],[-45.24190609999994,-23.807121],[-45.241930399999944,-23.807239299999935],[-45.24199519999996,-23.80736509999997],[-45.24205539999997,-23.807470299999977],[-45.242088199999955,-23.807551399999966],[-45.24213439999994,-23.807628199999954],[-45.24216219999994,-23.80768029999996],[-45.24220379999997,-23.807749099999967],[-45.242214299999944,-23.807834699999944],[-45.242193499999985,-23.807929],[-45.24217719999996,-23.808019199999933],[-45.24216949999993,-23.80808879999995],[-45.24215819999995,-23.808203499999934],[-45.24211489999993,-23.808290099999965],[-45.24210309999995,-23.808380299999953],[-45.24210519999997,-23.80849889999996],[-45.242085299999985,-23.80863409999995],[-45.242030599999964,-23.808766499999933],[-45.24207809999996,-23.808897799999954],[-45.242136699999946,-23.808932],[-45.24220589999993,-23.80902459999993],[-45.24225229999996,-23.809097099999974],[-45.242240799999934,-23.809173699999974],[-45.24223519999998,-23.80925069999995],[-45.24222609999998,-23.809338499999967],[-45.24228649999998,-23.809420299999942],[-45.242336,-23.80949739999994],[-45.242407399999934,-23.80959839999997],[-45.24238909999997,-23.80977409999997],[-45.242327399999965,-23.809916399999963],[-45.24219409999995,-23.809948],[-45.24214329999995,-23.810095099999955],[-45.24217219999997,-23.810206599999958],[-45.24217479999993,-23.810342899999966],[-45.24223059999997,-23.810468499999956],[-45.24230749999998,-23.81057409999994],[-45.24232559999996,-23.810680899999966],[-45.24232439999997,-23.810762199999942],[-45.24226459999994,-23.810869099999934],[-45.242170699999974,-23.811118699999952],[-45.24206859999998,-23.811261399999978],[-45.24197789999994,-23.811356099999955],[-45.24186339999994,-23.811502],[-45.24176389999997,-23.81162759999995],[-45.24167029999995,-23.811733199999935],[-45.24154629999998,-23.811856],[-45.241423699999984,-23.811950699999954],[-45.24131719999997,-23.81202559999997],[-45.241186,-23.812098099999957],[-45.241076299999975,-23.812161699999933],[-45.24091379999993,-23.81219779999998],[-45.24085519999994,-23.812190199999975],[-45.24075879999998,-23.812141],[-45.24063509999996,-23.812106299999982],[-45.24054209999997,-23.81207109999997],[-45.24045159999997,-23.81200769999998],[-45.24037949999996,-23.81194409999995],[-45.24034089999998,-23.811868699999934],[-45.240225099999975,-23.81177749999995],[-45.240125199999966,-23.811714199999983],[-45.23999859999998,-23.81169079999995],[-45.23983619999996,-23.811707399999932],[-45.23972539999994,-23.811695],[-45.239607199999966,-23.811634899999945],[-45.239522799999975,-23.811585399999956],[-45.23943909999997,-23.811554],[-45.23934939999998,-23.81153009999997],[-45.23923479999996,-23.811500899999942],[-45.239142,-23.811476899999946],[-45.23903909999996,-23.811416599999973],[-45.23895779999998,-23.811355899999967],[-45.23888329999994,-23.811320399999943],[-45.238787,-23.811273899999946],[-45.23870329999994,-23.811238499999945],[-45.23858519999993,-23.811186799999973],[-45.23849729999995,-23.811103699999933],[-45.238440099999934,-23.81101719999998],[-45.23838649999993,-23.81095309999995],[-45.238296,-23.81089819999994],[-45.23818669999997,-23.810832199999936],[-45.23807409999995,-23.810763399999928],[-45.23800849999998,-23.810724799999946],[-45.237937399999964,-23.810687299999927],[-45.23786229999996,-23.810637699999972],[-45.237769199999946,-23.810613799999942],[-45.23769159999995,-23.810598],[-45.237589,-23.810565699999927],[-45.237502,-23.810536],[-45.237431,-23.810537099999976],[-45.237356699999964,-23.810527],[-45.237275899999986,-23.810502799999938],[-45.23716989999997,-23.81045919999997],[-45.23706379999993,-23.810415599999942],[-45.23700169999995,-23.810402499999952],[-45.236943199999985,-23.810420299999976],[-45.236855299999945,-23.810497599999962],[-45.23687719999998,-23.810547699999972],[-45.236977199999956,-23.810572299999933],[-45.23701879999993,-23.81064509999993],[-45.23708489999996,-23.81070049999994],[-45.23717849999997,-23.810741399999984],[-45.237265899999954,-23.810779599999933],[-45.23734109999998,-23.810834799999952],[-45.23740809999998,-23.810941],[-45.23731369999996,-23.811015899999973],[-45.237184799999966,-23.81106589999996],[-45.237179899999944,-23.811136499999975],[-45.23722779999997,-23.811220399999968],[-45.23727239999994,-23.81128739999997],[-45.237310899999954,-23.811360199999967],[-45.237346299999956,-23.811435699999947],[-45.23740609999993,-23.811494],[-45.237487199999975,-23.811535],[-45.237551,-23.811603099999957],[-45.237591899999984,-23.811647599999958],[-45.23765109999994,-23.811677799999927],[-45.23771119999998,-23.811761499999932],[-45.23776449999997,-23.811805799999945],[-45.23783759999998,-23.81175389999993],[-45.237918399999955,-23.811783699999978],[-45.23801489999994,-23.811832899999956],[-45.238093,-23.811888099999976],[-45.238167799999985,-23.81193209999998],[-45.23823689999995,-23.811998699999947],[-45.238306,-23.812068099999976],[-45.238378799999964,-23.812165499999935],[-45.23843569999997,-23.81223769999997],[-45.238507599999934,-23.812289799999974],[-45.238580499999955,-23.812395099999947],[-45.23858889999997,-23.812515599999983],[-45.23859829999998,-23.812660299999948],[-45.23853569999994,-23.81275119999998],[-45.23845369999998,-23.812786199999948],[-45.23841879999998,-23.812899199999947],[-45.23833749999994,-23.81298759999993],[-45.23817859999997,-23.813029599999936],[-45.23804009999998,-23.813015],[-45.23796939999994,-23.81301609999997],[-45.23790519999994,-23.813039699999933],[-45.237863,-23.81308809999996],[-45.237753,-23.813126599999975],[-45.23763629999996,-23.813148399999932],[-45.23755969999996,-23.81317219999994],[-45.23746229999995,-23.813238599999977],[-45.23739879999994,-23.813301499999966],[-45.237310399999956,-23.813359399999968],[-45.23728649999998,-23.813402099999962],[-45.237313,-23.81349739999996],[-45.23734589999998,-23.813600899999983],[-45.23737889999995,-23.813715499999944],[-45.237410799999964,-23.813768299999936],[-45.237405799999976,-23.81383009999996],[-45.23729249999997,-23.813866],[-45.23715579999998,-23.813823799999966],[-45.237077399999976,-23.81376629999994],[-45.23699279999994,-23.813711699999942],[-45.236906,-23.81371359999997],[-45.23685149999994,-23.81377379999998],[-45.236887199999956,-23.81386059999994],[-45.23691619999994,-23.813922099999957],[-45.237026,-23.81399289999996],[-45.23713479999998,-23.814021399999945],[-45.237184,-23.81410779999993],[-45.23717339999996,-23.814201],[-45.23715969999995,-23.814311199999963],[-45.23712379999995,-23.814410599999974],[-45.237162299999966,-23.814503099999968],[-45.23722019999997,-23.81463759999997],[-45.237293199999954,-23.81474359999993],[-45.23735339999996,-23.814827299999934],[-45.23742939999994,-23.814933199999928],[-45.23748649999993,-23.81501389999994],[-45.23753759999994,-23.81510609999998],[-45.23758259999994,-23.815201099999967],[-45.23765229999998,-23.815280799999982],[-45.23768679999995,-23.81536129999995],[-45.23773209999996,-23.81543659999994],[-45.23760249999998,-23.81556539999997],[-45.237594899999976,-23.815686699999958],[-45.237683,-23.815755799999977],[-45.23775839999996,-23.815805299999965],[-45.237852799999985,-23.815871199999947],[-45.23787619999996,-23.81599209999996],[-45.23799279999997,-23.816099899999983],[-45.238090099999965,-23.81617979999993],[-45.23815319999994,-23.816246199999966],[-45.23822279999996,-23.816349199999934],[-45.238303299999984,-23.816364499999963],[-45.238422199999945,-23.816255499999954],[-45.238462899999945,-23.816229499999963],[-45.23848849999996,-23.816318899999942],[-45.23846409999993,-23.816445899999962],[-45.238481399999955,-23.81660889999995],[-45.23850129999994,-23.816894899999966],[-45.23857159999994,-23.817031699999973],[-45.238657399999965,-23.817173699999955],[-45.23870539999996,-23.817277],[-45.23878109999998,-23.817371199999968],[-45.23884449999997,-23.817476899999974],[-45.23887369999994,-23.817563699999937],[-45.23882639999994,-23.817677299999957],[-45.238859599999955,-23.817806099999927],[-45.23867949999993,-23.817790599999967],[-45.238574,-23.81790369999993],[-45.238802,-23.81805129999998],[-45.23867539999998,-23.818168699999944],[-45.238656499999934,-23.81830139999994],[-45.238671599999975,-23.818451799999934],[-45.23870229999994,-23.81861189999995],[-45.238739099999975,-23.81877479999997],[-45.238759399999935,-23.818873099999962],[-45.23877369999997,-23.818982699999935],[-45.23878789999998,-23.819086699999957],[-45.23881719999997,-23.81916519999993],[-45.23885549999994,-23.819237899999962],[-45.23891159999994,-23.819279199999983],[-45.238946099999964,-23.81931529999997],[-45.23900279999998,-23.81938759999997],[-45.239036699999986,-23.81942749999996],[-45.239062,-23.819487099999947],[-45.23910449999994,-23.819555799999932],[-45.239126699999986,-23.819628],[-45.23915539999996,-23.81968749999993],[-45.23918759999998,-23.819753299999945],[-45.23920949999996,-23.81981609999997],[-45.23927089999995,-23.819829899999945],[-45.23932679999996,-23.819863599999962],[-45.239356,-23.819951499999945],[-45.23941,-23.820083099999977],[-45.239459899999986,-23.82017049999996],[-45.23951329999994,-23.820261099999982],[-45.23955559999996,-23.820310699999936],[-45.239597799999956,-23.820357199999933],[-45.239654,-23.82040159999997],[-45.23971379999995,-23.820463699999948],[-45.239787399999955,-23.820535],[-45.239805599999954,-23.82060089999993],[-45.239858899999945,-23.820694699999933],[-45.23991459999996,-23.820725299999935],[-45.239991499999974,-23.820780799999966],[-45.24006859999997,-23.82084889999993],[-45.240138499999944,-23.820901299999946],[-45.24019119999997,-23.820954],[-45.24027849999993,-23.82101549999993],[-45.24039689999995,-23.821086],[-45.24056989999997,-23.821157099999937],[-45.24066359999995,-23.82119659999995],[-45.240853899999934,-23.821244199999967],[-45.241114599999946,-23.82138489999994],[-45.241246899999965,-23.82146469999998],[-45.24125379999998,-23.821464599999956],[-45.241633699999966,-23.821544],[-45.241782599999965,-23.82159829999995],[-45.24197979999997,-23.821645599999954],[-45.24211669999994,-23.82175369999993],[-45.242224599999986,-23.821799299999952],[-45.242344799999955,-23.821788],[-45.24244319999997,-23.82187159999995],[-45.242647199999965,-23.82197009999993],[-45.24282279999994,-23.821957899999973],[-45.242826,-23.82194839999994],[-45.242879,-23.82184049999995],[-45.24296949999996,-23.82172909999997],[-45.243210499999975,-23.82172209999993],[-45.24341849999996,-23.82164039999998],[-45.24354089999997,-23.82158519999996],[-45.24364429999997,-23.821583499999974],[-45.243790099999956,-23.821618799999953],[-45.243888599999934,-23.821576499999935],[-45.244037799999944,-23.821615],[-45.24415349999998,-23.821572499999945],[-45.24432789999997,-23.82153839999995],[-45.24442309999995,-23.821519199999955],[-45.24454349999996,-23.821526699999936],[-45.24463039999995,-23.821569499999953],[-45.244762299999934,-23.82162409999995],[-45.24486639999998,-23.821663399999977],[-45.244985199999974,-23.821740399999953],[-45.24506619999994,-23.821814899999936],[-45.245251199999984,-23.821847],[-45.24536489999997,-23.82185469999996],[-45.24546159999994,-23.821875199999965],[-45.245540699999935,-23.82187719999996],[-45.245651,-23.821891199999982],[-45.24572,-23.821899599999938],[-45.24579639999996,-23.821933099999967],[-45.24587969999993,-23.821975899999927],[-45.24596319999995,-23.822031299999935],[-45.246030099999984,-23.822102599999937],[-45.24612059999998,-23.822167399999955],[-45.246328699999935,-23.822286799999972],[-45.24637039999993,-23.822425],[-45.24640109999996,-23.82254759999995],[-45.2465,-23.822683799999936],[-45.24660609999995,-23.822830299999964],[-45.246770099999935,-23.822944399999983],[-45.24688209999994,-23.823037299999953],[-45.24701189999996,-23.823158299999932],[-45.24714279999995,-23.82333289999997],[-45.24729629999996,-23.82343149999997],[-45.247411599999964,-23.823511699999983],[-45.247582,-23.82359729999996],[-45.24770459999996,-23.82365539999995],[-45.24782959999993,-23.823707],[-45.24799319999994,-23.823799099999974],[-45.24810469999994,-23.82386349999996],[-45.24811689999996,-23.823958],[-45.24823509999993,-23.824019199999952],[-45.248282,-23.824125699999968],[-45.24833369999993,-23.82429549999995],[-45.24837409999998,-23.82442439999994],[-45.24839459999998,-23.82459149999994],[-45.24839009999994,-23.82471789999994],[-45.24838609999995,-23.82483019999995],[-45.24832,-23.82499219999994],[-45.248237,-23.825170299999968],[-45.248175199999935,-23.825366799999983],[-45.248103,-23.825557],[-45.24803049999997,-23.82572829999998],[-45.24797069999994,-23.825845699999945],[-45.24796369999996,-23.825855899999965],[-45.247907199999986,-23.825937799999963],[-45.24765409999998,-23.825976599999933],[-45.24747569999994,-23.825953699999957],[-45.247346499999935,-23.826062499999978],[-45.24712349999993,-23.826094199999943],[-45.24689989999996,-23.826085099999943],[-45.24675149999996,-23.826059199999975],[-45.246524,-23.826040699999965],[-45.24632679999996,-23.826012399999968],[-45.246150099999966,-23.825986899999975],[-45.245937899999944,-23.825939799999958],[-45.24574129999996,-23.825981299999967],[-45.24560459999998,-23.82602129999998],[-45.24543169999998,-23.82610589999996],[-45.24538229999996,-23.82627679999996],[-45.245215,-23.826383199999952],[-45.24507159999996,-23.82647039999995],[-45.244974499999955,-23.826626399999952],[-45.24490949999995,-23.826785],[-45.244975299999965,-23.826919199999963],[-45.244920099999945,-23.82705509999994],[-45.24479279999997,-23.827088699999933],[-45.244641,-23.82711649999993],[-45.24449159999995,-23.827116],[-45.244358499999976,-23.827187399999957],[-45.24417919999996,-23.827237799999978],[-45.244006499999955,-23.82728489999994],[-45.24392349999994,-23.82734729999993],[-45.243758,-23.827387599999952],[-45.24372979999998,-23.827523799999938],[-45.243664699999954,-23.827707699999962],[-45.243626699999936,-23.82786909999993],[-45.24353659999997,-23.82786429999993],[-45.24345039999997,-23.827887799999928],[-45.24341879999997,-23.82803649999994],[-45.24349049999995,-23.828158299999927],[-45.243493899999976,-23.82815819999996],[-45.243624299999965,-23.82827249999997],[-45.24366039999995,-23.82834749999995],[-45.24363059999996,-23.828417299999956],[-45.24350539999995,-23.828384899999946],[-45.24338689999996,-23.828355599999952],[-45.243318099999954,-23.828388399999938],[-45.24329949999998,-23.82850869999993],[-45.24331919999997,-23.828637699999945],[-45.24338329999995,-23.828728199999944],[-45.243426099999965,-23.828800099999967],[-45.24348289999995,-23.828871799999945],[-45.24353959999996,-23.828946599999938],[-45.24360669999993,-23.829021099999977],[-45.24365319999998,-23.82910549999997],[-45.24373829999996,-23.82922069999995],[-45.24380219999995,-23.82930149999993],[-45.243861899999956,-23.829338099999973],[-45.243877399999974,-23.829432399999973],[-45.243938,-23.829532],[-45.24395729999998,-23.829641899999956],[-45.24399969999996,-23.82977939999995],[-45.24404659999993,-23.82986989999995],[-45.24412119999994,-23.82996289999994],[-45.244147399999974,-23.830072599999937],[-45.24419789999996,-23.830181799999934],[-45.244252,-23.83029709999994],[-45.244271,-23.830394299999966],[-45.244235,-23.83052109999994],[-45.244254799999965,-23.830633599999942],[-45.24411319999996,-23.830699],[-45.24410149999994,-23.83080929999994],[-45.24417529999994,-23.830896199999927],[-45.244276,-23.830948099999944],[-45.24442289999996,-23.83108409999994],[-45.24450289999993,-23.83113929999996],[-45.24459759999996,-23.83124449999997],[-45.244705599999975,-23.83133369999996],[-45.24477209999998,-23.83141109999997],[-45.24477449999995,-23.831537],[-45.244714399999964,-23.83162269999997],[-45.244654399999945,-23.831724099999974],[-45.24452809999997,-23.83176979999996],[-45.24445319999995,-23.831805499999973],[-45.24434039999994,-23.831835599999977],[-45.244210099999975,-23.831847],[-45.24405139999993,-23.83180539999995],[-45.24390359999995,-23.831792],[-45.24374839999996,-23.83175669999997],[-45.24360479999996,-23.83168079999996],[-45.243433299999936,-23.83154209999998],[-45.243284899999935,-23.831497299999967],[-45.24314969999995,-23.831427099999928],[-45.24296979999997,-23.83135139999996],[-45.24282079999995,-23.831281399999966],[-45.24266469999998,-23.83120839999998],[-45.242511399999955,-23.831125699999973],[-45.242355799999984,-23.83104119999996],[-45.24218989999997,-23.83098389999998],[-45.24205809999995,-23.83091989999997],[-45.241916,-23.830849799999953],[-45.241704899999945,-23.830758799999955],[-45.241553899999985,-23.83066309999998],[-45.24145409999994,-23.830645799999957],[-45.241394499999956,-23.830593299999975],[-45.24125529999998,-23.83051679999994],[-45.241144599999984,-23.83047449999998],[-45.241043899999966,-23.830422599999963],[-45.24100279999993,-23.830309799999952],[-45.24089239999995,-23.830182],[-45.24075239999996,-23.830105199999934],[-45.24058669999994,-23.830057499999953],[-45.240499399999976,-23.830020799999943],[-45.24034409999996,-23.829998099999955],[-45.24021039999997,-23.83013449999993],[-45.240105599999936,-23.83025189999995],[-45.239747299999976,-23.830219899999975],[-45.23952269999995,-23.830156199999976],[-45.23948489999998,-23.830008799999973],[-45.23938369999996,-23.82995349999993],[-45.23921519999993,-23.829994099999965],[-45.239052699999945,-23.829990299999963],[-45.238918199999944,-23.830005],[-45.23878129999997,-23.83006389999997],[-45.238706,-23.830213199999946],[-45.23858949999993,-23.83024329999995],[-45.238477399999965,-23.830327],[-45.238355799999965,-23.83033869999997],[-45.23828039999995,-23.830390499999965],[-45.23834649999998,-23.830537299999946],[-45.23838759999995,-23.830662399999937],[-45.23841409999994,-23.830749899999944],[-45.23840359999997,-23.83088179999993],[-45.23841489999995,-23.830973],[-45.23835139999994,-23.831078099999957],[-45.23829409999996,-23.83115159999994],[-45.23819709999998,-23.83113119999996],[-45.23812789999994,-23.83111969999993],[-45.23805629999998,-23.83116179999996],[-45.238034599999935,-23.83129139999994],[-45.23801279999998,-23.831421],[-45.23799119999995,-23.831553699999972],[-45.23798029999995,-23.83171139999996],[-45.23795889999997,-23.83186],[-45.237972,-23.83201209999993],[-45.23784919999997,-23.83209929999998],[-45.23779529999996,-23.832182299999943],[-45.237811299999976,-23.832298799999933],[-45.237841499999945,-23.832440299999973],[-45.237919799999986,-23.832558699999936],[-45.237977099999966,-23.83265309999996],[-45.238041,-23.832734],[-45.23811839999996,-23.832798799999978],[-45.238287,-23.83288159999995],[-45.23837579999997,-23.833025199999952],[-45.23844279999997,-23.833099799999957],[-45.23853419999995,-23.83318339999994],[-45.23865729999994,-23.833301199999937],[-45.238770099999954,-23.833431599999983],[-45.23881309999996,-23.833525399999928],[-45.23891239999995,-23.83368439999998],[-45.23899729999994,-23.833812199999954],[-45.23917579999994,-23.833960399999967],[-45.23928739999997,-23.83402769999998],[-45.239350799999954,-23.834108499999957],[-45.239338499999974,-23.834225699999934],[-45.23935659999995,-23.834298299999944],[-45.23947149999998,-23.834372299999927],[-45.239579599999956,-23.83444949999995],[-45.239691,-23.834526899999958],[-45.239784,-23.834522299999946],[-45.23986869999993,-23.83442569999994],[-45.23996719999997,-23.834486199999958],[-45.24009159999997,-23.834550099999944],[-45.24009569999998,-23.834553699999958],[-45.240263899999945,-23.83460219999995],[-45.240563099999974,-23.834615699999972],[-45.240734299999986,-23.834602],[-45.240989499999955,-23.834612499999935],[-45.24123679999997,-23.83463389999997],[-45.24136169999997,-23.834705],[-45.24165879999998,-23.834914099999935],[-45.24198869999998,-23.835083699999927],[-45.242163,-23.835244899999964],[-45.24239159999996,-23.835339399999953],[-45.24277619999998,-23.835475299999928],[-45.243083799999965,-23.835648299999946],[-45.24333059999998,-23.835856099999944],[-45.243611199999975,-23.835950199999957],[-45.24381919999996,-23.836005099999966],[-45.244055799999956,-23.836106799999982],[-45.24416819999993,-23.836166799999944],[-45.24417589999996,-23.83633839999993],[-45.24410679999994,-23.83664529999993],[-45.24402369999996,-23.836872699999958],[-45.24392359999996,-23.837045899999964],[-45.243748,-23.837041299999953],[-45.24356869999997,-23.83705509999993],[-45.243389399999955,-23.83706879999994],[-45.24317089999994,-23.83712319999995],[-45.24306809999996,-23.837175799999955],[-45.24295939999996,-23.837122699999952],[-45.24282969999996,-23.837015299999962],[-45.24267409999993,-23.837014099999976],[-45.24251379999998,-23.836983699999962],[-45.242353399999956,-23.83694239999994],[-45.242224299999975,-23.836878699999943],[-45.24207709999996,-23.836906599999963],[-45.241890499999954,-23.83696059999994],[-45.24172839999994,-23.837039699999934],[-45.24158309999996,-23.83715509999996],[-45.24146689999998,-23.83731359999996],[-45.241390199999955,-23.837479],[-45.24132869999994,-23.837615099999937],[-45.24125129999993,-23.837769799999933],[-45.24126129999996,-23.83787179999996],[-45.24129689999995,-23.838057099999958],[-45.241351399999985,-23.838180699999953],[-45.24141369999995,-23.838296499999956],[-45.241467899999975,-23.838416],[-45.24147769999996,-23.83852159999998],[-45.24140349999993,-23.83862869999996],[-45.24129019999998,-23.838714099999947],[-45.24114869999994,-23.838770499999953],[-45.24098379999998,-23.83883819999994],[-45.240776299999936,-23.83881219999995],[-45.24062,-23.838763599999936],[-45.240443899999946,-23.838715299999933],[-45.24030849999997,-23.838677299999972],[-45.240183799999954,-23.838621099999955],[-45.24001539999995,-23.83857279999995],[-45.23983149999998,-23.838539199999957],[-45.23965489999995,-23.838487399999963],[-45.23948649999994,-23.83844629999993],[-45.23929389999995,-23.83839469999998],[-45.239192799999955,-23.83834159999998],[-45.23905629999996,-23.83830729999994],[-45.23894979999994,-23.838345299999958],[-45.238901699999985,-23.83847339999994],[-45.23883209999997,-23.838543499999957],[-45.23868919999995,-23.83856019999996],[-45.238529,-23.83853359999995],[-45.23843649999998,-23.838498699999946],[-45.238354399999935,-23.838423599999942],[-45.23827719999997,-23.838439199999982],[-45.23818339999997,-23.838524],[-45.23800739999996,-23.838468199999966],[-45.23786679999995,-23.838390299999958],[-45.23771029999995,-23.838312499999972],[-45.237637,-23.838222799999983],[-45.23754749999995,-23.838122299999952],[-45.23739989999996,-23.838088099999936],[-45.237227,-23.837978],[-45.23707879999995,-23.837900299999944],[-45.23694219999993,-23.837815099999943],[-45.236796599999934,-23.837704599999938],[-45.23662479999996,-23.837649],[-45.236436399999945,-23.83756829999993],[-45.23631839999996,-23.837453599999947],[-45.23626359999997,-23.837341299999935],[-45.236208499999975,-23.837221599999964],[-45.23610669999994,-23.83725629999998],[-45.23601249999996,-23.837276199999963],[-45.23592569999994,-23.837220099999968],[-45.235796799999946,-23.837134799999944],[-45.23561379999995,-23.836937499999976],[-45.23562919999995,-23.836718599999983],[-45.23547169999995,-23.836604299999976],[-45.23527089999993,-23.836523599999964],[-45.235054899999966,-23.836468599999932],[-45.23487759999995,-23.836362],[-45.23472379999998,-23.836251199999936],[-45.234475799999984,-23.836189499999932],[-45.234347499999956,-23.836144099999956],[-45.234097,-23.836126499999978],[-45.233932299999935,-23.836079499999983],[-45.23373619999995,-23.83602419999994],[-45.233736,-23.836016899999947],[-45.23353569999995,-23.835947199999964],[-45.23338679999995,-23.835869299999956],[-45.23319779999997,-23.835792],[-45.23297259999998,-23.83570789999993],[-45.232807599999944,-23.835652],[-45.232639,-23.835618],[-45.232436,-23.83564659999996],[-45.23227629999997,-23.835656299999982],[-45.232228299999974,-23.835806799999943],[-45.23227459999998,-23.83589369999993],[-45.23237549999993,-23.83592859999993],[-45.232405599999936,-23.836015499999974],[-45.232320899999934,-23.836140599999965],[-45.23222919999995,-23.836153],[-45.23204219999997,-23.836185099999966],[-45.23190239999997,-23.836190899999963],[-45.231782399999986,-23.83618919999998],[-45.23168419999996,-23.836245299999973],[-45.23157519999995,-23.83632339999997],[-45.23142879999995,-23.836343399999976],[-45.231298299999935,-23.836396499999978],[-45.23132,-23.836502],[-45.23132879999997,-23.836556499999972],[-45.23121789999993,-23.83658369999995],[-45.231038799999965,-23.83657549999998],[-45.23090039999994,-23.836617599999954],[-45.23069829999997,-23.83666439999996],[-45.23051119999997,-23.836652699999945],[-45.23030339999997,-23.836612199999934],[-45.23017509999994,-23.836566799999957],[-45.22998279999996,-23.83651509999993],[-45.22989809999996,-23.836472699999945],[-45.22975749999995,-23.836423799999977],[-45.22963579999998,-23.83634159999997],[-45.22950489999994,-23.836358299999972],[-45.22937029999997,-23.83638959999996],[-45.22919419999994,-23.836363],[-45.22903139999994,-23.83638019999995],[-45.22888819999997,-23.836437099999955],[-45.228866799999935,-23.836565099999973],[-45.22880049999998,-23.836635299999955],[-45.228672899999935,-23.836626299999978],[-45.22849789999998,-23.83663619999993],[-45.22836119999994,-23.83658],[-45.22816059999997,-23.83652829999994],[-45.228064,-23.83649319999995],[-45.22792679999998,-23.836429599999974],[-45.227790099999936,-23.836391399999968],[-45.227645199999984,-23.83634969999997],[-45.22754539999994,-23.83635479999998],[-45.22746319999993,-23.836436399999968],[-45.227332,-23.836493099999927],[-45.227156399999956,-23.836517699999945],[-45.227081699999985,-23.836577199999965],[-45.22693869999995,-23.836630499999956],[-45.226980699999956,-23.83672489999998],[-45.22701809999995,-23.83679369999993],[-45.226930799999934,-23.836838799999953],[-45.22681589999996,-23.83691],[-45.226754,-23.837020499999937],[-45.22680789999998,-23.837111],[-45.22688909999994,-23.837160799999936],[-45.22706169999998,-23.837176299999953],[-45.22717039999998,-23.837203699999975],[-45.22723709999997,-23.837337599999955],[-45.227323499999954,-23.837452799999937],[-45.22733389999996,-23.83757289999994],[-45.227443499999936,-23.837680599999942],[-45.227597,-23.83777669999995],[-45.227691,-23.837823499999956],[-45.22781579999997,-23.837850799999956],[-45.22792049999998,-23.837881899999957],[-45.22811729999995,-23.837911599999927],[-45.22832989999995,-23.83793739999993],[-45.228486499999974,-23.837960299999963],[-45.22863879999994,-23.837972399999956],[-45.228742899999986,-23.83798889999997],[-45.22880739999994,-23.838042499999972],[-45.228864199999975,-23.838125399999967],[-45.22886519999997,-23.83821649999993],[-45.22900559999994,-23.838265199999967],[-45.22909,-23.838314799999978],[-45.229146499999956,-23.838372299999946],[-45.229251,-23.83842889999994],[-45.229356,-23.83853309999995],[-45.22944479999995,-23.838608299999976],[-45.22952139999995,-23.838665499999934],[-45.22957409999998,-23.838730399999974],[-45.22966759999997,-23.83884969999997],[-45.229800599999976,-23.83893889999996],[-45.22985349999993,-23.839003799999944],[-45.229994199999965,-23.839067],[-45.230124699999976,-23.839235499999972],[-45.230237399999965,-23.83929939999996],[-45.230314,-23.83934929999998],[-45.23043629999995,-23.839281399999948],[-45.230596799999944,-23.83935159999993],[-45.230785899999944,-23.83946519999995],[-45.23091519999997,-23.839568799999938],[-45.23104379999995,-23.839643099999932],[-45.23110609999998,-23.83976629999995],[-45.23130979999996,-23.839935399999945],[-45.23141449999997,-23.840003],[-45.23153119999995,-23.840073899999936],[-45.23160779999995,-23.840131],[-45.23171949999994,-23.84015459999995],[-45.23184029999993,-23.84024],[-45.23192259999996,-23.840377199999978],[-45.23185289999998,-23.84045889999993],[-45.231726599999945,-23.840497899999946],[-45.231659699999966,-23.84053209999996],[-45.231760399999985,-23.840596],[-45.23185029999996,-23.84070779999996],[-45.23189229999997,-23.84081329999998],[-45.23201779999994,-23.840880899999945],[-45.232150099999956,-23.840918899999963],[-45.232278399999984,-23.840960499999937],[-45.232446799999934,-23.841019699999947],[-45.232532599999956,-23.841135099999974],[-45.23257109999997,-23.84126969999994],[-45.232629299999985,-23.84139669999996],[-45.23270279999997,-23.84148689999995],[-45.232811899999945,-23.84161949999998],[-45.23286249999995,-23.841775799999937],[-45.23292109999994,-23.84192459999997],[-45.233015499999965,-23.842065699999978],[-45.233176199999946,-23.842118],[-45.23336419999998,-23.84214039999995],[-45.23354669999998,-23.84209359999994],[-45.23374309999997,-23.842138099999943],[-45.23391789999994,-23.842106099999967],[-45.234024699999964,-23.84207509999993],[-45.23413849999997,-23.842007399999943],[-45.234338099999945,-23.842037],[-45.23447719999996,-23.842034699999942],[-45.23461359999993,-23.842083699999932],[-45.23480109999997,-23.842120499999965],[-45.23494519999997,-23.84215469999998],[-45.235058,-23.842229499999974],[-45.23521159999996,-23.842354599999965],[-45.23537719999996,-23.842472399999963],[-45.235523599999965,-23.84263059999995],[-45.23560679999997,-23.84282289999993],[-45.23571259999994,-23.842930899999942],[-45.235888,-23.842920799999945],[-45.23592959999996,-23.842803199999935],[-45.236104599999976,-23.84278219999993],[-45.23630089999995,-23.84283389999996],[-45.23647639999996,-23.84283839999995],[-45.23662879999995,-23.84288349999997],[-45.23677879999997,-23.84283],[-45.23697169999997,-23.842903599999943],[-45.237147499999935,-23.84292279999994],[-45.23731739999994,-23.842872599999964],[-45.23743609999997,-23.84285609999995],[-45.237648,-23.84288559999993],[-45.23778839999994,-23.842934499999956],[-45.238075899999956,-23.84297369999996],[-45.238323899999955,-23.84302109999993],[-45.23854389999997,-23.84304359999993],[-45.238897,-23.842929],[-45.23904539999995,-23.842769699999963],[-45.239083499999936,-23.842688799999962],[-45.23909549999996,-23.842688599999974],[-45.239259699999934,-23.84251469999998],[-45.23946179999996,-23.84227459999994],[-45.23962389999997,-23.84232309999993],[-45.239644,-23.84231909999994],[-45.23982959999995,-23.842228699999964],[-45.23993239999993,-23.84204129999995],[-45.240016699999956,-23.841865],[-45.24005409999995,-23.841736899999944],[-45.24007409999996,-23.841575399999954],[-45.240106399999945,-23.841417599999943],[-45.240179,-23.84127419999993],[-45.24023909999994,-23.84110919999995],[-45.24030479999993,-23.841009799999938],[-45.240421599999934,-23.840873399999964],[-45.24047639999998,-23.840821699999935],[-45.24054579999995,-23.84087539999996],[-45.240660599999956,-23.840979699999934],[-45.240754,-23.841022299999963],[-45.240891199999965,-23.84104609999997],[-45.24102409999995,-23.84105539999996],[-45.24105789999993,-23.840967199999966],[-45.24110219999994,-23.840827599999955],[-45.24105919999994,-23.840715],[-45.24119609999997,-23.840596199999936],[-45.24129449999998,-23.840518199999963],[-45.241327799999965,-23.840393699999936],[-45.241421299999956,-23.840250099999935],[-45.24150729999997,-23.84013209999995],[-45.241562699999974,-23.840080099999966],[-45.241584399999965,-23.839963099999977],[-45.241634199999964,-23.839846499999965],[-45.241700099999946,-23.839736199999948],[-45.24179369999996,-23.839618],[-45.24188369999996,-23.83951449999995],[-45.241952699999956,-23.839352899999938],[-45.24187859999995,-23.839240899999936],[-45.241970899999956,-23.839057099999934],[-45.24204009999994,-23.838921099999936],[-45.24215519999996,-23.838882799999965],[-45.24230219999998,-23.838844],[-45.24234439999998,-23.83877039999993],[-45.24238959999997,-23.83865839999993],[-45.24239359999996,-23.838658299999963],[-45.24245089999994,-23.838522499999954],[-45.24242519999996,-23.838431699999944],[-45.24249149999997,-23.838350499999933],[-45.24262249999998,-23.838319299999966],[-45.24268539999997,-23.83827089999994],[-45.242747399999985,-23.83817879999998],[-45.24275709999995,-23.838062099999945],[-45.24281139999994,-23.83798109999998],[-45.24293419999998,-23.837931699999956],[-45.243085,-23.83788549999997],[-45.243220099999974,-23.83785039999998],[-45.24338229999995,-23.837771199999963],[-45.243453699999975,-23.83774449999993],[-45.243561599999964,-23.83774269999998],[-45.24368629999998,-23.837780799999962],[-45.243782599999975,-23.837797499999965],[-45.243902899999966,-23.83781739999995],[-45.24398949999994,-23.837754099999927],[-45.244024399999944,-23.837706099999934],[-45.244118699999945,-23.83758819999997],[-45.244196399999964,-23.837470199999927],[-45.24430239999998,-23.837377299999957],[-45.24446839999996,-23.837320099999943],[-45.24454909999997,-23.837369899999942],[-45.24469759999994,-23.837429699999973],[-45.244889899999976,-23.837488699999938],[-45.245065,-23.83749329999995],[-45.245214199999964,-23.83744],[-45.24535759999998,-23.837459699999954],[-45.24543559999995,-23.837553199999945],[-45.245502699999975,-23.837679799999933],[-45.245655899999974,-23.837761299999954],[-45.245619799999986,-23.837882399999955],[-45.24577629999993,-23.837938399999928],[-45.24586809999994,-23.83795509999993],[-45.246160799999984,-23.838114399999938],[-45.24630209999998,-23.838196099999948],[-45.246489699999984,-23.838229799999965],[-45.24667389999996,-23.838245099999938],[-45.24688359999993,-23.838311199999964],[-45.24710939999994,-23.838388],[-45.247176699999955,-23.838350399999968],[-45.24720139999994,-23.838229599999977],[-45.247322199999985,-23.83814019999994],[-45.24735479999998,-23.83805929999994],[-45.247253299999954,-23.83797629999998],[-45.24730619999997,-23.837847199999942],[-45.247412199999985,-23.837779699999942],[-45.247549499999934,-23.837686299999973],[-45.24779529999995,-23.837713699999938],[-45.24800469999997,-23.837649399999975],[-45.24823429999998,-23.837600299999963],[-45.248477,-23.837548199999958],[-45.248702899999955,-23.837585899999965],[-45.24892479999994,-23.83755969999993],[-45.24917789999995,-23.837540799999942],[-45.24949739999994,-23.83753329999996],[-45.249720399999944,-23.837627],[-45.25016849999997,-23.837578899999983],[-45.25043219999998,-23.83758729999994],[-45.25058749999994,-23.837441799999965],[-45.250806599999976,-23.837438599999928],[-45.25099489999997,-23.837428],[-45.25116429999997,-23.837435699999958],[-45.25136289999995,-23.837386899999956],[-45.25147979999997,-23.837298499999974],[-45.25165329999993,-23.837247599999955],[-45.25177689999998,-23.837279099999932],[-45.251963,-23.83730739999993],[-45.25210089999996,-23.837257],[-45.25217139999995,-23.83716419999996],[-45.252281799999935,-23.837134599999956],[-45.252419299999985,-23.837066599999957],[-45.25267939999998,-23.837149599999975],[-45.25279869999997,-23.837135099999955],[-45.252946099999974,-23.837008],[-45.25302449999998,-23.83690759999996],[-45.25308089999993,-23.836833],[-45.25318359999994,-23.836828899999944],[-45.253265,-23.83685559999998],[-45.253377899999975,-23.836815799999954],[-45.253459299999975,-23.83683489999993],[-45.25359589999994,-23.836835399999927],[-45.253638499999965,-23.836771099999964],[-45.253709199999946,-23.836716699999954],[-45.25381289999996,-23.83673289999996],[-45.25391259999998,-23.836703399999976],[-45.25404849999995,-23.836650499999962],[-45.25418849999994,-23.836586099999977],[-45.254307,-23.836533199999963],[-45.25447449999996,-23.836429],[-45.254669399999955,-23.836296499999946],[-45.254812699999945,-23.836233299999947],[-45.25494809999998,-23.836200599999927],[-45.25507209999995,-23.836160399999983],[-45.25517089999994,-23.836118099999965],[-45.25525559999994,-23.836068299999965],[-45.25533279999996,-23.836051899999973],[-45.25545529999994,-23.836072799999954],[-45.25553209999998,-23.836150499999974],[-45.255674099999965,-23.836285699999962],[-45.25564829999996,-23.836347399999966],[-45.25566229999998,-23.836435799999947],[-45.25569439999998,-23.83650659999995],[-45.25568139999996,-23.836550099999954],[-45.25573919999994,-23.83665629999996],[-45.25577959999998,-23.836727],[-45.255856,-23.836789599999975],[-45.25589629999996,-23.836852799999974],[-45.255881099999954,-23.836922],[-45.25590459999995,-23.836985],[-45.25599529999994,-23.837067699999977],[-45.25607149999996,-23.837120099999936],[-45.25615039999997,-23.837167299999976],[-45.256198799999936,-23.837220199999933],[-45.25624719999996,-23.83727049999993],[-45.256257,-23.837341899999956],[-45.256319099999985,-23.837379299999952],[-45.25642519999997,-23.837385299999937],[-45.256539,-23.83736049999993],[-45.25658169999997,-23.837280499999963],[-45.25657159999997,-23.837204],[-45.25664679999994,-23.837207899999953],[-45.25674079999993,-23.837188399999945],[-45.25676149999998,-23.83712419999995],[-45.25673219999993,-23.837060899999983],[-45.25679439999993,-23.83699359999997],[-45.256796399999985,-23.836894299999983],[-45.256822099999965,-23.836751499999934],[-45.256876,-23.836654299999964],[-45.256966699999964,-23.836607199999946],[-45.25711069999994,-23.83659739999996],[-45.25725459999995,-23.836587599999973],[-45.25733429999997,-23.836550899999963],[-45.257397699999956,-23.836532099999943],[-45.257415299999934,-23.836445899999944],[-45.25747609999996,-23.836437299999943],[-45.25762,-23.836432599999966],[-45.25777979999998,-23.836392099999955],[-45.25792359999997,-23.836374599999942],[-45.258023399999956,-23.836373],[-45.25816139999995,-23.836340399999983],[-45.258285899999976,-23.83634479999995],[-45.258402399999966,-23.83635309999994],[-45.258533,-23.836371399999962],[-45.25866049999996,-23.836369399999967],[-45.258766299999934,-23.83639059999996],[-45.258898199999976,-23.83646479999993],[-45.259001799999965,-23.836506499999928],[-45.25928929999998,-23.836466299999927],[-45.25936669999993,-23.836462499999982],[-45.259469499999966,-23.83647609999997],[-45.25956669999994,-23.83648469999997],[-45.25961739999997,-23.836517],[-45.25966829999993,-23.836554299999932],[-45.25975479999994,-23.836630899999932],[-45.25985,-23.83667259999993],[-45.260049,-23.83675839999995],[-45.26018289999996,-23.836791799999958],[-45.260306,-23.836835699999938],[-45.260402,-23.836895199999958],[-45.260512,-23.836967199999947],[-45.26070249999998,-23.837070299999937],[-45.260913899999935,-23.83709259999995],[-45.26118919999993,-23.837157099999956],[-45.26165489999994,-23.837180599999954],[-45.26181289999994,-23.83718319999997],[-45.262023,-23.83717749999994],[-45.262219,-23.837177099999963],[-45.26235819999994,-23.837106699999936],[-45.26245269999998,-23.837110199999927],[-45.262572699999964,-23.83713359999996],[-45.26272359999996,-23.837174199999936],[-45.26277989999994,-23.837198599999965],[-45.263004699999954,-23.837243199999932],[-45.26322909999993,-23.83723969999994],[-45.26341559999997,-23.837269799999945],[-45.26353629999994,-23.837316099999953],[-45.263712099999964,-23.837351399999932],[-45.26384909999996,-23.837400099999968],[-45.263941099999954,-23.83741129999993],[-45.26399429999998,-23.837441],[-45.264108599999986,-23.837469599999963],[-45.26427229999996,-23.83746949999994],[-45.26445839999997,-23.837481899999943],[-45.26468589999996,-23.837478399999952],[-45.26482469999996,-23.837476299999935],[-45.26483659999997,-23.837509199999943],[-45.264836299999956,-23.83761869999995],[-45.26477629999994,-23.837675499999932],[-45.264805699999954,-23.837751499999968],[-45.26489809999998,-23.83778069999994],[-45.264980599999944,-23.837818399999946],[-45.265040099999965,-23.83787849999993],[-45.26504689999996,-23.837944599999958],[-45.26509839999994,-23.838022799999976],[-45.26516659999993,-23.83809309999998],[-45.265157,-23.83817739999995],[-45.26516189999995,-23.838287],[-45.26524349999994,-23.838331599999947],[-45.265324,-23.83831749999996],[-45.265417199999945,-23.838384899999937],[-45.26552289999995,-23.838378099999943],[-45.265662099999986,-23.838380899999947],[-45.26570989999993,-23.838400599999943],[-45.26584719999994,-23.83844689999995],[-45.26597519999996,-23.838444799999934],[-45.266082,-23.838494099999934],[-45.266183,-23.838533299999938],[-45.26633119999997,-23.838582],[-45.266456199999936,-23.838564599999927],[-45.26649589999994,-23.838602399999957],[-45.26656109999993,-23.838657599999976],[-45.26666409999996,-23.838656],[-45.26668659999996,-23.83852539999998],[-45.26678059999995,-23.83848329999995],[-45.26680649999997,-23.838386],[-45.26693979999993,-23.83836109999993],[-45.26696529999998,-23.83824329999993],[-45.266976099999965,-23.838107899999954],[-45.26698989999994,-23.837982799999963],[-45.26697869999998,-23.837860899999953],[-45.26701319999995,-23.837791799999934],[-45.26709559999995,-23.837810399999967],[-45.26723089999996,-23.837770199999966],[-45.26732969999995,-23.837710199999947],[-45.26744139999994,-23.83773659999997],[-45.26757939999993,-23.83769129999996],[-45.26755849999995,-23.83762289999993],[-45.267532,-23.837547],[-45.267602899999986,-23.83747989999995],[-45.26767119999994,-23.837428099999954],[-45.26773389999994,-23.837371299999973],[-45.26778129999997,-23.83725389999995],[-45.26785589999997,-23.837235],[-45.26791419999995,-23.837234],[-45.26794689999997,-23.83732729999997],[-45.268020399999955,-23.83737949999994],[-45.268124899999975,-23.837441399999932],[-45.26820559999993,-23.837437699999953],[-45.26827279999998,-23.837451899999962],[-45.26836959999997,-23.83742239999998],[-45.26846249999994,-23.83745659999994],[-45.26858269999997,-23.837472599999955],[-45.26871109999996,-23.837483299999974],[-45.268829299999936,-23.83743309999994],[-45.268924099999936,-23.837345099999936],[-45.269012299999986,-23.837234499999965],[-45.26907309999996,-23.83722339999997],[-45.26924839999998,-23.83733909999995],[-45.26941689999995,-23.837409899999955],[-45.269529,-23.837443599999972],[-45.26967909999996,-23.837436199999956],[-45.269792,-23.837399],[-45.26989869999994,-23.837346799999978],[-45.269989399999986,-23.837301],[-45.26999489999997,-23.837300899999946],[-45.27014209999993,-23.837306199999944],[-45.27032029999998,-23.837336299999947],[-45.27043469999995,-23.83737009999993],[-45.27072259999994,-23.83747479999994],[-45.27099419999996,-23.83765169999998],[-45.271151499999974,-23.837743299999943],[-45.27142629999997,-23.83786609999993],[-45.27160639999994,-23.837870799999962],[-45.27173559999994,-23.83785329999995],[-45.271883,-23.837891499999955],[-45.27200269999997,-23.837920099999963],[-45.27213459999996,-23.837976499999968],[-45.27214729999997,-23.838022199999955],[-45.27223609999993,-23.838118],[-45.27236019999998,-23.838192299999946],[-45.27232819999995,-23.838236],[-45.27233389999998,-23.838241],[-45.272441,-23.838305499999933],[-45.272594899999945,-23.838252199999943],[-45.27270539999995,-23.838265899999953],[-45.272825,-23.83828219999998],[-45.272918,-23.838342799999964],[-45.27302359999993,-23.838432299999965],[-45.27315859999993,-23.838437399999975],[-45.273158499999965,-23.838568899999927],[-45.273247399999946,-23.838622199999975],[-45.27329729999997,-23.838570199999936],[-45.27337939999995,-23.83858379999998],[-45.273455499999955,-23.83861539999998],[-45.27356359999993,-23.83865359999993],[-45.273679399999935,-23.838688],[-45.27378689999995,-23.838711699999976],[-45.27388159999998,-23.838699],[-45.273954,-23.83874869999994],[-45.274034,-23.838791],[-45.27402379999995,-23.838860499999953],[-45.27410329999998,-23.838884399999984],[-45.27412519999996,-23.83897159999998],[-45.27416449999998,-23.839015699999948],[-45.27423679999998,-23.839058299999976],[-45.27427689999996,-23.839083099999982],[-45.274318,-23.839151499999957],[-45.27433549999995,-23.83923489999995],[-45.27439579999998,-23.839273899999966],[-45.274464799999976,-23.839352799999972],[-45.27441449999998,-23.83941189999996],[-45.27446719999995,-23.839469299999962],[-45.274507899999946,-23.839523199999974],[-45.27456449999994,-23.839576799999975],[-45.27445689999996,-23.839787199999932],[-45.274505199999965,-23.840019299999938],[-45.274605099999974,-23.84019449999994],[-45.274766,-23.840332299999943],[-45.274861,-23.840479399999936],[-45.27499919999997,-23.840597599999967],[-45.27507629999997,-23.84072509999993],[-45.27525909999997,-23.84090969999994],[-45.275361499999974,-23.840984299999946],[-45.275464399999976,-23.841099199999974],[-45.275572299999965,-23.841242299999976],[-45.275723899999946,-23.841368699999975],[-45.27588829999996,-23.84145879999994],[-45.27605719999997,-23.841556799999978],[-45.276181399999984,-23.84161519999998],[-45.27632349999993,-23.841685299999938],[-45.27644789999994,-23.841755699999965],[-45.276575,-23.84174939999997],[-45.27667949999994,-23.841715199999953],[-45.276772,-23.84173379999993],[-45.27688519999998,-23.84188519999998],[-45.277002799999934,-23.841854799999965],[-45.27710589999998,-23.84177219999998],[-45.277206199999966,-23.841758399999947],[-45.277238599999976,-23.841826399999945],[-45.27731579999994,-23.841934],[-45.27742249999994,-23.842043],[-45.277552699999944,-23.84218569999996],[-45.27766889999998,-23.842280399999936],[-45.27781489999995,-23.84233839999996],[-45.27796049999995,-23.842376199999933],[-45.278052299999956,-23.842366599999934],[-45.27810279999994,-23.842293299999938],[-45.278283199999976,-23.84232659999998],[-45.27849509999993,-23.842391499999962],[-45.27856929999996,-23.842386199999964],[-45.278644199999974,-23.84240909999994],[-45.27871,-23.84242009999997],[-45.27876319999996,-23.842447299999947],[-45.278799799999945,-23.842511099999967],[-45.27887109999995,-23.842562099999952],[-45.278917399999955,-23.842662],[-45.27898829999998,-23.842713599999968],[-45.27906819999998,-23.842760599999963],[-45.27915709999996,-23.84281539999995],[-45.279223799999954,-23.842858499999977],[-45.27928209999993,-23.842917899999975],[-45.27925289999996,-23.84298279999996],[-45.279223599999966,-23.843047799999965],[-45.27924239999993,-23.84310389999996],[-45.27932059999995,-23.843070299999965],[-45.27937039999995,-23.843141899999978],[-45.27942349999995,-23.84316519999993],[-45.27945189999997,-23.84326139999996],[-45.279489499999954,-23.84337359999995],[-45.27958249999995,-23.843412299999954],[-45.27970549999998,-23.84342229999993],[-45.27974349999994,-23.843357099999935],[-45.27981269999998,-23.843323599999962],[-45.27987079999997,-23.843374899999958],[-45.27993289999995,-23.84341009999997],[-45.27997809999994,-23.843465699999967],[-45.280093,-23.84352789999997],[-45.280164499999955,-23.84359109999997],[-45.28023129999997,-23.84363819999993],[-45.28032409999997,-23.843668899999955],[-45.28042639999995,-23.843731599999956],[-45.28055559999996,-23.843826],[-45.28071659999995,-23.84396819999995],[-45.28077229999997,-23.844108199999937],[-45.28084209999997,-23.84429229999995],[-45.28089829999993,-23.84446049999997],[-45.28091919999997,-23.84463329999994],[-45.28092179999993,-23.84476619999998],[-45.280742799999985,-23.84504739999994],[-45.28070889999998,-23.845263399999965],[-45.28072619999995,-23.845484599999963],[-45.280730699999935,-23.845492599999943],[-45.280754299999955,-23.845810399999948],[-45.28077879999995,-23.846176399999933],[-45.280796099999975,-23.846393599999942],[-45.280778699999985,-23.84663949999998],[-45.28088289999994,-23.846794899999963],[-45.28089,-23.846939799999973],[-45.28091129999996,-23.847140899999943],[-45.280943899999954,-23.84732639999993],[-45.28105649999998,-23.847469399999966],[-45.281176699999946,-23.847551899999928],[-45.28129149999995,-23.847582199999977],[-45.28138709999996,-23.847765599999946],[-45.281465099999934,-23.84794919999996],[-45.28136879999994,-23.848196299999927],[-45.281295399999976,-23.848262099999943],[-45.28116419999998,-23.848288799999978],[-45.28116239999997,-23.84842569999995],[-45.28118269999993,-23.848570199999983],[-45.281149099999936,-23.84869079999993],[-45.281174299999975,-23.84886359999996],[-45.28123859999994,-23.849007399999948],[-45.28127479999995,-23.849063199999932],[-45.28137809999998,-23.84917409999997],[-45.28143709999995,-23.84927369999997],[-45.281470499999955,-23.849410199999966],[-45.281569899999965,-23.84954149999993],[-45.281598,-23.849629799999946],[-45.28168339999996,-23.849725099999944],[-45.281820599999946,-23.84977109999994],[-45.281914,-23.849825899999928],[-45.28210429999996,-23.84989109999998],[-45.282294099999945,-23.849928199999965],[-45.28246,-23.849869199999944],[-45.28259659999998,-23.84987519999993],[-45.28274479999993,-23.84980829999995],[-45.282929,-23.84977329999998],[-45.28299649999997,-23.849639199999956],[-45.28304029999998,-23.849445],[-45.283023499999956,-23.849284199999943],[-45.283128,-23.84921029999998],[-45.28325259999997,-23.84904759999995],[-45.283399799999984,-23.84891259999995],[-45.283423899999946,-23.84880759999993],[-45.283454699999936,-23.84872969999998],[-45.28355189999996,-23.848707499999932],[-45.283675899999935,-23.84870559999996],[-45.283766,-23.848693799999978],[-45.28391289999996,-23.84870529999995],[-45.28403739999993,-23.84871709999993],[-45.284131799999955,-23.84873289999996],[-45.28422619999998,-23.848748599999965],[-45.284302099999934,-23.848778399999958],[-45.284402,-23.848805699999957],[-45.284509,-23.848860099999968],[-45.28465579999994,-23.84894959999997],[-45.28481949999997,-23.849049099999945],[-45.28497209999995,-23.849153899999976],[-45.28512489999997,-23.849263699999938],[-45.28532459999997,-23.84949039999998],[-45.28548409999996,-23.849656399999958],[-45.28565009999994,-23.849868399999934],[-45.285835099999986,-23.85010209999996],[-45.285932499999944,-23.85023339999998],[-45.28603,-23.850369799999953],[-45.28613339999998,-23.850521399999934],[-45.28621449999997,-23.850678499999958],[-45.286335099999974,-23.850855399999944],[-45.286522899999966,-23.851053399999955],[-45.286740899999984,-23.85135649999995],[-45.286889299999984,-23.85152779999993],[-45.28709339999995,-23.85198589999993],[-45.28722769999996,-23.852295399999946],[-45.28737789999997,-23.852563699999962],[-45.28754679999997,-23.852933899999982],[-45.287652899999955,-23.853228499999943],[-45.28774149999998,-23.85348749999997],[-45.28776809999994,-23.853716899999938],[-45.28782039999993,-23.853823199999965],[-45.28788979999996,-23.853952599999957],[-45.28792619999996,-23.854110299999945],[-45.28797419999995,-23.85428829999995],[-45.28801029999994,-23.854425599999956],[-45.28804719999994,-23.854603699999927],[-45.288111199999946,-23.854745699999967],[-45.28818279999996,-23.854989599999953],[-45.288248,-23.85519279999994],[-45.288284499999975,-23.85535559999994],[-45.28837639999995,-23.855491899999947],[-45.288401499999964,-23.85563949999994],[-45.28847739999998,-23.855817],[-45.288537099999985,-23.856020399999977],[-45.28857379999994,-23.85618829999993],[-45.28860959999997,-23.85631029999996],[-45.28865769999993,-23.856493399999977],[-45.28870589999997,-23.856676499999935],[-45.28872569999993,-23.856834599999956],[-45.288796,-23.85700829999996],[-45.28882679999998,-23.857161],[-45.28884739999995,-23.857364899999936],[-45.28884059999996,-23.85759989999997],[-45.28891119999997,-23.857803099999956],[-45.28892639999998,-23.85802239999998],[-45.28891829999998,-23.858185899999967],[-45.28888949999998,-23.858431499999938],[-45.28885939999998,-23.85861069999993],[-45.28878069999996,-23.85887749999995],[-45.28876649999995,-23.859005699999955],[-45.28870249999994,-23.859159899999952],[-45.28866019999998,-23.85928819999998],[-45.28857439999996,-23.859473399999956],[-45.28848229999994,-23.859617799999967],[-45.28842329999998,-23.85974649999997],[-45.28832459999995,-23.85984],[-45.288215399999956,-23.859974499999964],[-45.288107099999934,-23.860160099999973],[-45.288021199999946,-23.86034019999994],[-45.28795669999994,-23.860479099999964],[-45.28792,-23.860607399999935],[-45.287934,-23.86076029999998],[-45.28799289999995,-23.860922],[-45.288057599999945,-23.861099699999954],[-45.28808209999994,-23.861216799999966],[-45.28811319999994,-23.86138989999995],[-45.28813759999997,-23.86150189999995],[-45.288129599999934,-23.861670499999946],[-45.288140099999964,-23.861797],[-45.288103099999944,-23.86192],[-45.288066,-23.86203279999995],[-45.288011799999936,-23.862130599999944],[-45.28793039999994,-23.862264399999958],[-45.28783729999998,-23.862383],[-45.28776,-23.862435],[-45.287626099999954,-23.862432],[-45.28733409999995,-23.862389599999972],[-45.287161099999935,-23.862291699999957],[-45.28704779999998,-23.862196599999947],[-45.28695739999995,-23.86213179999993],[-45.28684019999997,-23.862128499999983],[-45.28664569999995,-23.862167299999953],[-45.28646669999995,-23.862139499999955],[-45.28635029999998,-23.862177],[-45.28617129999998,-23.86215439999995],[-45.28605849999997,-23.862095],[-45.28599409999998,-23.862223599999936],[-45.285873,-23.862312199999963],[-45.28572239999994,-23.862319699999944],[-45.285668699999974,-23.862432799999965],[-45.28559859999996,-23.86256149999997],[-45.28553929999998,-23.862669599999947],[-45.28548069999994,-23.86281329999997],[-45.28543279999997,-23.862941699999965],[-45.285424399999954,-23.863095],[-45.285427399999946,-23.86326349999996],[-45.285491899999954,-23.863425699999937],[-45.285555199999976,-23.86352039999997],[-45.28562949999997,-23.863606],[-45.28573189999997,-23.863701399999968],[-45.28583379999998,-23.863776299999927],[-45.285958499999936,-23.86387639999998],[-45.286066,-23.863956299999927],[-45.28617339999994,-23.864031],[-45.28628589999994,-23.864080199999933],[-45.286387599999955,-23.864149899999973],[-45.28652329999994,-23.864254699999947],[-45.28662039999995,-23.864380599999947],[-45.286740399999985,-23.86453679999994],[-45.28684929999997,-23.864693299999942],[-45.287019499999985,-23.86485369999997],[-45.28704989999994,-23.864981099999966],[-45.287318899999946,-23.865068099999974],[-45.28747039999996,-23.86513169999995],[-45.287634,-23.865241199999957],[-45.287828299999944,-23.865453299999956],[-45.288112799999965,-23.865469],[-45.288414899999964,-23.865670299999977],[-45.288666699999965,-23.86570729999994],[-45.288851,-23.865724899999975],[-45.289029,-23.865707],[-45.28928979999995,-23.865652099999977],[-45.28954649999997,-23.865673499999957],[-45.289819199999954,-23.865664099999947],[-45.29010589999996,-23.865766399999927],[-45.29030759999995,-23.86581929999994],[-45.290503599999965,-23.86586719999997],[-45.29076519999995,-23.865898799999968],[-45.290832199999954,-23.865918199999953],[-45.290917399999955,-23.866013599999974],[-45.290931099999966,-23.866135699999973],[-45.29083449999996,-23.866290099999958],[-45.290799799999945,-23.866499699999963],[-45.29075279999995,-23.86666359999998],[-45.29065029999998,-23.866818299999977],[-45.29062979999998,-23.866910399999938],[-45.290494199999955,-23.867081199999973],[-45.290332199999966,-23.867053399999975],[-45.29024289999995,-23.86704469999995],[-45.290178099999935,-23.867153],[-45.29020879999996,-23.86730549999993],[-45.29029039999995,-23.86749489999994],[-45.29039379999995,-23.867661599999963],[-45.290408199999945,-23.867834899999934],[-45.29048069999993,-23.868119499999978],[-45.29042179999993,-23.868237799999974],[-45.29032049999995,-23.868318399999964],[-45.290147899999965,-23.868291899999974],[-45.290031399999975,-23.868200299999955],[-45.28977179999998,-23.86796469999996],[-45.289482,-23.867846499999928],[-45.28934339999995,-23.867953899999975],[-45.289539099999956,-23.86816129999994],[-45.289829699999984,-23.868326199999956],[-45.289973299999986,-23.86849929999994],[-45.29015459999994,-23.868642399999942],[-45.29026649999997,-23.868827599999975],[-45.290399599999944,-23.86913489999995],[-45.290422,-23.869262899999967],[-45.29041959999995,-23.869442099999958],[-45.290337199999954,-23.869642],[-45.29024829999997,-23.869663799999955],[-45.290044199999954,-23.86970739999998],[-45.28989319999994,-23.86974209999994],[-45.289761399999975,-23.869871],[-45.289666,-23.870023699999933],[-45.289584899999966,-23.87023359999995],[-45.28949369999998,-23.870369899999957],[-45.289325599999984,-23.87045829999994],[-45.28916879999997,-23.870444299999974],[-45.28913469999998,-23.870539099999974],[-45.28925039999996,-23.870738],[-45.28936449999998,-23.870859],[-45.28954089999996,-23.870974699999977],[-45.28974989999995,-23.87117539999997],[-45.28994929999993,-23.871339599999942],[-45.29010519999997,-23.871545699999956],[-45.29009049999996,-23.87169339999997],[-45.29004059999994,-23.871867599999973],[-45.289977499999964,-23.87205629999994],[-45.28989189999993,-23.87224559999993],[-45.289818699999955,-23.87239409999995],[-45.289710699999944,-23.87259219999993],[-45.28963669999996,-23.872703899999976],[-45.28953229999996,-23.87286119999993],[-45.289405699999975,-23.873039399999982],[-45.289265899999975,-23.873225899999966],[-45.289138899999955,-23.873383399999966],[-45.28900769999996,-23.873548899999946],[-45.288854,-23.873698],[-45.28873759999993,-23.873691599999972],[-45.288606699999946,-23.87362829999995],[-45.28840969999993,-23.87361089999996],[-45.28822679999996,-23.87363419999997],[-45.287941399999966,-23.873671299999955],[-45.287684199999944,-23.873748499999977],[-45.28751239999997,-23.87383649999998],[-45.28732389999993,-23.87379459999994],[-45.287182,-23.87366659999998],[-45.286974,-23.873576],[-45.28687389999993,-23.87351639999997],[-45.286691,-23.873252399999956],[-45.286419,-23.873326299999974],[-45.286297899999965,-23.873545899999954],[-45.28619539999994,-23.873645299999964],[-45.28606629999996,-23.873671899999977],[-45.28586119999994,-23.873699699999975],[-45.28558369999996,-23.87369609999996],[-45.28536349999996,-23.873642399999937],[-45.28526869999996,-23.87360719999998],[-45.285252499999956,-23.873485],[-45.285230199999944,-23.873297399999956],[-45.28499789999995,-23.87331729999994],[-45.28484949999995,-23.873475],[-45.284790699999974,-23.873635099999944],[-45.28463679999993,-23.873747699999967],[-45.284473899999966,-23.87387289999998],[-45.284350899999936,-23.873981],[-45.28421849999995,-23.87404829999997],[-45.284029799999985,-23.874022799999977],[-45.28389219999997,-23.873890399999937],[-45.283694099999934,-23.87384049999997],[-45.28350709999995,-23.873859899999957],[-45.28326949999996,-23.87383929999993],[-45.28308529999998,-23.87380959999996],[-45.28293249999996,-23.87378339999998],[-45.28285469999997,-23.873911299999975],[-45.282797699999946,-23.874140099999977],[-45.28277509999998,-23.874307],[-45.282676299999935,-23.874284099999954],[-45.28252249999997,-23.874209399999927],[-45.28235939999996,-23.87428069999993],[-45.282221799999945,-23.874298799999963],[-45.28204919999996,-23.87418359999998],[-45.28203369999994,-23.873968599999955],[-45.281974899999966,-23.873777899999936],[-45.28184249999998,-23.873669699999937],[-45.28172039999998,-23.87361429999993],[-45.28161479999994,-23.87366069999996],[-45.281633,-23.87382359999998],[-45.281461,-23.873874899999976],[-45.281272599999966,-23.873804099999973],[-45.28108539999994,-23.873761699999932],[-45.28095579999996,-23.873718699999984],[-45.280638,-23.873662099999933],[-45.28039409999997,-23.87353959999996],[-45.280219699999975,-23.87337109999993],[-45.279976199999965,-23.873281],[-45.27978369999994,-23.873251299999936],[-45.27955749999995,-23.87328329999997],[-45.27930539999994,-23.87320969999996],[-45.27912329999998,-23.873175799999956],[-45.278934,-23.87310109999993],[-45.27870449999995,-23.873031199999957],[-45.27848009999997,-23.87299379999996],[-45.278247599999986,-23.872981099999947],[-45.27804969999994,-23.872931],[-45.277850899999976,-23.872848199999964],[-45.27774589999996,-23.872772099999963],[-45.27756469999997,-23.87283229999997],[-45.27735119999994,-23.87286839999996],[-45.27712279999997,-23.872880099999975],[-45.27690569999993,-23.872830199999953],[-45.276742,-23.872775299999944],[-45.276624599999934,-23.872752599999956],[-45.27640029999998,-23.872694499999966],[-45.27619069999997,-23.87273879999998],[-45.276007,-23.87275379999994],[-45.275854599999946,-23.872752099999957],[-45.27573559999996,-23.872840099999962],[-45.27571259999996,-23.87301249999996],[-45.27558849999997,-23.87308809999996],[-45.27548,-23.87326589999998],[-45.27543779999996,-23.873377],[-45.275463799999955,-23.87351549999994],[-45.27548009999998,-23.87362539999998],[-45.27555979999994,-23.87376679999994],[-45.27545479999998,-23.873862199999962],[-45.27523519999994,-23.87384949999995],[-45.27512109999998,-23.873769799999934],[-45.275040299999944,-23.873599799999965],[-45.27491169999996,-23.873491599999966],[-45.27467339999998,-23.873458599999935],[-45.274507599999936,-23.87344889999997],[-45.274384699999985,-23.87351609999996],[-45.27422459999997,-23.873539],[-45.274108,-23.87352039999996],[-45.27405339999996,-23.87361089999996],[-45.273942699999964,-23.87369579999995],[-45.27376069999997,-23.873739499999942],[-45.273523599999976,-23.873702399999956],[-45.27333,-23.87362369999994],[-45.273116699999946,-23.87349219999993],[-45.27291569999994,-23.87333559999996],[-45.272761799999955,-23.873272399999962],[-45.27256719999997,-23.873177099999964],[-45.27244129999997,-23.873162699999966],[-45.27231619999998,-23.87320129999995],[-45.272167499999966,-23.873359299999947],[-45.271977799999945,-23.873337499999934],[-45.27190329999996,-23.87353539999998],[-45.27173829999998,-23.873689399999932],[-45.27173409999995,-23.873812],[-45.271601499999974,-23.87387949999993],[-45.27150029999996,-23.87396279999996],[-45.271528899999964,-23.87408469999997],[-45.27144109999995,-23.874171599999954],[-45.271379699999954,-23.874229699999944],[-45.271234,-23.87431369999996],[-45.271085,-23.87446269999998],[-45.27092959999993,-23.874506199999928],[-45.270714699999985,-23.874485799999945],[-45.27056569999996,-23.87442729999998],[-45.27042269999998,-23.874437899999975],[-45.270336499999985,-23.874602599999946],[-45.27031549999998,-23.87467239999995],[-45.27025149999997,-23.87482019999993],[-45.27006609999995,-23.87495819999998],[-45.27002319999997,-23.875061199999948],[-45.26991339999995,-23.87519439999994],[-45.269839599999955,-23.87532669999996],[-45.269784699999946,-23.875505799999928],[-45.26976959999996,-23.87564919999994],[-45.269772899999964,-23.87581679999994],[-45.26980579999997,-23.875893899999937],[-45.269901699999934,-23.875961599999982],[-45.269899399999986,-23.876071899999943],[-45.269884299999944,-23.876215199999933],[-45.26991469999996,-23.876373599999965],[-45.26995769999996,-23.876490799999942],[-45.26991429999998,-23.876573399999927],[-45.26981109999997,-23.87679989999998],[-45.26976169999995,-23.876922499999978],[-45.269657,-23.87705879999993],[-45.269538299999965,-23.877146599999946],[-45.269407,-23.877267599999982],[-45.26932439999996,-23.87738349999995],[-45.269115399999976,-23.87742049999997],[-45.26888669999994,-23.877387899999974],[-45.268820699999935,-23.877446299999974],[-45.26880109999996,-23.877597599999945],[-45.268807599999946,-23.877710499999978],[-45.26880189999997,-23.87788649999993],[-45.26877779999995,-23.878029899999945],[-45.268772799999965,-23.878242499999942],[-45.268762599999945,-23.87841439999994],[-45.26873109999997,-23.878644099999974],[-45.26867139999996,-23.878804799999955],[-45.268620699999985,-23.87896569999998],[-45.26866849999993,-23.879128799999933],[-45.26872479999997,-23.879267099999936],[-45.26877609999997,-23.87938029999998],[-45.26879149999996,-23.879482399999972],[-45.26895579999996,-23.879655799999966],[-45.269052399999964,-23.87979349999995],[-45.269222,-23.879782399999954],[-45.269331,-23.879866599999957],[-45.26934259999996,-23.880001599999957],[-45.26934629999994,-23.880186],[-45.26951369999995,-23.880281699999955],[-45.26972589999997,-23.880380599999967],[-45.26982369999996,-23.880358399999977],[-45.270122,-23.88048509999993],[-45.27039259999998,-23.88038629999994],[-45.270511899999974,-23.880261099999927],[-45.27066869999993,-23.88027509999995],[-45.270673199999976,-23.880275],[-45.270928699999956,-23.880304099999933],[-45.27116429999995,-23.880226499999935],[-45.27142029999993,-23.880066],[-45.271731,-23.879974699999934],[-45.271965199999954,-23.879860399999927],[-45.27220689999996,-23.879885299999955],[-45.27243469999996,-23.879881799999964],[-45.27261389999995,-23.87989149999993],[-45.27265419999998,-23.88007149999993],[-45.27276129999996,-23.880266399999982],[-45.272757,-23.880474799999945],[-45.27281389999996,-23.880641799999978],[-45.27287,-23.88076369999993],[-45.273042,-23.88087939999997],[-45.27301419999998,-23.88104809999993],[-45.27306619999996,-23.881194799999946],[-45.27320119999996,-23.881249499999967],[-45.27333439999995,-23.881222299999934],[-45.27345709999997,-23.881330699999978],[-45.27354569999994,-23.88150959999996],[-45.27366889999996,-23.88163049999997],[-45.27381569999994,-23.881575099999964],[-45.27401159999994,-23.881510299999945],[-45.274285099999986,-23.88155889999996],[-45.274428899999975,-23.881605599999943],[-45.27470349999993,-23.881723699999952],[-45.27481339999997,-23.88186509999997],[-45.274890899999946,-23.88194569999996],[-45.27492559999996,-23.88211739999997],[-45.274929,-23.882284899999945],[-45.27504219999997,-23.88236489999997],[-45.27511979999997,-23.882445399999938],[-45.27519289999998,-23.882530199999962],[-45.27526659999995,-23.88263939999996],[-45.27537079999996,-23.88271549999996],[-45.27531129999994,-23.88285989999997],[-45.275233199999946,-23.88297179999995],[-45.275230799999974,-23.88307839999993],[-45.275215,-23.883181199999967],[-45.275239699999986,-23.883299699999952],[-45.27537129999996,-23.88339179999997],[-45.27553289999997,-23.883421899999973],[-45.275791899999945,-23.883434499999964],[-45.276,-23.88333659999995],[-45.27615959999997,-23.88326849999993],[-45.276254499999936,-23.88320079999994],[-45.27636439999998,-23.88312959999996],[-45.27651419999995,-23.88305379999997],[-45.27669879999996,-23.88294879999995],[-45.276854199999946,-23.88291789999994],[-45.27698349999997,-23.88291179999993],[-45.277191899999934,-23.883051399999943],[-45.277351599999974,-23.8832],[-45.27749759999995,-23.883309699999927],[-45.27757829999996,-23.88342279999995],[-45.277653499999985,-23.883527699999945],[-45.27771329999996,-23.883626],[-45.27774809999994,-23.88372229999993],[-45.27779369999996,-23.88386019999996],[-45.27781639999995,-23.883982299999957],[-45.27784429999997,-23.884114499999953],[-45.277864499999964,-23.884243499999968],[-45.27787569999998,-23.884437399999968],[-45.277871199999936,-23.88459919999997],[-45.277863099999934,-23.884707899999967],[-45.27783539999996,-23.884844699999974],[-45.27779479999998,-23.88497469999993],[-45.27765789999995,-23.88504819999997],[-45.277454199999966,-23.88499379999996],[-45.27750949999995,-23.88514079999993],[-45.27746849999994,-23.885348699999952],[-45.277383,-23.885352299999965],[-45.27723679999997,-23.885301699999957],[-45.277106,-23.88531059999997],[-45.277071699999965,-23.885394099999928],[-45.27699519999993,-23.88551259999997],[-45.276953599999956,-23.885605099999964],[-45.27689879999997,-23.885631199999978],[-45.276823099999945,-23.885605],[-45.276707,-23.88556559999995],[-45.276606,-23.88554879999998],[-45.276468299999976,-23.88559239999995],[-45.276301599999954,-23.885703],[-45.27619269999997,-23.88580079999997],[-45.276098099999956,-23.885850499999947],[-45.27592649999997,-23.885828299999957],[-45.27583509999994,-23.885797799999978],[-45.275725499999965,-23.885744599999953],[-45.275563199999965,-23.88571509999997],[-45.27546109999997,-23.88567779999994],[-45.275318899999945,-23.88565479999994],[-45.275194399999975,-23.88563149999993],[-45.275107899999966,-23.885616699999957],[-45.275028099999986,-23.885666499999957],[-45.275027799999975,-23.885744699999975],[-45.27503829999995,-23.885843399999942],[-45.275043299999936,-23.88592589999996],[-45.27502009999995,-23.88599729999993],[-45.274888,-23.88598829999995],[-45.274757,-23.886029899999983],[-45.27459109999995,-23.886085699999967],[-45.27443709999994,-23.88609749999995],[-45.274369899999954,-23.886032],[-45.27427659999995,-23.88594379999995],[-45.274202299999956,-23.885915199999943],[-45.27418919999997,-23.886012299999948],[-45.27427229999995,-23.886096],[-45.27422359999997,-23.886189099999967],[-45.27422729999995,-23.88634019999995],[-45.27425929999998,-23.88642729999998],[-45.274365099999955,-23.886409399999934],[-45.27444179999998,-23.88646339999997],[-45.274410399999965,-23.886533],[-45.274301,-23.88662009999996],[-45.27416839999995,-23.886689399999966],[-45.274162599999954,-23.886781699999972],[-45.274095099999954,-23.88682689999996],[-45.274041,-23.886911399999974],[-45.27412929999997,-23.88700339999997],[-45.27422189999993,-23.887046099999964],[-45.274266299999965,-23.887114399999973],[-45.27436049999994,-23.887250799999947],[-45.27439489999995,-23.887358699999936],[-45.274321,-23.887449],[-45.27431709999996,-23.88752809999994],[-45.27435689999993,-23.88764089999995],[-45.27442339999993,-23.887733399999945],[-45.274478399999964,-23.887791799999945],[-45.27452979999998,-23.887832599999967],[-45.27452139999997,-23.887874799999963],[-45.27444189999994,-23.88787069999995],[-45.27437709999998,-23.88784119999997],[-45.27432269999997,-23.887881499999935],[-45.27433929999995,-23.887954099999945],[-45.27451549999995,-23.888054499999953],[-45.27458649999994,-23.88812239999993],[-45.27453869999994,-23.88819609999996],[-45.274409599999956,-23.888184399999943],[-45.274342599999954,-23.88820789999994],[-45.27440829999995,-23.888285199999927],[-45.274446299999966,-23.88835739999996],[-45.274569499999984,-23.888391799999965],[-45.274744099999964,-23.888382899999954],[-45.274879099999964,-23.888391299999967],[-45.27496089999994,-23.888386599999933],[-45.275035,-23.888415899999927],[-45.275109199999974,-23.888459199999943],[-45.27512309999997,-23.888554],[-45.27514629999996,-23.888657],[-45.27517339999997,-23.88874629999998],[-45.27516869999994,-23.888844],[-45.27520759999993,-23.88897179999998],[-45.275215799999955,-23.88908619999995],[-45.27521279999996,-23.889239799999928],[-45.275159299999984,-23.88933],[-45.275017799999944,-23.889332299999978],[-45.27490739999996,-23.889359399999933],[-45.27489719999994,-23.88946569999996],[-45.274945499999944,-23.88956539999998],[-45.274996199999975,-23.88963709999996],[-45.275086699999974,-23.88983339999993],[-45.275108,-23.889949899999976],[-45.27502249999998,-23.889973899999973],[-45.274949499999934,-23.88997089999998],[-45.27476049999996,-23.889948799999956],[-45.27458969999998,-23.88995149999994],[-45.274398599999984,-23.89003279999997],[-45.27429289999998,-23.890101499999957],[-45.274166399999956,-23.890207],[-45.274052,-23.890304],[-45.273962,-23.890403299999946],[-45.27381769999994,-23.890507899999932],[-45.27371549999998,-23.89062139999993],[-45.273582799999986,-23.890735199999938],[-45.27344839999995,-23.89090219999997],[-45.27335369999997,-23.89106849999996],[-45.27319789999996,-23.891233099999965],[-45.27311809999998,-23.89137969999996],[-45.27319789999996,-23.891564899999935],[-45.27319879999993,-23.89177989999996],[-45.27316529999996,-23.891956],[-45.27306689999995,-23.89210209999993],[-45.27298689999998,-23.892231299999935],[-45.27286379999998,-23.89232489999995],[-45.27266439999994,-23.892414199999962],[-45.27252569999996,-23.89234179999994],[-45.272433399999954,-23.89216289999996],[-45.27226719999993,-23.892104399999937],[-45.272190799999976,-23.892102799999975],[-45.27215819999998,-23.892145099999937],[-45.27216979999997,-23.892247599999962],[-45.27213329999995,-23.892381299999954],[-45.272041599999966,-23.89250869999995],[-45.27189679999998,-23.89259169999997],[-45.271772,-23.89258529999995],[-45.27161259999997,-23.89252369999997],[-45.27143259999997,-23.892512499999953],[-45.271286299999986,-23.892514799999958],[-45.27114349999994,-23.892539299999953],[-45.27102579999996,-23.89259409999994],[-45.270924099999945,-23.892679199999975],[-45.27078339999997,-23.89278719999993],[-45.27067249999993,-23.892869599999983],[-45.270583699999975,-23.89286549999997],[-45.270408499999974,-23.89283489999997],[-45.270342899999946,-23.892785799999956],[-45.27028569999993,-23.892714299999966],[-45.27014829999996,-23.892730399999948],[-45.27007469999995,-23.892826299999967],[-45.26991689999994,-23.892865],[-45.26978139999994,-23.89292839999996],[-45.26956609999996,-23.892968],[-45.26943529999994,-23.89296719999993],[-45.269249499999944,-23.89293109999994],[-45.269102299999986,-23.8929],[-45.268969899999945,-23.89286029999994],[-45.268847,-23.89283439999997],[-45.26875069999994,-23.892869299999973],[-45.26863659999998,-23.892912799999976],[-45.26848369999993,-23.892959599999983],[-45.268377699999974,-23.893011199999933],[-45.26823839999997,-23.893066099999942],[-45.268111199999964,-23.893112299999927],[-45.26797159999995,-23.893128299999944],[-45.267841,-23.893133099999943],[-45.26769729999995,-23.893088199999966],[-45.26756519999998,-23.893026499999962],[-45.26743329999994,-23.892978599999935],[-45.267328299999974,-23.892916399999933],[-45.26723549999997,-23.892859399999963],[-45.26715749999994,-23.892788199999927],[-45.26706439999998,-23.892850899999928],[-45.26692039999995,-23.89281969999996],[-45.266795,-23.89280219999995],[-45.26666439999997,-23.892820899999947],[-45.26659629999995,-23.892783],[-45.26644989999994,-23.892907899999955],[-45.26636089999994,-23.89289249999996],[-45.26630709999995,-23.89282369999995],[-45.26621659999995,-23.892758199999946],[-45.26609569999994,-23.892701399999964],[-45.26599049999993,-23.892664],[-45.265885099999934,-23.892668399999934],[-45.26579429999998,-23.892583099999968],[-45.26570809999998,-23.892436],[-45.265629299999944,-23.89231959999995],[-45.26554169999997,-23.89222579999995],[-45.265477,-23.89221],[-45.26539539999993,-23.892261599999983],[-45.265389599999935,-23.89233409999997],[-45.265276599999936,-23.892352699999947],[-45.265201599999955,-23.892437799999982],[-45.265111,-23.89250629999998],[-45.26500839999994,-23.892588899999964],[-45.26493,-23.89265709999995],[-45.26483029999997,-23.892722799999945],[-45.26466689999995,-23.89265009999997],[-45.26447859999996,-23.892558099999974],[-45.26433309999993,-23.892473699999982],[-45.264277499999935,-23.892289799999958],[-45.26422869999993,-23.892136599999958],[-45.264139099999966,-23.89209879999993],[-45.26411379999996,-23.892214],[-45.264025799999956,-23.892260199999953],[-45.26395359999998,-23.892328499999962],[-45.263994699999955,-23.89239779999997],[-45.26399939999993,-23.892481799999928],[-45.263957699999935,-23.892541199999982],[-45.263941,-23.892611299999942],[-45.26404949999994,-23.892670899999928],[-45.26411189999993,-23.892722899999967],[-45.26417479999998,-23.89280549999995],[-45.26419489999995,-23.89288579999993],[-45.26416329999995,-23.892935699999953],[-45.26408109999994,-23.892948099999956],[-45.263929099999984,-23.892978399999947],[-45.26382819999998,-23.89296879999995],[-45.26378189999997,-23.89311729999997],[-45.26364469999993,-23.893119499999955],[-45.263518199999965,-23.89304059999995],[-45.26341329999997,-23.89298359999998],[-45.263310899999965,-23.892901499999937],[-45.26321479999996,-23.892835899999966],[-45.26319529999995,-23.892931199999964],[-45.26311649999997,-23.892963099999974],[-45.26294869999998,-23.89298249999996],[-45.262761,-23.893063599999948],[-45.26265909999995,-23.893157299999928],[-45.26252959999994,-23.893106299999943],[-45.262381,-23.893027699999948],[-45.262387099999955,-23.893027599999982],[-45.262219699999946,-23.89293239999995],[-45.262152399999934,-23.892804699999942],[-45.262119,-23.892644599999983],[-45.26206069999995,-23.89246939999998],[-45.262003799999945,-23.892372299999977],[-45.26191039999998,-23.892292599999962],[-45.26178639999995,-23.89221329999998],[-45.26163539999993,-23.892170799999974],[-45.26152149999996,-23.892141799999933],[-45.261499399999934,-23.892268199999933],[-45.26141949999993,-23.892255399999954],[-45.261410299999966,-23.892412299999933],[-45.261501,-23.892514499999947],[-45.261573399999975,-23.892608399999972],[-45.261603,-23.89271119999995],[-45.26153449999998,-23.89279579999993],[-45.26146419999998,-23.892799599999933],[-45.26138539999994,-23.892825699999946],[-45.26132409999997,-23.892818199999965],[-45.26121019999994,-23.892775299999983],[-45.26114169999994,-23.892741199999932],[-45.26105269999994,-23.892723],[-45.26094279999995,-23.89273309999993],[-45.26083289999997,-23.892740299999957],[-45.26069729999995,-23.892686399999945],[-45.26061549999997,-23.89272959999994],[-45.260549699999956,-23.892809],[-45.26047479999994,-23.89289119999995],[-45.26038509999995,-23.89301009999997],[-45.26032189999995,-23.893072599999982],[-45.26025939999994,-23.89317159999996],[-45.260203599999954,-23.89329269999996],[-45.26009119999998,-23.89333929999998],[-45.25997309999997,-23.893402599999945],[-45.25989219999997,-23.89349059999995],[-45.25990369999994,-23.893602199999975],[-45.25989329999993,-23.893700199999955],[-45.25988359999997,-23.89383449999997],[-45.25991329999994,-23.89388539999993],[-45.259954,-23.893940699999973],[-45.259956199999976,-23.89405789999995],[-45.26000309999995,-23.894115599999964],[-45.259977,-23.894188499999927],[-45.259874099999934,-23.894234799999936],[-45.25979619999998,-23.894314099999974],[-45.259801,-23.89440579999996],[-45.25976929999996,-23.894500799999946],[-45.25975809999994,-23.894548199999974],[-45.259695299999976,-23.894610399999976],[-45.259595099999956,-23.894634399999973],[-45.25952879999994,-23.894674299999963],[-45.25954079999997,-23.89476369999994],[-45.25954189999993,-23.894819299999938],[-45.259449,-23.894890199999963],[-45.259315699999945,-23.894922899999983],[-45.259226499999954,-23.89488549999993],[-45.259104599999944,-23.894893],[-45.258932,-23.894954299999938],[-45.25881519999996,-23.89492839999997],[-45.25875,-23.894884899999965],[-45.258651,-23.89483919999998],[-45.25861089999995,-23.894825899999944],[-45.258584499999984,-23.894870899999944],[-45.25855659999996,-23.89497149999994],[-45.25847379999993,-23.894964499999958],[-45.25839769999993,-23.894985299999973],[-45.25834459999993,-23.89506689999996],[-45.25825659999998,-23.895101799999964],[-45.258106,-23.895146099999977],[-45.257985,-23.895206599999938],[-45.25785349999995,-23.895209],[-45.25772319999993,-23.895124899999928],[-45.257607,-23.894992899999977],[-45.25751729999996,-23.894960899999944],[-45.25748839999994,-23.895048],[-45.25747019999994,-23.895199099999957],[-45.25741759999994,-23.89530579999996],[-45.25735339999994,-23.895417899999927],[-45.25727619999998,-23.895496699999967],[-45.257137599999965,-23.89556259999995],[-45.25699509999998,-23.895612299999982],[-45.25691059999997,-23.895638299999973],[-45.25681009999994,-23.895645499999944],[-45.25664569999998,-23.89567029999995],[-45.256478399999935,-23.895698099999947],[-45.256335699999966,-23.895742199999972],[-45.256125199999985,-23.895767899999953],[-45.25604519999996,-23.895741199999975],[-45.25591429999997,-23.895765599999947],[-45.25577109999995,-23.895807],[-45.255647299999964,-23.895898399999965],[-45.255558,-23.896003],[-45.25548479999998,-23.896018199999958],[-45.255366299999935,-23.89606759999998],[-45.255261,-23.896138899999983],[-45.25513929999994,-23.896177199999954],[-45.25499309999998,-23.89621589999996],[-45.25484319999998,-23.89627729999995],[-45.25474209999993,-23.89631559999998],[-45.25469839999994,-23.896405499999958],[-45.25461249999995,-23.89649869999994],[-45.254685,-23.896592599999963],[-45.25474989999998,-23.89661949999993],[-45.254731,-23.896711799999935],[-45.25470009999998,-23.89680979999997],[-45.25458119999996,-23.89683119999995],[-45.254458,-23.89681939999997],[-45.25431549999996,-23.896880299999964],[-45.25417619999996,-23.896966299999974],[-45.254083099999946,-23.897054399999945],[-45.25387719999998,-23.897142],[-45.25376789999996,-23.897207799999933],[-45.253686699999946,-23.89730129999998],[-45.2536,-23.897400499999947],[-45.25350659999998,-23.897474599999953],[-45.25344129999996,-23.897581799999955],[-45.25336909999993,-23.89766129999998],[-45.253337699999975,-23.897745499999928],[-45.25330939999998,-23.897832299999948],[-45.253234599999985,-23.89790309999995],[-45.25311819999996,-23.89793039999995],[-45.253049,-23.898009899999977],[-45.25292179999997,-23.898093099999983],[-45.25279879999994,-23.898198299999933],[-45.25264919999995,-23.898253799999964],[-45.25260449999996,-23.898310399999957],[-45.25257839999995,-23.898377899999957],[-45.25263209999997,-23.898455299999966],[-45.25268809999994,-23.898493599999938],[-45.25266209999995,-23.89856659999998],[-45.25268849999998,-23.898652699999957],[-45.25268719999997,-23.898733599999957],[-45.25272289999998,-23.898816599999975],[-45.25278929999996,-23.898898799999984],[-45.25283609999997,-23.898928499999954],[-45.252876,-23.898960199999976],[-45.25278579999997,-23.89904789999997],[-45.252693,-23.899160799999947],[-45.252571699999976,-23.899215599999934],[-45.252537,-23.899319399999968],[-45.25258729999996,-23.899382899999978],[-45.25260429999997,-23.899469099999976],[-45.252567,-23.89959239999996],[-45.252432899999974,-23.899639299999933],[-45.25242569999995,-23.899737],[-45.25247319999994,-23.89980879999996],[-45.252497,-23.899928299999942],[-45.252405599999975,-23.899966199999938],[-45.252358399999935,-23.900064699999973],[-45.25234219999993,-23.900151199999982],[-45.252338399999985,-23.900240099999962],[-45.25227649999994,-23.90034509999998],[-45.25219529999998,-23.900407599999937],[-45.25204379999997,-23.900468399999966],[-45.251913599999966,-23.900526199999945],[-45.25176639999995,-23.90063729999997],[-45.25161869999994,-23.900720399999955],[-45.251478099999986,-23.900828399999966],[-45.25131719999996,-23.900861499999962],[-45.25121269999994,-23.90087879999993],[-45.25103939999997,-23.90085789999995],[-45.250913699999955,-23.900840199999948],[-45.25084019999997,-23.900837399999944],[-45.250607799999955,-23.900868599999967],[-45.250461299999984,-23.900882699999954],[-45.25033079999997,-23.90085719999996],[-45.25025309999995,-23.900862399999937],[-45.25013659999996,-23.900868199999934],[-45.250014,-23.900826799999948],[-45.24993829999994,-23.90077279999997],[-45.249893499999985,-23.900718299999937],[-45.24981059999993,-23.900719599999945],[-45.24971939999995,-23.900740799999937],[-45.24964149999994,-23.90079],[-45.249560299999985,-23.900842599999976],[-45.24951379999993,-23.900898599999948],[-45.24948969999997,-23.900993899999946],[-45.24944439999996,-23.901121],[-45.249454699999944,-23.901207799999952],[-45.249465,-23.90129459999997],[-45.24942349999998,-23.901394099999948],[-45.24941229999996,-23.901489099999935],[-45.249427,-23.901575699999967],[-45.24945409999998,-23.901634399999978],[-45.249468899999954,-23.901728799999944],[-45.249504299999955,-23.90177149999994],[-45.249570699999936,-23.901849099999936],[-45.249607099999935,-23.901946799999962],[-45.24965969999994,-23.901989],[-45.24966619999998,-23.902103099999977],[-45.24971979999998,-23.90220019999998],[-45.249738699999966,-23.90229009999996],[-45.24973209999996,-23.90239619999994],[-45.24966459999996,-23.902476199999967],[-45.24957079999996,-23.90253329999996],[-45.249463799999944,-23.902578799999958],[-45.24927539999993,-23.90273609999997],[-45.24912619999998,-23.902829099999963],[-45.24899019999998,-23.902941599999963],[-45.248837099999946,-23.90305429999995],[-45.248649299999954,-23.903159699999946],[-45.24847829999993,-23.903237199999978],[-45.24822329999995,-23.903209699999934],[-45.248112299999946,-23.903069699999946],[-45.24796,-23.903016899999955],[-45.24776549999996,-23.90300009999993],[-45.24758739999993,-23.902947599999948],[-45.247383,-23.902879799999937],[-45.247098499999936,-23.902752299999975],[-45.24685159999996,-23.902692599999966],[-45.24664769999998,-23.902624599999967],[-45.246394599999974,-23.902482499999962],[-45.246254,-23.902374299999963],[-45.24613459999995,-23.902257799999973],[-45.24596269999995,-23.90211439999996],[-45.24583579999995,-23.902090099999953],[-45.24560229999997,-23.902061599999968],[-45.24531009999998,-23.901900199999943],[-45.24523549999998,-23.901846899999953],[-45.24503539999995,-23.901778499999978],[-45.24490279999998,-23.90164619999996],[-45.24477919999998,-23.90152939999996],[-45.24462,-23.90135779999997],[-45.244538499999976,-23.901185],[-45.244409,-23.901136299999962],[-45.24428139999998,-23.90104969999993],[-45.24417559999995,-23.90094249999993],[-45.24416819999993,-23.900824899999975],[-45.244068899999945,-23.900690099999963],[-45.242409,-23.90116],[-45.242558,-23.901448],[-45.242881,-23.90184],[-45.243167,-23.902174],[-45.243391,-23.902371],[-45.243665,-23.902717],[-45.24404,-23.902857],[-45.244465,-23.903089],[-45.24558,-23.903585],[-45.246227,-23.90387],[-45.247287,-23.904714],[-45.247648,-23.905072],[-45.248173,-23.905305],[-45.248673,-23.905607],[-45.249876,-23.905684],[-45.25111,-23.905062],[-45.251303,-23.904479],[-45.251556,-23.904148],[-45.252303,-23.903168],[-45.25257,-23.902723],[-45.253174,-23.902464],[-45.253315,-23.902109],[-45.253554,-23.901962],[-45.254045,-23.901656],[-45.254286,-23.90136],[-45.254803,-23.900985],[-45.255359,-23.900462],[-45.255375,-23.900003],[-45.255602,-23.89973],[-45.255793,-23.89941],[-45.256273,-23.899001],[-45.2567,-23.898844],[-45.25713,-23.898445],[-45.257321,-23.898046],[-45.257661,-23.897819],[-45.258027,-23.897558],[-45.258505,-23.897343],[-45.259298,-23.896936],[-45.259902,-23.896734],[-45.260656,-23.896533],[-45.261334,-23.896343],[-45.261875,-23.896152],[-45.262968,-23.895908],[-45.263308,-23.895646],[-45.263573,-23.895476],[-45.264013,-23.895296],[-45.264477,-23.895299],[-45.265142,-23.89527],[-45.265581,-23.895376],[-45.265969,-23.895447],[-45.26632,-23.895393],[-45.266722,-23.895395],[-45.267502,-23.895091],[-45.267904,-23.894911],[-45.268482,-23.8948],[-45.268921,-23.89478],[-45.269447,-23.894853],[-45.269986,-23.894983],[-45.270598,-23.895262],[-45.271147,-23.895701],[-45.271536,-23.895704],[-45.271712,-23.895648],[-45.272103,-23.895318],[-45.272444,-23.894977],[-45.272745,-23.89499],[-45.272995,-23.895153],[-45.273608,-23.895375],[-45.273982,-23.895595],[-45.274295,-23.895701],[-45.275339,-23.895341],[-45.275871,-23.894623],[-45.275937,-23.894084],[-45.276405,-23.893526],[-45.277048,-23.893118],[-45.277777,-23.892916],[-45.278303,-23.892989],[-45.278568,-23.89275],[-45.27892,-23.892615],[-45.278772,-23.892362],[-45.278723,-23.892155],[-45.278639,-23.891639],[-45.278491,-23.891282],[-45.278356,-23.890869],[-45.278119,-23.890638],[-45.277763,-23.889615],[-45.277564,-23.88935],[-45.277194,-23.888557],[-45.277335,-23.888134],[-45.277564,-23.887711],[-45.277942,-23.887473],[-45.278392,-23.887579],[-45.278731,-23.887582],[-45.279118,-23.887802],[-45.279392,-23.888056],[-45.279667,-23.888219],[-45.279964,-23.888759],[-45.2803,-23.88914],[-45.280637,-23.889395],[-45.281037,-23.889512],[-45.281299,-23.889732],[-45.281562,-23.889733],[-45.281826,-23.889735],[-45.28219,-23.8896],[-45.282506,-23.889316],[-45.282383,-23.888994],[-45.282109,-23.88874],[-45.282061,-23.888442],[-45.282051,-23.888121],[-45.282053,-23.887811],[-45.282243,-23.887526],[-45.282359,-23.887103],[-45.282449,-23.886736],[-45.282452,-23.886324],[-45.282692,-23.886142],[-45.283059,-23.88572],[-45.283373,-23.885597],[-45.283338,-23.885195],[-45.283215,-23.88485],[-45.28299,-23.884803],[-45.28274,-23.884664],[-45.282465,-23.884524],[-45.282165,-23.884453],[-45.282028,-23.884338],[-45.281903,-23.884211],[-45.281957,-23.88373],[-45.28196,-23.883306],[-45.281913,-23.882858],[-45.281727,-23.882548],[-45.281529,-23.882157],[-45.281355,-23.881949],[-45.28123,-23.881948],[-45.281147,-23.88126],[-45.280771,-23.881211],[-45.280396,-23.881048],[-45.279882,-23.880965],[-45.279494,-23.88095],[-45.279168,-23.880948],[-45.278642,-23.880864],[-45.278189,-23.881033],[-45.277987,-23.881158],[-45.27771,-23.881374],[-45.277421,-23.881372],[-45.277108,-23.881427],[-45.276771,-23.881207],[-45.276345,-23.881135],[-45.276158,-23.880962],[-45.27592,-23.880891],[-45.275733,-23.880718],[-45.275346,-23.880566],[-45.27516,-23.880244],[-45.2751,-23.879774],[-45.27499,-23.879418],[-45.274916,-23.879257],[-45.274766,-23.879187],[-45.274291,-23.878931],[-45.27403,-23.878609],[-45.273592,-23.87856],[-45.273303,-23.878638],[-45.272927,-23.878647],[-45.272675,-23.878702],[-45.272499,-23.878758],[-45.272285,-23.878929],[-45.272057,-23.879168],[-45.27178,-23.879372],[-45.271553,-23.87952],[-45.271228,-23.879437],[-45.271069,-23.87892],[-45.271259,-23.878612],[-45.271224,-23.878211],[-45.271329,-23.877673],[-45.271547,-23.876986],[-45.271777,-23.876426],[-45.27185,-23.875769],[-45.271799,-23.875289],[-45.271978,-23.875072],[-45.272371,-23.874837],[-45.272924,-23.874731],[-45.27306,-23.874815],[-45.273153,-23.875139],[-45.273251,-23.875257],[-45.273686,-23.875449],[-45.274085,-23.875514],[-45.274333,-23.875622],[-45.274479,-23.875855],[-45.274814,-23.876],[-45.275112,-23.87612],[-45.275881,-23.875834],[-45.276269,-23.875806],[-45.276839,-23.875493],[-45.277569,-23.875263],[-45.277933,-23.875223],[-45.278337,-23.875023],[-45.278841,-23.87487],[-45.279642,-23.874861],[-45.28004,-23.874984],[-45.280413,-23.875105],[-45.280724,-23.875226],[-45.281109,-23.87536],[-45.281331,-23.875537],[-45.281488,-23.875817],[-45.281743,-23.876214],[-45.281991,-23.876322],[-45.282556,-23.876251],[-45.283316,-23.875814],[-45.283703,-23.875856],[-45.28439,-23.875902],[-45.285008,-23.875694],[-45.286096,-23.875725],[-45.287098,-23.875673],[-45.287667,-23.875406],[-45.288415,-23.875534],[-45.288818,-23.876049],[-45.289146,-23.876551],[-45.289577,-23.876928],[-45.289763,-23.877659],[-45.29017,-23.877931],[-45.29061,-23.877835],[-45.2914,-23.877768],[-45.291983,-23.878032],[-45.292802,-23.877146],[-45.29308,-23.87699],[-45.293515,-23.877136],[-45.293869,-23.877615],[-45.294625,-23.877975],[-45.295584,-23.878257],[-45.296159,-23.878278],[-45.296344,-23.877785],[-45.296552,-23.877397],[-45.296899,-23.876929],[-45.297706,-23.876609],[-45.298171,-23.87649],[-45.298168,-23.876017],[-45.297936,-23.875701],[-45.298016,-23.875494],[-45.298281,-23.875372],[-45.298472,-23.875202],[-45.298852,-23.874944],[-45.298931,-23.874772],[-45.298833,-23.874655],[-45.298684,-23.874583],[-45.29839,-23.874243],[-45.298238,-23.873709],[-45.298369,-23.873423],[-45.298391,-23.872916],[-45.298307,-23.872741],[-45.297982,-23.872735],[-45.297647,-23.872556],[-45.297291,-23.872227],[-45.297098,-23.871831],[-45.296994,-23.871391],[-45.297004,-23.870906],[-45.297163,-23.870459],[-45.297262899999964,-23.870196299999975],[-45.297365,-23.870176],[-45.297492,-23.869599],[-45.297144,-23.8695],[-45.296819,-23.869495],[-45.296439,-23.869084],[-45.295974,-23.868545],[-45.295851,-23.868439],[-45.295407,-23.868108],[-45.295048,-23.867882],[-45.294766,-23.867577],[-45.294458,-23.867318],[-45.294166,-23.866897],[-45.293908,-23.866685],[-45.29361,-23.86653],[-45.293378,-23.86626],[-45.293331,-23.866063],[-45.29325,-23.865739],[-45.29307,-23.865378],[-45.292897,-23.865248],[-45.292517,-23.864837],[-45.292437,-23.864466],[-45.292542,-23.864214],[-45.29256849999996,-23.86406939999995],[-45.292654,-23.863604],[-45.29266,-23.863293],[-45.292796,-23.862753],[-45.293027,-23.862422],[-45.29332,-23.862185],[-45.294264,-23.86189],[-45.294783,-23.861576],[-45.294826,-23.861299],[-45.294945,-23.860967],[-45.295126,-23.860693],[-45.295242,-23.86051],[-45.295249,-23.860164],[-45.295019,-23.859791],[-45.294595,-23.859668],[-45.294406,-23.859122],[-45.29431,-23.858889],[-45.293913,-23.858744],[-45.293591,-23.858554],[-45.29332,-23.858341],[-45.29318,-23.857819],[-45.293085,-23.857564],[-45.29336,-23.857569],[-45.293941,-23.85729],[-45.294257,-23.857146],[-45.29461,-23.85699],[-45.294926,-23.856857],[-45.295095,-23.856525],[-45.295298,-23.856367],[-45.295519,-23.855956],[-45.295886,-23.855754],[-45.295906,-23.855385],[-45.296074,-23.8551],[-45.296202,-23.85494],[-45.296427,-23.854321],[-45.296377,-23.853674],[-45.296385,-23.85327],[-45.296641,-23.852997],[-45.296884,-23.852713],[-45.29726,-23.85265],[-45.298029,-23.852387],[-45.298705,-23.851752],[-45.299157,-23.851645],[-45.299363,-23.85136],[-45.299371,-23.850967],[-45.299342,-23.850528],[-45.299208,-23.850318],[-45.29879,-23.850565],[-45.298438,-23.850686],[-45.297996,-23.850874],[-45.297628,-23.85111],[-45.297303,-23.851104],[-45.296787,-23.851257],[-45.296265,-23.851063],[-45.29586,-23.850687],[-45.2953,-23.850527],[-45.294789,-23.850403],[-45.294299,-23.850509],[-45.29389,-23.850329],[-45.293874,-23.849867],[-45.294341,-23.849644],[-45.294657,-23.849477],[-45.294681,-23.848877],[-45.294624,-23.848611],[-45.294542,-23.848344],[-45.294403,-23.84820339999993],[-45.29436369999996,-23.84816369999993],[-45.29432389999994,-23.848123399999963],[-45.2941,-23.847897],[-45.293828,-23.847719],[-45.293799,-23.847303],[-45.294091,-23.847089],[-45.294493,-23.846969],[-45.294795,-23.846905],[-45.295239,-23.846613],[-45.295832,-23.846369],[-45.296274,-23.846158],[-45.29626039999994,-23.845991599999934],[-45.296255299999984,-23.84596149999993],[-45.29625319999997,-23.845931399999984],[-45.296201,-23.845418],[-45.296097,-23.844977],[-45.295791,-23.844626],[-45.295493,-23.844505],[-45.295072,-23.844278],[-45.294896,-23.844275],[-45.294629,-23.843867],[-45.294288,-23.843411],[-45.293127,-23.843252],[-45.292753,-23.843211],[-45.291991,-23.843105],[-45.291491,-23.843096],[-45.291144,-23.84294],[-45.290551,-23.843172],[-45.29017,-23.843454],[-45.290035,-23.843948],[-45.290054,-23.844271],[-45.289816,-23.844925],[-45.289782,-23.845386],[-45.289769,-23.846067],[-45.289229,-23.846773],[-45.288742,-23.846742],[-45.288119,-23.846592],[-45.287477,-23.846789],[-45.286472,-23.847002],[-45.28626,-23.846941],[-45.285892,-23.846576],[-45.286074,-23.846222],[-45.286379,-23.846008],[-45.28672,-23.845817],[-45.287112,-23.84564],[-45.287455,-23.845346],[-45.287736,-23.845062],[-45.287745,-23.8446],[-45.287741,-23.844196],[-45.287434,-23.843891],[-45.287258,-23.843311],[-45.287192,-23.842836],[-45.28769,-23.842326],[-45.287874,-23.841844],[-45.287844,-23.841612],[-45.28782,-23.841404],[-45.287901,-23.84114],[-45.28778,-23.840907],[-45.287505,-23.840903],[-45.287041,-23.840941],[-45.286604,-23.840921],[-45.285892,-23.840817],[-45.28536,-23.841177],[-45.284966,-23.841504],[-45.283485,-23.841698],[-45.282561,-23.841589],[-45.281899,-23.841531],[-45.280978,-23.841307],[-45.27987,-23.841011],[-45.27911,-23.840859],[-45.278381,-23.840373],[-45.277912,-23.840053],[-45.277546,-23.839562],[-45.277031,-23.839045],[-45.276628,-23.838542],[-45.275961,-23.838091],[-45.27518,-23.837743],[-45.274182,-23.837575],[-45.273074,-23.837313],[-45.272156,-23.836904],[-45.271439,-23.836453],[-45.271037,-23.835915],[-45.270913,-23.835209],[-45.270862,-23.834642],[-45.270961,-23.834032],[-45.271158,-23.833574],[-45.27104,-23.833226],[-45.270505,-23.833078],[-45.270187,-23.833338],[-45.269746,-23.833503],[-45.269319,-23.833553],[-45.268674,-23.833276],[-45.267868,-23.832916],[-45.267559,-23.832714],[-45.267012,-23.833166],[-45.266595,-23.833401],[-45.265782,-23.833987],[-45.265319,-23.833979],[-45.264602,-23.834197],[-45.263779,-23.834067],[-45.263556,-23.835217],[-45.263483,-23.836347],[-45.262929,-23.836522],[-45.262216,-23.836544],[-45.261231,-23.836354],[-45.260446,-23.836213],[-45.25983,-23.835717],[-45.259365,-23.835201],[-45.258889,-23.834569],[-45.258453,-23.833857],[-45.258273,-23.834097],[-45.258078,-23.834439],[-45.257739,-23.835138],[-45.257349,-23.835258],[-45.256952,-23.835101],[-45.255552,-23.83503],[-45.254981,-23.8354],[-45.254411,-23.835748],[-45.254033,-23.835914],[-45.253014,-23.836185],[-45.25187939999995,-23.83652939999996],[-45.25092259999997,-23.83671769999995],[-45.25024789999998,-23.83670109999997],[-45.249576899999965,-23.836756099999945],[-45.248404499999936,-23.836937899999953],[-45.247748299999955,-23.83711859999994],[-45.24713529999997,-23.837119599999937],[-45.24631859999994,-23.83718779999998],[-45.245870699999955,-23.837375099999974],[-45.24505719999996,-23.837081099999978],[-45.244853,-23.8365],[-45.244573,-23.835937],[-45.244405,-23.835374],[-45.243903,-23.835016],[-45.243512,-23.834555],[-45.24301,-23.8343],[-45.242508,-23.834044],[-45.242229,-23.833916],[-45.244124,-23.834109],[-45.245795,-23.833901],[-45.246964,-23.833284],[-45.247464,-23.832361],[-45.246737,-23.831286],[-45.246791,-23.83026],[-45.247291,-23.829337],[-45.248571,-23.828618],[-45.249907,-23.828154],[-45.25044,-23.82844],[-45.251011,-23.828035],[-45.251562,-23.828045],[-45.251861,-23.828096],[-45.252724,-23.8281],[-45.253074,-23.828118],[-45.253974,-23.82818],[-45.254313,-23.828093],[-45.254516,-23.827982],[-45.25446,-23.827646],[-45.254462,-23.826907],[-45.254128599999945,-23.826447299999927],[-45.253987,-23.826252],[-45.253591,-23.826015],[-45.253271,-23.82512],[-45.253276,-23.824855],[-45.253031,-23.82462],[-45.252761,-23.824361],[-45.252565,-23.824149],[-45.252258,-23.823856],[-45.251928,-23.823469],[-45.25166,-23.823118],[-45.251588,-23.822955],[-45.251558,-23.82255],[-45.251386,-23.82242],[-45.251036,-23.822414],[-45.250704,-23.822377],[-45.250592,-23.82207],[-45.250839,-23.821736],[-45.25084,-23.821656],[-45.25038,-23.821091],[-45.249117,-23.82075],[-45.248552,-23.820791],[-45.248164,-23.820789],[-45.247512,-23.820727],[-45.247023,-23.820723],[-45.246472,-23.820719],[-45.245807,-23.820795],[-45.245305,-23.820917],[-45.244653,-23.820855],[-45.244088,-23.820966],[-45.243536,-23.821088],[-45.24271,-23.820956],[-45.242271,-23.820953],[-45.241823,-23.820548],[-45.241389,-23.819915],[-45.241158,-23.818973],[-45.240925,-23.818215],[-45.240954,-23.817665],[-45.240859,-23.817057],[-45.240549,-23.816539],[-45.240251,-23.816239],[-45.239865,-23.815858],[-45.239857,-23.815307],[-45.240119,-23.815424],[-45.240356,-23.81554],[-45.240694,-23.815657],[-45.240958,-23.815544],[-45.241235,-23.81534],[-45.241463,-23.815055],[-45.241865,-23.814943],[-45.242291,-23.814889],[-45.242818,-23.814916],[-45.243055,-23.815021],[-45.244042,-23.815509],[-45.244515,-23.815891],[-45.244827,-23.8161],[-45.245188,-23.816354],[-45.245611,-23.816793],[-45.246418,-23.817865],[-45.246917,-23.818178],[-45.247518,-23.81832],[-45.247825,-23.817474],[-45.247817,-23.81682],[-45.247399,-23.815808],[-45.247217,-23.814947],[-45.246961,-23.813937],[-45.246633,-23.812582],[-45.246498,-23.812146],[-45.246263,-23.811731],[-45.246119,-23.810893],[-45.24574,-23.809607],[-45.245482,-23.808963],[-45.245199,-23.808273],[-45.244917,-23.807377],[-45.244473,-23.806492],[-45.244177,-23.805756],[-45.244004,-23.805525],[-45.243921,-23.804837],[-45.243587,-23.804284],[-45.243212,-23.804144],[-45.242742,-23.803247],[-45.242643,-23.803109],[-45.242573,-23.80242],[-45.242752,-23.801906],[-45.242792,-23.801785],[-45.24308,-23.801667],[-45.243408,-23.801395],[-45.243649,-23.800972],[-45.243768,-23.800217],[-45.243671,-23.799979],[-45.243534,-23.799584],[-45.243347,-23.799469],[-45.242873,-23.799144],[-45.242951,-23.798881],[-45.24308,-23.798332],[-45.242946,-23.797758],[-45.242673,-23.797504],[-45.242349,-23.797283],[-45.242048,-23.797236],[-45.241723,-23.797119],[-45.241038,-23.796609],[-45.240605,-23.795758],[-45.240219,-23.795434],[-45.239423,-23.794695],[-45.238744,-23.793234],[-45.238267,-23.791787],[-45.237288,-23.790324],[-45.235846,-23.78707],[-45.235698,-23.78677],[-45.235489,-23.786184],[-45.235303,-23.785908],[-45.236111,-23.785157],[-45.236588,-23.785046],[-45.237291,-23.784914],[-45.238383,-23.784727],[-45.238634,-23.784637],[-45.238462,-23.784177],[-45.238176,-23.783808],[-45.238007,-23.783016],[-45.237962,-23.782397],[-45.238003,-23.781939],[-45.237743,-23.781524],[-45.237355,-23.781372],[-45.236795,-23.780818],[-45.23596,-23.780342],[-45.235386,-23.779925],[-45.234674,-23.779622],[-45.233876,-23.779123],[-45.234217,-23.778793],[-45.234921,-23.778478],[-45.23565,-23.778254],[-45.236451,-23.778385],[-45.237089,-23.778482],[-45.237401,-23.778599],[-45.237775,-23.778819],[-45.238138,-23.778913],[-45.238504,-23.778538],[-45.238321,-23.777963],[-45.237997,-23.777697],[-45.237836,-23.777387],[-45.237826,-23.777066],[-45.237828,-23.776791],[-45.237817,-23.776676],[-45.23758,-23.776433],[-45.237294,-23.77626],[-45.236934,-23.775821],[-45.236615,-23.774845],[-45.236983,-23.774217],[-45.237099,-23.773771],[-45.237102,-23.773427],[-45.237482,-23.772834],[-45.23771,-23.772572],[-45.237962,-23.772344],[-45.238919,-23.771686],[-45.239108,-23.771607],[-45.239575,-23.771221],[-45.240063,-23.771225],[-45.240552,-23.771228],[-45.240815,-23.771253],[-45.241153,-23.771301],[-45.241478,-23.771315],[-45.241655,-23.771225],[-45.242149,-23.770403],[-45.242277,-23.770071],[-45.242669,-23.76965],[-45.24306,-23.769298],[-45.243137,-23.769011],[-45.243014,-23.768747],[-45.242604,-23.768263],[-45.242367,-23.768112],[-45.242194,-23.767858],[-45.242059,-23.767433],[-45.242532,-23.766233],[-45.242759,-23.766006],[-45.242988,-23.765572],[-45.243429,-23.765139],[-45.243796,-23.764718],[-45.244112,-23.764342],[-45.244452,-23.764058],[-45.244817,-23.763866],[-45.245156,-23.763753],[-45.245971,-23.763759],[-45.246282,-23.763968],[-45.246531,-23.76421],[-45.246954,-23.764672],[-45.247365,-23.764973],[-45.247925,-23.765481],[-45.248588,-23.765658],[-45.249629,-23.765424],[-45.250144,-23.765245],[-45.250598,-23.765178],[-45.251439,-23.765008],[-45.252008,-23.764706],[-45.253336,-23.764603],[-45.254556,-23.764255],[-45.255498,-23.764041],[-45.256064,-23.763855],[-45.256987,-23.763998],[-45.258014,-23.764525],[-45.259601,-23.765245],[-45.260169,-23.765602],[-45.260943,-23.766285],[-45.261208,-23.766786],[-45.261198,-23.767282],[-45.261127,-23.767731],[-45.261809,-23.768031],[-45.262381,-23.768203],[-45.26357,-23.768143],[-45.264021,-23.767482],[-45.264674,-23.76672],[-45.265288,-23.766662],[-45.265938,-23.766673],[-45.266603,-23.766558],[-45.266993,-23.766403],[-45.267498,-23.76617],[-45.268219,-23.76579],[-45.268453,-23.765321],[-45.268797,-23.764992],[-45.269293,-23.764597],[-45.269922,-23.764366],[-45.270661,-23.763698],[-45.270673,-23.763086],[-45.26981669999998,-23.762604],[-45.269424,-23.762383],[-45.26882,-23.761946],[-45.268029,-23.761447],[-45.267381,-23.761343],[-45.266619,-23.761329],[-45.266104,-23.761401],[-45.265371,-23.76118],[-45.264345,-23.760574],[-45.263444,-23.760627],[-45.262507,-23.760553],[-45.261814,-23.760194],[-45.261557,-23.758631],[-45.26141,-23.757855],[-45.261091,-23.756926],[-45.261101,-23.75643],[-45.261476,-23.755813],[-45.261994,-23.754876],[-45.261763,-23.754549],[-45.26127,-23.754182],[-45.260905,-23.753679],[-45.261347,-23.752856],[-45.261933,-23.752312],[-45.261861,-23.751503],[-45.260965,-23.751268],[-45.26007,-23.751033],[-45.259042,-23.751165],[-45.258343,-23.751118],[-45.258638,-23.750707],[-45.25884359999998,-23.75055249999997],[-45.259222,-23.750268],[-45.259878,-23.749979],[-45.260362,-23.749537],[-45.260615,-23.74878],[-45.261039,-23.748211],[-45.262101,-23.747583],[-45.263131,-23.747347],[-45.264098,-23.747157],[-45.264669,-23.74674],[-45.265607,-23.74611],[-45.266489,-23.745733],[-45.267509,-23.745393],[-45.267972,-23.745378],[-45.26872,-23.745449],[-45.269269,-23.745505],[-45.26913,-23.744949],[-45.269141,-23.744406],[-45.269273,-23.744039],[-45.269931,-23.743647],[-45.270309,-23.743527],[-45.270819,-23.743663],[-45.271133,-23.743487],[-45.271337,-23.743383],[-45.271192,-23.742492],[-45.271631,-23.741784],[-45.27218,-23.741205],[-45.273003,-23.740689],[-45.274062,-23.740234],[-45.274687,-23.73961],[-45.275436,-23.739023],[-45.276105,-23.738735],[-45.276664,-23.738248],[-45.276649,-23.73774],[-45.276533,-23.737288],[-45.27726,-23.736585],[-45.278146,-23.73667],[-45.278874,-23.736498],[-45.279602,-23.737642],[-45.280455,-23.737496],[-45.281288,-23.737741],[-45.281875,-23.737128],[-45.282493,-23.737485],[-45.282637,-23.737153],[-45.283604,-23.737574],[-45.283767,-23.737577],[-45.284381,-23.737484],[-45.284942,-23.737574],[-45.285505,-23.73755],[-45.28618,-23.737562],[-45.286475,-23.737809],[-45.286717,-23.73824],[-45.287183,-23.73871],[-45.287726,-23.739078],[-45.287906,-23.739462],[-45.287598499999945,-23.739768],[-45.28757189999993,-23.73979449999996],[-45.287485,-23.739881],[-45.286967,-23.740161],[-45.287159,-23.740534],[-45.287639,-23.740935],[-45.28813,-23.741405],[-45.288561,-23.741759],[-45.288991,-23.742147],[-45.289498,-23.742421],[-45.28985,-23.742324],[-45.290654,-23.74213],[-45.291466,-23.742144],[-45.292229,-23.742158],[-45.292563,-23.742314],[-45.293111,-23.742439],[-45.293599,-23.742401],[-45.293827,-23.742278],[-45.294172,-23.74188],[-45.29473,-23.741474],[-45.295487,-23.741153],[-45.296207,-23.740773],[-45.29671,-23.74062],[-45.297449,-23.740529],[-45.298005,-23.740273],[-45.297893,-23.73959],[-45.297627,-23.739136],[-45.297425,-23.738578],[-45.297295,-23.738195],[-45.296733,-23.737516],[-45.29648,-23.737038],[-45.296299,-23.736689],[-45.295784,-23.736206],[-45.295214,-23.735942],[-45.294969,-23.735638],[-45.29531,-23.735491],[-45.295701,-23.735328],[-45.296258,-23.735614],[-45.296963,-23.736008],[-45.297554,-23.736445],[-45.298327,-23.736585],[-45.299162,-23.736681],[-45.29952,-23.736929],[-45.299778,-23.737153],[-45.300224,-23.737357],[-45.300428,-23.737199],[-45.300744,-23.736997],[-45.301319,-23.73703],[-45.30192,-23.736983],[-45.301868,-23.736405],[-45.301873,-23.736186],[-45.302569,-23.735101],[-45.302701199999944,-23.735114299999964],[-45.302735,-23.73511819999993],[-45.302768199999946,-23.735120499999937],[-45.303006,-23.735144],[-45.303926,-23.735249],[-45.303977799999984,-23.735252299999956],[-45.30403489999998,-23.73525619999998],[-45.304434,-23.735285],[-45.304953,-23.735328],[-45.304814,-23.734713],[-45.304731,-23.733835],[-45.304687,-23.733568],[-45.304696,-23.733107],[-45.304879,-23.73266],[-45.305622,-23.732419],[-45.305959,-23.732425],[-45.306853,-23.732741],[-45.307259,-23.733082],[-45.308395,-23.733183],[-45.309039,-23.733471],[-45.309511,-23.733653],[-45.310144,-23.733248],[-45.310845,-23.732556],[-45.311242,-23.732055],[-45.311904,-23.731455],[-45.312901,-23.730987],[-45.313724,-23.730448],[-45.314686,-23.730464],[-45.315502,-23.730305],[-45.315976399999954,-23.729320899999948],[-45.316378,-23.728993],[-45.316892,-23.728887],[-45.317546,-23.72869],[-45.317873,-23.728615],[-45.318632899999955,-23.728609199999937],[-45.31863839999994,-23.72860909999997],[-45.31867459999995,-23.72860879999996],[-45.31871189999998,-23.72860849999995],[-45.320291,-23.728334],[-45.32067,-23.728121],[-45.320967,-23.727653],[-45.321104,-23.727009],[-45.321366,-23.726379],[-45.322542,-23.72573],[-45.323792,-23.72507],[-45.32492,-23.724293],[-45.325613,-23.723994],[-45.326678,-23.723874],[-45.327557,-23.723658],[-45.3281,-23.723367],[-45.3294,-23.72339],[-45.330261,-23.723474],[-45.33044739999997,-23.723528599999952],[-45.33058569999997,-23.723569],[-45.33066039999994,-23.723591599999963],[-45.330758,-23.723621],[-45.331212,-23.723949],[-45.331449,-23.724118],[-45.332044,-23.72437],[-45.332706,-23.724382],[-45.332943,-23.72440359999996],[-45.332968,-23.72440649999993],[-45.333305,-23.724438],[-45.333905,-23.724449],[-45.334561,-23.724806],[-45.334829,-23.725134],[-45.335357,-23.725651],[-45.335699,-23.726073],[-45.336102,-23.726564],[-45.33665,-23.727301],[-45.335042,-23.729039],[-45.334824,-23.729947],[-45.334599,-23.730636],[-45.335064,-23.73114],[-45.335682,-23.73152],[-45.336044,-23.732208],[-45.336391,-23.732999],[-45.336268,-23.733516],[-45.336529,-23.734282],[-45.337039,-23.735041],[-45.33711619999997,-23.735564099999976],[-45.33712209999993,-23.73560379999998],[-45.33715,-23.735793],[-45.337195,-23.73606],[-45.337306,-23.736789],[-45.337321,-23.737274],[-45.337384,-23.737921],[-45.337471,-23.738581],[-45.337501,-23.738997],[-45.337435,-23.739486],[-45.337138,-23.739671],[-45.336711,-23.739779],[-45.336246,-23.739864],[-45.335942,-23.740078],[-45.335936,-23.740389],[-45.336231,-23.740637],[-45.336676,-23.74091],[-45.33724,-23.741485],[-45.337469,-23.741951],[-45.337731,-23.742625],[-45.338053,-23.743415],[-45.338362,-23.744263],[-45.338641,-23.744741],[-45.33876809999998,-23.74513929999995],[-45.33882969999996,-23.74536919999997],[-45.33891,-23.745669],[-45.339286,-23.746299],[-45.33913419999993,-23.746488299999953],[-45.339071099999956,-23.746567],[-45.338966,-23.746698],[-45.338752,-23.747398],[-45.338591,-23.747984],[-45.338648,-23.74802],[-45.338939,-23.748105],[-45.33916,-23.748282],[-45.339231,-23.749161],[-45.339079,-23.749908],[-45.338535,-23.750257],[-45.338363,-23.750716],[-45.338795,-23.751035],[-45.33883419999995,-23.751066699999967],[-45.33883959999997,-23.751071],[-45.339189,-23.751353],[-45.339215,-23.751942],[-45.338794,-23.752374],[-45.33854,-23.7526],[-45.338264,-23.753299],[-45.338619,-23.753663],[-45.338637,-23.754022],[-45.338355,-23.754409],[-45.338618,-23.755037],[-45.339053,-23.75516],[-45.33937329999998,-23.755156399999976],[-45.339854,-23.755151],[-45.340717,-23.755108],[-45.34082829999994,-23.755267799999956],[-45.340912,-23.755388],[-45.340515,-23.755889],[-45.339938,-23.755983],[-45.339226,-23.755913],[-45.338778,-23.755813],[-45.338366,-23.755783],[-45.338244,-23.756289],[-45.33772,-23.756834],[-45.336625,-23.757219],[-45.336003199999936,-23.75787509999998],[-45.335936,-23.757946],[-45.336764,-23.758468],[-45.33705039999995,-23.759207799999956],[-45.337133,-23.759421],[-45.338144,-23.75953],[-45.338908799999956,-23.759755499999983],[-45.339226,-23.759849],[-45.33953139999994,-23.760905599999944],[-45.339813,-23.761798],[-45.34045,-23.761856],[-45.34124,-23.762377],[-45.34174,-23.763032],[-45.341939,-23.763258899999983],[-45.342254,-23.763618],[-45.342971,-23.764057],[-45.343703,-23.765051],[-45.344187,-23.765902],[-45.344473,-23.766634],[-45.345107,-23.767453],[-45.345215,-23.768343],[-45.34512,-23.769415],[-45.34499,-23.77029],[-45.344997399999954,-23.77109859999996],[-45.34572339999994,-23.772334599999965],[-45.34641739999995,-23.77332759999996],[-45.347128399999974,-23.774748599999953],[-45.34725009999994,-23.775505799999962],[-45.34734039999995,-23.776067599999976],[-45.34660739999998,-23.776459599999953],[-45.345983399999966,-23.77649759999997],[-45.345384,-23.776518],[-45.34501239999997,-23.777493599999957],[-45.344484,-23.777784],[-45.344187,-23.778264],[-45.343952,-23.778779],[-45.34462,-23.779183],[-45.344982,-23.779189],[-45.34564139999998,-23.77927059999996],[-45.346297,-23.779516],[-45.34667,-23.779899],[-45.347351,-23.780246],[-45.347946,-23.780498],[-45.348594,-23.780636],[-45.349402,-23.78087],[-45.349998,-23.781111],[-45.350242099999946,-23.781299799999942],[-45.3516,-23.78235],[-45.35219,-23.78288],[-45.352817,-23.783456],[-45.35301,-23.783829],[-45.353387,-23.784412],[-45.353015,-23.784867],[-45.352909,-23.785212],[-45.352879,-23.785477],[-45.35249,-23.786186],[-45.352225,-23.786297],[-45.351873,-23.786406],[-45.351641,-23.786772],[-45.351235,-23.787065],[-45.350945,-23.787198],[-45.350687,-23.787609],[-45.350339,-23.788146],[-45.349738,-23.788182],[-45.349567,-23.788617],[-45.34987,-23.788904],[-45.350082,-23.789146],[-45.35066,-23.789675],[-45.350724,-23.790049],[-45.350361,-23.79027],[-45.349833,-23.790376],[-45.349046,-23.790328],[-45.348466,-23.790595],[-45.347698,-23.790825],[-45.347015,-23.791542],[-45.34693379999993,-23.792041299999937],[-45.34697,-23.792281199999934],[-45.347303,-23.792538],[-45.347843,-23.793096899999966],[-45.348441099999945,-23.793482499999982],[-45.349091,-23.79384049999993],[-45.34978509999996,-23.793824099999938],[-45.35004679999997,-23.794304799999964],[-45.34939459999998,-23.79479779999997],[-45.349023399999965,-23.795507199999975],[-45.349112899999966,-23.79637139999994],[-45.349591499999974,-23.797014399999966],[-45.350219599999946,-23.79746149999994],[-45.351139,-23.79796879999998],[-45.35240189999996,-23.79802829999994],[-45.35306949999995,-23.798276099999953],[-45.354291,-23.798648],[-45.354493,-23.799171],[-45.354975,-23.799514],[-45.354975499999966,-23.800078499999927],[-45.354976,-23.800737],[-45.35502669999994,-23.801408299999935],[-45.355029,-23.801439],[-45.355011,-23.802839],[-45.354115,-23.802627],[-45.35317,-23.802322],[-45.352298,-23.8021],[-45.350696,-23.802153],[-45.350119,-23.80227],[-45.349527,-23.802468],[-45.349159,-23.802738],[-45.348924,-23.803254],[-45.348762,-23.803863],[-45.34822,-23.804073],[-45.347557,-23.804073],[-45.347087,-23.80448],[-45.346667,-23.804819],[-45.345967,-23.804807],[-45.345677,-23.804918],[-45.344146,-23.805838],[-45.343131,-23.806594],[-45.34237829999995,-23.806861099999935],[-45.342325,-23.80688],[-45.342202,-23.807398],[-45.342193,-23.807882],[-45.342612,-23.808189],[-45.343208,-23.808431],[-45.343595,-23.808472],[-45.344097,-23.809046],[-45.344613,-23.809528],[-45.345009,-23.810435],[-45.345323,-23.811029],[-45.345143,-23.811609],[-45.345129,-23.811996],[-45.345487,-23.812244],[-45.34598,-23.812622],[-45.346312,-23.812916],[-45.346651,-23.813511],[-45.346878,-23.81408],[-45.346744,-23.814551],[-45.346597,-23.815022],[-45.346796,-23.815741],[-45.346863,-23.816146],[-45.347009,-23.817049],[-45.347147,-23.81764],[-45.347202,-23.818033],[-45.347207,-23.818426],[-45.347175,-23.818829],[-45.34718,-23.819187],[-45.34726,-23.819592],[-45.347373,-23.820229],[-45.347261,-23.82085],[-45.34718,-23.821129],[-45.347114,-23.821356],[-45.347106,-23.821737],[-45.346493,-23.822419],[-45.34619509999993,-23.822674199999938],[-45.346048,-23.82278],[-45.345646,-23.822889],[-45.34513,-23.823007],[-45.344605,-23.822998],[-45.344154,-23.823036],[-45.343381,-23.822908],[-45.34306189999995,-23.822952099999952],[-45.34249,-23.823031],[-45.341786,-23.823215],[-45.34066,-23.823196],[-45.339594,-23.823362],[-45.339011,-23.823733],[-45.338504,-23.824105],[-45.338406,-23.824634],[-45.338146,-23.825138],[-45.337584,-23.82574],[-45.337189,-23.826126],[-45.33722,-23.826491],[-45.337239,-23.82675],[-45.3384,-23.827531],[-45.338938,-23.827541],[-45.339912,-23.827627],[-45.341216,-23.828134],[-45.342441,-23.828201],[-45.34326,-23.828573],[-45.344105,-23.828853],[-45.344527,-23.829022],[-45.345078,-23.829654],[-45.345202,-23.829737],[-45.345547,-23.83007],[-45.345792,-23.83029],[-45.346244,-23.830829],[-45.347153,-23.831733],[-45.348003,-23.831759],[-45.348593,-23.832289],[-45.350061,-23.831437],[-45.35081,-23.831519],[-45.35143,-23.831841],[-45.35200409999993,-23.832397399999934],[-45.35205709999997,-23.832448799999952],[-45.35230809999996,-23.832726699999967],[-45.35298,-23.833218],[-45.353815,-23.833348],[-45.354183,-23.833781],[-45.357362,-23.834343],[-45.357871,-23.834594],[-45.357925,-23.835011],[-45.357775,-23.835643],[-45.357641,-23.836126],[-45.357823,-23.836417],[-45.357644,-23.836645],[-45.357608,-23.837221],[-45.358011,-23.837702],[-45.358512,-23.83771],[-45.35899619999998,-23.837474],[-45.35905049999997,-23.83744829999995],[-45.359131,-23.837409],[-45.359891,-23.836926],[-45.360333,-23.836691],[-45.360713,-23.837101],[-45.360989,-23.837729],[-45.361447,-23.837991],[-45.361757,-23.838112],[-45.362078,-23.838348],[-45.362236,-23.839228],[-45.362585,-23.839984],[-45.363155,-23.840294],[-45.363591,-23.840371],[-45.363669,-23.840222],[-45.36369,-23.839772],[-45.363698,-23.839334],[-45.363717,-23.839022],[-45.363773,-23.8387],[-45.363853,-23.838448],[-45.363996,-23.838161],[-45.364226,-23.837888],[-45.364455,-23.837719],[-45.36479849999995,-23.83770409999994],[-45.365031,-23.837694],[-45.365525,-23.838003],[-45.365804,-23.838469],[-45.366562,-23.838748],[-45.366967,-23.83917],[-45.367152,-23.839312],[-45.36765,-23.83947],[-45.368885,-23.840334],[-45.369284,-23.840528],[-45.369517,-23.840645],[-45.369769,-23.840534],[-45.370545,-23.839889],[-45.371025,-23.840266],[-45.370992,-23.840716],[-45.371087,-23.841652],[-45.371325,-23.842257],[-45.371857,-23.842612],[-45.372425,-23.842979],[-45.373676399999965,-23.84224],[-45.373757299999966,-23.842192199999943],[-45.373968099999956,-23.842079499999954],[-45.37404759999998,-23.842071399999952],[-45.37430949999998,-23.842044699999974],[-45.37439269999993,-23.84204059999996],[-45.37464159999996,-23.842028399999947],[-45.37503369999996,-23.842377399999975],[-45.37510519999995,-23.84245429999993],[-45.376037,-23.843689],[-45.37603919999998,-23.84339239999997],[-45.376246299999934,-23.843305],[-45.37655819999998,-23.84290679999998],[-45.376650799999936,-23.842605499999934],[-45.37675009999998,-23.842283],[-45.376721299999986,-23.84183189999993],[-45.37655819999998,-23.841289699999948],[-45.376179099999945,-23.84063229999998],[-45.37621269999994,-23.84053629999994],[-45.376395,-23.840521899999942],[-45.376500599999986,-23.840584299999932],[-45.376630199999965,-23.840742599999942],[-45.37675489999998,-23.840953799999966],[-45.376784499999985,-23.840987299999938],[-45.37693249999995,-23.84115529999997],[-45.37745549999994,-23.841457599999956],[-45.37762829999997,-23.84149119999995],[-45.377805799999976,-23.84148639999995],[-45.37795459999995,-23.841342399999974],[-45.378093699999965,-23.84086739999998],[-45.37825209999994,-23.84054109999994],[-45.378516,-23.840162],[-45.378775099999984,-23.839806899999928],[-45.37894309999996,-23.83955979999996],[-45.37943249999995,-23.839257499999974],[-45.37973959999994,-23.839142299999935],[-45.38009949999997,-23.839151899999933],[-45.38037779999996,-23.839305499999966],[-45.380766499999936,-23.839684499999976],[-45.38105439999998,-23.839684499999976],[-45.38133269999997,-23.83957419999996],[-45.381668599999955,-23.83950219999997],[-45.38194219999997,-23.839535799999965],[-45.38221569999996,-23.839646199999947],[-45.38236919999997,-23.83985249999995],[-45.38236919999997,-23.840049199999953],[-45.382326,-23.840301199999942],[-45.382244499999956,-23.840507499999944],[-45.382282799999984,-23.84064189999998],[-45.382345199999975,-23.84076179999994],[-45.38238359999997,-23.840901],[-45.382422,-23.841001699999936],[-45.38254679999994,-23.841054499999927],[-45.38301219999994,-23.84093459999997],[-45.383362499999976,-23.840963399999964],[-45.383496899999955,-23.840963399999964],[-45.38387119999993,-23.840800199999933],[-45.38413029999998,-23.840790599999934],[-45.384375,-23.840977799999962],[-45.384461399999964,-23.841232099999957],[-45.38448059999996,-23.84161119999993],[-45.38459089999998,-23.84200459999994],[-45.384672499999965,-23.842182199999968],[-45.38463409999997,-23.84237889999997],[-45.384514199999956,-23.842628499999933],[-45.38436059999998,-23.843002699999943],[-45.38435579999998,-23.84319469999997],[-45.38441339999997,-23.84326669999996],[-45.38454779999995,-23.843324199999927],[-45.38482159999995,-23.843339499999956],[-45.385186,-23.84334819999998],[-45.385365899999954,-23.84354019999995],[-45.385577,-23.843852099999935],[-45.385761799999955,-23.843914499999983],[-45.38580259999998,-23.843909699999983],[-45.38595609999993,-23.84376569999995],[-45.38604729999997,-23.843652899999938],[-45.386316,-23.842971499999976],[-45.386364,-23.842698],[-45.38653679999993,-23.842438899999934],[-45.386608699999954,-23.842199],[-45.38661829999995,-23.841939899999943],[-45.38661349999995,-23.84177669999997],[-45.38655589999996,-23.84154639999997],[-45.38656579999997,-23.84140979999995],[-45.386887,-23.841793],[-45.387156,-23.841474],[-45.387645,-23.841413],[-45.388483,-23.841428],[-45.388994,-23.841552],[-45.389465,-23.84179],[-45.390575,-23.842629],[-45.390966,-23.84312],[-45.391452,-23.843232],[-45.391621,-23.842889],[-45.39168,-23.842416],[-45.391874,-23.842073],[-45.391884,-23.841566],[-45.391805,-23.841091],[-45.391809,-23.840907],[-45.392093,-23.840427],[-45.392456,-23.840433],[-45.392519,-23.839741],[-45.393292,-23.839881],[-45.393748,-23.840939],[-45.393927,-23.841369],[-45.393681,-23.842485],[-45.393899,-23.842892],[-45.394522,-23.843175],[-45.395122,-23.843051],[-45.395676,-23.842853],[-45.396323,-23.843072],[-45.396965,-23.84351],[-45.397733,-23.843915],[-45.398527,-23.844263],[-45.398792199999946,-23.844631299999946],[-45.398322,-23.844525],[-45.397726,-23.844307],[-45.397252,-23.844207],[-45.396541,-23.844126],[-45.395618,-23.844618],[-45.395339,-23.844833],[-45.394492,-23.844611],[-45.393396,-23.84435],[-45.392867,-23.844491],[-45.39235,-23.844748],[-45.391921,-23.844925],[-45.391422,-23.844824],[-45.390872,-23.844815],[-45.39086,-23.845427],[-45.390353,-23.84648],[-45.390113,-23.847226],[-45.390608,-23.847523],[-45.391199,-23.848052],[-45.391647,-23.848187],[-45.392079,-23.848471],[-45.392801,-23.848703],[-45.393382,-23.848713],[-45.393673,-23.848902],[-45.394101,-23.849406],[-45.394646,-23.849715],[-45.395107,-23.84985],[-45.395362,-23.850269],[-45.395671,-23.850471],[-45.396293,-23.850654],[-45.397039,-23.850898],[-45.397661,-23.85107],[-45.398345,-23.851312],[-45.398892,-23.851506],[-45.399329,-23.851583],[-45.399711,-23.851855],[-45.399805,-23.85212],[-45.400047,-23.852657],[-45.400256,-23.852822],[-45.40079829999996,-23.85295469999994],[-45.40082,-23.85296],[-45.40088919999994,-23.852962499999933],[-45.401317,-23.852978],[-45.401668,-23.852949],[-45.401984,-23.852793],[-45.40251,-23.852779],[-45.402983,-23.852868],[-45.403575,-23.853339],[-45.403933,-23.853634],[-45.40392869999994,-23.85383769999993],[-45.403927899999985,-23.85387879999996],[-45.403927,-23.85391949999996],[-45.403926,-23.853968],[-45.40374,-23.854565],[-45.403621,-23.854921],[-45.403611,-23.855463],[-45.403755099999955,-23.855865199999982],[-45.403765,-23.855893],[-45.403881,-23.856391],[-45.404404,-23.856539],[-45.404943,-23.85649],[-45.405596,-23.856374],[-45.406159,-23.856383],[-45.406608,-23.85646],[-45.406867,-23.856672],[-45.40692,-23.857158],[-45.406974,-23.857644],[-45.407114,-23.858188],[-45.407342,-23.858666],[-45.407408,-23.859198],[-45.40744,-23.859464],[-45.407554,-23.860089],[-45.407674199999974,-23.860167899999965],[-45.408221,-23.860527],[-45.409332,-23.860696],[-45.410077,-23.860985],[-45.410575,-23.861109],[-45.411343,-23.861537],[-45.411967,-23.862309],[-45.412279,-23.863007],[-45.412573,-23.86337],[-45.413059,-23.86347],[-45.413285,-23.86412],[-45.413382,-23.864953],[-45.413709,-23.865536],[-45.414225,-23.866029],[-45.414382,-23.866236],[-45.41479169999997,-23.86679819999995],[-45.414836,-23.866859],[-45.414941,-23.86723],[-45.415514,-23.867413],[-45.415822,-23.867404],[-45.41629,-23.867379],[-45.41659,-23.867431],[-45.417296,-23.8678],[-45.41786049999996,-23.868219],[-45.417901,-23.868249],[-45.418135,-23.868472],[-45.41827,-23.868613],[-45.418554,-23.868814],[-45.418559399999936,-23.86881619999997],[-45.4191,-23.869031],[-45.419459,-23.869267],[-45.419884,-23.869275],[-45.420381,-23.869479],[-45.420664,-23.869749],[-45.42076,-23.869947],[-45.420678,-23.870338],[-45.420524,-23.870566],[-45.420359,-23.870644],[-45.420068,-23.870813],[-45.419916,-23.870937],[-45.419887,-23.871133],[-45.41987,-23.87141],[-45.419839,-23.871698],[-45.419774,-23.871835],[-45.419769,-23.872089],[-45.420396,-23.8727],[-45.420392,-23.872953],[-45.42052849999993,-23.873202899999967],[-45.420634,-23.873396],[-45.420709,-23.873397],[-45.421036,-23.873322],[-45.421853,-23.873774],[-45.422406,-23.873656],[-45.423245,-23.873613],[-45.423669,-23.873689],[-45.424018,-23.873799],[-45.424302,-23.874023],[-45.424486,-23.874222],[-45.424733,-23.874353],[-45.425197,-23.874326],[-45.425674,-23.87423],[-45.426027,-23.874109],[-45.426217,-23.873985],[-45.426569,-23.873887],[-45.427012,-23.873664],[-45.427423,-23.87374],[-45.427785,-23.87378],[-45.428183,-23.873937],[-45.4287,-23.873874],[-45.428339,-23.874298],[-45.428066,-23.874835],[-45.42832,-23.875301],[-45.428628,-23.875572],[-45.429023,-23.875879],[-45.428932,-23.87605],[-45.428814,-23.87636],[-45.428805,-23.876856],[-45.428322,-23.877264],[-45.428669,-23.877442],[-45.429029,-23.877575],[-45.429541,-23.87763],[-45.43007,-23.878147],[-45.430305,-23.878266],[-45.430578,-23.878397],[-45.430628199999944,-23.878439],[-45.430874,-23.878645],[-45.431069,-23.878937],[-45.431262,-23.879344],[-45.431622,-23.879465],[-45.431847,-23.879503],[-45.432196,-23.87959],[-45.432568,-23.879781],[-45.432803,-23.8799],[-45.432988,-23.880065],[-45.43327,-23.880393],[-45.433264,-23.880693],[-45.433236,-23.880877],[-45.433105,-23.881198],[-45.43304,-23.881347],[-45.433034,-23.881658],[-45.433231,-23.881835],[-45.433589,-23.882095],[-45.433723,-23.882305],[-45.433845,-23.882445],[-45.43408,-23.882588],[-45.434304,-23.882661],[-45.434812,-23.882934],[-45.435371,-23.883163],[-45.435769,-23.883343],[-45.436267,-23.883443],[-45.436834,-23.883268],[-45.436846,-23.883268],[-45.438047,-23.883346],[-45.438603,-23.883724],[-45.438725,-23.883911],[-45.438842,-23.88434],[-45.438901,-23.884503],[-45.439168,-23.884957],[-45.439241,-23.885097],[-45.439868,-23.885696],[-45.440289,-23.885945],[-45.440637,-23.886101],[-45.44092,-23.886325],[-45.441153,-23.886374],[-45.441169299999956,-23.886382699999956],[-45.441456,-23.886449],[-45.441646,-23.886348],[-45.441946,-23.886354],[-45.442348,-23.886268],[-45.442634,-23.886388],[-45.44327,-23.886537],[-45.44342,-23.886539],[-45.444025,-23.886988],[-45.444356,-23.887386],[-45.44439,-23.887525],[-45.44471,-23.887819],[-45.445045,-23.887986],[-45.445355,-23.888153],[-45.445602,-23.88833],[-45.445746,-23.88869],[-45.445865,-23.889027],[-45.446132,-23.889493],[-45.446236,-23.889933],[-45.446455,-23.890271],[-45.446451,-23.890491],[-45.446165,-23.891109],[-45.446257,-23.891538],[-45.446576,-23.891855],[-45.446945,-23.89223],[-45.447264,-23.892605],[-45.447527,-23.892586],[-45.44785,-23.892695],[-45.44816,-23.892839],[-45.45373839999996,-23.891418699999974],[-45.45377559999997,-23.89140109999994],[-45.454038899999944,-23.891793],[-45.453853,-23.892286],[-45.453848,-23.892586],[-45.45384,-23.893013],[-45.453772,-23.8933],[-45.453507,-23.8934],[-45.453263,-23.893765],[-45.453513,-23.894473],[-45.453925,-23.895219],[-45.454208,-23.895501],[-45.454793,-23.896353],[-45.454775,-23.896653],[-45.45473759999993,-23.896833399999934],[-45.454706,-23.896986],[-45.454481,-23.897675],[-45.454459,-23.898148],[-45.454448,-23.898794],[-45.454556,-23.899038],[-45.45455,-23.89935],[-45.454493,-23.89973],[-45.454385,-23.900132],[-45.454199,-23.900729],[-45.454301,-23.900874],[-45.454367,-23.900957],[-45.454914,-23.901005],[-45.45520019999998,-23.90107009999997],[-45.455578199999934,-23.901270199999942],[-45.456151,-23.90182],[-45.456155699999954,-23.90201079999997],[-45.45615749999996,-23.902083199999936],[-45.456159,-23.902145],[-45.455933,-23.902364],[-45.456054,-23.902654],[-45.456301,-23.902841],[-45.45693,-23.903376],[-45.456639,-23.903757],[-45.456401,-23.903895],[-45.455801,-23.90409],[-45.455274,-23.904424],[-45.454874,-23.904562],[-45.4545,-23.90463],[-45.454049,-23.904826],[-45.453817,-23.905474],[-45.454096,-23.906135],[-45.454702,-23.906554],[-45.455159,-23.906915],[-45.45498,-23.90732],[-45.454315,-23.907746],[-45.453873,-23.908266],[-45.454215,-23.908835],[-45.455037,-23.908884],[-45.455705,-23.909246],[-45.456065,-23.909386],[-45.456048,-23.909803],[-45.455138,-23.910913],[-45.454909,-23.911398],[-45.455239,-23.911933],[-45.455085,-23.912303],[-45.454867,-23.912858],[-45.454616,-23.913054],[-45.454208,-23.913887],[-45.453355,-23.91444],[-45.452678,-23.914751],[-45.452388,-23.915132],[-45.452326,-23.916175],[-45.452155,-23.916939],[-45.451804,-23.917146],[-45.451429,-23.917261],[-45.450942,-23.917375],[-45.450925,-23.917803],[-45.450857,-23.918325],[-45.450491,-23.918706],[-45.450253,-23.918867],[-45.450013,-23.919156],[-45.449971,-23.919573],[-45.449615,-23.920162],[-45.449413,-23.92044],[-45.449025,-23.920543],[-45.448588,-23.920692],[-45.447988,-23.921941],[-45.446266,-23.923279],[-45.445706,-23.924308],[-45.445159,-23.925338],[-45.443708,-23.925877],[-45.442533,-23.92622],[-45.441111,-23.926354],[-45.440438,-23.926375],[-45.440351,-23.927441],[-45.440618,-23.928067],[-45.440885,-23.928729],[-45.440853,-23.929308],[-45.440523,-23.929828],[-45.440046,-23.930174],[-45.439446,-23.93038],[-45.43908,-23.930785],[-45.438354,-23.931106],[-45.437414,-23.931566],[-45.436859,-23.932121],[-45.435958,-23.932488],[-45.434886,-23.932612],[-45.434286,-23.932748],[-45.433529,-23.933592],[-45.433325399999944,-23.933694599999967],[-45.433269199999984,-23.933722899999964],[-45.43315019999994,-23.933782899999983],[-45.43295389999997,-23.933881799999938],[-45.43287869999995,-23.933919699999933],[-45.43280239999996,-23.933958099999927],[-45.432251,-23.934236],[-45.43192339999996,-23.934437799999955],[-45.43188209999994,-23.934463299999948],[-45.43184089999994,-23.934488699999974],[-45.431485,-23.934708],[-45.430875,-23.934694],[-45.43010289999995,-23.93513409999997],[-45.430043,-23.935151],[-45.42995369999994,-23.93517719999994],[-45.429386,-23.935245],[-45.428836,-23.935405],[-45.427674,-23.935748],[-45.427509,-23.936003],[-45.426274,-23.936114],[-45.425472,-23.936493],[-45.424409,-23.936849],[-45.423703899999964,-23.936766399999954],[-45.423583,-23.936752199999944],[-45.42338559999996,-23.936729],[-45.423078,-23.936693],[-45.422043,-23.936782],[-45.421442,-23.937069],[-45.420751,-23.937588],[-45.420076,-23.937771],[-45.418569,-23.937742],[-45.417885,-23.937566],[-45.417412,-23.937599],[-45.416888,-23.93762],[-45.415994,-23.93735],[-45.415337,-23.937081],[-45.414616,-23.936986],[-45.413232,-23.937015],[-45.412366,-23.936502],[-45.41139,-23.935826],[-45.410452,-23.935104],[-45.409874,-23.934384],[-45.409203,-23.933234],[-45.40888389999998,-23.932791399999928],[-45.408516,-23.932281],[-45.40819,-23.932454],[-45.407622,-23.933089],[-45.407059,-23.933342],[-45.406351,-23.93313],[-45.405457,-23.932884],[-45.404533,-23.931965],[-45.403836,-23.931939],[-45.403002,-23.931924],[-45.402869,-23.931587],[-45.401907,-23.931758],[-45.401049,-23.931627],[-45.400367,-23.931346],[-45.399514,-23.930798],[-45.39836,-23.9304],[-45.397563,-23.930443],[-45.397012,-23.930615],[-45.396275,-23.93082],[-45.395839,-23.930795],[-45.395213,-23.929993],[-45.394223,-23.929457],[-45.39343,-23.929083],[-45.393287,-23.928572],[-45.392124,-23.928938],[-45.390559,-23.929581],[-45.389935,-23.929718],[-45.389359,-23.929901],[-45.387653,-23.929871],[-45.386737,-23.929369],[-45.386102,-23.929355],[-45.385241,-23.929444],[-45.38421,-23.929174],[-45.383073,-23.928485],[-45.382418,-23.928054],[-45.381586,-23.927808],[-45.381163,-23.927725],[-45.380759,-23.927132],[-45.380539,-23.926749],[-45.37991,-23.926294],[-45.37954,-23.92598],[-45.379056,-23.924773],[-45.379201,-23.924044],[-45.378972,-23.923406],[-45.378427,-23.923206],[-45.378122,-23.923692],[-45.377797,-23.924791],[-45.377863,-23.925545],[-45.377862,-23.92668],[-45.377108,-23.927222],[-45.376334,-23.927323],[-45.37576,-23.927436],[-45.375232,-23.927828],[-45.373867,-23.92846],[-45.373252,-23.928794],[-45.372107,-23.928731],[-45.370515,-23.928504],[-45.368799,-23.928231],[-45.367805,-23.928065],[-45.366808,-23.928107],[-45.365771,-23.928323],[-45.364814,-23.928145],[-45.363944,-23.928014],[-45.36315,-23.927663],[-45.362398,-23.927069],[-45.361887,-23.92709],[-45.36129,-23.92696],[-45.360622,-23.92661],[-45.359978,-23.926318],[-45.359145,-23.926129],[-45.358575,-23.925929],[-45.35803,-23.925614],[-45.357747,-23.92537],[-45.357228,-23.92502],[-45.356996,-23.924637],[-45.356469,-23.923893],[-45.355832,-23.922975],[-45.355256,-23.922196],[-45.354492,-23.921509],[-45.353666,-23.920845],[-45.353548,-23.9203],[-45.353763,-23.920035],[-45.354015,-23.919804],[-45.35422,-23.919283],[-45.353907,-23.918425],[-45.353075,-23.918201],[-45.352245,-23.91778],[-45.351479,-23.917267],[-45.350724,-23.916893],[-45.349949,-23.916067],[-45.349245,-23.914558],[-45.348473,-23.913524],[-45.347575,-23.912616],[-45.346912,-23.911814],[-45.346303,-23.911695],[-45.345454,-23.910823],[-45.344474,-23.910459],[-45.343512,-23.909714],[-45.342399,-23.909048],[-45.3416,-23.908199],[-45.34089,-23.907153],[-45.340364,-23.906352],[-45.339951,-23.90555],[-45.339571,-23.90505],[-45.33913,-23.905408],[-45.338784,-23.906194],[-45.338668,-23.907584],[-45.338937,-23.909022],[-45.338735,-23.910238],[-45.337745,-23.91072],[-45.337232,-23.910915],[-45.336792,-23.911214],[-45.336908,-23.91191],[-45.337037,-23.912594],[-45.337012,-23.913637],[-45.337156,-23.915074],[-45.337745,-23.915795],[-45.339053,-23.916867],[-45.339593,-23.91746],[-45.339475,-23.918004],[-45.3392,-23.918026],[-45.338791,-23.917886],[-45.338308,-23.917617],[-45.338134,-23.917628],[-45.337935,-23.917627],[-45.337165,-23.917427],[-45.336987,-23.916684],[-45.336505,-23.916381],[-45.335779,-23.916644],[-45.334856,-23.916756],[-45.334612,-23.916338],[-45.334854,-23.91591],[-45.335135,-23.915367],[-45.335028,-23.914926],[-45.334747,-23.914438],[-45.334451,-23.914194],[-45.334244,-23.913857],[-45.333537,-23.91361],[-45.3334,-23.913681],[-45.33311519999995,-23.91391969999995],[-45.33241379999998,-23.91391589999995],[-45.331790299999966,-23.914062],[-45.330988,-23.913989199999946],[-45.33026619999998,-23.913908599999957],[-45.329671099999985,-23.91374159999998],[-45.32921639999995,-23.912906799999973],[-45.32918809999995,-23.912160099999937],[-45.32887949999997,-23.911619],[-45.328259,-23.911107399999935],[-45.327783299999965,-23.91009859999997],[-45.32778259999998,-23.909456899999952],[-45.32750109999995,-23.90847539999993],[-45.326918699999965,-23.907602099999963],[-45.326275899999985,-23.906899],[-45.32608229999994,-23.906265599999983],[-45.32538249999993,-23.906007399999964],[-45.324845799999935,-23.905741599999942],[-45.324346799999944,-23.90515929999998],[-45.32417079999993,-23.904595599999936],[-45.324111399999936,-23.904157899999973],[-45.32393419999994,-23.90379889999997],[-45.323540099999946,-23.903643199999976],[-45.32308649999993,-23.903601599999945],[-45.322636,-23.903487199999972],[-45.32236489999997,-23.90287019999994],[-45.321956,-23.90264259999998],[-45.321750899999984,-23.902323499999966],[-45.32166089999998,-23.901936499999977],[-45.321394,-23.901404799999966],[-45.32120759999998,-23.900880299999983],[-45.320864,-23.90043],[-45.32066869999994,-23.899951099999953],[-45.320645199999944,-23.899585099999967],[-45.320605,-23.899194],[-45.32041319999996,-23.89903879999997],[-45.32011269999998,-23.898999699999933],[-45.319600399999956,-23.898905499999955],[-45.31923379999995,-23.899031399999956],[-45.31907559999996,-23.899435599999947],[-45.319089599999984,-23.899892199999954],[-45.31885909999994,-23.900352],[-45.31872989999994,-23.90074649999997],[-45.31873449999995,-23.901346699999976],[-45.318377,-23.902007899999944],[-45.318613099999936,-23.90247889999995],[-45.31907609999996,-23.90258769999997],[-45.31934879999994,-23.902957899999933],[-45.319534499999975,-23.903476699999942],[-45.31943,-23.90387919999995],[-45.319358199999954,-23.904334499999948],[-45.31911539999993,-23.904764599999965],[-45.31882459999997,-23.905093499999964],[-45.318603199999984,-23.90538639999994],[-45.31858559999995,-23.905925],[-45.318390499999964,-23.906247],[-45.31827969999995,-23.90658869999993],[-45.31853279999996,-23.906778499999973],[-45.31917219999997,-23.90688169999993],[-45.319687199999976,-23.90697979999993],[-45.32016249999998,-23.90711829999998],[-45.32043289999996,-23.907356499999935],[-45.320989699999984,-23.907709199999942],[-45.321268799999984,-23.90819209999995],[-45.32170179999997,-23.908673299999975],[-45.32197309999998,-23.90900819999996],[-45.322077099999944,-23.909614199999965],[-45.322057,-23.909883],[-45.32216009999996,-23.910578099999952],[-45.32218289999997,-23.910874399999955],[-45.32189,-23.911095199999977],[-45.32150729999995,-23.911281499999973],[-45.32126909999994,-23.911517799999956],[-45.32096679999995,-23.91211069999997],[-45.320564299999944,-23.912530699999934],[-45.32013049999995,-23.912896799999942],[-45.319979399999966,-23.913391799999943],[-45.31964889999995,-23.91365609999997],[-45.31922469999995,-23.913695599999983],[-45.318764,-23.91350269999998],[-45.318105,-23.91312929999998],[-45.31764889999994,-23.913174599999934],[-45.31715409999998,-23.91307939999996],[-45.31662179999995,-23.91298809999995],[-45.316227599999934,-23.912649599999952],[-45.31588569999997,-23.91242169999998],[-45.31555819999994,-23.911984699999948],[-45.31526749999995,-23.911736],[-45.314868399999966,-23.91166439999995],[-45.314431799999966,-23.911958099999936],[-45.314158299999974,-23.912072],[-45.31379119999997,-23.912085599999955],[-45.313316199999974,-23.91157809999993],[-45.31330389999994,-23.91082259999996],[-45.31319909999996,-23.910098499999947],[-45.31302919999996,-23.90962719999993],[-45.31271829999997,-23.909207099999946],[-45.31265069999995,-23.908673299999975],[-45.312832499999956,-23.907849099999964],[-45.312447099999986,-23.90767939999995],[-45.31165139999996,-23.90765579999993],[-45.310969099999966,-23.907194499999946],[-45.30992759999998,-23.90692679999995],[-45.30900959999997,-23.90701839999997],[-45.30834129999994,-23.906824299999982],[-45.30762889999994,-23.90676639999998],[-45.306827,-23.906746399999975],[-45.30642489999997,-23.906415799999934],[-45.305988799999966,-23.906182899999976],[-45.30537829999997,-23.90624829999996],[-45.30474259999994,-23.905977399999983],[-45.30465589999994,-23.905588299999977],[-45.305006799999944,-23.904993699999977],[-45.304914199999985,-23.904524299999935],[-45.304585,-23.90429279999995],[-45.304058,-23.904244399999982],[-45.30330719999995,-23.903943099999935],[-45.30290269999995,-23.90392],[-45.302549099999965,-23.90366279999995],[-45.30222139999995,-23.90344559999994],[-45.301737199999934,-23.903273299999967],[-45.301514399999974,-23.903339099999982],[-45.30142659999996,-23.903545599999973],[-45.301489,-23.903762299999983],[-45.30161489999995,-23.904076],[-45.301661,-23.90442459999997],[-45.30163719999996,-23.904923099999962],[-45.301557,-23.90529689999994],[-45.30140549999993,-23.90557249999995],[-45.301118299999985,-23.905705299999966],[-45.30054819999998,-23.905951499999958],[-45.30014319999998,-23.906124499999976],[-45.29981879999997,-23.90635939999993],[-45.299393399999985,-23.906556],[-45.29914919999993,-23.906672699999945],[-45.298957299999984,-23.906891799999983],[-45.29888119999998,-23.907348699999943],[-45.29878069999995,-23.907779],[-45.298583,-23.908222799999976],[-45.29841589999995,-23.90846289999996],[-45.298341,-23.90861129999996],[-45.298294399999975,-23.908814699999937],[-45.298267,-23.909041199999933],[-45.298238899999944,-23.909452],[-45.29839539999995,-23.909703499999978],[-45.29869679999996,-23.90983639999996],[-45.29892819999998,-23.909897799999953],[-45.29947359999994,-23.909951099999944],[-45.29964329999996,-23.910015899999962],[-45.29985549999998,-23.91010929999993],[-45.300033,-23.910243299999934],[-45.30016679999994,-23.910491899999954],[-45.30021179999994,-23.910771],[-45.30017219999996,-23.911074799999938],[-45.300026,-23.911334499999953],[-45.29977039999994,-23.911532299999976],[-45.29995539999993,-23.912409599999933],[-45.30046089999996,-23.913190699999973],[-45.301234299999976,-23.91406],[-45.302858399999934,-23.915588699999944],[-45.302971199999945,-23.915408399999933],[-45.30311119999993,-23.915239799999938],[-45.303164599999945,-23.914971599999944],[-45.30305819999995,-23.914878099999953],[-45.302913,-23.914797199999953],[-45.30278489999995,-23.914591299999927],[-45.30258569999995,-23.914398499999947],[-45.302434,-23.91429409999995],[-45.30229529999997,-23.914189499999964],[-45.302162599999974,-23.914049199999965],[-45.30211459999998,-23.91391349999998],[-45.302061099999946,-23.91383129999997],[-45.30193049999997,-23.913803799999982],[-45.301797499999964,-23.91364589999995],[-45.30181689999995,-23.913639599999954],[-45.30189909999996,-23.91350769999997],[-45.30188359999994,-23.913365399999975],[-45.30188009999995,-23.91316349999994],[-45.30178779999994,-23.913099899999963],[-45.30169379999995,-23.91297149999997],[-45.30168459999993,-23.91284749999994],[-45.30178609999996,-23.91271519999998],[-45.301869899999986,-23.91266],[-45.302051699999936,-23.91259649999995],[-45.30207679999995,-23.912536599999953],[-45.30199609999994,-23.91242569999997],[-45.30189,-23.912278399999934],[-45.30189859999996,-23.91204719999996],[-45.302057099999956,-23.91185489999998],[-45.30211839999998,-23.91167029999997],[-45.302252899999985,-23.911579],[-45.30246159999996,-23.91162259999993],[-45.30262109999995,-23.91146559999993],[-45.30269619999996,-23.911315899999977],[-45.30287679999998,-23.911235499999975],[-45.303053199999965,-23.911267899999928],[-45.303202099999965,-23.91121759999993],[-45.30331679999995,-23.911078799999927],[-45.303313199999934,-23.91088259999998],[-45.303323699999964,-23.910751699999935],[-45.30338039999998,-23.910649599999942],[-45.30349219999994,-23.910695],[-45.30360549999995,-23.910835799999973],[-45.30376869999998,-23.910862899999927],[-45.303958799999975,-23.91093109999997],[-45.30413329999993,-23.91086279999996],[-45.30410479999995,-23.910732499999938],[-45.304011799999955,-23.91063889999998],[-45.303912,-23.91052159999998],[-45.303755199999955,-23.91049449999997],[-45.30353969999993,-23.910456499999952],[-45.30344039999994,-23.910375099999953],[-45.30336049999994,-23.910281399999974],[-45.303191899999945,-23.91033239999996],[-45.30302219999993,-23.910311899999954],[-45.30287809999993,-23.91026119999998],[-45.30276639999994,-23.910165099999972],[-45.30272419999994,-23.90997219999997],[-45.30274549999996,-23.909798799999976],[-45.302767,-23.909546899999953],[-45.302831099999935,-23.909255299999927],[-45.30287379999993,-23.909060599999975],[-45.302959,-23.90888549999994],[-45.303108,-23.908691099999942],[-45.303278499999976,-23.90847709999997],[-45.30340639999997,-23.90834069999994],[-45.303597,-23.908205799999962],[-45.30376629999995,-23.908109599999932],[-45.30399929999993,-23.90801339999996],[-45.30421119999994,-23.907955699999945],[-45.304375,-23.907975],[-45.304637,-23.908059799999933],[-45.30477,-23.908182199999942],[-45.30491439999997,-23.908245199999953],[-45.30515679999996,-23.90833639999994],[-45.30537129999993,-23.908356899999944],[-45.305573899999956,-23.908431],[-45.30572409999996,-23.908482099999958],[-45.30586819999996,-23.90855709999994],[-45.30624629999994,-23.90870579999995],[-45.306371799999965,-23.90882259999995],[-45.306474099999946,-23.90902879999993],[-45.306466,-23.90920719999997],[-45.30662679999995,-23.909312799999952],[-45.30681459999994,-23.90930439999994],[-45.30695869999994,-23.909379499999943],[-45.30705909999995,-23.90953819999993],[-45.30717579999998,-23.909856799999943],[-45.30729029999998,-23.910068799999976],[-45.307307299999934,-23.910264499999982],[-45.30737069999998,-23.910512899999958],[-45.307308699999965,-23.910644699999978],[-45.30740279999998,-23.910803699999974],[-45.30756829999996,-23.910973299999966],[-45.30772539999998,-23.911065699999938],[-45.307876599999986,-23.911176],[-45.30796979999997,-23.911293299999954],[-45.308189599999935,-23.911392699999965],[-45.30830089999995,-23.91145039999998],[-45.30843169999997,-23.911501699999974],[-45.308601899999985,-23.911582099999976],[-45.308657,-23.911735499999963],[-45.30871179999997,-23.91187709999997],[-45.30877879999997,-23.911977],[-45.30893,-23.912075],[-45.30909449999996,-23.912179299999934],[-45.30926449999998,-23.91223],[-45.30949389999995,-23.912321499999962],[-45.30971589999996,-23.912365499999964],[-45.309948,-23.91227859999998],[-45.310095,-23.912175299999944],[-45.310235,-23.91202459999994],[-45.310277499999984,-23.91188139999997],[-45.310405799999955,-23.91179619999997],[-45.31057449999997,-23.91175789999994],[-45.31076569999993,-23.91184979999997],[-45.310941,-23.911805399999935],[-45.31112909999996,-23.911754799999983],[-45.31127589999994,-23.91164559999993],[-45.31142129999995,-23.91172039999998],[-45.31156139999996,-23.91187869999993],[-45.311778699999934,-23.912012],[-45.31200669999998,-23.912103499999944],[-45.31216889999996,-23.912148399999978],[-45.31224149999997,-23.912262399999975],[-45.31235449999997,-23.912409399999945],[-45.312579599999935,-23.912643699999933],[-45.31269249999997,-23.912778599999967],[-45.31283119999995,-23.91291309999997],[-45.312933,-23.913131199999953],[-45.31310389999993,-23.91325329999995],[-45.31308809999996,-23.913401799999974],[-45.313274099999944,-23.91361859999995],[-45.31339989999998,-23.913747299999955],[-45.313493,-23.913852799999972],[-45.313603599999965,-23.91394379999997],[-45.31372129999994,-23.913995399999976],[-45.31385229999995,-23.914058599999976],[-45.313996299999985,-23.91410979999995],[-45.314108799999985,-23.914197199999933],[-45.314335599999936,-23.914199399999973],[-45.31451529999998,-23.914142899999945],[-45.314671199999964,-23.914152299999955],[-45.314855,-23.914232599999934],[-45.315051299999936,-23.914294799999936],[-45.315172,-23.91442969999997],[-45.31529829999994,-23.91455849999994],[-45.315403,-23.91461019999997],[-45.31551479999996,-23.914685599999927],[-45.315671899999984,-23.914766199999974],[-45.31583429999995,-23.914810899999964],[-45.31602469999996,-23.914891099999977],[-45.316182699999956,-23.914966],[-45.316354599999954,-23.915070499999956],[-45.316546,-23.915174699999966],[-45.31674049999998,-23.91530249999994],[-45.31692359999994,-23.915359099999932],[-45.317166199999974,-23.915456399999982],[-45.31730179999994,-23.915418399999965],[-45.317318899999975,-23.91531089999995],[-45.31749989999997,-23.915266299999928],[-45.31766709999994,-23.915192099999956],[-45.31784219999997,-23.915183299999967],[-45.31808969999997,-23.91520909999997],[-45.31819749999994,-23.915117799999962],[-45.31841669999994,-23.91507239999993],[-45.318649499999935,-23.915056599999957],[-45.318967499999985,-23.915086799999983],[-45.31914869999997,-23.915224299999977],[-45.31928709999994,-23.915323099999966],[-45.31939449999993,-23.915475799999967],[-45.31954069999995,-23.915628],[-45.31968679999994,-23.91577419999993],[-45.31975459999995,-23.915898],[-45.31993069999993,-23.91595449999994],[-45.320023,-23.916024299999947],[-45.320199499999944,-23.91608679999996],[-45.32027379999994,-23.916210499999977],[-45.320415099999934,-23.91636529999994],[-45.32053319999994,-23.916511],[-45.320728,-23.916345899999953],[-45.320668299999966,-23.91621809999998],[-45.32085039999998,-23.916141799999934],[-45.321144,-23.916149299999972],[-45.32118,-23.915994199999943],[-45.32112959999995,-23.915804599999944],[-45.321151,-23.915661499999942],[-45.321330099999955,-23.915474599999982],[-45.32131739999994,-23.915243199999964],[-45.321259399999974,-23.91506019999997],[-45.32122179999993,-23.91489489999998],[-45.321164899999985,-23.91474779999993],[-45.321186,-23.914682399999947],[-45.32126729999993,-23.914527],[-45.32136809999997,-23.914371399999936],[-45.321506099999965,-23.914416099999983],[-45.32170409999998,-23.91450729999997],[-45.32188019999995,-23.914486299999965],[-45.32204849999994,-23.91440609999995],[-45.32204619999993,-23.914305299999967],[-45.322153699999944,-23.914161199999967],[-45.322258799999986,-23.91420089999997],[-45.322383,-23.914216599999975],[-45.32246559999993,-23.914114299999937],[-45.32254059999997,-23.91395269999998],[-45.32256149999995,-23.913721],[-45.32255809999998,-23.913584899999933],[-45.322596199999964,-23.91346109999995],[-45.322639,-23.913323899999966],[-45.322767399999975,-23.91324469999995],[-45.322991799999954,-23.913092699999936],[-45.32314619999994,-23.913019],[-45.32332619999994,-23.91292109999995],[-45.323651,-23.912747799999977],[-45.32391809999996,-23.912586399999952],[-45.32423359999996,-23.912379399999963],[-45.324697199999946,-23.91216979999996],[-45.32513669999997,-23.912005499999964],[-45.325289199999986,-23.911969399999975],[-45.325431899999955,-23.91194189999993],[-45.32559039999995,-23.911904299999946],[-45.325804199999936,-23.91192129999996],[-45.325876,-23.911950399999967],[-45.32599349999998,-23.912069199999962],[-45.32611629999997,-23.912177799999938],[-45.32619559999995,-23.912297199999955],[-45.32638659999998,-23.912525399999936],[-45.32649759999998,-23.912604],[-45.326657299999965,-23.912666799999954],[-45.32680129999994,-23.91275989999997],[-45.326886,-23.91287909999994],[-45.326992099999984,-23.912997899999937],[-45.327106199999946,-23.913145199999974],[-45.32721239999995,-23.913249],[-45.327298,-23.91339819999996],[-45.32736259999996,-23.91357279999994],[-45.32746069999996,-23.913787199999945],[-45.327514,-23.91395719999997],[-45.32758819999998,-23.91409669999996],[-45.32765679999994,-23.914231299999983],[-45.32779119999998,-23.91439],[-45.327833399999975,-23.91455019999995],[-45.32794579999995,-23.91468409999993],[-45.32805689999998,-23.91476769999997],[-45.32817049999994,-23.91494179999995],[-45.32828809999995,-23.915055499999937],[-45.32840009999995,-23.915154299999983],[-45.328511599999956,-23.915280699999983],[-45.328575,-23.915405299999975],[-45.32872859999998,-23.915423],[-45.328867299999956,-23.91549619999995],[-45.329110699999944,-23.91558779999997],[-45.329412599999955,-23.915628199999958],[-45.32967159999998,-23.91570939999997],[-45.32986549999998,-23.91577159999997],[-45.33006359999996,-23.91579859999996],[-45.330241599999965,-23.91589149999993],[-45.33038,-23.91593949999998],[-45.330627299999946,-23.915935599999955],[-45.33089129999996,-23.915936399999964],[-45.331122,-23.91592769999994],[-45.33133049999998,-23.91591429999994],[-45.33150649999993,-23.915921499999968],[-45.33167729999997,-23.915943899999945],[-45.33200889999995,-23.916029],[-45.33225059999995,-23.916045199999928],[-45.33246429999997,-23.916051799999934],[-45.33255429999997,-23.916140799999937],[-45.33268369999996,-23.916274399999963],[-45.33270339999996,-23.916389899999956],[-45.332831099999964,-23.916458199999965],[-45.332991,-23.91651079999997],[-45.333105899999964,-23.916553799999974],[-45.333162699999946,-23.91665839999996],[-45.333275699999945,-23.916799199999957],[-45.333288799999934,-23.916904399999964],[-45.333346699999936,-23.91706419999997],[-45.33325139999994,-23.91721119999994],[-45.333209,-23.91727709999998],[-45.33331519999996,-23.917381],[-45.333333799999934,-23.917476199999953],[-45.33347859999998,-23.917599499999938],[-45.333573,-23.917668299999946],[-45.33376569999996,-23.917745399999944],[-45.333828,-23.917844699999932],[-45.33386859999996,-23.91794459999994],[-45.333997,-23.91805789999995],[-45.334146799999985,-23.918155799999965],[-45.334318,-23.91824319999995],[-45.33444989999998,-23.918281],[-45.334572299999934,-23.918344399999967],[-45.33482529999998,-23.91848049999993],[-45.33493139999996,-23.918564],[-45.33512539999998,-23.918651199999942],[-45.33542389999997,-23.918761899999936],[-45.33573289999998,-23.918857499999945],[-45.33598759999995,-23.91894869999993],[-45.336220399999945,-23.919035299999962],[-45.33648029999995,-23.919116499999973],[-45.33677339999997,-23.919227299999932],[-45.33697689999997,-23.919269199999974],[-45.33715619999998,-23.919427],[-45.33729559999995,-23.919515199999978],[-45.33760969999997,-23.919717799999944],[-45.33777909999998,-23.919699899999955],[-45.33798849999994,-23.919741699999975],[-45.338111899999944,-23.91984519999994],[-45.338247199999955,-23.919983899999977],[-45.338403,-23.920096899999976],[-45.33849779999997,-23.920185699999934],[-45.33860819999995,-23.920233],[-45.33873569999997,-23.920286199999964],[-45.338852299999985,-23.920344599999964],[-45.338969099999986,-23.92041809999995],[-45.33907629999993,-23.92055709999994],[-45.339183,-23.920670899999948],[-45.339323,-23.92081929999995],[-45.33939339999995,-23.921049299999936],[-45.33944739999998,-23.921274599999947],[-45.33950039999996,-23.921462799999972],[-45.339531299999976,-23.92163819999996],[-45.33961679999993,-23.921812699999975],[-45.33970229999994,-23.921992099999954],[-45.33966739999994,-23.92216849999994],[-45.33961949999997,-23.922239599999955],[-45.339583199999936,-23.92234069999995],[-45.339629499999944,-23.922475499999962],[-45.339539299999956,-23.922622799999942],[-45.33948159999994,-23.922749499999952],[-45.33939079999993,-23.92287669999996],[-45.33935,-23.92303329999993],[-45.33936509999995,-23.92325409999995],[-45.339365499999985,-23.923554],[-45.33935159999993,-23.92369],[-45.339315699999986,-23.923821199999963],[-45.33928439999994,-23.92391219999996],[-45.33915519999994,-23.924045],[-45.33905829999998,-23.92414709999997],[-45.339142599999946,-23.924246299999936],[-45.339200699999935,-23.92441629999996],[-45.33924129999997,-23.924526199999946],[-45.33932589999995,-23.924635499999965],[-45.33939429999998,-23.92476],[-45.33945629999994,-23.924839499999962],[-45.33959619999996,-23.924958],[-45.33976759999996,-23.92500549999994],[-45.339925,-23.924907299999973],[-45.340036,-23.92495589999993],[-45.34012039999993,-23.925045099999977],[-45.340227599999935,-23.925174199999958],[-45.340318699999955,-23.925318699999934],[-45.34040849999997,-23.925402899999938],[-45.34047919999995,-23.92536649999994],[-45.340481799999964,-23.925245399999937],[-45.340477299999975,-23.925054099999954],[-45.34035259999996,-23.924885],[-45.34024439999996,-23.924710699999935],[-45.340121299999964,-23.92460209999996],[-45.340075799999966,-23.92453249999994],[-45.340269399999954,-23.924604699999975],[-45.340430899999944,-23.92471759999995],[-45.34055859999995,-23.92478589999996],[-45.34069869999996,-23.924889399999927],[-45.340854399999955,-23.92494739999995],[-45.34106939999998,-23.92494419999997],[-45.341215,-23.925032599999952],[-45.341226,-23.92503249999993],[-45.341356,-23.92493479999996],[-45.34155059999995,-23.92474569999996],[-45.34147489999998,-23.924605799999938],[-45.34152089999998,-23.924449099999947],[-45.34156749999994,-23.924307599999963],[-45.34162009999994,-23.92418619999995],[-45.341677,-23.924014399999976],[-45.34174569999993,-23.92388779999993],[-45.341832899999986,-23.923851199999945],[-45.34197059999997,-23.923859],[-45.342084899999975,-23.923812],[-45.34220409999995,-23.92374479999995],[-45.34228079999997,-23.923733599999935],[-45.34249209999996,-23.923825499999964],[-45.34264179999997,-23.923868399999947],[-45.34280169999994,-23.92388589999996],[-45.342989899999964,-23.923928099999955],[-45.34312429999994,-23.92401639999997],[-45.343286699999965,-23.92411949999996],[-45.343452799999966,-23.924167099999977],[-45.34358309999993,-23.924094599999933],[-45.343618799999945,-23.923993399999972],[-45.343588,-23.92386819999996],[-45.34343719999998,-23.923775199999966],[-45.34350669999998,-23.92370379999994],[-45.34348149999994,-23.923583699999938],[-45.343578099999945,-23.923511899999937],[-45.343591499999945,-23.923411399999964],[-45.34357789999996,-23.92333659999997],[-45.343721399999936,-23.923378499999956],[-45.34383809999997,-23.92344689999993],[-45.34395409999996,-23.92348519999996],[-45.344042799999954,-23.92352889999995],[-45.344126399999936,-23.92358779999995],[-45.344232,-23.92364139999995],[-45.344370699999956,-23.923694599999976],[-45.344503299999985,-23.923712699999953],[-45.344669,-23.923720299999957],[-45.344789599999956,-23.923693199999946],[-45.344898899999976,-23.923656299999948],[-45.345019599999944,-23.92362419999995],[-45.34511659999998,-23.923507],[-45.345153,-23.923390799999936],[-45.34510009999997,-23.923230699999976],[-45.345004,-23.923116599999958],[-45.34494669999998,-23.92300689999996],[-45.34493269999996,-23.922856299999978],[-45.344887,-23.92277669999993],[-45.34481919999996,-23.92269239999996],[-45.34475069999996,-23.922562899999946],[-45.34469839999997,-23.922418],[-45.34457519999995,-23.92231979999997],[-45.344497099999955,-23.922276099999976],[-45.34441909999998,-23.92223249999995],[-45.344401,-23.92214739999997],[-45.34440379999995,-23.921996399999955],[-45.34430859999998,-23.921907699999963],[-45.34419649999995,-23.921794099999943],[-45.344107399999984,-23.921659199999965],[-45.34410719999994,-23.921649099999968],[-45.344038,-23.92148969999994],[-45.34393129999995,-23.921365799999933],[-45.34381339999993,-23.921242099999972],[-45.34365219999995,-23.921134199999983],[-45.34360959999998,-23.920964099999935],[-45.34352839999997,-23.920764299999973],[-45.34341519999998,-23.920610199999942],[-45.343247599999984,-23.920457099999965],[-45.34311549999995,-23.92040929999996],[-45.343052299999954,-23.92026459999994],[-45.342962299999954,-23.92018919999998],[-45.34297329999998,-23.919948499999975],[-45.343110199999956,-23.91983229999994],[-45.343219799999986,-23.919739299999947],[-45.34334839999997,-23.919566199999963],[-45.34353149999998,-23.91935189999998],[-45.34368789999996,-23.91918839999994],[-45.343768799999964,-23.91907189999995],[-45.343885599999965,-23.91895539999996],[-45.344021699999985,-23.918814399999974],[-45.344112199999984,-23.918704299999945],[-45.344196299999965,-23.918612399999972],[-45.34434569999996,-23.918489299999976],[-45.34448219999996,-23.918372399999953],[-45.34459909999998,-23.918274],[-45.34472249999993,-23.91816339999997],[-45.344845599999985,-23.91804069999995],[-45.34498879999995,-23.917935799999952],[-45.34513819999995,-23.91780659999995],[-45.345366799999965,-23.91763039999995],[-45.34556189999995,-23.91747639999994],[-45.345685,-23.91735369999998],[-45.34584079999996,-23.917218399999967],[-45.34596409999995,-23.917107699999974],[-45.34612019999997,-23.916984499999955],[-45.346347899999955,-23.916811799999948],[-45.346509699999956,-23.91665219999993],[-45.34669219999995,-23.916534399999932],[-45.346894599999985,-23.916404499999942],[-45.34707129999998,-23.916317299999946],[-45.347195399999976,-23.916237],[-45.34735809999995,-23.916108],[-45.34750289999994,-23.91608169999995],[-45.34756489999995,-23.916219299999966],[-45.34766659999997,-23.916362299999946],[-45.347768,-23.916487399999937],[-45.347907599999985,-23.916539499999942],[-45.34798839999996,-23.916622699999948],[-45.348095299999954,-23.916687399999944],[-45.34818279999996,-23.91677649999997],[-45.34827119999994,-23.91691389999994],[-45.348366099999964,-23.91704509999994],[-45.348474899999985,-23.917212199999938],[-45.34860239999995,-23.91732479999996],[-45.34869679999997,-23.917431799999974],[-45.34878429999998,-23.917526899999928],[-45.34886549999993,-23.91763409999993],[-45.34894639999993,-23.917723299999977],[-45.348954799999944,-23.91781359999993],[-45.349049099999945,-23.91791459999996],[-45.349169899999936,-23.918027199999983],[-45.34926189999993,-23.918146199999967],[-45.34937649999995,-23.918277],[-45.34945879999998,-23.918426599999975],[-45.349527199999955,-23.91854019999994],[-45.34964119999995,-23.91863479999995],[-45.349787299999946,-23.91869859999997],[-45.34988189999996,-23.91877119999998],[-45.34999559999994,-23.918853799999965],[-45.35014849999993,-23.91891769999995],[-45.35033439999995,-23.918981],[-45.350494,-23.919044799999938],[-45.35067379999998,-23.919120299999975],[-45.35084009999997,-23.91919],[-45.35100639999996,-23.91925969999994],[-45.35130369999996,-23.919321],[-45.351383099999964,-23.91934379999998],[-45.35144509999998,-23.91946349999995],[-45.35147439999997,-23.919589799999983],[-45.35151829999995,-23.919776499999955],[-45.35158689999997,-23.919896199999982],[-45.35166829999997,-23.92002149999996],[-45.35177109999995,-23.920260499999983],[-45.351786499999946,-23.92053569999996],[-45.351765599999965,-23.920789199999945],[-45.35176789999997,-23.920903799999962],[-45.351810599999965,-23.92108419999994],[-45.351795599999946,-23.92131969999997],[-45.35186409999994,-23.921463399999936],[-45.35184229999993,-23.921662899999944],[-45.35178609999997,-23.921808599999963],[-45.35169719999993,-23.92196709999996],[-45.35172739999996,-23.922153899999955],[-45.35185029999997,-23.922369199999935],[-45.35194539999998,-23.922518399999944],[-45.35213079999994,-23.92258149999998],[-45.35225539999993,-23.922585199999958],[-45.352414299999964,-23.922642699999983],[-45.35248379999996,-23.92280459999995],[-45.352624,-23.922898799999928],[-45.35271639999996,-23.922921199999962],[-45.35285249999998,-23.923118199999976],[-45.352996099999984,-23.923283199999958],[-45.353225,-23.923520699999983],[-45.35341289999997,-23.923680599999955],[-45.35354049999995,-23.923793099999955],[-45.35371339999995,-23.923874699999942],[-45.353808,-23.923975799999937],[-45.353935,-23.924058199999934],[-45.354161199999965,-23.924175099999957],[-45.35427509999994,-23.924269699999968],[-45.35439679999996,-23.92442449999993],[-45.35451189999998,-23.924585399999955],[-45.35470139999995,-23.924812499999973],[-45.35479589999994,-23.924925599999938],[-45.354886499999964,-23.925147399999958],[-45.35500779999995,-23.92527819999998],[-45.35519289999996,-23.92532319999998],[-45.35534389999998,-23.925473799999963],[-45.35545179999997,-23.92559259999996],[-45.355476299999964,-23.925815399999976],[-45.35562479999993,-23.925982],[-45.35577349999994,-23.92616659999993],[-45.35594039999995,-23.92628439999993],[-45.356035299999974,-23.926409599999943],[-45.35619559999998,-23.92652739999994],[-45.35649989999996,-23.926734099999976],[-45.35664079999998,-23.926864499999965],[-45.35667159999997,-23.927062899999953],[-45.356794699999966,-23.927272099999982],[-45.356976799999984,-23.92746829999993],[-45.35713839999994,-23.927628599999935],[-45.35729369999996,-23.927801199999976],[-45.35746059999997,-23.927901],[-45.35764659999995,-23.92798229999994],[-45.35782409999996,-23.92797909999996],[-45.357978,-23.92810049999997],[-45.358125,-23.92818859999994],[-45.358316799999955,-23.92821559999993],[-45.358448299999964,-23.928201499999943],[-45.358692099999985,-23.928185499999927],[-45.35887719999994,-23.92819449999996],[-45.35901119999994,-23.928282799999977],[-45.35925119999996,-23.92838749999993],[-45.35946979999994,-23.928420199999948],[-45.35965319999997,-23.928356899999983],[-45.35982259999997,-23.928263699999945],[-45.360045199999945,-23.92819979999996],[-45.36024209999994,-23.92817249999996],[-45.36036629999995,-23.92814039999996],[-45.360577,-23.92815509999997],[-45.36076449999996,-23.928187599999944],[-45.36091689999995,-23.928227299999946],[-45.36111609999995,-23.928302499999972],[-45.36115129999996,-23.92841039999996],[-45.36130469999995,-23.928498299999944],[-45.36149819999997,-23.92860969999998],[-45.36173189999994,-23.928750699999966],[-45.36195729999997,-23.92882529999997],[-45.362095899999986,-23.928847099999928],[-45.362249299999974,-23.928929],[-45.36240269999996,-23.92902289999995],[-45.36258179999993,-23.92909229999998],[-45.362715399999956,-23.929180499999973],[-45.362829799999986,-23.929287199999976],[-45.36292629999997,-23.92946079999996],[-45.36304819999998,-23.92959769999993],[-45.363193499999966,-23.929637299999968],[-45.36336049999994,-23.929765],[-45.363438299999984,-23.92999919999994],[-45.363652499999944,-23.930146599999944],[-45.36382609999998,-23.93024639999993],[-45.364070599999934,-23.930272499999944],[-45.36428579999995,-23.93045029999996],[-45.364292399999954,-23.93045019999994],[-45.364484199999936,-23.930465199999958],[-45.36466879999995,-23.930456099999958],[-45.364685099999974,-23.930310799999972],[-45.36469989999995,-23.930147099999942],[-45.36474089999996,-23.92998929999993],[-45.36475,-23.929862399999934],[-45.36486,-23.92980629999994],[-45.36499209999994,-23.929828199999974],[-45.365219,-23.929927],[-45.365400799999975,-23.93005679999993],[-45.36554,-23.93009669999998],[-45.36565109999998,-23.930088799999965],[-45.36572679999995,-23.930015],[-45.36570339999997,-23.929926],[-45.365833599999974,-23.92985729999998],[-45.36609379999993,-23.930034],[-45.366234599999984,-23.930158699999936],[-45.366328099999976,-23.930217599999935],[-45.36649449999993,-23.930299499999933],[-45.366705499999966,-23.930314],[-45.36685719999997,-23.930317799999955],[-45.367042899999944,-23.930357399999934],[-45.36714939999996,-23.93039209999995],[-45.36728879999998,-23.930420399999946],[-45.36747249999996,-23.930381099999977],[-45.367565199999945,-23.93039179999994],[-45.36756889999998,-23.930276799999945],[-45.36769479999998,-23.930293],[-45.367845699999975,-23.930260399999952],[-45.368024899999966,-23.930294],[-45.36821089999995,-23.93035729999997],[-45.36840609999996,-23.93051739999993],[-45.36852259999995,-23.930685],[-45.36882009999994,-23.93082849999996],[-45.36897369999997,-23.93091049999998],[-45.36915259999995,-23.93094979999995],[-45.369318299999975,-23.930989299999965],[-45.36944539999996,-23.93107779999997],[-45.36955259999996,-23.931154499999934],[-45.36971939999995,-23.931248299999936],[-45.36987339999996,-23.93136039999996],[-45.37001939999993,-23.931406299999935],[-45.37022979999995,-23.93137859999996],[-45.37043879999993,-23.931290599999954],[-45.37058109999998,-23.931167499999958],[-45.37070389999997,-23.931062899999972],[-45.37080709999998,-23.93096459999998],[-45.371074599999986,-23.93088769999997],[-45.37124819999997,-23.930957299999932],[-45.37151249999994,-23.930983199999957],[-45.37165429999993,-23.931095599999935],[-45.371861499999966,-23.93118889999994],[-45.37207609999996,-23.93125189999995],[-45.37226659999993,-23.931224499999928],[-45.37249029999998,-23.931208599999934],[-45.372721199999944,-23.931222899999966],[-45.37291759999994,-23.931177299999945],[-45.37318789999995,-23.931178899999964],[-45.37333339999998,-23.93119459999997],[-45.37353729999995,-23.931179199999974],[-45.37371,-23.93120669999996],[-45.37384909999997,-23.93121069999995],[-45.374076,-23.93129239999996],[-45.37421949999998,-23.93120559999994],[-45.37434939999997,-23.931119099999933],[-45.374571499999945,-23.931000899999958],[-45.37481919999993,-23.93087019999996],[-45.374976799999956,-23.930831499999954],[-45.37524629999996,-23.930790899999977],[-45.375584799999956,-23.93083359999997],[-45.37566149999998,-23.930735899999945],[-45.375791,-23.930637399999966],[-45.37581719999997,-23.930630899999983],[-45.37604829999998,-23.930615],[-45.37630619999993,-23.930604699999947],[-45.376478299999974,-23.93062],[-45.37660839999995,-23.930551599999944],[-45.37678009999996,-23.93055479999998],[-45.37696119999998,-23.93064819999995],[-45.37714149999994,-23.930729699999972],[-45.377250499999946,-23.930848599999933],[-45.37740029999998,-23.93081],[-45.377624899999944,-23.93081849999993],[-45.37783609999997,-23.930821],[-45.37803379999997,-23.930805799999973],[-45.378206199999966,-23.93083919999998],[-45.37830619999994,-23.930879799999957],[-45.37851139999998,-23.930900599999973],[-45.378742399999965,-23.93089679999997],[-45.378946,-23.930845199999965],[-45.37905589999997,-23.930740799999967],[-45.379278399999976,-23.93066479999993],[-45.37958729999997,-23.930593399999964],[-45.37987409999994,-23.930407699999932],[-45.38008869999993,-23.930241299999977],[-45.38009529999994,-23.930241199999955],[-45.38024489999998,-23.93013629999996],[-45.380420699999945,-23.930049099999962],[-45.38059109999995,-23.930004099999962],[-45.38081469999997,-23.92997639999993],[-45.38102369999996,-23.92994909999993],[-45.381149499999935,-23.929977299999962],[-45.381303499999945,-23.930083099999933],[-45.38156239999995,-23.930163299999947],[-45.38178759999994,-23.93022],[-45.38205179999994,-23.930264],[-45.382269399999984,-23.93029679999995],[-45.38255389999995,-23.93037049999998],[-45.382811799999956,-23.930426599999976],[-45.38307619999995,-23.930482499999982],[-45.383315299999936,-23.930562899999927],[-45.38351629999994,-23.93068009999996],[-45.38389809999995,-23.930909],[-45.383954399999936,-23.93101669999993],[-45.38410219999997,-23.931128899999976],[-45.38424509999993,-23.931289599999957],[-45.384424,-23.93135289999998],[-45.38470849999993,-23.931414599999982],[-45.38487709999998,-23.931345199999953],[-45.38499789999997,-23.931282599999975],[-45.38517029999997,-23.931334],[-45.385271,-23.931410899999946],[-45.385474399999964,-23.93137719999993],[-45.38564569999994,-23.931380399999966],[-45.38571409999997,-23.93147],[-45.385919799999954,-23.931521],[-45.386021,-23.931598099999974],[-45.386233699999934,-23.931655199999966],[-45.386432,-23.931676],[-45.386595599999964,-23.93163089999996],[-45.38669269999997,-23.931574799999964],[-45.38683019999996,-23.931548199999952],[-45.38695,-23.931582599999956],[-45.38705859999993,-23.93168369999995],[-45.38723169999997,-23.93175329999997],[-45.38735189999994,-23.931817699999954],[-45.387472299999956,-23.931888199999946],[-45.38767319999994,-23.932023799999968],[-45.38780589999993,-23.93207579999995],[-45.38793009999995,-23.932136699999944],[-45.38809629999997,-23.932200399999942],[-45.38823529999996,-23.932222199999956],[-45.38834829999996,-23.932262599999945],[-45.38850739999998,-23.93229629999996],[-45.38869839999995,-23.932280899999967],[-45.38886889999998,-23.93222979999996],[-45.38904,-23.93220279999997],[-45.389263,-23.93214469999998],[-45.38945259999997,-23.932075099999963],[-45.38961,-23.932036299999936],[-45.38981949999993,-23.931960499999946],[-45.39006269999993,-23.93190839999994],[-45.390239399999984,-23.93184519999994],[-45.390351099999975,-23.93181329999993],[-45.39053629999995,-23.93181039999996],[-45.390675699999974,-23.931826299999955],[-45.39102649999995,-23.93187489999997],[-45.39114059999997,-23.931957499999953],[-45.39121549999993,-23.93203479999994],[-45.39129589999993,-23.93209989999997],[-45.39140969999994,-23.932182599999976],[-45.391602199999966,-23.932233699999983],[-45.39174819999994,-23.932273599999974],[-45.391967,-23.932324299999948],[-45.39215919999998,-23.932363299999963],[-45.392345499999976,-23.932438599999955],[-45.392539599999964,-23.932574299999942],[-45.39263919999996,-23.932602799999927],[-45.39276369999993,-23.932564399999933],[-45.39301,-23.932663],[-45.39316359999998,-23.93275109999996],[-45.393245399999955,-23.932870699999967],[-45.393418199999985,-23.932928199999935],[-45.39367069999997,-23.933002699999975],[-45.393683899999985,-23.933002399999964],[-45.39398189999997,-23.933045799999945],[-45.39427869999997,-23.933028899999954],[-45.39458039999994,-23.93293929999993],[-45.39484689999995,-23.932765599999982],[-45.39505679999996,-23.932725699999935],[-45.395307199999934,-23.93273339999996],[-45.39559179999998,-23.932795],[-45.39582389999998,-23.93283349999996],[-45.396141299999954,-23.93276019999996],[-45.396358299999974,-23.932726099999968],[-45.39653729999998,-23.932771799999955],[-45.39672109999998,-23.93273229999994],[-45.39691979999998,-23.932771599999967],[-45.39711609999995,-23.93270149999995],[-45.39733179999996,-23.932619099999954],[-45.397503,-23.932610199999942],[-45.39783279999995,-23.932622799999933],[-45.39814819999998,-23.932605],[-45.39829389999994,-23.93263879999995],[-45.39850119999994,-23.93275049999994],[-45.39872859999997,-23.93286809999995],[-45.398759,-23.933007499999974],[-45.39880089999997,-23.933097799999928],[-45.39891479999994,-23.93316859999993],[-45.39907649999998,-23.933254499999975],[-45.39916959999994,-23.933289199999933],[-45.39923649999997,-23.93333039999993],[-45.39936749999998,-23.933285799999965],[-45.399540599999966,-23.933355499999948],[-45.39969739999998,-23.933286299999963],[-45.39982779999997,-23.933223599999963],[-45.399917,-23.933101],[-45.40000729999997,-23.93302689999996],[-45.400107799999944,-23.933097699999962],[-45.40020709999993,-23.93312009999994],[-45.40033949999997,-23.933148],[-45.40045259999994,-23.933194399999934],[-45.400597699999935,-23.933216],[-45.400633,-23.93330009999994],[-45.40067519999997,-23.93339629999997],[-45.40072289999995,-23.933456],[-45.400895299999945,-23.93351329999996],[-45.40102779999995,-23.93355319999995],[-45.40114689999996,-23.933581299999958],[-45.401245899999935,-23.933597599999928],[-45.40148419999997,-23.93365979999993],[-45.401635899999974,-23.933681199999967],[-45.401909,-23.93375839999993],[-45.402017899999976,-23.93391939999998],[-45.40217209999997,-23.93404339999995],[-45.40229969999996,-23.934149899999966],[-45.402427699999976,-23.934274499999958],[-45.402581699999985,-23.934374599999956],[-45.402848,-23.934490799999935],[-45.40309339999993,-23.934559199999967],[-45.40329109999993,-23.934549799999957],[-45.403503099999966,-23.93459459999997],[-45.40373589999996,-23.93468729999995],[-45.403968599999985,-23.93474989999993],[-45.404188,-23.934812799999975],[-45.40439559999993,-23.934724399999936],[-45.40457329999998,-23.934727299999963],[-45.40468819999995,-23.934803199999976],[-45.40486979999997,-23.934962499999983],[-45.405044799999985,-23.93511609999996],[-45.40513989999994,-23.935247199999935],[-45.40528879999994,-23.935419699999954],[-45.40532529999996,-23.93558189999993],[-45.40543289999994,-23.935670699999946],[-45.405565699999954,-23.935704699999974],[-45.40574529999998,-23.935762099999977],[-45.40592609999993,-23.935898],[-45.40603989999994,-23.935986699999944],[-45.40614809999994,-23.93612379999996],[-45.40622389999993,-23.93629149999998],[-45.40636509999996,-23.936434],[-45.40649289999993,-23.936558599999955],[-45.40656259999997,-23.936738599999956],[-45.40663969999997,-23.93695459999998],[-45.40668889999995,-23.93709869999998],[-45.40671439999994,-23.937184899999977],[-45.40673149999998,-23.937243],[-45.40680869999994,-23.93747959999996],[-45.406892099999936,-23.937689599999942],[-45.40694129999997,-23.937839699999927],[-45.40708289999998,-23.93798819999995],[-45.40731749999998,-23.93815939999996],[-45.407492299999944,-23.938313499999936],[-45.40768549999996,-23.938394899999935],[-45.40787249999994,-23.938500399999953],[-45.408049699999935,-23.93846119999995],[-45.408167299999945,-23.93841079999993],[-45.408325599999955,-23.938414199999954],[-45.40850459999996,-23.938453399999958],[-45.40871759999993,-23.93854639999995],[-45.40891039999997,-23.938621599999976],[-45.409195,-23.938683099999935],[-45.409583199999986,-23.938634399999955],[-45.40987919999998,-23.93859329999998],[-45.41015589999995,-23.938558599999965],[-45.410359,-23.938537199999928],[-45.41037219999998,-23.938537],[-45.410535599999946,-23.93846179999997],[-45.41072509999998,-23.938397899999927],[-45.41094319999996,-23.938430299999936],[-45.41110349999997,-23.938524299999983],[-45.411146299999984,-23.938656599999945],[-45.41134039999997,-23.93878019999994],[-45.411609,-23.938727],[-45.41196069999995,-23.938847599999974],[-45.41224219999998,-23.939006499999948],[-45.412453599999935,-23.939027],[-45.412648599999955,-23.93895079999993],[-45.412841,-23.938966],[-45.41302369999994,-23.93888439999995],[-45.413212699999974,-23.93878469999993],[-45.41329829999995,-23.938571599999932],[-45.413387,-23.93846129999997],[-45.41347209999998,-23.93824539999997],[-45.41360329999998,-23.938237199999946],[-45.413751,-23.938313299999948],[-45.41394309999998,-23.938346299999978],[-45.41412059999993,-23.938355299999955],[-45.41415639999997,-23.938282],[-45.414037,-23.938247799999942],[-45.41391489999995,-23.938147199999946],[-45.41376839999998,-23.93808329999996],[-45.41383609999997,-23.937997499999938],[-45.41403129999998,-23.93806879999994],[-45.41418319999997,-23.938102399999934],[-45.414295299999935,-23.938118499999973],[-45.41450589999994,-23.93812689999993],[-45.41464469999994,-23.938166699999954],[-45.41480389999998,-23.938230199999964],[-45.41498269999994,-23.938275699999963],[-45.41509139999994,-23.938401099999965],[-45.41519929999998,-23.938502099999937],[-45.41528069999998,-23.93859169999996],[-45.415358699999956,-23.938786799999946],[-45.41553789999995,-23.93883219999998],[-45.41569019999997,-23.938859899999954],[-45.41585,-23.93891789999998],[-45.416060699999946,-23.93890829999998],[-45.41625579999993,-23.93882],[-45.416381299999955,-23.93883],[-45.41653669999994,-23.938748499999974],[-45.41674819999997,-23.938775199999952],[-45.41699219999998,-23.938783199999932],[-45.41718869999994,-23.938743699999975],[-45.417337799999984,-23.93866859999997],[-45.41757219999994,-23.93877969999994],[-45.41778969999996,-23.938816799999927],[-45.418198899999936,-23.938864],[-45.41821859999993,-23.938863699999956],[-45.418470499999955,-23.938926],[-45.41863669999998,-23.938983699999937],[-45.418816799999945,-23.939071399999932],[-45.41907549999996,-23.939115699999945],[-45.419088699999975,-23.939115499999957],[-45.41937819999998,-23.939080499999932],[-45.419555499999944,-23.939047399999936],[-45.41975439999993,-23.93906839999994],[-45.41996439999997,-23.939028599999972],[-45.42026789999994,-23.93901169999998],[-45.42054609999997,-23.939031399999976],[-45.42081749999994,-23.93904509999993],[-45.42103959999997,-23.93899289999996],[-45.42126039999994,-23.938916499999948],[-45.421398899999986,-23.93889009999998],[-45.421563499999934,-23.93901479999994],[-45.42174479999994,-23.93908449999998],[-45.422023,-23.939104199999974],[-45.42199139999997,-23.938971399999957],[-45.42187629999995,-23.938894699999935],[-45.42181489999996,-23.93884129999998],[-45.42193159999994,-23.93877889999993],[-45.422087799999986,-23.93868589999994],[-45.42225739999998,-23.938548399999945],[-45.422452799999974,-23.93846],[-45.42270259999998,-23.938431599999944],[-45.42292829999997,-23.938476699999967],[-45.42312359999994,-23.938625199999933],[-45.423224,-23.938684],[-45.42336209999996,-23.938663599999927],[-45.42364509999993,-23.938634699999966],[-45.423870799999975,-23.938679499999978],[-45.42403009999998,-23.93871329999996],[-45.42416429999997,-23.93878989999996],[-45.42423839999998,-23.93884319999995],[-45.42439959999996,-23.93893769999994],[-45.42444849999998,-23.939028],[-45.424612199999956,-23.93898269999994],[-45.424766699999964,-23.93889869999998],[-45.42480559999996,-23.938837599999943],[-45.42495169999995,-23.938877399999967],[-45.425138,-23.93896479999995],[-45.425185699999986,-23.93906069999997],[-45.425379,-23.939166299999954],[-45.42557869999996,-23.93924149999998],[-45.42577279999995,-23.939371],[-45.425939599999936,-23.939452699999947],[-45.426111599999956,-23.93946779999993],[-45.426261,-23.939338299999974],[-45.42637939999997,-23.93931809999998],[-45.42656469999997,-23.93934509999997],[-45.42674429999994,-23.93941449999994],[-45.42683309999995,-23.93956389999994],[-45.42696849999993,-23.939730699999927],[-45.42700449999995,-23.939881199999945],[-45.42706139999996,-23.94008539999993],[-45.427151299999935,-23.940289099999973],[-45.42716869999998,-23.94050009999995],[-45.42729119999996,-23.940679299999942],[-45.427452,-23.940791399999966],[-45.427634599999976,-23.94099989999995],[-45.42783609999998,-23.941159899999946],[-45.42806129999997,-23.941180799999927],[-45.42807419999997,-23.94116239999994],[-45.428191599999934,-23.941088099999945],[-45.42814019999997,-23.940841],[-45.42806379999996,-23.940660899999955],[-45.428093299999944,-23.940485299999978],[-45.42802249999994,-23.940257],[-45.427800599999955,-23.940073199999972],[-45.42774489999994,-23.939929199999938],[-45.42780549999998,-23.939674499999967],[-45.42788749999994,-23.939498],[-45.428042,-23.93930839999996],[-45.42829109999997,-23.93921389999997],[-45.42853469999994,-23.93918569999994],[-45.428798,-23.939175199999966],[-45.429007499999955,-23.939135299999975],[-45.42951569999997,-23.939127],[-45.42984229999996,-23.939000799999974],[-45.430114499999945,-23.939044699999954],[-45.43040079999997,-23.93910649999998],[-45.430514,-23.93912279999995],[-45.43074709999996,-23.939179399999944],[-45.43095159999996,-23.93917],[-45.431156699999974,-23.939178699999957],[-45.43127549999997,-23.939170699999977],[-45.43138529999993,-23.93909629999996],[-45.43154119999997,-23.939039299999934],[-45.43169469999998,-23.939115399999935],[-45.43180119999994,-23.939155899999946],[-45.43199189999996,-23.939116499999955],[-45.432202899999936,-23.939101],[-45.432201,-23.939016399999957],[-45.43227669999993,-23.938858099999948],[-45.432424699999956,-23.938668699999937],[-45.43250869999997,-23.938576799999964],[-45.432710499999985,-23.938440699999944],[-45.43290919999998,-23.938455499999975],[-45.43302389999997,-23.938290799999947],[-45.43312729999997,-23.938186499999972],[-45.43349559999996,-23.938108],[-45.43374,-23.938079699999946],[-45.43393619999995,-23.937961799999982],[-45.43405769999998,-23.937778799999933],[-45.434106199999974,-23.937603199999955],[-45.43409349999996,-23.937368599999957],[-45.43403029999996,-23.93722539999993],[-45.43398829999995,-23.93713589999993],[-45.434031,-23.93700549999994],[-45.434121,-23.93688359999993],[-45.434230699999944,-23.936761399999966],[-45.43436,-23.936632799999927],[-45.434588599999984,-23.93653869999997],[-45.43476469999996,-23.936451499999976],[-45.43495429999996,-23.93638219999997],[-45.43519189999995,-23.936402],[-45.43545569999998,-23.93640339999996],[-45.43562,-23.93637659999996],[-45.435763399999985,-23.936302],[-45.435987799999964,-23.936298],[-45.436165899999935,-23.936295],[-45.43642289999997,-23.936284599999965],[-45.43662779999994,-23.936293099999943],[-45.436775,-23.93636879999997],[-45.43693549999995,-23.936456499999963],[-45.43692619999996,-23.936619399999927],[-45.43701669999996,-23.93682289999998],[-45.43706019999996,-23.936991199999966],[-45.43724489999994,-23.936982099999966],[-45.437453699999935,-23.936888099999976],[-45.43758319999995,-23.936789399999952],[-45.437693699999954,-23.936721199999965],[-45.43791959999993,-23.936783799999944],[-45.43818379999993,-23.936791399999947],[-45.43838809999994,-23.936776],[-45.438580299999956,-23.936790799999983],[-45.43865619999997,-23.93665079999994],[-45.438838199999964,-23.936527199999944],[-45.43895119999996,-23.93643629999997],[-45.43908239999996,-23.936397899999974],[-45.43921739999996,-23.936238599999967],[-45.43940719999995,-23.93615109999996],[-45.439578799999936,-23.936142299999972],[-45.439842,-23.936095699999953],[-45.439940099999944,-23.936039799999946],[-45.44007689999995,-23.935935099999938],[-45.44023349999998,-23.935835899999972],[-45.440378,-23.93579129999995],[-45.440394899999944,-23.93567029999997],[-45.440504499999975,-23.93555989999993],[-45.440628,-23.93546129999993],[-45.44073849999995,-23.93535689999993],[-45.44079439999996,-23.935187],[-45.440864499999975,-23.93506519999994],[-45.44098719999994,-23.93495459999997],[-45.44109929999996,-23.934946699999955],[-45.441273499999966,-23.93503419999996],[-45.441485599999965,-23.935054699999966],[-45.441763099999946,-23.935062099999982],[-45.441980899999976,-23.93505849999997],[-45.442174499999965,-23.93513969999998],[-45.442359099999976,-23.93511849999993],[-45.44260329999997,-23.93509629999994],[-45.44277559999995,-23.935058699999956],[-45.44303649999995,-23.93488519999994],[-45.44325829999997,-23.934748799999966],[-45.44342119999993,-23.934643499999936],[-45.44359749999995,-23.93455],[-45.44378009999997,-23.934438399999976],[-45.44395709999998,-23.934375],[-45.44408029999994,-23.93426439999996],[-45.44423109999997,-23.934207499999957],[-45.44432229999995,-23.934145599999965],[-45.44441139999998,-23.93398119999995],[-45.44445489999998,-23.933847799999967],[-45.44451329999998,-23.933708299999978],[-45.444589,-23.93352589999995],[-45.44465879999996,-23.933385899999962],[-45.444708599999956,-23.93323429999998],[-45.44467929999996,-23.93309],[-45.44470919999998,-23.93293259999996],[-45.44481829999995,-23.93273],[-45.44493339999997,-23.932559499999968],[-45.44498949999996,-23.93239559999995],[-45.44501909999997,-23.932220099999938],[-45.445023499999934,-23.932105399999955],[-45.44505379999998,-23.93197219999996],[-45.44512389999994,-23.931844299999966],[-45.44513469999998,-23.931723499999976],[-45.445238899999936,-23.931655399999954],[-45.445383,-23.93160469999998],[-45.44550869999995,-23.93162669999998],[-45.445725599999946,-23.93158079999995],[-45.445934299999976,-23.93145059999995],[-45.44608409999995,-23.93135149999995],[-45.44625279999997,-23.931203799999935],[-45.446382599999936,-23.931087],[-45.44651239999996,-23.930976099999953],[-45.44653029999995,-23.930879299999958],[-45.446625799999936,-23.930702699999983],[-45.44665619999995,-23.930575499999975],[-45.4467,-23.930454],[-45.44676979999997,-23.930307899999946],[-45.44658169999997,-23.930160899999976],[-45.44642719999996,-23.930030599999952],[-45.44640879999997,-23.929777499999943],[-45.44647209999994,-23.92964379999995],[-45.446601699999974,-23.929527099999973],[-45.446776599999964,-23.929367399999933],[-45.44697839999998,-23.929219199999977],[-45.447059399999944,-23.928988799999956],[-45.44718659999995,-23.928757599999983],[-45.44729339999998,-23.92850889999994],[-45.447366,-23.928219299999967],[-45.447387799999944,-23.927984],[-45.447535,-23.927764499999967],[-45.44777809999994,-23.927724099999978],[-45.44793919999995,-23.92786],[-45.44812689999998,-23.927675799999975],[-45.44828159999997,-23.927486099999953],[-45.448454399999946,-23.92723019999994],[-45.44863579999998,-23.92707669999993],[-45.448810599999945,-23.926917],[-45.44899769999995,-23.927003799999966],[-45.449145499999986,-23.927109499999972]]],[[[-45.13812183299996,-23.78990091869711],[-45.13796002599998,-23.789872870697124],[-45.13783595899998,-23.78987566169709],[-45.13778055099994,-23.790035639697095],[-45.13778691699998,-23.790163689697103],[-45.13779292799996,-23.790269195697107],[-45.13771169199999,-23.790334420697153],[-45.13761493999994,-23.79045266169713],[-45.137654226999985,-23.79057271169716],[-45.13769804699997,-23.79071898469714],[-45.13774506499993,-23.790814044697143],[-45.137832880999966,-23.790888392697134],[-45.13792550999997,-23.79101117869715],[-45.13783192599993,-23.791079869697118],[-45.137817293999944,-23.791192816697162],[-45.13790117099995,-23.791278274697188],[-45.138026167999946,-23.79135942369716],[-45.138204769999966,-23.791451121697143],[-45.13822264799995,-23.79152990569715],[-45.138228389999945,-23.79162020769714],[-45.13830006599995,-23.79171711269716],[-45.138404664999946,-23.791817254697158],[-45.13849278599997,-23.791917604697165],[-45.13858829499999,-23.79197634269714],[-45.138691428999955,-23.792008546697172],[-45.138697258999976,-23.792098859697173],[-45.13879646599998,-23.79214609869712],[-45.13885104299993,-23.792216691697174],[-45.13891822699998,-23.792302146697164],[-45.13894478099998,-23.792395992697198],[-45.13900021499995,-23.792500653697143],[-45.139027015999936,-23.79260590069717],[-45.13910704799998,-23.792672117697165],[-45.13917378299994,-23.79272387469715],[-45.139240046999944,-23.792749326697187],[-45.13931951999996,-23.792827175697187],[-45.13937856899999,-23.79291280569718],[-45.13943721899995,-23.792975889697153],[-45.139503730999934,-23.793020051697166],[-45.13956689499997,-23.793105617697208],[-45.13960119899997,-23.793184113697162],[-45.139697058999964,-23.793261666697212],[-45.13975173499995,-23.793332323697207],[-45.139786405999985,-23.79342966769718],[-45.13982519099994,-23.793526979697205],[-45.139880324999986,-23.793620273697154],[-45.139951303999965,-23.793683164697196],[-45.14000604199998,-23.79375389269717],[-45.14000802199996,-23.79385200969724],[-45.14004669299993,-23.793938189697215],[-45.140075574999976,-23.79400048369718],[-45.140130033999995,-23.794059874697215],[-45.14016785099995,-23.794108210697193],[-45.14018198199995,-23.794205935697228],[-45.140180068999946,-23.794322878697205],[-45.14023502299996,-23.79440860769724],[-45.140260843999954,-23.794472261697223],[-45.140291966999946,-23.79460362269723],[-45.14033856299995,-23.7946855836972],[-45.14038194899998,-23.794710064697217],[-45.14041587299995,-23.794766032697183],[-45.140442016999955,-23.794848433697254],[-45.14044379599995,-23.794950004697213],[-45.14045902299995,-23.79511537069725],[-45.14046071999996,-23.79521324469725],[-45.140494946999986,-23.795287972697256],[-45.14049684599997,-23.79539717469726],[-45.14049503499997,-23.795529004697222],[-45.14043075899998,-23.795620552697237],[-45.14038298899993,-23.79571560369726],[-45.140409762999994,-23.795831778697263],[-45.140457770999944,-23.795985111697224],[-45.14045564499998,-23.796098028697266],[-45.140490482999965,-23.79620643369725],[-45.14046005599993,-23.796349256697223],[-45.14042460499997,-23.79644017869724],[-45.14036971399999,-23.796595367697282],[-45.14030565899998,-23.796698014697267],[-45.14023730699995,-23.79678938569728],[-45.14015673199997,-23.796888492697242],[-45.14009669099994,-23.796983463697238],[-45.14012228399998,-23.79706553169724],[-45.14001224299996,-23.797127319697307],[-45.139893595999986,-23.797166629697276],[-45.139717983999965,-23.797240538697313],[-45.139575157999964,-23.797302674697306],[-45.13939124399996,-23.797361691697258],[-45.13924786099995,-23.7973862896973],[-45.13912886099996,-23.79739554169728],[-45.13901419899998,-23.797415968697255],[-45.13889178799996,-23.797458992697326],[-45.138781420999976,-23.797486852697283],[-45.138674690999956,-23.79749219869725],[-45.13853381199995,-23.79744189569728],[-45.13833570099997,-23.797411159697297],[-45.138211524999974,-23.797383086697273],[-45.13807903999999,-23.7973551246973],[-45.13794981499996,-23.797293285697286],[-45.13780453099998,-23.7972504036973],[-45.13770841899999,-23.797199238697292],[-45.13763246799994,-23.797132693697293],[-45.13756056299998,-23.797062261697295],[-45.13750323999995,-23.797081949697287],[-45.137521138999944,-23.797134358697257],[-45.13753873099995,-23.797175465697265],[-45.13753570499995,-23.79721686569724],[-45.137482761999934,-23.79724398669727],[-45.13741286399994,-23.797263913697254],[-45.13736733899997,-23.79726464269728],[-45.13732120999998,-23.797287828697314],[-45.13730946999994,-23.79732563569727],[-45.137396647999935,-23.797376920697307],[-45.13738182399993,-23.797478672697288],[-45.137325198999974,-23.797535970697286],[-45.13722803199993,-23.797631397697305],[-45.137176138999976,-23.79772251869728],[-45.13713252899998,-23.79782082069732],[-45.13708043599998,-23.79790409369731],[-45.13705724699997,-23.797994284697303],[-45.13710730599997,-23.79804198369731],[-45.13712467899995,-23.79810144069731],[-45.137055823999965,-23.79815869969728],[-45.13695403699996,-23.798209234697293],[-45.136867613999996,-23.798199704697293],[-45.13674473399993,-23.798224528697276],[-45.13660143899995,-23.798260779697323],[-45.136470182999986,-23.798277648697308],[-45.136338782999985,-23.79828709269729],[-45.13617008299997,-23.798282133697278],[-45.13598530799994,-23.79829611469733],[-45.13584078699995,-23.798272174697328],[-45.13575862799998,-23.79828098969732],[-45.135693185999976,-23.798304592697303],[-45.13559809399993,-23.798291237697306],[-45.13549843399995,-23.798259210697324],[-45.13536208599993,-23.79825029269731],[-45.135270810999955,-23.798229345697326],[-45.135191478999964,-23.798181761697315],[-45.13508843999995,-23.798179547697302],[-45.134965569999956,-23.79821522769732],[-45.13489246799998,-23.79825032869729],[-45.13473153899998,-23.79822636569728],[-45.13457394799997,-23.798160892697286],[-45.13442893399996,-23.798114012697283],[-45.13426433099994,-23.79812394469729],[-45.13406979999998,-23.798066474697276],[-45.133928744999935,-23.798004484697284],[-45.13381683199997,-23.797960914697267],[-45.13368838999999,-23.797913822697296],[-45.13356895999994,-23.797904287697282],[-45.13338368999995,-23.79788820069728],[-45.13319406599994,-23.797842096697302],[-45.13305351799995,-23.79781401369728],[-45.13287259099998,-23.797812914697285],[-45.13275720599995,-23.797803307697333],[-45.13260472299999,-23.797790477697315],[-45.132519989999935,-23.79784073269727],[-45.13240520599994,-23.797853712697282],[-45.13222413299998,-23.797852591697332],[-45.131966786999946,-23.79785616869729],[-45.13176531299996,-23.797855370697306],[-45.131605266999955,-23.79787652569725],[-45.13141598999994,-23.797871791697307],[-45.13123088699996,-23.79787452569729],[-45.13108284699996,-23.797884257697287],[-45.13090980399995,-23.79787928369727],[-45.13077437799996,-23.797903865697307],[-45.13066046499994,-23.79797328869732],[-45.13059651899995,-23.798079648697286],[-45.13054569899998,-23.798223391697306],[-45.130440714999956,-23.79833787369733],[-45.13037793399997,-23.798496715697294],[-45.13036023099995,-23.79863205869732],[-45.13032945399994,-23.79873378069732],[-45.130253540999945,-23.79884370969734],[-45.13007703699998,-23.798888131697314],[-45.129913313999964,-23.798962449697292],[-45.12974605499995,-23.799063036697326],[-45.12958195099997,-23.79910707369732],[-45.129435626999964,-23.799184183697328],[-45.129276293999965,-23.79923149669731],[-45.129102992999954,-23.79924202069733],[-45.12894482399998,-23.799262703697323],[-45.12881745699999,-23.79927210269735],[-45.128661094999984,-23.799270649697295],[-45.12856594799996,-23.79924195669731],[-45.12850381099998,-23.799220288697306],[-45.12838466599994,-23.799237119697324],[-45.12827433999996,-23.799283917697338],[-45.12805770099993,-23.79936612169732],[-45.127979091,-23.799348475697286],[-45.127844110999945,-23.79939942069731],[-45.12774649299997,-23.79946486269735],[-45.12783040999994,-23.79953499969731],[-45.127786958999934,-23.799625842697328],[-45.12765270099994,-23.799702987697312],[-45.12755111199995,-23.799764580697293],[-45.12742828999997,-23.799796482697353],[-45.12729632499999,-23.799787231697366],[-45.127253159999945,-23.799697751697327],[-45.127142116999956,-23.799706948697306],[-45.12701537299995,-23.799750188697345],[-45.12693867499998,-23.799822747697316],[-45.12682416499997,-23.799854479697363],[-45.12672688299995,-23.79990838169735],[-45.12659643399997,-23.79995530169734],[-45.12644396299999,-23.79996145869733],[-45.12625863299997,-23.799979421697312],[-45.126087592999966,-23.79993727169737],[-45.125942823999935,-23.799939604697343],[-45.12580182799998,-23.799934382697327],[-45.12563237899997,-23.799944593697358],[-45.125489288,-23.799972905697327],[-45.12534317299998,-23.80002470569733],[-45.12522437299998,-23.800071638697357],[-45.12505579199997,-23.800077869697343],[-45.12491199999995,-23.800095035697357],[-45.12476899399996,-23.800161114697307],[-45.124684005999946,-23.80024511469734],[-45.12454598899997,-23.800352612697374],[-45.12442442499999,-23.800463671697322],[-45.124321504999955,-23.800469098697338],[-45.12416589399994,-23.800524216697323],[-45.124126947999976,-23.800649060697364],[-45.12414588799994,-23.80078425269737],[-45.12416427299997,-23.80088930069734],[-45.12420350799993,-23.801009013697346],[-45.12422990299996,-23.801102567697335],[-45.12419987299997,-23.801266655697354],[-45.124202496999956,-23.801413383697373],[-45.12419654999997,-23.801541392697356],[-45.124198702999934,-23.801661720697393],[-45.124146730999946,-23.801749060697386],[-45.12410714099997,-23.801840010697404],[-45.12405097999995,-23.80192366669736],[-45.12397375599994,-23.801981337697423],[-45.12384717399994,-23.80204739769739],[-45.12372819099995,-23.80208712969743],[-45.123679956999986,-23.802159493697417],[-45.12366955799996,-23.802264983697377],[-45.123617902999975,-23.802375028697412],[-45.123537707999965,-23.802496702697358],[-45.12348256999996,-23.802625244697396],[-45.12335161299996,-23.802721229697365],[-45.12325453099994,-23.802816614697385],[-45.12313304799996,-23.80292345969738],[-45.12293668999996,-23.802978826697412],[-45.12284638599994,-23.802987665697383],[-45.12275942599996,-23.802959007697417],[-45.12259138299999,-23.802987711697398],[-45.12249608099995,-23.802955400697407],[-45.12239311999997,-23.802949404697404],[-45.12220809599996,-23.80295208769738],[-45.12206307199995,-23.802909243697382],[-45.12193462199997,-23.80287363369738],[-45.12181375399997,-23.802815395697415],[-45.121676818999966,-23.802776126697403],[-45.121603924999945,-23.802822224697398],[-45.12150545199996,-23.802834919697414],[-45.12140407399995,-23.80288888869736],[-45.12136411599994,-23.802930693697416],[-45.12125956599993,-23.8028722396974],[-45.12115528099998,-23.802824995697442],[-45.12098715599996,-23.802846190697416],[-45.120940680999986,-23.802940581697424],[-45.12092643699998,-23.803011946697428],[-45.12083237299999,-23.803028283697405],[-45.12072361099996,-23.80299493569741],[-45.120620191999926,-23.802959006697428],[-45.120545522999976,-23.802922645697418],[-45.120430027999944,-23.80290552669742],[-45.120310633999964,-23.802899663697385],[-45.12015478199999,-23.802920488697378],[-45.12007302199999,-23.80294409169742],[-45.12002323299998,-23.802922361697426],[-45.11990821399998,-23.80296936669739],[-45.11977059599997,-23.802996368697446],[-45.11965342899999,-23.802981211697432],[-45.119501907999954,-23.80294697769742],[-45.11937766999996,-23.802906850697397],[-45.11924644,-23.802844436697395],[-45.11912024999999,-23.802846260697407],[-45.11898463799998,-23.802839788697415],[-45.118836999999985,-23.802839053697408],[-45.11867851699999,-23.80285249769738],[-45.118493263999945,-23.802824411697415],[-45.118258884999946,-23.802808212697396],[-45.11805902899995,-23.80282230169739],[-45.117864025999964,-23.802785978697415],[-45.117771383999994,-23.80277893669743],[-45.117718778,-23.802771305697394],[-45.117652017999944,-23.80269940169736],[-45.11757151899997,-23.802689358697396],[-45.11751650099996,-23.802709843697397],[-45.11745912699997,-23.80275845969743],[-45.11745887699994,-23.80285938569743],[-45.11743964799997,-23.80294366469741],[-45.11737788799997,-23.80293899969739],[-45.117299313999986,-23.80288415969742],[-45.11720653799995,-23.80287149769741],[-45.117078708999955,-23.802920943697387],[-45.11699350499999,-23.802961478697394],[-45.11701958599998,-23.803008656697422],[-45.11700266799994,-23.803062065697397],[-45.11694318099996,-23.803032233697397],[-45.11689556799996,-23.80298820269738],[-45.11674810799998,-23.803010098697417],[-45.11659981799994,-23.802998302697393],[-45.11652630099998,-23.80291814069742],[-45.11646260399995,-23.80285737969739],[-45.116371164,-23.802845559697385],[-45.116310126999984,-23.80288883669741],[-45.116251937999955,-23.80290371069741],[-45.11616303399995,-23.802921807697416],[-45.116058285999955,-23.802908992697418],[-45.11599962399998,-23.802901320697394],[-45.11591675399996,-23.80292797669742],[-45.115889632999945,-23.802970796697405],[-45.115813171999946,-23.803011484697404],[-45.11575834799999,-23.80304892869741],[-45.11571608099997,-23.803100314697403],[-45.11572610599996,-23.803148172697423],[-45.11569331299995,-23.803213535697417],[-45.115635555,-23.803259489697417],[-45.11556856499993,-23.803308427697395],[-45.115522547999944,-23.803320363697402],[-45.11547381499998,-23.803354925697416],[-45.11552102199993,-23.803416340697417],[-45.11555296899996,-23.80348637069744],[-45.11561330699993,-23.803601003697448],[-45.11562682099999,-23.80367401169742],[-45.11554314699999,-23.80363304369741],[-45.11545639399997,-23.803597711697417],[-45.11536000199994,-23.803545549697443],[-45.11527641699997,-23.803527013697405],[-45.11518140499993,-23.803562257697426],[-45.11513931499997,-23.803624953697405],[-45.115097614999975,-23.803710219697415],[-45.11503323199999,-23.803736601697405],[-45.11493247199997,-23.80380591769746],[-45.11497409699997,-23.80388998369744],[-45.115066932999994,-23.803899804697433],[-45.115080542999976,-23.80397299169744],[-45.11502612699998,-23.80404166069741],[-45.115055222999956,-23.80411744869742],[-45.115127774999955,-23.80420661569741],[-45.11511287399998,-23.804378244697453],[-45.115253138999954,-23.804469294697434],[-45.115344007999965,-23.804558212697412],[-45.11540579099995,-23.804574153697462],[-45.11547114999997,-23.804621046697463],[-45.11545998699995,-23.804677720697455],[-45.11551418699998,-23.804775721697446],[-45.11558598299996,-23.804832486697432],[-45.11566433699994,-23.804910342697475],[-45.11573317899997,-23.80497422669744],[-45.11582910499994,-23.805015181697414],[-45.11592264699994,-23.805089948697432],[-45.115994421999986,-23.805150914697467],[-45.11621513599993,-23.805313884697448],[-45.11631314999995,-23.805450513697483],[-45.11641606099993,-23.805539102697484],[-45.116525844999956,-23.805658605697467],[-45.11659774299996,-23.805727935697444],[-45.11663090299993,-23.805769933697473],[-45.11665919499996,-23.805803318697482],[-45.116703419999965,-23.805864635697475],[-45.116719996999976,-23.805920737697463],[-45.116748849999965,-23.80598230369746],[-45.11678936499993,-23.80602955669748],[-45.11679683899997,-23.806102685697457],[-45.11679217999996,-23.80617604969744],[-45.11680846699995,-23.806232127697445],[-45.11687857099997,-23.80624488769744],[-45.11689185899997,-23.8063037886975],[-45.116856434999946,-23.80635522369751],[-45.11683632899998,-23.80641485169747],[-45.116797967999965,-23.80647491869747],[-45.11685100299998,-23.806544289697463],[-45.11683077599998,-23.806598368697507],[-45.11676429699998,-23.8066225086975],[-45.11673219599994,-23.8066967376975],[-45.11675486399998,-23.806772397697486],[-45.116749633999994,-23.806820531697504],[-45.11670686499997,-23.806827082697474],[-45.11669213599999,-23.806864044697505],[-45.11673911999998,-23.8069140046975],[-45.116764275999984,-23.80695848869749],[-45.116807115999954,-23.807034322697472],[-45.11686611699999,-23.807078634697465],[-45.11691536799997,-23.80709485969751],[-45.11689188999998,-23.807151531697464],[-45.11684028899999,-23.807177657697505],[-45.116788124999964,-23.807175613697506],[-45.116747633999985,-23.807142345697457],[-45.11670145999995,-23.807143014697512],[-45.11665565699998,-23.8071690916975],[-45.116628545999966,-23.80720619569749],[-45.11666047299997,-23.807267850697496],[-45.11669846699994,-23.807323764697482],[-45.116742181999946,-23.807410626697536],[-45.11681031799999,-23.807478227697484],[-45.116873830999964,-23.807509648697504],[-45.11684711099998,-23.807560769697513],[-45.11682043999997,-23.80761552069751],[-45.116806463999986,-23.8077242806975],[-45.116784256999956,-23.8078115056975],[-45.116773806999966,-23.807894869697506],[-45.11670314499998,-23.80791792569753],[-45.116648014999946,-23.807933247697513],[-45.11659808899998,-23.808020909697493],[-45.11662699399996,-23.80809276369749],[-45.116709328999946,-23.808051595697492],[-45.11675313999996,-23.80807599669752],[-45.11672250599999,-23.808130876697508],[-45.116652704999986,-23.808211562697508],[-45.11656173099993,-23.808209531697514],[-45.11651841899993,-23.80822112569749],[-45.11648417999992,-23.808301217697526],[-45.116442034999984,-23.80838144169751],[-45.11639217699997,-23.808472747697515],[-45.11638941199994,-23.80854154869751],[-45.11638087699999,-23.80864750869754],[-45.116298066999946,-23.808666786697515],[-45.116260107999956,-23.808761506697493],[-45.11630850999997,-23.80881150169755],[-45.11636844699996,-23.808843199697538],[-45.11636153999996,-23.808901227697568],[-45.11630336799994,-23.80897090369751],[-45.11620843999997,-23.808979616697513],[-45.116173023999984,-23.808994659697547],[-45.11622158499995,-23.809051860697522],[-45.11625459699997,-23.809127396697527],[-45.11633805499998,-23.809144146697516],[-45.11639771999996,-23.80916127269756],[-45.116414797999944,-23.809233377697552],[-45.116400420999994,-23.80931686669756],[-45.11645409299997,-23.809446235697525],[-45.11647537399995,-23.809532807697565],[-45.11650851699995,-23.80961916869758],[-45.11652221299994,-23.80972401769757],[-45.11659009399995,-23.809762594697553],[-45.11658748199994,-23.809838762697577],[-45.11663358299995,-23.809958128697545],[-45.116643274999944,-23.81006297369755],[-45.11666461499995,-23.81015314569757],[-45.11667433599996,-23.81026169769755],[-45.11670716499998,-23.81033001169758],[-45.11674044799997,-23.81042362969758],[-45.116689526999956,-23.810460853697546],[-45.11663068499996,-23.81049816169758],[-45.116611998999986,-23.810567438697582],[-45.11666142799993,-23.810679073697575],[-45.116702692999986,-23.810776346697583],[-45.11675067299997,-23.810797041697576],[-45.11684249199993,-23.810827178697586],[-45.116891234999976,-23.810898612697567],[-45.116943225999925,-23.810927699697572],[-45.11695282099999,-23.811028965697552],[-45.11703331499996,-23.811107182697572],[-45.11700286399998,-23.811176468697585],[-45.11692779199995,-23.81118505169757],[-45.11686397399996,-23.811160841697586],[-45.116793225999984,-23.8111983356976],[-45.11669535699997,-23.81127615269758],[-45.116610622999985,-23.811422531697577],[-45.116627734999945,-23.811494772697582],[-45.11669615899997,-23.81155538369757],[-45.11672086399995,-23.811609415697607],[-45.11680629599995,-23.81173491069758],[-45.11686680999999,-23.811795505697628],[-45.11693467099997,-23.811823310697594],[-45.116963533999986,-23.811888536697637],[-45.11698471599993,-23.811967943697624],[-45.11706215799996,-23.812093610697655],[-45.11713141099995,-23.812204893697597],[-45.117188028999976,-23.81227290769762],[-45.117370659999956,-23.812306296697628],[-45.11748588299998,-23.8123335466976],[-45.117588640999934,-23.8123283806976],[-45.11773748499996,-23.812264407697576],[-45.11794460399995,-23.812355404697616],[-45.11813576499997,-23.81243939269758],[-45.11822768099995,-23.81249234669761],[-45.11833465899998,-23.812580625697613],[-45.118461973999956,-23.8126257946976],[-45.11859400199995,-23.81271073969763],[-45.118717168999986,-23.812748690697656],[-45.11882867299994,-23.81279767669762],[-45.118947985999974,-23.81284291569764],[-45.11902829699995,-23.812910507697648],[-45.11910471299997,-23.812981772697608],[-45.11919295299999,-23.813052847697623],[-45.119210467999956,-23.813132397697633],[-45.119272304999996,-23.813254820697626],[-45.11928678599998,-23.813374524697657],[-45.11927744499997,-23.813498169697635],[-45.11933035699997,-23.81357360169766],[-45.11934401499998,-23.813664197697655],[-45.119442584999945,-23.813651660697637],[-45.11950970399994,-23.813646947697638],[-45.11958915299994,-23.813663866697652],[-45.11968261599998,-23.813683259697644],[-45.11976205699994,-23.81370379169765],[-45.119870039999974,-23.813767406697654],[-45.11994644199996,-23.813831520697637],[-45.120039194999954,-23.813920794697644],[-45.120107166999965,-23.81395964369768],[-45.12018986199996,-23.81394745369767],[-45.12032007099999,-23.813931008697637],[-45.12040970099997,-23.81387161569768],[-45.12045161199997,-23.813802077697623],[-45.120548982999935,-23.813735399697624],[-45.120590623999945,-23.81365506869764],[-45.12065294199993,-23.81361431369766],[-45.12073912899995,-23.813580463697626],[-45.12083168899995,-23.81364793169763],[-45.120926921999974,-23.813653824697653],[-45.12101852399997,-23.813670649697638],[-45.12115198999993,-23.813773912697613],[-45.121303195999985,-23.81378993469762],[-45.12133335199997,-23.81372784969766],[-45.12132789399995,-23.813669911697673],[-45.12140222699998,-23.813628988697634],[-45.12146077999996,-23.813591916697643],[-45.121557088999964,-23.813634041697643],[-45.12164109699996,-23.813665457697645],[-45.12164099999997,-23.813661832697658],[-45.12172146599995,-23.813637051697633],[-45.12186321499996,-23.81358081669764],[-45.12191323999998,-23.813507548697636],[-45.12196319199996,-23.813437882697645],[-45.12197271099996,-23.81333618769763],[-45.12202671799997,-23.813263018697604],[-45.12210465799995,-23.81318954369764],[-45.122237842999944,-23.8130971606976],[-45.122327801999965,-23.813045179697667],[-45.12232186399995,-23.812954820697634],[-45.12229261499994,-23.81287930569763],[-45.12227371999995,-23.812760447697638],[-45.12232820099996,-23.812719927697618],[-45.12244900999997,-23.81278299669762],[-45.122513867999956,-23.812828958697622],[-45.122611324999994,-23.812914309697643],[-45.12271588199998,-23.81296707569762],[-45.122774543999995,-23.812911863697614],[-45.122832799999976,-23.812845795697612],[-45.12289846099998,-23.81276153269763],[-45.122935749999954,-23.812663288697614],[-45.12300217099994,-23.812622516697637],[-45.12311127199996,-23.812544965697647],[-45.12318162699995,-23.8125041546976],[-45.123149078,-23.812298698697617],[-45.123193175,-23.81230877269759],[-45.12327842499998,-23.812375999697647],[-45.12337741499993,-23.812334502697603],[-45.123419117999966,-23.812228863697623],[-45.12336113299996,-23.8121504766976],[-45.123305877999954,-23.81205081269758],[-45.12337430599996,-23.81194898469762],[-45.123490826999955,-23.811946427697595],[-45.12362855099998,-23.811990469697626],[-45.12382143899999,-23.81192242769762],[-45.123794646999954,-23.81178533369758],[-45.12379990199999,-23.811647943697608],[-45.12384485999997,-23.811502530697563],[-45.12391249399997,-23.81132846269758],[-45.12402073999993,-23.81120054469758],[-45.12415748499995,-23.811089687697557],[-45.12432654799996,-23.811007132697565],[-45.124490943999945,-23.81092171769756],[-45.12471051499995,-23.81083706969757],[-45.12487626499996,-23.810816485697593],[-45.12506561199995,-23.81078472869754],[-45.12533439799996,-23.810762603697558],[-45.12556424599997,-23.81076271969759],[-45.125822339999964,-23.81077689369758],[-45.12594766099995,-23.810717217697544],[-45.12597655899999,-23.810612142697615],[-45.126033010999954,-23.81050321969758],[-45.12622109699999,-23.810410077697572],[-45.126525548999965,-23.81038735969757],[-45.12678962299998,-23.8103328216976],[-45.126968109999964,-23.81033000669757],[-45.127231969999976,-23.810279198697547],[-45.12765948099997,-23.810229638697578],[-45.12790422699993,-23.810197123697588],[-45.12807283799998,-23.810118651697582],[-45.128245297999975,-23.81006544669757],[-45.128418085999954,-23.810138997697578],[-45.128645956999954,-23.810226263697547],[-45.12866497999994,-23.810367362697562],[-45.128891292999974,-23.81037500069758],[-45.129049053999964,-23.810332843697594],[-45.12929738499999,-23.810278453697585],[-45.12936885899995,-23.81012154969758],[-45.129410338999946,-23.80999118169753],[-45.129481208999955,-23.809819415697536],[-45.12966848199996,-23.809711702697548],[-45.129864549999986,-23.80964375569756],[-45.130109978999954,-23.80964031469759],[-45.13031980499995,-23.80962653669755],[-45.130473368999965,-23.80972588769755],[-45.130665866999955,-23.809665141697586],[-45.13080990099997,-23.809550848697548],[-45.131023482999986,-23.80950439569757],[-45.13118551399999,-23.80946949369752],[-45.131290582999966,-23.809450289697597],[-45.13150179799994,-23.809342112697557],[-45.131722929999974,-23.809313578697537],[-45.131956659999965,-23.809317444697527],[-45.13218113199998,-23.80929598169752],[-45.13241830899996,-23.80930694669753],[-45.13259322799996,-23.80935865469752],[-45.13277254599997,-23.80943923069756],[-45.132925985,-23.809567404697564],[-45.13307769999995,-23.809668740697546],[-45.13323382599998,-23.809767793697535],[-45.133366002999935,-23.809874442697573],[-45.13351489699995,-23.810020643697577],[-45.133631543999975,-23.81013473469759],[-45.13363009399997,-23.810229030697567],[-45.13373880899997,-23.810346866697596],[-45.133845464999986,-23.81053372769756],[-45.13393857799998,-23.81064107369757],[-45.13410228099997,-23.810725563697577],[-45.13434200099994,-23.81085408669757],[-45.13455655599996,-23.810930528697593],[-45.134710650999985,-23.810939078697558],[-45.13478216499994,-23.810966956697563],[-45.13477989299998,-23.811032228697556],[-45.134853786999955,-23.811154352697596],[-45.13495818699993,-23.81122891369761],[-45.135097186999985,-23.811273862697593],[-45.13529014399995,-23.811292417697583],[-45.135437860999964,-23.811351860697567],[-45.135575754999934,-23.811473280697594],[-45.13570837399993,-23.81156561069761],[-45.13583694299997,-23.81165798169758],[-45.13621685799996,-23.811921715697633],[-45.136362572999985,-23.811897811697573],[-45.13659906699997,-23.81189065969762],[-45.13683221999997,-23.811898072697616],[-45.136975508999974,-23.811801804697605],[-45.137126999999964,-23.8117959316976],[-45.137261926999955,-23.81183371869759],[-45.13747761999998,-23.81194993369759],[-45.13772367999997,-23.81201139869764],[-45.13791047899998,-23.81207013369762],[-45.138195633999935,-23.81214892169762],[-45.13839513999994,-23.8122580626976],[-45.138571121,-23.812371199697633],[-45.13863721099995,-23.81247902369764],[-45.13872048399998,-23.812506654697607],[-45.13885313899995,-23.812591763697604],[-45.13900480499997,-23.812654765697598],[-45.13920318899995,-23.812702439697627],[-45.13935656299998,-23.81272148169764],[-45.13944390199999,-23.812767312697634],[-45.13953956599995,-23.812823833697657],[-45.13966703899996,-23.812883511697606],[-45.13980996199997,-23.812910310697607],[-45.13982183299999,-23.81291012769763],[-45.140044859999946,-23.813000913697596],[-45.140188863999995,-23.813096635697658],[-45.14036123999995,-23.8132246936976],[-45.14052768399995,-23.813240237697624],[-45.140646690999986,-23.81326012469764],[-45.140781914999934,-23.81330154869764],[-45.14092987799997,-23.813386358697624],[-45.14108512199994,-23.813441946697623],[-45.14121993899995,-23.813468758697624],[-45.14134164199993,-23.81344484369763],[-45.141453869999964,-23.813522894697645],[-45.14179456399995,-23.813687633697665],[-45.14192248299998,-23.813768878697655],[-45.14204691999999,-23.813879263697633],[-45.14213155499994,-23.81397225369768],[-45.142141550999966,-23.81409227769763],[-45.142198736999944,-23.814193276697672],[-45.142326952999966,-23.81428180069765],[-45.14246543799993,-23.814289839697683],[-45.14260008199995,-23.814312495697667],[-45.14269620299997,-23.814386868697632],[-45.14280054699997,-23.814479242697647],[-45.142826576999944,-23.814595211697707],[-45.14291164299994,-23.814706271697684],[-45.14296774099996,-23.81487274969768],[-45.14304416199997,-23.81494760369767],[-45.14309749699998,-23.815044663697705],[-45.14317402099994,-23.815126738697664],[-45.14323138299995,-23.815227380697664],[-45.14335726799993,-23.8154030106977],[-45.14343751499996,-23.815500416697684],[-45.14349107,-23.815615550697707],[-45.14351682699998,-23.815723896697676],[-45.14351902199997,-23.81583992569772],[-45.14357200999996,-23.815926082697704],[-45.143660732999926,-23.816022490697694],[-45.14372611599999,-23.81613745269772],[-45.14388221499997,-23.816250722697692],[-45.143979179,-23.816300741697713],[-45.14402105199998,-23.81642695869773],[-45.14401670599995,-23.81661937769769],[-45.14412130399996,-23.816712024697733],[-45.144378692999965,-23.816729541697725],[-45.144604583999985,-23.81676214469769],[-45.144788075999955,-23.816857017697725],[-45.14495076899994,-23.816905018697685],[-45.145104275999984,-23.816887986697733],[-45.145305934999946,-23.816902954697692],[-45.14546207699994,-23.816849487697727],[-45.14560777399999,-23.816843549697687],[-45.14570919699999,-23.816918601697726],[-45.145844729999965,-23.817041721697727],[-45.145941576,-23.8171308906977],[-45.146185406999976,-23.81723252769769],[-45.14630914399999,-23.817274269697705],[-45.14644068499996,-23.817312253697736],[-45.14656061099999,-23.8173613036977],[-45.14667221299994,-23.817388725697704],[-45.14680455999998,-23.8174485946977],[-45.146946189999944,-23.817573687697703],[-45.147062094999974,-23.81761918369774],[-45.14710423999997,-23.81754236269777],[-45.14719119699998,-23.817526584697728],[-45.14728346999994,-23.817579680697698],[-45.147330563999965,-23.817553593697717],[-45.14741221099995,-23.81746894169774],[-45.147451143999966,-23.817421257697752],[-45.14737466199996,-23.817367926697727],[-45.14731391199996,-23.81730350869771],[-45.14727540399998,-23.81723903469771],[-45.14724190799996,-23.817137993697735],[-45.147252219999984,-23.81704719769772],[-45.147207255999945,-23.816971704697757],[-45.14719011599993,-23.816903062697694],[-45.14716471899993,-23.816816444697746],[-45.14708413399995,-23.816745178697715],[-45.14709838099998,-23.816658041697746],[-45.147076183999964,-23.816528051697734],[-45.147086599999966,-23.816448286697717],[-45.14716567099999,-23.816436139697725],[-45.14726174199997,-23.816485304697725],[-45.147439727999945,-23.8164461816977],[-45.14750162899999,-23.816350889697723],[-45.14745955799999,-23.8162284526977],[-45.14739410599999,-23.816132530697665],[-45.14735183499995,-23.815999123697733],[-45.14730941599998,-23.815847709697714],[-45.14727105499998,-23.81569993169772],[-45.14726679299998,-23.815468548697687],[-45.147280275999954,-23.81526218569768],[-45.14730520699993,-23.815106259697668],[-45.147349730999956,-23.814939080697638],[-45.147383097999985,-23.814811900697666],[-45.14737011899996,-23.814690763697648],[-45.147422085999956,-23.814501861697657],[-45.14746709999998,-23.814367282697702],[-45.14750048899999,-23.81424371369764],[-45.14753801299998,-23.814123814697673],[-45.14758375399999,-23.814021945697682],[-45.14772682299998,-23.813900559697625],[-45.14784335099994,-23.81377623769765],[-45.14794063799997,-23.81369149969763],[-45.148077225999934,-23.81359153569763],[-45.148316620999935,-23.81348258869764],[-45.14868457499996,-23.813210263697652],[-45.14896293699996,-23.81309038869766],[-45.149102163999956,-23.81292237069763],[-45.149280430999966,-23.812944745697656],[-45.14946496999995,-23.812873228697608],[-45.149710615999936,-23.81288369969761],[-45.14989139699998,-23.81281219069761],[-45.15000457699996,-23.812911436697664],[-45.15019595299998,-23.812951749697632],[-45.15013011399997,-23.812840712697664],[-45.15003757799999,-23.81278814369764],[-45.15014899699998,-23.812800721697638],[-45.15030418299995,-23.81281258769761],[-45.15050850899996,-23.812715316697663],[-45.15080433199995,-23.812482329697627],[-45.15093285599994,-23.81234997869759],[-45.15105988099997,-23.812340731697592],[-45.15121162499998,-23.812189927697624],[-45.151268139999964,-23.8120552406976],[-45.15131018899997,-23.811985929697606],[-45.15138280299993,-23.81203900669762],[-45.151484084999936,-23.812127846697596],[-45.151564664999974,-23.812177270697603],[-45.151625923,-23.81208225369762],[-45.151751495,-23.811993278697592],[-45.15177682899998,-23.811877039697617],[-45.151676323999936,-23.81182805669762],[-45.15165385799999,-23.811705468697586],[-45.15162817799995,-23.811619159697646],[-45.15175255699996,-23.811449065697623],[-45.151809413999956,-23.811325220697594],[-45.15188449399995,-23.811316854697623],[-45.15200424599995,-23.811358448697618],[-45.152076993999984,-23.811422494697574],[-45.15220781499995,-23.81142053569762],[-45.15230363799998,-23.811270709697553],[-45.15228047699997,-23.811119214697634],[-45.152187191999985,-23.811023165697563],[-45.15207862899996,-23.81094911269756],[-45.15204809999995,-23.810816185697586],[-45.15220196199994,-23.810792068697566],[-45.15233888999996,-23.810725100697585],[-45.152481924999975,-23.810744389697597],[-45.15266074599998,-23.810774050697603],[-45.152827274999936,-23.8107859236976],[-45.152968810999944,-23.81075500369756],[-45.153116537999956,-23.810684647697595],[-45.15325511499998,-23.81069338369755],[-45.15337679899995,-23.810777766697548],[-45.15345435299997,-23.8108595236976],[-45.153601114999965,-23.810875413697584],[-45.15373442299995,-23.81083012269759],[-45.15385382999996,-23.810857235697604],[-45.15397500399997,-23.81089511469758],[-45.15407038199992,-23.810911711697596],[-45.15422974899997,-23.810956250697583],[-45.15434643199996,-23.81104126169759],[-45.154448653999964,-23.81099990169758],[-45.15460670899995,-23.810979436697597],[-45.154756254999945,-23.810919209697573],[-45.15482685499996,-23.810874649697602],[-45.15496496899994,-23.810829008697556],[-45.155084126999945,-23.810827111697613],[-45.155187131999995,-23.810810988697558],[-45.15534673899999,-23.810855646697565],[-45.15541929099994,-23.810753383697588],[-45.155671071999954,-23.810695534697544],[-45.15581646699997,-23.810624505697586],[-45.155998383999986,-23.81058544069759],[-45.15614061499997,-23.810516101697573],[-45.15616585099997,-23.81041059869759],[-45.156252632999966,-23.81036589869756],[-45.15639352299998,-23.810436385697553],[-45.15644971899997,-23.810453728697585],[-45.156495372999984,-23.810337046697587],[-45.156512323999955,-23.810180889697584],[-45.15652922599999,-23.810039283697577],[-45.15657384599995,-23.809882786697564],[-45.15659813999998,-23.809719471697548],[-45.15660725799997,-23.809589043697567],[-45.15657673599998,-23.809459286697525],[-45.15655043399994,-23.809381148697522],[-45.15656785399994,-23.809246909697563],[-45.156651710999945,-23.809060972697516],[-45.156703934999946,-23.808879118697504],[-45.15668972599997,-23.808748974697544],[-45.15667564699999,-23.808626080697533],[-45.15662114599996,-23.808460428697508],[-45.15653508799994,-23.8083100176975],[-45.15640628999995,-23.808233786697553],[-45.15637060799998,-23.808130516697503],[-45.15647087699995,-23.80802088169751],[-45.156594277999936,-23.807859965697524],[-45.156650791999944,-23.807699852697475],[-45.15663232699995,-23.80754813169756],[-45.15666969499994,-23.807424507697505],[-45.15670220999993,-23.80724682869751],[-45.15674607899996,-23.807134261697485],[-45.15685795999997,-23.806973424697517],[-45.156968293999974,-23.806740179697513],[-45.15695870499997,-23.806639060697478],[-45.15699173399997,-23.806260384697442],[-45.15704110399998,-23.806147600697486],[-45.157044990999964,-23.80614393169747],[-45.15708947499997,-23.805976882697504],[-45.15715650699998,-23.805740572697452],[-45.15717756899995,-23.80558811969746],[-45.15707660999993,-23.805473914697448],[-45.15699498399995,-23.80533051569747],[-45.15690469199997,-23.805140363697472],[-45.15686672999995,-23.80500360569747],[-45.15690471299995,-23.804694630697472],[-45.15694016199996,-23.80445889569749],[-45.15697346099994,-23.804328223697453],[-45.15707882099998,-23.80425435169742],[-45.157217661999944,-23.804277589697467],[-45.15732948899996,-23.804116726697444],[-45.15739342699994,-23.80393495769744],[-45.157529254999986,-23.803799280697437],[-45.157501510999964,-23.80359798769739],[-45.15743951399999,-23.803458797697402],[-45.15749709499995,-23.80337518169745],[-45.15760909799998,-23.80325117569741],[-45.157728293999995,-23.803284948697407],[-45.15791847599997,-23.80330314369739],[-45.15809786899997,-23.80337586169741],[-45.158329078999955,-23.803458664697416],[-45.15840162699993,-23.803515176697427],[-45.15860588199997,-23.803612980697427],[-45.15880560599994,-23.803685767697388],[-45.15897362499993,-23.803751867697425],[-45.15909169199996,-23.803724823697447],[-45.15916825499993,-23.80362254969742],[-45.15909449899994,-23.803529873697418],[-45.15920876099994,-23.80347408469742],[-45.159238433999974,-23.80337223669743],[-45.15924126799998,-23.803314281697403],[-45.159272172999984,-23.803277647697417],[-45.159481726999964,-23.803281810697396],[-45.15961259899996,-23.80330160569739],[-45.15977925899996,-23.80332812469742],[-45.15990526499998,-23.803300942697433],[-45.159943078999966,-23.80322437969741],[-45.16005778799997,-23.80320827069742],[-45.16026475199993,-23.803223428697407],[-45.16040127899998,-23.8032830836974],[-45.16051689599994,-23.803288718697434],[-45.16059979199997,-23.80324768669741],[-45.16078155899999,-23.803187050697435],[-45.16087925199997,-23.80310946769739],[-45.160929600999964,-23.80304708869742],[-45.16109224899998,-23.8030374266974],[-45.161223747999955,-23.803049984697438],[-45.16131448099998,-23.80300511469742],[-45.161297170999944,-23.80293283369739],[-45.16124389999993,-23.802853854697425],[-45.16121376199993,-23.802734663697404],[-45.161144602999975,-23.80265598069737],[-45.16106899199996,-23.802580419697435],[-45.16103162399997,-23.802483114697424],[-45.16096217099995,-23.80236452269739],[-45.160864402999955,-23.80221371869739],[-45.16079897999999,-23.802098697697414],[-45.16073791299994,-23.802006486697415],[-45.16068444799998,-23.801894924697375],[-45.16065469399997,-23.80177939169739],[-45.160506016999925,-23.801665542697407],[-45.16038978299997,-23.801591122697353],[-45.16029325399996,-23.801509188697352],[-45.16022019699995,-23.8014088236974],[-45.16013628699995,-23.80136659169737],[-45.16001207599994,-23.801281522697362],[-45.15989517399999,-23.801160156697392],[-45.15983883599995,-23.8011066906974],[-45.15977743999998,-23.800995279697357],[-45.159664616999976,-23.80088109169737],[-45.15954764099997,-23.800756095697334],[-45.159443249999974,-23.800667204697373],[-45.15932183499996,-23.800516889697345],[-45.15926149599996,-23.80046343369735],[-45.159141153999954,-23.800374643697346],[-45.158990096999965,-23.800322811697345],[-45.158889812,-23.800248226697363],[-45.15877051899997,-23.800203121697365],[-45.158649525999984,-23.800140013697373],[-45.158502130999985,-23.80008063669734],[-45.158382003,-23.79999918469734],[-45.158261858999936,-23.799917720697326],[-45.15813804299995,-23.79985078169737],[-45.15802136199995,-23.7997439076973],[-45.157988033999985,-23.7996574766973],[-45.15787986499999,-23.799583039697353],[-45.15773276799996,-23.799538187697326],[-45.15760125999998,-23.799482229697354],[-45.157476741999986,-23.79938266469732],[-45.157369132999975,-23.799330017697297],[-45.157251946999956,-23.799208528697342],[-45.15710011399995,-23.79911671569735],[-45.15697677699997,-23.79904641369729],[-45.156873379999986,-23.798986669697296],[-45.15676284399996,-23.79895968269734],[-45.156694595999966,-23.798784758697323],[-45.15662975099996,-23.798688026697327],[-45.15646998499995,-23.79857096869734],[-45.15637132599995,-23.79837720769729],[-45.15624937399998,-23.79822707169727],[-45.15614812899999,-23.79811996169729],[-45.15603356999998,-23.797958586697266],[-45.15588834999995,-23.797833849697298],[-45.15579575099998,-23.797744672697284],[-45.15573555399994,-23.797687668697314],[-45.155677938999986,-23.7975797606973],[-45.15563616199996,-23.79746799869726],[-45.15553288799999,-23.797419026697252],[-45.15541763199997,-23.797348622697278],[-45.15528810299998,-23.797322196697294],[-45.15520125699993,-23.79728401969729],[-45.15513709999994,-23.79718345169728],[-45.155075463999935,-23.797064972697253],[-45.154993399999974,-23.796917776697263],[-45.154911851999955,-23.79679225169725],[-45.15480720699998,-23.796688833697274],[-45.154699425999986,-23.79661812269723],[-45.15461095799998,-23.796532592697236],[-45.15453789199996,-23.796435892697257],[-45.15443591799995,-23.79628519169729],[-45.15433932499997,-23.796199673697238],[-45.154210560999964,-23.796073970697257],[-45.15407532599994,-23.79602163469723],[-45.153927485999944,-23.795929703697254],[-45.153842277999956,-23.79582235469724],[-45.15377611699996,-23.795689279697214],[-45.153734903999975,-23.795610148697275],[-45.15364966399995,-23.7954990666972],[-45.15352638999998,-23.795450280697246],[-45.15336369799998,-23.79538413869727],[-45.15327147199998,-23.795309510697255],[-45.15317412199994,-23.795191355697217],[-45.15310094699999,-23.795098160697226],[-45.15299619099995,-23.794998266697203],[-45.152938093999985,-23.79488289569723],[-45.15290307499999,-23.79473804269722],[-45.15285690599996,-23.794608063697197],[-45.15279484999997,-23.794474678697224],[-45.15271085299998,-23.794425218697235],[-45.15259485299999,-23.794430729697204],[-45.15250076499996,-23.794468246697207],[-45.152381509999934,-23.79442647269721],[-45.15223314999998,-23.794316399697212],[-45.152144661999955,-23.7942344166972],[-45.15203760099996,-23.794203414697243],[-45.15195380999995,-23.79415398069725],[-45.15188881299998,-23.79406443469719],[-45.15175769199994,-23.794008518697183],[-45.15164995699997,-23.793959429697225],[-45.15154286299998,-23.79393930569722],[-45.15141595699999,-23.793915859697236],[-45.15129702899998,-23.793892308697192],[-45.15118186899996,-23.79385063769716],[-45.15108928199994,-23.793775950697192],[-45.15101131599994,-23.793671895697166],[-45.15091158899999,-23.793629903697187],[-45.150749372999954,-23.793599859697217],[-45.15061978499994,-23.793609211697166],[-45.15052422699995,-23.793567222697202],[-45.15039641299995,-23.793496733697154],[-45.15027677499995,-23.793326721697213],[-45.15015994899994,-23.793219897697202],[-45.150007538999965,-23.793109930697202],[-45.14989064699996,-23.793003051697205],[-45.14976995299999,-23.792896197697143],[-45.149632145999924,-23.79289823369719],[-45.14952117799994,-23.79285644369717],[-45.149384973999986,-23.792746274697183],[-45.14932037699998,-23.792674844697185],[-45.14923178899995,-23.79258567769721],[-45.14922223599997,-23.792496510697205],[-45.14910650299999,-23.79242571769716],[-45.149010378999954,-23.792351086697167],[-45.14890962299995,-23.792247632697144],[-45.14883134099995,-23.792125904697166],[-45.14877808799998,-23.792054332697173],[-45.14871625899997,-23.791953862697163],[-45.14866963399993,-23.79182409269717],[-45.14864389599996,-23.791741067697163],[-45.14854054599994,-23.791728081697165],[-45.14839597199996,-23.791650387697146],[-45.14822025299999,-23.791562326697168],[-45.14812378299997,-23.791476728697162],[-45.14800400999997,-23.791398796697138],[-45.14787547599998,-23.791426346697175],[-45.14776919299994,-23.791438157697133],[-45.14762984699997,-23.791378524697198],[-45.14749051099994,-23.791337179697173],[-45.14729516799998,-23.791271322697135],[-45.14715439399998,-23.791172033697126],[-45.14704646399997,-23.791130158697126],[-45.14696306499998,-23.79112414469717],[-45.14681380299993,-23.791184319697166],[-45.14676813899996,-23.791268292697133],[-45.14673833499996,-23.791351988697162],[-45.146691972999974,-23.791414239697122],[-45.14663029999997,-23.791509326697184],[-45.14656061299997,-23.79159363669715],[-45.14649162899996,-23.79167404669717],[-45.146353019999935,-23.791687064697182],[-45.146201571999946,-23.791664139697165],[-45.14606946299994,-23.79162644769714],[-45.14603705499998,-23.791713399697148],[-45.14596554999998,-23.791707258697187],[-45.14582321599995,-23.79171296769715],[-45.14571196699996,-23.791703812697186],[-45.145625763999924,-23.79167626569718],[-45.145514039999966,-23.79163818069714],[-45.145338571999964,-23.791571961697116],[-45.14518329799995,-23.791508944697124],[-45.14509525899997,-23.791452265697174],[-45.14502340299999,-23.791413457697168],[-45.144885335999966,-23.791408132697132],[-45.14481812899993,-23.79140911269714],[-45.14473635399997,-23.791460922697137],[-45.144566266999966,-23.79144526969714],[-45.14447026899996,-23.791396039697126],[-45.14432348899992,-23.791365605697155],[-45.144224228999974,-23.791341722697155],[-45.14407393699998,-23.79130043769714],[-45.14393956799995,-23.791258943697127],[-45.143852456999994,-23.79122018869715],[-45.14373267199995,-23.79115670869716],[-45.14363232299996,-23.791067800697128],[-45.143523939999966,-23.790971774697155],[-45.14346310099996,-23.790878798697115],[-45.14334966699995,-23.790717883697134],[-45.14327630099995,-23.790592384697167],[-45.14315299199997,-23.790510299697132],[-45.14307063799998,-23.790449162697122],[-45.143068060999965,-23.79045159869713],[-45.14297821699996,-23.790355455697117],[-45.142908981999945,-23.790292830697116],[-45.14280562399995,-23.790201091697142],[-45.14269291899996,-23.79008911769715],[-45.14255599099995,-23.790131714697143],[-45.14245920999998,-23.79018589169712],[-45.142331443999986,-23.790252597697126],[-45.14218268399999,-23.790404472697148],[-45.14198852599998,-23.790463991697145],[-45.14185278199995,-23.790571094697167],[-45.141743625999936,-23.790665886697113],[-45.141593701999966,-23.790704845697125],[-45.14148870799993,-23.790783477697108],[-45.141373566999974,-23.79078935669711],[-45.14124166599999,-23.790852284697163],[-45.14109518299996,-23.79084666969714],[-45.14087670699997,-23.79079363269715],[-45.14073309299995,-23.790710780697147],[-45.140580186999955,-23.79059108169711],[-45.14045381199999,-23.790467007697142],[-45.14033203499997,-23.7903509996971],[-45.140261689999924,-23.790310769697133],[-45.14012481299995,-23.79014292169716],[-45.140072194999966,-23.790093570697113],[-45.14006300999996,-23.7900909216971],[-45.13992511499999,-23.790045613697135],[-45.139738579999985,-23.7899954336971],[-45.13962819499995,-23.789952490697118],[-45.13940685399997,-23.7898443026971],[-45.13926847399994,-23.789782224697106],[-45.13913689299994,-23.78975070869709],[-45.13898416399996,-23.789725083697107],[-45.13891699199996,-23.78971492369711],[-45.138765857999964,-23.78974785569711],[-45.13863663199994,-23.789802743697095],[-45.13851854199999,-23.789786541697136],[-45.13837057799998,-23.78986086269711],[-45.13825218499995,-23.7898738336971],[-45.13812183299996,-23.78990091869711]]],[[[-45.01594068299993,-23.739896861696014],[-45.01586175999995,-23.73996330069599],[-45.01571617499997,-23.73992893969603],[-45.015552169999985,-23.740067487696024],[-45.01541246699998,-23.740172707696008],[-45.01524240299995,-23.740211040696032],[-45.01514519199997,-23.740283046696003],[-45.01501156999995,-23.740321604696035],[-45.01499332199997,-23.740482818696034],[-45.01500568399996,-23.740605278696016],[-45.01489035099997,-23.74071054469602],[-45.01470803299998,-23.74078781169605],[-45.01454377199996,-23.74082624769605],[-45.014379558999956,-23.740875856696015],[-45.01419112599997,-23.740819893696045],[-45.014093841999966,-23.74081968569604],[-45.014002640999934,-23.740869513696026],[-45.014136470999986,-23.741053136696014],[-45.01424674499997,-23.741208847696004],[-45.014265701999946,-23.74136972569605],[-45.014125646999965,-23.741375080696056],[-45.01394845399996,-23.741297149696006],[-45.01380227699998,-23.741346890696015],[-45.013785049999974,-23.741596523696025],[-45.01363816799995,-23.74171303569606],[-45.01368032499995,-23.741879661696004],[-45.013826394999974,-23.74199625169601],[-45.013929651999945,-23.742123897696047],[-45.01407525399998,-23.74233470769603],[-45.014215095999944,-23.742450986696035],[-45.01433125999995,-23.742544500696056],[-45.01439822999999,-23.74266597869605],[-45.014379359999964,-23.742832487696038],[-45.01446488199998,-23.742876047696086],[-45.014445966,-23.743064730696066],[-45.01438453099997,-23.743143054696105],[-45.01447594699995,-23.743264007696073],[-45.01449390999995,-23.743391321696063],[-45.01454215899998,-23.74361350569607],[-45.01463317199994,-23.743818652696092],[-45.01468144999996,-23.74400690969609],[-45.01482109399996,-23.74420069369613],[-45.014844632999946,-23.74440533869611],[-45.01486148399994,-23.74468220169609],[-45.01490921699999,-23.744881617696123],[-45.01499334799997,-23.745114214696102],[-45.01509010499996,-23.74524682569614],[-45.01514999399997,-23.745457350696153],[-45.015371930999954,-23.745668196696123],[-45.01554053199994,-23.74596725369613],[-45.015739415,-23.746266441696115],[-45.01587205099998,-23.74653262869616],[-45.01592616599999,-23.74667081369619],[-45.015998237999945,-23.746853758696123],[-45.016100608999984,-23.747064457696176],[-45.01619713399999,-23.747208567696173],[-45.01629958699994,-23.747408066696156],[-45.016365735999955,-23.74760759969617],[-45.01645601099995,-23.747845874696168],[-45.01659461599998,-23.748083714696193],[-45.01667892199999,-23.748277727696195],[-45.01677533699996,-23.74849416269615],[-45.01679934999998,-23.748700272696205],[-45.01669006999999,-23.748961349696216],[-45.016532397999974,-23.74910574969622],[-45.01638081899996,-23.74915538469619],[-45.01619302899998,-23.749127463696226],[-45.01601143399994,-23.748983234696222],[-45.01586010099994,-23.74880571269622],[-45.01563571699997,-23.748794316696173],[-45.015338471999954,-23.748821622696212],[-45.015162542999974,-23.748799203696233],[-45.014925883999986,-23.748632493696174],[-45.01469514699996,-23.748476784696145],[-45.01453727499997,-23.7483932596962],[-45.01434902999995,-23.748370748696196],[-45.01420316699994,-23.748431630696203],[-45.01400287899997,-23.748303538696184],[-45.01382077099998,-23.74820322969621],[-45.01363268499996,-23.748086219696194],[-45.01342661099994,-23.747935823696185],[-45.01315963199995,-23.747868684696215],[-45.01286814099996,-23.7478959736962],[-45.01260058899994,-23.748062236696185],[-45.01241228899995,-23.748095260696182],[-45.012211855999965,-23.7481227056962],[-45.01196896099997,-23.748133406696184],[-45.01180089199994,-23.748182448696188],[-45.01157012399995,-23.7482098386962],[-45.011290714999966,-23.748270487696196],[-45.01102343499996,-23.748336713696204],[-45.01074403299997,-23.74839737869616],[-45.01038645399997,-23.748319256696163],[-45.010083960999964,-23.748146893696184],[-45.009745398999954,-23.748013524696162],[-45.00954002899995,-23.747930244696228],[-45.00928614799996,-23.747774670696195],[-45.00909871299996,-23.747685724696172],[-45.00886900599994,-23.747591221696148],[-45.008621238999986,-23.747507835696187],[-45.00844002699995,-23.747496653696132],[-45.008227967999986,-23.747806845696203],[-45.008172768999955,-23.748072706696185],[-45.00817820399994,-23.74827773069616],[-45.00821359899992,-23.74848834169616],[-45.00823105699994,-23.748665734696193],[-45.00837426499992,-23.74884889169621],[-45.00824155599998,-23.74901468069622],[-45.007996288999955,-23.74901445969622],[-45.007725636999965,-23.748997590696202],[-45.00752276899993,-23.748991824696216],[-45.00748684899998,-23.749086088696217],[-45.00756364999996,-23.749285471696215],[-45.00754127999995,-23.749490131696213],[-45.00764137999994,-23.749628007696217],[-45.007674227999985,-23.7498540836962],[-45.007443796999944,-23.74987772969621],[-45.00728769899996,-23.749906468696228],[-45.00742611099999,-23.750060237696243],[-45.00735860999999,-23.750265245696276],[-45.00744725299995,-23.75048503769626],[-45.00733551499998,-23.750585680696247],[-45.00739951599997,-23.750855242696247],[-45.00761051599996,-23.751060387696235],[-45.00778122899994,-23.751353187696246],[-45.00762666899993,-23.751540915696264],[-45.007170297999956,-23.751535568696273],[-45.007027144999945,-23.751696379696256],[-45.00703604399995,-23.75208901869625],[-45.007041804999986,-23.75229938569629],[-45.00709169299994,-23.75256451869625],[-45.007101084999945,-23.75284764369628],[-45.00716814299996,-23.753141655696336],[-45.00724107699995,-23.75327455969632],[-45.00733224099998,-23.75343506369632],[-45.00744736899997,-23.753722735696307],[-45.00753184699995,-23.753977196696308],[-45.00754886899995,-23.754182316696344],[-45.007577509999976,-23.754465300696314],[-45.00754451499995,-23.75474384269635],[-45.00774194399998,-23.755100103696353],[-45.00796663699998,-23.755415645696374],[-45.00809393299995,-23.75555398269637],[-45.008344051999984,-23.755658137696358],[-45.008427486999956,-23.75584673969633],[-45.008700932999936,-23.755994792696374],[-45.008828079999944,-23.756088272696363],[-45.00891701299998,-23.756321693696382],[-45.00909761899993,-23.75653759169639],[-45.009252828999934,-23.756861834696373],[-45.00943335399997,-23.757111259696387],[-45.00962018199994,-23.757344062696404],[-45.00975917599994,-23.757460151696392],[-45.00963598099998,-23.757717798696376],[-45.00974456499996,-23.7578901686964],[-45.00991347799993,-23.758102365696416],[-45.010094758999976,-23.75833009669641],[-45.01031288399998,-23.758546459696394],[-45.01051898899994,-23.758729302696427],[-45.01068252699997,-23.75887885069644],[-45.010736705999946,-23.758967793696424],[-45.010997868999944,-23.75900555069645],[-45.01117435299994,-23.75899268969645],[-45.011325198999955,-23.75912009669643],[-45.01149384299998,-23.75930915469642],[-45.011656875999954,-23.759430779696437],[-45.011856037999976,-23.75958712469643],[-45.01201290299998,-23.759714542696468],[-45.01224834599998,-23.759859008696477],[-45.012431067999955,-23.760139132696445],[-45.012692085999966,-23.760279874696433],[-45.01305002699997,-23.76045897169644],[-45.01306823699996,-23.76046459069648],[-45.01323223999999,-23.76054863069647],[-45.01347467499995,-23.76072131069645],[-45.01375345799995,-23.76084947869648],[-45.01391096799994,-23.76099417669646],[-45.01409887599994,-23.7610499836965],[-45.014189834999975,-23.761022298696464],[-45.01429893799998,-23.761050218696507],[-45.01453900199995,-23.76118517869646],[-45.01475121999995,-23.76125772969649],[-45.01478805399996,-23.761096813696454],[-45.01479465899997,-23.76086919169651],[-45.01483769499999,-23.760658272696457],[-45.014795596999946,-23.760463848696475],[-45.014789878999984,-23.760308352696498],[-45.01467874999998,-23.760119974696455],[-45.01477280399996,-23.759802599696446],[-45.01495839999996,-23.759615511696424],[-45.01515691499998,-23.759516733696426],[-45.01546136799994,-23.75936666069644],[-45.01584333299997,-23.759389807696426],[-45.01636528699999,-23.759507439696428],[-45.01686356699999,-23.75955298569645],[-45.01741579199996,-23.75955401269645],[-45.01774986899995,-23.759531418696433],[-45.01776199599994,-23.759531442696463],[-45.018162576999956,-23.7593991816964],[-45.01851500599998,-23.75913356569642],[-45.018612824999956,-23.758861901696413],[-45.01876532699999,-23.758584714696404],[-45.018729878999984,-23.758251581696427],[-45.01871277699996,-23.7578683896964],[-45.018555802999984,-23.75756261769642],[-45.01839241799997,-23.757367903696373],[-45.01828440899994,-23.7571734246964],[-45.01809071299994,-23.756911966696375],[-45.017872655999966,-23.756716950696372],[-45.017648987999976,-23.756327831696364],[-45.01744945499997,-23.756038752696362],[-45.01720761699995,-23.755738597696343],[-45.01695378999995,-23.75544412469635],[-45.01682091999994,-23.755249757696333],[-45.01675465299998,-23.754934593696355],[-45.01673147799994,-23.754479440696322],[-45.016726316999964,-23.7542019126963],[-45.016721327999974,-23.753891264696307],[-45.01691534499999,-23.75361980569633],[-45.01720028399997,-23.753325970696284],[-45.017442992999975,-23.753103946696303],[-45.01755874299995,-23.752859748696267],[-45.017335603999996,-23.752504554696277],[-45.01728171099996,-23.75224353569625],[-45.01733069199997,-23.751949708696255],[-45.01737356699994,-23.751689075696238],[-45.01732627199995,-23.751178607696215],[-45.01729051999997,-23.750940120696217],[-45.017272926999965,-23.750707283696226],[-45.01744296499994,-23.750485733696234],[-45.017740326999956,-23.75027036069624],[-45.01809174799996,-23.750193157696224],[-45.018503924999955,-23.75001104669622],[-45.01893424199994,-23.750044476696253],[-45.01931617299994,-23.74989545069622],[-45.01950995299997,-23.7496413666962],[-45.01986016599995,-23.74959542969622],[-45.02024500299997,-23.749511862696213],[-45.02056280299997,-23.749474100696183],[-45.02089747099997,-23.749382785696234],[-45.02124841899996,-23.74930662769622],[-45.02163286499996,-23.7491383556962],[-45.021959435,-23.74887802669618],[-45.022152532999954,-23.7485870636962],[-45.02221195299996,-23.7483413476962],[-45.022463406,-23.74808138069621],[-45.02276529299997,-23.747790702696204],[-45.023100853999956,-23.747461732696195],[-45.023344150999954,-23.74717103069617],[-45.02336930299999,-23.747148093696172],[-45.02363768899995,-23.746811597696166],[-45.02379709599996,-23.746536295696153],[-45.02384788999996,-23.74627582969616],[-45.02377336999997,-23.74593835969617],[-45.02359422699994,-23.745802692696106],[-45.02334350099994,-23.74561841669613],[-45.02295059999995,-23.745364960696133],[-45.022615942999956,-23.745157686696135],[-45.02232365399994,-23.744812724696093],[-45.022190547999976,-23.74446018169611],[-45.022107515999956,-23.744153640696116],[-45.022049530999944,-23.743847854696103],[-45.02197482799994,-23.74351828369609],[-45.02212656299998,-23.743092205696097],[-45.022378038999946,-23.742776304696097],[-45.02237001999999,-23.742492984696096],[-45.02260511199995,-23.742179255696044],[-45.02300291099994,-23.74184336869604],[-45.02321272999996,-23.74169791369604],[-45.023463944999946,-23.741744255696048],[-45.023587774999946,-23.74122193869604],[-45.023505020999956,-23.74073075869599],[-45.02323743999996,-23.740469618696007],[-45.02286094599998,-23.740300363696008],[-45.02254265099998,-23.74029983169602],[-45.02236667299997,-23.74033786369604],[-45.02224068499999,-23.740506283696007],[-45.02191378899995,-23.74060505969602],[-45.021445311999976,-23.740458663696028],[-45.02099340799999,-23.740388979695986],[-45.02051635999993,-23.740242668696002],[-45.020072884999934,-23.740081004695973],[-45.01960493699994,-23.739750683696],[-45.019287339999956,-23.739535599695994],[-45.01897813699998,-23.739320544695975],[-45.018668657999974,-23.73923575569601],[-45.01843115599997,-23.739252165696023],[-45.018222171999994,-23.739129195695998],[-45.01788784999998,-23.738906415696],[-45.017544869999945,-23.73875264269597],[-45.01736064899997,-23.738782986695945],[-45.01716781299995,-23.738981853695975],[-45.01701688699997,-23.73915013569596],[-45.01680742399998,-23.739280015695996],[-45.01655629199996,-23.73927195169603],[-45.01618786599994,-23.73929435369597],[-45.016047550999986,-23.739419930695984],[-45.01592906899998,-23.739607167696008],[-45.01592883499996,-23.73972376069599],[-45.015940691999965,-23.739891276696028],[-45.01594068299993,-23.739896861696014]]],[[[-45.02115257499998,-23.73837458769597],[-45.02145917899999,-23.73853472669595],[-45.02159063299997,-23.738533786695978],[-45.021809621999985,-23.73873543869594],[-45.02220320899995,-23.73877366969597],[-45.022552245,-23.738812096695987],[-45.022815428999934,-23.738973141696007],[-45.022643172999956,-23.73913777969599],[-45.02251415099993,-23.739464582696023],[-45.02251608799998,-23.739952575695987],[-45.022955643999985,-23.73999041369599],[-45.023350326999946,-23.739987856696015],[-45.02378861099994,-23.74006616969599],[-45.02432025499997,-23.739989452696037],[-45.02458660599995,-23.739588097696018],[-45.02467477799996,-23.739265536695985],[-45.02467325299995,-23.738861602695955],[-45.02462752999999,-23.73857885169595],[-45.02471609299995,-23.73837749669595],[-45.02466749299999,-23.73801403969595],[-45.02480374599998,-23.738014653695934],[-45.02498350399999,-23.738136134695967],[-45.02511609699998,-23.737853674695938],[-45.025025533999965,-23.737530877695995],[-45.02498217099999,-23.737329209695933],[-45.02511483599996,-23.737329110695935],[-45.025336022999966,-23.737328946695918],[-45.025379680999954,-23.737167540695967],[-45.02515808099998,-23.737046766695915],[-45.02484863399997,-23.73704708569593],[-45.02453866299994,-23.736805679695934],[-45.024362071999974,-23.73680590469592],[-45.02422989699994,-23.7365238796959],[-45.02400960499995,-23.736362853695912],[-45.02392158999993,-23.736201643695907],[-45.02378940299997,-23.736121168695917],[-45.023613177999955,-23.736000428695906],[-45.023437019999974,-23.735799005695885],[-45.023173250999946,-23.735677725695908],[-45.0229973,-23.735435439695888],[-45.02251324999999,-23.735232541695893],[-45.02224898699996,-23.735191472695877],[-45.02180795099998,-23.7352767086959],[-45.02171982799996,-23.735072993695915],[-45.02149900399997,-23.734705306695908],[-45.021101755999965,-23.734503524695853],[-45.020925179999956,-23.7343824206959],[-45.020792884999935,-23.73450368269588],[-45.02074894599997,-23.734786486695906],[-45.02070592899999,-23.734950669695873],[-45.020397372999994,-23.734950830695876],[-45.02013363399993,-23.7349924716959],[-45.02000753899995,-23.73520235469593],[-45.02000666899994,-23.735522635695887],[-45.02014003599994,-23.73620722969592],[-45.020139050999944,-23.73660838669592],[-45.02022795499994,-23.737050997695967],[-45.02036166399996,-23.737453008695915],[-45.020628777999946,-23.737773183695953],[-45.02097927999996,-23.73809253769595],[-45.02115257499998,-23.73837458769597]]]]}}]}